term	reading	rank	meaning
の	ノ	1	indicates possessive
は	ハ	2	indicates sentence topic
に	ニ	3	at; in; on
を	ヲ	4	indicates direct object of action
と	ト	5	if; when
も	モ	6	too; also; in addition; as well; (not) either (in a negative sentence)
が	ガ	7	but; however; (and) yet; though; although; while
で	デ	8	so; therefore; (and) then; accordingly
から	カラ	9	because; as; since; so; therefore
だ	ダ	10	be; is
する	スル	11	to do; to carry out; to perform
か	カ	12	indicates a question
よ	ヨ	13	hey; you
ある	アル	14	to be; to exist; to live
こと	コト	15	koto (13-stringed Japanese zither)
なる	ナル	16	to become; to get; to grow; to turn; to reach; to attain
それ	ソレ	17	that; it
いる	イル	18	to shoot (arrow, bolt, dart)
ね	ネ	19	right?; isn't it?; doesn't it?; don't you?; don't you think?
思う	オモウ	20	to think; to consider; to believe; to reckon
この	コノ	21	this
には	ニハ	22	to; for; on; in; at
でも	デモ	23	but; however; though; nevertheless; still; yet; even so; also; as well
です	デス	24	be; is
その	ソノ	25	that; the
な	ナ	26	
言う	イウ	27	to say; to utter; to declare
って	ッテ	28	you said; he said; she said; they said
ない	ナイ	29	nonexistent; not being (there)
んだ	ンダ	30	the expectation is that ...; the reason is that ...; the fact is that ...; the explanation is that ...; it is that ...
そう	ソウ	31	in that way; thus; such
私	ワタシ	32	I; me
いい	イイ	33	good; excellent; fine; nice; pleasant; agreeable
これ	コレ	34	this; this one
だった	ダッタ	35	was; were
見る	ミル	36	to see; to look; to watch; to view; to observe
だけ	ダケ	37	only; just; merely; simply; no more than; nothing but; alone
くる	クル	38	to reel; to wind; to spin (thread)
さん	サン	39	
くれる	クレル	40	to give; to let (one) have
やる	ヤル	41	to do; to undertake; to perform; to play (a game); to study
まで	マデ	42	until (a time); till; to; up to
もの	モノ	43	person
行く	イク	44	to go; to move (towards); to head (towards); to leave (for)
という	トイウ	45	called; named; that says; that
もう	モウ	46	already; yet; by now; now; (not) any more; (not) any longer
だから	ダカラ	47	so; therefore; accordingly; consequently; on those grounds; that is why; for that reason
そんな	ソンナ	48	such; that sort of; that kind of; like that
あの	アノ	49	that; those; the
だろう	ダロウ	50	seems; I think; I guess; I wonder; I hope
しまう	シマウ	52	to finish; to stop; to end; to put an end to; to bring to a close
来る	クル	53	to come (spatially or temporally); to approach; to arrive
ん	ン	54	
人	ヒト	55	person; someone; somebody
ここ	ココ	56	here; this place
や	ヤ	57	disliking; not wanting; unwilling (to do); reluctant
し	シ	58	
お	オ	59	
とする	トスル	60	to try to ...; to be about to do ...
自分	ジブン	61	myself; yourself; oneself; himself; herself
じゃない	ジャナイ	62	is not; am not; are not
知る	シル	63	to know; to be aware (of); to be conscious (of); to learn (of); to find out; to discover
なら	ナラ	64	if; in case; if it is the case that; if it is true that
いく	イク	65	to go; to move (towards); to head (towards); to leave (for)
わ	ワ	66	indicates emotion or admiration
今	イマ	67	now; the present time; just now; soon; immediately
聞く	キク	68	to hear
へ	ヘ	69	to; towards; for
ような	ヨウナ	70	
とは	トハ	71	indicates word or phrase being defined
何	ナニ	72	what
前	マエ	73	in front (of); before (e.g. a building)
出る	デル	74	to leave; to exit; to go out; to come out; to get out
中	ナカ	75	inside; interior
にも	ニモ	76	also; too; not ... either; as well; even
ように	ヨウニ	77	like; as
顔	カオ	78	face; visage; looks; (facial) features
である	デアル	79	be; is
んです	ンデス	80	the expectation is that ...; the reason is that ...; the fact is that ...; the explanation is that ...; it is that ...
また	マタ	81	and; in addition; besides; moreover; furthermore
ながら	ナガラ	82	while; during; as
なんて	ナンテ	83	things like; something like; someone like; such a thing as; (the fact) that; to think that
考える	カンガエル	84	to think (about, of); to think over; to ponder; to contemplate; to reflect (on); to meditate (on)
どう	ドウ	85	how; in what way; how about
いう	イウ	86	to do up (hair); to dress; to arrange
さ	サ	87	indicates assertion
そして	ソシテ	88	and; and then; thus; and now; and finally
ため	タメ	89	good; advantage; benefit; welfare
まだ	マダ	90	still; as yet; only
いや	イヤ	91	no!; quit it!; stop!
ちょっと	チョット	92	a little; a bit; slightly
のに	ノニ	93	although; despite; even though; and yet
できる	デキル	94	to be able to do; to be possible; to be permitted (to do)
話	ハナシ	95	talk; speech; chat; conversation
とか	トカ	96	and the like; such as; among other things; and so on
ぞ	ゾ	97	adds force or indicates command
そこ	ソコ	98	there (place relatively near listener)
なの	ナノ	99	
ではない	デハナイ	100	is not; am not; are not
何	ナン	101	what
待つ	マツ	102	to wait
ので	ノデ	103	because; as; since; so; therefore
ところ	トコロ	104	place; spot; scene; site
だって	ダッテ	105	after all; because
だが	ダガ	106	but; however; (and) yet; nevertheless; still; for all that
たち	タチ	107	long sword (as opposed to the shorter katana)
こんな	コンナ	108	this sort of; this kind of; like this; such
持つ	モツ	109	to hold (in one's hand); to take; to carry
みる	ミル	110	to look after (often medically); to take care of
声	コエ	111	voice
もらう	モラウ	112	to receive; to take; to accept
入る	ハイル	113	to enter; to come in; to go in; to get in; to arrive
手	テ	114	hand; arm
ですか	デスカ	115	indicates question
見える	ミエル	116	to be seen; to be visible; to be in sight
方	ホウ	117	direction; way; side; area (in a particular direction)
目	メ	118	eye; eyeball
男	オトコ	119	man; male
本当	ホントウ	120	truth; reality; actuality; fact
あなた	アナタ	121	you
今日	キョウ	122	today; this day
ほど	ホド	123	extent; degree; measure
言葉	コトバ	124	language; dialect
らしい	ラシイ	125	seeming ...; appearing ...
として	トシテ	126	as (i.e. in the role of); for (i.e. from the viewpoint of)
など	ナド	127	et cetera; etc.; and the like; and so forth
ただ	タダ	128	ordinary; common; usual
しかし	シカシ	129	however; but
かな	カナ	130	I wonder
違う	チガウ	131	to differ (from); to be different; to be distinct; to be unlike; to vary; to disagree (with)
使う	ツカウ	132	to use (a tool, method, etc.); to make use of; to put to use
少し	スコシ	133	a little; a bit; a small amount; a few; some; slightly; somewhat
より	ヨリ	134	than
時	トキ	135	time; hour; moment
家	イエ	136	house; residence; dwelling; home
あれ	アレ	137	that; that thing
彼	カレ	138	he; him
よい	ヨイ	139	good; excellent; fine; nice; pleasant; agreeable
人間	ニンゲン	140	human being; human; person; man; mankind; humankind
同じ	オナジ	141	same; identical; equal; alike; equivalent
上	ウエ	142	above; over; up
よく	ヨク	143	nicely; properly; well; skillfully; skilfully
よう	ヨウ	144	
とも	トモ	145	companion; follower; attendant; retinue
でしょう	デショウ	146	it seems; I think; I guess; I wonder
出す	ダス	147	to take out; to get out
どこ	ドコ	148	where; what place
しか	シカ	149	nothing but; except; no more than
悪い	ワルイ	150	bad; poor; undesirable
なん	ナン	151	what
時間	ジカン	152	time
部屋	ヘヤ	153	room; chamber
わけ	ワケ	154	division; splitting; classification
おく	オク	155	to put; to place
かもしれない	カモシレナイ	156	may; might; perhaps; may be; possibly
作る	ツクル	157	to make; to produce; to manufacture; to build; to construct
まま	ママ	158	as (it is); remaining (in a state); keeping (the same); leaving (unchanged)
て	テ	159	
早い	ハヤイ	160	fast; quick; rapid; swift; speedy; brisk; prompt
感じる	カンジル	161	to feel; to sense; to experience
呼ぶ	ヨブ	162	to call out (to); to call; to invoke
話す	ハナス	163	to talk; to speak; to converse; to chat
何か	ナニカ	164	something; some; any
のように	ノヨウニ	165	
死ぬ	シヌ	166	to die; to pass away
姿	スガタ	167	figure; form; shape
頭	アタマ	168	head
強い	ツヨイ	169	strong; potent; competent; domineering; tough
こう	コウ	170	in this way; like this; so; thus
いつも	イツモ	171	always; all the time; at all times
会う	アウ	172	to meet; to encounter; to see
ばかり	バカリ	173	only; merely; nothing but; no more than
一緒に	イッショニ	174	together (with)
好き	スキ	175	liking; being fond of; to one's liking; to one's taste; preferred; favourite
相手	アイテ	176	companion; partner; company
帰る	カエル	177	to return; to come home; to go home; to go back
みんな	ミンナ	178	everyone; everybody; all
音	オト	179	sound; noise
うち	ウチ	180	one's house; one's home; one's family; one's household
ずっと	ズット	181	continuously; the whole time; all the way; throughout
のです	ノデス	182	the expectation is that ...; the reason is that ...; the fact is that ...; the explanation is that ...; it is that ...
でした	デシタ	183	
食べる	タベル	184	to eat
場所	バショ	185	place; location; spot; position; area
あと	アト	186	behind; rear
どうして	ドウシテ	187	how; in what way; by what means
もっと	モット	188	(some) more; even more; longer; further
くらい	クライ	189	approximately; about; around; or so
世界	セカイ	190	the world; society; the universe
あげる	アゲル	191	to raise; to elevate
戻る	モドル	192	to turn back (e.g. half-way)
力	チカラ	193	force; strength; might; vigour; vigor; energy
仕事	シゴト	194	work; job; labor; labour; business; task; assignment; occupation; employment
必要	ヒツヨウ	195	necessary; needed; essential; indispensable
続ける	ツヅケル	196	to continue; to keep up; to keep on
つもり	ツモリ	197	intention; plan; purpose; expectation
どんな	ドンナ	198	what kind of; what sort of; what
誰	ダレ	199	who
による	ニヨル	200	by means of; due to; because of; according to
次	ツギ	201	next; following; subsequent
かける	カケル	202	
見せる	ミセル	203	to show; to display
動く	ウゴク	204	to move; to stir; to shift; to shake; to swing
となる	トナル	205	to become; to be
はず	ハズ	206	should (be); bound (to be); expected (to be); must (be)
子	コ	207	child; kid; teenager; youngster; young (non-adult) person
歩く	アルク	208	to walk
こちら	コチラ	209	this way; this direction
きっと	キット	210	surely; undoubtedly; almost certainly; most likely (e.g. 90 percent)
意味	イミ	211	meaning; significance; sense
終わる	オワル	212	to end; to come to an end; to finish; to close; to be over
変わる	カワル	213	to change; to be transformed; to be altered; to vary
すぐに	スグニ	214	immediately; right away; at once; instantly
とき	トキ	215	time; hour; moment
気持ち	キモチ	216	feeling; sensation; mood; state of mind
始める	ハジメル	217	to start; to begin; to commence; to initiate; to originate
大きい	オオキイ	218	big; large; great
ことになる	コトニナル	219	to have been decided (so) that; to have been arranged (so) that
向かう	ムカウ	220	to face
何も	ナニモ	221	(not) anything; (nothing) at all; (not) any; nothing
受ける	ウケル	222	to receive; to get
日	ヒ	223	day; days
年	ネン	224	year
心配	シンパイ	225	worry; concern; anxiety; uneasiness; fear
教える	オシエル	226	to teach; to instruct
心	ココロ	227	mind; heart; spirit
立つ	タツ	228	to stand (up); to rise; to get to one's feet; to stand on end (e.g. of hairs); to stick up
おる	オル	229	to weave
やめる	ヤメル	230	to stop (an activity); to cease; to discontinue; to end; to quit
外	ソト	231	outside; exterior
間	アイダ	232	space (between); gap; interval; distance; stretch
について	ニツイテ	233	about; on; regarding; concerning
よりも	ヨリモ	234	than; in comparison to
後	アト	235	behind; rear
様子	ヨウス	236	state (of affairs); situation; circumstances
忘れる	ワスレル	237	to forget; to leave carelessly; to be forgetful of; to forget about; to forget (an article)
口	クチ	238	mouth
にとって	ニトッテ	239	to; for; from the standpoint of; as far as ... is concerned
名前	ナマエ	240	name
大きな	オオキナ	241	big; large; great
信じる	シンジル	242	to believe; to believe in; to place trust in; to confide in; to have faith in
すぎる	スギル	243	to pass through; to pass by; to go beyond
なのに	ナノニ	244	
生きる	イキル	245	to live; to exist
問題	モンダイ	246	question (e.g. on a test); problem
理由	リユウ	247	reason; grounds; pretext; excuse; motive
それでも	ソレデモ	248	but (still); and yet; nevertheless; even so; notwithstanding
これから	コレカラ	249	from now on; after this; in the future; in future
以上	イジョウ	250	not less than ...; ... and over; ... and above; ... and upwards; ... or more
逃げる	ニゲル	251	to run away; to flee; to get away (e.g. from danger); to escape; to break out; to leave (e.g. one's spouse); to take cover
多い	オオイ	252	many; numerous; a lot
そういう	ソウイウ	253	such; like that; that sort of
絶対	ゼッタイ	254	absolutely; definitely; unconditionally
開く	ヒラク	255	to open; to undo; to unseal; to unpack
今度	コンド	256	this time; now
最後	サイゴ	257	end; conclusion
最初	サイショ	258	beginning; outset; first; onset
こそ	コソ	259	it is ... that ...; precisely; in particular; definitely; for sure; only (when, after, because, etc.)
存在	ソンザイ	260	existence; being; presence
誰か	ダレカ	261	someone; somebody
初めて	ハジメテ	262	for the first time
書く	カク	263	to write; to compose; to pen
取る	トル	264	to take; to pick up; to grab; to catch; to hold
高い	タカイ	265	high; tall
もちろん	モチロン	266	of course; certainly; naturally
かも	カモ	267	may; might; perhaps; may be; possibly
べき	ベキ	268	should; must; ought to
入れる	イレル	269	to put in; to let in; to take in; to bring in; to insert; to install (e.g. software); to set (a jewel, etc.); to ink in (e.g. tattoo)
体	カラダ	270	body
答える	コタエル	271	to answer; to reply
そのまま	ソノママ	272	without change; as is
置く	オク	273	to put; to place
覚える	オボエル	274	to memorize; to memorise; to commit to memory; to learn by heart; to bear in mind; to remember
あり	アリ	275	ant
無理	ムリ	276	unreasonable; unnatural; unjustifiable
ご	ゴ	277	five; 5
残る	ノコル	278	to remain; to be left
いけない	イケナイ	279	bad; wrong; naughty
長い	ナガイ	280	long (distance, length)
普通	フツウ	281	normal; ordinary; regular; usual; common; average
どういう	ドウイウ	282	what kind of; what sort of; what
守る	マモル	283	to protect; to guard; to defend
とても	トテモ	284	very; awfully; exceedingly
楽しい	タノシイ	285	enjoyable; fun; pleasant; happy; delightful
どこか	ドコカ	286	somewhere
夜	ヨル	287	night; evening
感じ	カンジ	288	feeling; sense; impression
気	キ	289	spirit; mind; heart
許す	ユルス	290	to permit; to allow; to approve; to consent to
もし	モシ	291	if; in case; supposing
驚く	オドロク	292	to be surprised; to be taken aback; to be amazed; to be astonished; to be shocked
別に	ベツニ	293	(not) particularly; (not) especially; (not) specially
離れる	ハナレル	294	to be separated; to be apart; to be distant
いつ	イツ	295	when; at what time; how soon
消える	キエル	296	to disappear; to vanish; to go out of sight; to go away; to become lost
助ける	タスケル	297	to save; to rescue; to spare
止める	トメル	298	to stop; to turn off
困る	コマル	299	to be troubled; to have difficulty; to be in a fix; to be at a loss; to be stumped; to be embarrassed
かかる	カカル	300	to take (a resource, e.g. time or money)
人	ニン	302	counter for people
中	チュウ	303	medium (size); average (grade, level, etc.); middle
方	カタ	304	direction; way
飲む	ノム	305	to drink; to swallow; to take (medicine)
走る	ハシル	306	to run
以外	イガイ	307	excluding; except (for); apart from; other than; besides; in addition to
下	シタ	308	below; down; under; younger (e.g. daughter)
買う	カウ	309	to buy; to purchase
足	アシ	310	foot; paw; arm (of an octopus, squid, etc.)
説明	セツメイ	311	explanation; exposition; description; account; caption; legend
読む	ヨム	312	to read
女性	ジョセイ	313	woman; female
落ちる	オチル	314	to fall; to drop; to come down; to crash; to collapse; to cave in; to give way
このまま	コノママ	315	
つける	ツケル	316	to soak (in); to steep; to dip; to dunk
起きる	オキル	317	to get up; to rise; to blaze up (fire)
あまり	アマリ	318	remainder; remnant; rest; balance; surplus; remains (of a meal); leftovers
ことができる	コトガデキル	319	to be able (to); to be possible (to)
続く	ツヅク	320	to continue; to last; to go on
すぐ	スグ	321	immediately; at once; right away; directly
決める	キメル	322	to decide; to choose; to determine; to make up one's mind; to resolve; to set one's heart on; to settle; to arrange; to set; to appoint; to fix
でもない	デモナイ	323	is not ... either; is (neither ...) nor ...; nor is it ...; is not even ...
状況	ジョウキョウ	324	state of affairs; situation; conditions; circumstances
関係	カンケイ	325	relation; relationship; connection
ことがある	コトガアル	326	(for something) to have occurred; to have done (something)
いただく	イタダク	327	to receive; to get; to accept; to take; to buy
先	サキ	328	point; tip; end; nozzle
伝える	ツタエル	329	to convey; to report; to transmit; to communicate; to tell; to impart; to propagate; to teach; to bequeath
ようになる	ヨウニナル	330	to reach the point where ...; to come to ...; to come to be that ...; to start to ...; to begin to ...
先に	サキニ	331	previously; before; earlier; formerly; recently
夢	ユメ	332	dream
誰も	ダレモ	333	everyone; anyone
小さい	チイサイ	334	small; little; tiny
選ぶ	エラブ	335	to choose; to select; to pick (out)
こういう	コウイウ	336	such; this sort of; like this
理解	リカイ	337	understanding; comprehension; appreciation
ですが	デスガ	338	but; however; (and) yet; nevertheless; still; for all that
場合	バアイ	339	case; occasion; situation; circumstances
得る	エル	340	to get; to earn; to acquire; to procure; to gain; to secure; to attain; to obtain; to win
深い	フカイ	341	deep
見つける	ミツケル	342	to find; to discover; to come across; to spot; to catch (someone doing)
一度	イチド	343	once; one time; on one occasion
ほしい	ホシイ	344	wanting (to have); desiring; wishing for
なぜ	ナゼ	345	why; how; for what reason
昔	ムカシ	346	the old days; the past; former times; a long time ago
水	ミズ	347	water (esp. cool or cold)
近く	チカク	348	near; neighbourhood; neighborhood; vicinity
進む	ススム	349	to advance; to go forward
大変	タイヘン	350	very; greatly; terribly; awfully
としても	トシテモ	351	even if ...; even supposing that ...
道	ミチ	352	road; path; street; lane; passage
簡単	カンタン	353	simple; easy; uncomplicated
変える	カエル	354	to change; to alter; to transform; to convert; to turn; to vary
別	ベツ	355	distinction; difference; discrimination
なので	ナノデ	356	
本	ホン	357	book; volume; script
完全	カンゼン	358	perfect; complete
状態	ジョウタイ	359	state; condition; situation; appearance; circumstances
しっかり	シッカリ	360	tightly (holding on); firmly; securely
行う	オコナウ	361	to perform; to do; to conduct oneself; to carry out
送る	オクル	362	to send; to dispatch; to forward; to transmit; to ship; to remit
形	カタチ	363	(physical) form; shape; figure
上げる	アゲル	364	to raise; to elevate
近づく	チカヅク	365	to approach; to draw near; to get close
乗る	ノル	366	to get on (train, plane, bus, ship, etc.); to get in; to board; to take; to embark
与える	アタエル	367	to give (esp. to someone of lower status); to bestow; to grant; to confer; to present; to award
勝手	カッテ	368	one's own convenience; one's way; selfishness
的	テキ	369	-ical; -ive; -al; -ic; -y
結果	ケッカ	370	result; consequence; outcome; effect
ために	タメニ	371	for; for the sake of; to one's advantage; in favor of; in favour of; on behalf of
朝	アサ	372	morning
新しい	アタラシイ	373	new; novel; fresh; recent; latest; up-to-date; modern
急	キュウ	374	sudden; abrupt; unexpected
ようにする	ヨウニスル	375	to see to it that ...; to make sure that ...; to try to ...; to make an effort to ...
自分で	ジブンデ	376	by myself; in person; by oneself
元	モト	377	origin; source; beginning
最近	サイキン	378	recently; lately; these days; nowadays; right now
大	ダイ	379	large; big; great; huge; vast; major; important; serious; severe
決まる	キマル	380	to be decided; to be settled; to be fixed; to be arranged
準備	ジュンビ	381	preparation; arrangements; getting ready; provision; setup; reserving
近い	チカイ	382	near; close; short (distance)
失う	ウシナウ	383	to lose
不安	フアン	384	anxiety; uneasiness; worry; apprehension; fear; insecurity; suspense
残す	ノコス	385	to leave (behind)
安心	アンシン	386	peace of mind; relief; (sense of) security; safety; assurance; confidence
大事	ダイジ	387	important; serious; crucial
ほとんど	ホトンド	388	almost; nearly; mostly; practically; virtually; basically; just about; all but
認める	ミトメル	389	to recognize; to recognise; to observe; to notice
特に	トクニ	390	particularly; especially; in particular; expressly
求める	モトメル	391	to want; to wish for
用意	ヨウイ	392	preparation; arrangements; provision; getting ready; laying out (e.g. a meal)
少ない	スクナイ	393	few; little; small (amount); low; scarce; insufficient; seldom; rare
まず	マズ	394	first (of all); firstly; to begin with; before anything else
ことにする	コトニスル	395	to decide to
始まる	ハジマル	396	to begin; to start; to commence
家族	カゾク	397	family
似る	ニル	398	to resemble; to look like; to be like; to be alike; to be similar; to take after
用	ヨウ	399	business; task; errand; engagement
元気	ゲンキ	400	lively; full of spirit; energetic; vigorous; vital; spirited
後	ゴ	401	after
に対して	ニタイシテ	402	towards; against; regarding; in contrast with
生む	ウム	403	to give birth; to bear (child); to lay (eggs)
思い	オモイ	404	thought
なかなか	ナカナカ	405	very; considerably; easily; readily; fairly; quite; highly; rather
たくさん	タクサン	406	a lot; lots; plenty; many; a large number; much; a great deal; a good deal
目的	モクテキ	407	purpose; goal; aim; objective; intention; motive
合う	アウ	408	to come together; to merge; to unite; to meet
生活	セイカツ	409	life; living
方法	ホウホウ	410	method; way; manner; process; procedure; means; measure
なくなる	ナクナル	411	to die; to pass away
切る	キル	412	to cut; to cut through; to perform (surgery)
分	ブン	413	part; portion; share
つく	ツク	414	to take (seat, position, course, office, etc.); to assume; to be hired; to be employed
としては	トシテハ	415	
十分	ジュウブン	416	enough; sufficient; plenty; adequate; satisfactory
働く	ハタラク	417	to work; to labor; to labour
若い	ワカイ	418	young; youthful
歳	サイ	419	... years old; age (of) ...
調べる	シラベル	420	to examine; to look up; to investigate; to check up; to sense; to study; to inquire; to search
急ぐ	イソグ	421	to hurry; to rush; to hasten; to make something happen sooner
必ず	カナラズ	422	always; without exception; necessarily; certainly; without fail; positively; invariably
かどうか	カドウカ	423	whether (or not); if
途中	トチュウ	424	on the way; en route
側	ガワ	425	side (of something, or taking someone's side); part
見つかる	ミツカル	426	to be found; to be discovered
重い	オモイ	427	heavy; weighty
期待	キタイ	428	expectation; anticipation; hope
集まる	アツマル	429	to gather; to collect; to assemble
その後	ソノアト	430	
とる	トル	431	
ないと	ナイト	432	
考え	カンガエ	433	thinking; thought; view; opinion; concept
住む	スム	434	to live (of humans); to reside; to inhabit; to dwell; to abide
大切	タイセツ	435	important; significant; serious; crucial
毎日	マイニチ	436	every day; daily
広い	ヒロイ	437	spacious; vast; wide
やすい	ヤスイ	438	
自由	ジユウ	439	freedom; liberty
になると	ニナルト	440	when it becomes; when it comes to
ないか	ナイカ	441	internal medicine
原因	ゲンイン	442	cause; origin; source
けど	ケド	443	but; however; although
俺	オレ	444	I; me
ああ	アア	445	ah!; oh!; alas!
はい	ハイ	446	yes; that is correct
じゃ	ジャ	447	then; well; so; well then
うん	ウン	448	yes; yeah; uh huh
お前	オマエ	449	you
彼女	カノジョ	450	she; her
みたい	ミタイ	451	-like; sort of; similar to; resembling
大丈夫	ダイジョウブ	452	safe; secure; sound; problem-free; without fear; all right; alright; OK; okay
ちゃん	チャン	453	
よね	ヨネ	454	isn't that right?
わかる	ワカル	455	to understand; to comprehend; to grasp; to see; to get; to follow
え	エ	456	eh?; what?; oh?
あっ	アッ	457	ah; oh
僕	ボク	458	I; me
なんか	ナンカ	459	something; some; any
ください	クダサイ	460	please (give me)
笑う	ワラウ	461	to laugh
なんだ	ナンダ	462	
じゃあ	ジャア	464	then; well; so; well then
分かる	ワカル	465	to understand; to comprehend; to grasp; to see; to get; to follow
様	サマ	466	Mr; Mrs; Miss; Ms
まあ	マア	467	"just (e.g. ""just wait here""); come now; now, now"
だろ	ダロ	468	seems; I think; I guess; I wonder; I hope
ええ	エエ	469	yes; that is correct; right
女	オンナ	470	woman; female
君	キミ	471	you; buddy; pal
君	クン	472	Mr; master; boy
だけど	ダケド	473	but; however; although
二人	フタリ	474	two persons; two people; pair; couple
者	モノ	475	person
やっぱり	ヤッパリ	476	as expected; sure enough; just as one thought
でしょ	デショ	477	it seems; I think; I guess; I wonder
えっ	エッ	478	
ちゃんと	チャント	479	diligently; seriously; earnestly; reliably; steadily; legitimately
こっち	コッチ	480	this way; this direction
すごい	スゴイ	481	terrible; dreadful
確かに	タシカニ	482	
聞こえる	キコエル	483	to be heard; to be audible; to reach one's ears
なんで	ナンデ	484	why?; what for?
先生	センセイ	485	teacher; instructor; master
だろうか	ダロウカ	486	don't you think?; indicates question
まさか	マサカ	487	by no means; never!; well, I never!; you don't say!; no way!
ようだ	ヨウダ	488	
ねえ	ネエ	489	right?; isn't it?; doesn't it?; don't you?; don't you think?
そうだ	ソウダ	490	that is so; that is right; it looks to me; that's my impression
なんです	ナンデス	491	it is assuredly that ...; can say with confidence that ...
けれど	ケレド	492	but; however; although
なに	ナニ	493	what
まるで	マルデ	494	as if; as though; just like; much as; exactly like; as it were
他	ホカ	495	another place; some other place; somewhere else; outside
殺す	コロス	496	to kill; to slay; to murder; to slaughter
事	コト	497	thing; matter
じゃないか	ジャナイカ	498	isn't it?
胸	ムネ	499	chest; breast
さっき	サッキ	500	a short while ago; a moment ago; just now; some time ago
思い出す	オモイダス	502	to recall; to remember; to recollect
へと	ヘト	503	
あんた	アンタ	504	you
おい	オイ	505	hey!; say!; I say!; come on!; look!; oi!
一番	イチバン	506	number one; first; first place
一人	ヒトリ	507	one person
ありがとう	アリガトウ	508	thank you; thanks
そうか	ソウカ	509	
頼む	タノム	510	to request; to beg; to ask
一つ	ヒトツ	511	one
表情	ヒョウジョウ	512	facial expression; countenance
ごめん	ゴメン	513	I'm sorry; my apologies; excuse me; pardon me
怖い	コワイ	514	scary; frightening; eerie; dreadful
良い	ヨイ	515	good; excellent; fine; nice; pleasant; agreeable
ゆっくり	ユックリ	516	slowly; unhurriedly; without haste; leisurely; at one's leisure
つまり	ツマリ	517	that is to say; that is; in other words; I mean; that (this, it) means
だったら	ダッタラ	518	if it's the case
腕	ウデ	519	arm
それから	ソレカラ	520	and then; after that
ほら	ホラ	521	look!; see!; here!; there!; hey!
あ	ア	522	ah; oh
欲しい	ホシイ	523	wanting (to have); desiring; wishing for
やはり	ヤハリ	524	as expected; sure enough; just as one thought
確認	カクニン	525	confirmation; verification; validation; review; check; affirmation; identification
そうです	ソウデス	526	that is so; that is right; it looks to me; that's my impression
全部	ゼンブ	527	all; entire; whole; altogether
何度	ナンド	528	how many times
そんなに	ソンナニ	529	so much; so; like that
ほう	ホウ	530	
子供	コドモ	531	child; children
二	ニ	532	two; 2
光	ヒカリ	533	light
おかしい	オカシイ	534	funny; amusing; comical; laughable; ridiculous
寝る	ネル	535	to sleep (lying down)
なのだ	ナノダ	536	it is assuredly that ...; can say with confidence that ...
なるほど	ナルホド	537	I see; that's right; indeed
もん	モン	538	person
小さな	チイサナ	539	small; little; tiny
瞬間	シュンカン	540	moment; instant; second
気がする	キガスル	541	
今まで	イママデ	542	until now; till now; up to now; up to the present; so far
優しい	ヤサシイ	543	tender; kind; gentle; graceful; affectionate; amiable
嫌	イヤ	544	disliking; not wanting; unwilling (to do); reluctant
あいつ	アイツ	545	he; she; that guy
ううん	ウウン	546	um; er; well
明日	アシタ	547	tomorrow
泣く	ナク	548	to cry; to shed tears; to weep; to sob
頑張る	ガンバル	549	to persevere; to persist; to keep at it; to hang on; to hold out; to do one's best
怒る	オコル	550	to get angry; to get mad; to lose one's temper
はずだ	ハズダ	551	
あんな	アンナ	552	that sort of; that kind of; like that; such; so
娘	ムスメ	553	daughter
今回	コンカイ	554	this time; now
やつ	ヤツ	555	fellow; guy; chap
昨日	キノウ	556	yesterday
ですから	デスカラ	557	so; therefore; accordingly; consequently; on those grounds; that is why; for that reason
かしら	カシラ	558	I wonder; do you think?; I might; how about
変	ヘン	559	strange; odd; peculiar; weird; curious; eccentric; funny; suspicious; fishy
探す	サガス	560	to search for; to look for; to hunt for; to seek
しかも	シカモ	561	moreover; furthermore
返す	カエス	562	to return (something); to restore; to put back
国	クニ	563	country; state
なあ	ナア	564	hey; listen; look; say
当然	トウゼン	565	natural; right; proper; just; reasonable; appropriate; deserved
座る	スワル	566	to sit (down); to have a seat; to be seated; to kneel (on the floor)
でしょうか	デショウカ	567	don't you think?; indicates question
つつ	ツツ	568	
ではある	デハアル	569	
黙る	ダマル	570	to be silent; to say nothing
気づく	キヅク	571	to notice; to realize; to realise; to become aware (of); to perceive; to sense; to suspect
しばらく	シバラク	572	for a moment; for a minute
いえ	イエ	573	no
隠す	カクス	574	to hide; to conceal
気になる	キニナル	575	
奥	オク	576	inner part; interior; back (of a drawer, one's throat, etc.); depths (e.g. of a forest); recesses (e.g. of a cave); heart; end (of a road, garden, etc.)
向ける	ムケル	577	to turn (towards); to face; to point; to aim; to direct to
笑顔	エガオ	578	smiling face; smile
かなり	カナリ	579	considerably; fairly; quite; rather; pretty
軽い	カルイ	580	light (i.e. not heavy); feeling light (i.e. offering little resistance, moving easily)
目の前	メノマエ	581	before one's eyes; in front of one; under one's nose
お願い	オネガイ	582	request; favour (to ask); wish
開ける	アケル	583	to open (a door, etc.); to unwrap (e.g. parcel, package); to unlock
せい	セイ	584	system; organization; organisation; imperial command; laws; regulation; control; government; suppression; restraint; holding back; establishment
まったく	マッタク	585	really; truly; entirely; completely; wholly; perfectly
女の子	オンナノコ	586	girl; daughter; baby girl
こんなに	コンナニ	587	so; like this; in this way; this much; to this extent
しかない	シカナイ	588	having no choice but to ...; all one can do is ...; there's nothing to do except ...
ならば	ナラバ	589	if; in case; if it is the case that; if it is true that
とにかく	トニカク	590	anyway; anyhow; at any rate; in any case; at least; just
ことはない	コトハナイ	591	
痛い	イタイ	592	painful; sore
敵	テキ	593	opponent; rival; adversary
一	イチ	594	one; 1
実は	ジツハ	595	as a matter of fact; by the way; to tell you the truth; to be honest; frankly; actually
後ろ	ウシロ	596	back; behind; rear
そこまで	ソコマデ	597	
物	モノ	598	thing; object; article; stuff; substance
さらに	サラニ	599	furthermore; again; after all; more and more; moreover; even more
髪	カミ	600	hair (on the head)
一瞬	イッシュン	602	instant; moment; for an instant
落ち着く	オチツク	603	to calm down; to compose oneself; to regain presence of mind; to relax
どうした	ドウシタ	604	
隣	トナリ	605	next (to); adjoining; adjacent
不思議	フシギ	606	wonderful; marvelous; strange; incredible; amazing; curious; miraculous; mysterious
戦う	タタカウ	607	to make war (on); to wage war (against); to go to war (with); to fight (with); to do battle (against)
さあ	サア	608	come (on); come now; come along; here
こいつ	コイツ	609	he; she; this fellow; this guy; this person
現れる	アラワレル	610	to appear; to come in sight; to become visible; to come out; to embody; to materialize; to materialise
そろそろ	ソロソロ	611	soon; before long; any time now; momentarily
私たち	ワタシタチ	612	we; us
記憶	キオク	613	memory; recollection; remembrance
彼ら	カレラ	614	they; them
すべて	スベテ	615	everything; all; the whole
学校	ガッコウ	616	school
さえ	サエ	617	even
情報	ジョウホウ	618	information; news; report; intelligence
意識	イシキ	619	consciousness
というのは	トイウノハ	620	
肩	カタ	621	shoulder
色	イロ	622	colour; color; hue; tint; tinge; shade
触れる	フレル	623	to touch; to feel
勝つ	カツ	624	to win; to gain victory
結局	ケッキョク	625	after all; in the end; ultimately; eventually
三	サン	626	three; 3
全然	ゼンゼン	627	(not) at all; (not) in the slightest
上がる	アガル	628	to rise; to go up; to come up; to ascend; to be raised
げ	ゲ	629	
動き	ウゴキ	630	movement; move; motion
白い	シロイ	631	white
指	ユビ	632	finger; toe; digit
可能性	カノウセイ	633	possibility; chance; likelihood; probability
赤い	アカイ	634	red; crimson; scarlet; vermilion
失礼	シツレイ	635	discourtesy; impoliteness
幸せ	シアワセ	636	happiness; good fortune; luck; blessing
負ける	マケル	637	to lose; to be defeated; to be beaten
背中	セナカ	638	back (of the body)
反応	ハンノウ	639	reaction; response
壁	カベ	640	wall; partition
どうやら	ドウヤラ	641	possibly; apparently; (seem) likely; seemingly
いきなり	イキナリ	642	abruptly; suddenly; all of a sudden; without warning
空	ソラ	643	sky; the air; the heavens
約束	ヤクソク	644	promise; agreement; arrangement; one's word; contract; pact
血	チ	645	blood
服	フク	646	clothes (esp. Western clothes); clothing; dress; costume; suit; outfit
恥ずかしい	ハズカシイ	647	embarrassing; embarrassed; ashamed; humiliated; shy
過ぎる	スギル	648	to pass through; to pass by; to go beyond
事実	ジジツ	649	fact; truth; reality
静か	シズカ	650	quiet; silent
すむ	スム	651	to finish; to end; to be completed; to be resolved
行動	コウドウ	652	action; conduct; behaviour; behavior; mobilization; mobilisation
突然	トツゼン	653	abrupt; sudden; unexpected
友達	トモダチ	654	friend; companion
喜ぶ	ヨロコブ	655	to be delighted; to be glad; to be pleased; to rejoice
止まる	トマル	656	to stop (moving); to come to a stop
命	イノチ	657	life; life force
自身	ジシン	658	(one's) self; oneself; yourself; himself; herself
想像	ソウゾウ	659	imagination; supposition; guess
面白い	オモシロイ	660	interesting; fascinating; intriguing; enthralling
父	チチ	661	father
身	ミ	662	one's body; one's person
渡す	ワタス	663	to ferry across (e.g. a river); to carry across; to traverse
名	ナ	664	name; given name
ようやく	ヨウヤク	665	finally; at last
全員	ゼンイン	666	all members; all hands; everyone; everybody; whole crew
頃	コロ	667	(approximate) time; around; about; toward
そもそも	ソモソモ	668	in the first place; to begin with; from the start; originally; ab initio
空気	クウキ	669	air; atmosphere
再び	フタタビ	670	again; once more; a second time
着る	キル	671	to wear (from the shoulders down); to put on
母	ハハ	672	mother
首	クビ	673	neck
美しい	ウツクシイ	674	beautiful; pretty; lovely; sweet; pure (heart, friendship, etc.)
一体	イッタイ	675	(what) the heck; (why) in the world; (who) on earth; (where) the hell; (how) the hell
店	ミセ	676	store; shop; establishment; restaurant
程度	テイド	677	degree; amount; grade; standard; of the order of (following a number); about; approximately
届く	トドク	678	to reach; to touch; to get to; to carry (of sound)
さて	サテ	679	well; now; then
難しい	ムズカシイ	680	difficult; hard; troublesome; complicated; serious (disease, problem, etc.)
向こう	ムコウ	681	opposite side; other side
神	カミ	682	god; deity; divinity; spirit; kami
気分	キブン	683	feeling; mood
耳	ミミ	684	ear
ごめんなさい	ゴメンナサイ	685	
通り	トオリ	686	street; road; avenue; thoroughfare
ひどい	ヒドイ	687	cruel; heartless; hard; harsh; severe
むしろ	ムシロ	688	rather; better; instead; if anything
飛ぶ	トブ	689	to fly; to soar
眠る	ネムル	690	to sleep
仲間	ナカマ	691	companion; fellow; friend; mate; comrade; partner; colleague; coworker; associate
でない	デナイ	692	
さすがに	サスガニ	693	
山	ヤマ	694	mountain; hill
感情	カンジョウ	695	emotion; feeling; feelings; sentiment
ぐらい	グライ	696	approximately; about; around; or so
結構	ケッコウ	697	splendid; nice; wonderful; delightful; lovely; excellent; fine
すら	スラ	698	even
危険	キケン	699	danger; peril; hazard
以前	イゼン	700	before; prior to; ago
もう一度	モウイチド	703	once more; again
ありがとうございます	アリガトウゴザイマス	704	thank you
どうぞ	ドウゾ	705	please; kindly; pray; I beg (of you)
済む	スム	706	to finish; to end; to be completed; to be resolved
とりあえず	トリアエズ	707	first of all; at once; right away
任せる	マカセル	708	to leave (a matter, decision, etc. to someone); to entrust (to someone); to entrust (someone) with
遅い	オソイ	709	slow
気にする	キニスル	710	
いくら	イクラ	711	how much
本気	ホンキ	712	seriousness; earnestness; truth; sanctity
あら	アラ	713	oh!; ah!; oh no
正直	ショウジキ	714	honest; frank; candid; straightforward
動かす	ウゴカス	715	to move; to shift; to stir; to budge; to change position
事件	ジケン	716	event; affair; incident; case; plot; trouble; scandal
きる	キル	717	to kill (a human) using a blade (sword, machete, knife, etc.); to slice (off); to lop (off); to cut (off)
そういえば	ソウイエバ	718	now that you mention it; come to think of it; that reminds me; on that subject; speaking of which
おりる	オリル	719	to descend (e.g. a mountain); to go down; to come down
起こす	オコス	720	to raise; to raise up; to set up; to pick up; to stand (something) up
周囲	シュウイ	721	surroundings; environs
海	ウミ	722	sea; ocean; waters
すでに	スデニ	723	already
叫ぶ	サケブ	724	to shout; to cry (out); to scream; to shriek; to yell; to exclaim
引く	ヒク	725	to pull; to tug; to lead (e.g. a horse)
返事	ヘンジ	726	reply; answer; response
逆	ギャク	727	reverse; opposite
捨てる	ステル	728	to throw away; to cast away; to dump; to discard
甘い	アマイ	729	sweet-tasting; sweet; sugary; sugared
窓	マド	730	window
遊ぶ	アソブ	731	to play (games, sports); to enjoy oneself; to have a good time
結婚	ケッコン	732	marriage
おお	オオ	733	large; big; great; major; important; serious; heavy; loud
会話	カイワ	734	conversation; talk; chat
戻ってくる	モドッテクル	735	
どうしたの	ドウシタノ	736	what's the matter?; what's wrong?
邪魔	ジャマ	737	hindrance; obstacle; nuisance; disturbance; interruption; interference
腰	コシ	738	lower back; waist; hips; lumbar region
その時	ソノトキ	739	
うまい	ウマイ	740	skillful; skilful; skilled; good; expert; clever (expression, trick, etc.); apt; appropriate
握る	ニギル	741	to clasp; to grasp; to grip; to clutch
確か	タシカ	742	sure; certain; positive; definite
いっぱい	イッパイ	743	one defeat
部分	ブブン	744	portion; section; part
無事	ブジ	745	safety; security; peace; quiet
せっかく	セッカク	746	with trouble; at great pains
風	カゼ	747	wind; breeze; draught; draft
起こる	オコル	748	to occur; to happen
であろう	デアロウ	749	
熱い	アツイ	750	hot (to the touch)
意外	イガイ	751	unexpected; surprising; unanticipated; strange; unforeseen
これ以上	コレイジョウ	752	
間違いない	マチガイナイ	753	certain; sure; no doubt
流れる	ナガレル	754	to stream; to flow (liquid, time, etc.); to run (ink)
花	ハナ	755	flower; blossom; bloom; petal
涙	ナミダ	756	tear; tears; lachrymal secretion
やってくる	ヤッテクル	757	to come along; to come around; to turn up
倒れる	タオレル	758	to fall (over, down); to collapse; to take a fall; to topple
人生	ジンセイ	759	(one's) life
一人で	ヒトリデ	760	alone; by oneself; on one's own
もう少し	モウスコシ	761	
襲う	オソウ	762	to attack; to assail; to make an assault; to strike; to hunt down
所	トコロ	763	place; spot; scene; site
料理	リョウリ	764	cooking; cookery; cuisine; food; dish
決して	ケッシテ	765	(not) ever; (not) by any means; (not) in the least; (not) in any way; (not) at all
愛する	アイスル	766	to love
黒い	クロイ	767	black
冷たい	ツメタイ	768	cold (to the touch); chilly; icy; freezing
合わせる	アワセル	769	to match (rhythm, speed, etc.)
楽しむ	タノシム	770	to enjoy; to take pleasure in; to have a good time; to have fun; to amuse oneself
自然	シゼン	771	nature
納得	ナットク	772	consent; agreement; acceptance
周り	マワリ	773	circumference; girth
どうも	ドウモ	774	thank you; thanks
珍しい	メズラシイ	775	rare; uncommon; unusual; curious
いいから	イイカラ	776	
どうしても	ドウシテモ	777	by all means; at any cost; no matter what; at any rate; surely
疲れる	ツカレル	778	to get tired; to tire; to get fatigued; to become exhausted; to grow weary
必死	ヒッシ	779	frantic; frenetic; desperate
前に	マエニ	780	
内	ナイ	781	within ...; inside ...
追う	オウ	782	to chase; to run after; to pursue; to follow after
激しい	ハゲシイ	783	violent; furious; tempestuous
場	バ	784	place; spot; space
食う	クウ	785	to eat
慣れる	ナレル	786	to get used to; to grow accustomed to; to become familiar with
勢い	イキオイ	787	force; vigor; vigour; energy; spirit; life
答え	コタエ	788	answer; reply; response
落とす	オトス	789	to drop; to lose; to let fall; to shed (light); to cast (one's gaze); to pour in (liquid); to leave behind
同時に	ドウジニ	790	at the same time; at once; simultaneously; concurrently
判断	ハンダン	791	judgment; judgement; decision; conclusion; adjudication
横	ヨコ	792	horizontal (as opposed to vertical)
町	マチ	793	town; block; neighbourhood; neighborhood
報告	ホウコク	794	report; information
食事	ショクジ	795	meal (e.g. lunch, dinner)
緊張	キンチョウ	796	tension; strain; nervousness; stress
金	カネ	797	money
受け取る	ウケトル	798	to receive; to get; to accept
まずは	マズハ	799	
感謝	カンシャ	800	thanks; gratitude; appreciation; thankfulness
者	シャ	802	person
日本	ニホン	803	Japan
つい	ツイ	804	just (now)
並ぶ	ナラブ	805	to line up; to stand in a line
避ける	サケル	806	to avoid (physical contact with)
連絡	レンラク	807	contacting; (making) contact; getting in touch; communication; correspondence; call; message
奪う	ウバウ	808	to take (by force); to take away; to snatch; to steal; to rob (someone) of; to dispossess of; to deprive of; to usurp
過ごす	スゴス	809	to spend (time); to pass; to lead (a life); to live
狙う	ネラウ	810	to aim at (with a weapon, etc.)
向く	ムク	811	to turn toward; to look (up, down, etc.)
諦める	アキラメル	812	to give up; to abandon (hope, plans); to resign oneself (to)
足りる	タリル	813	to be sufficient; to be enough
いろいろ	イロイロ	814	various; a variety of; all sorts of; many (different)
そうする	ソウスル	815	
話をする	ハナシヲスル	816	
望む	ノゾム	817	to desire; to want; to wish for; to hope for
一応	イチオウ	818	more or less; though not quite satisfactorily; after a fashion; pretty much; roughly; so far as it goes; technically
特別	トクベツ	819	special; particular; extraordinary; exceptional; especial
救う	スクウ	820	to rescue (someone); to save; to help (out of a difficulty); to relieve (from)
帰ってくる	カエッテクル	821	
時代	ジダイ	822	period; epoch; era; age
いらっしゃる	イラッシャル	823	to come; to go; to be (somewhere)
いつか	イツカ	824	5th day of the month
終わり	オワリ	825	end; ending; close; conclusion
語る	カタル	826	to talk about; to speak of; to tell; to narrate
繰り返す	クリカエス	827	to repeat; to do over again
助かる	タスカル	828	to be saved; to be rescued; to survive
点	テン	829	dot; spot; point; speck; mark
ところで	トコロデ	830	by the way; incidentally; well; now
運ぶ	ハコブ	831	to carry; to transport; to move; to convey
素直	スナオ	832	obedient; meek; docile; unaffected
よし	ヨシ	833	alright; all right; right on; looking good; OK; okay
態度	タイド	834	attitude; manner; behaviour; demeanour; bearing
失敗	シッパイ	835	failure; mistake; blunder
とこ	トコ	836	place; spot; scene; site
全く	マッタク	837	really; truly; entirely; completely; wholly; perfectly
木	キ	838	tree; shrub; bush
それぞれ	ソレゾレ	839	each; respectively
内容	ナイヨウ	840	contents; content; substance; matter; detail; import
と言われる	トイワレル	841	
示す	シメス	842	to (take out and) show; to demonstrate; to tell; to exemplify; to make apparent
妙	ミョウ	843	strange; weird; odd; curious
あんまり	アンマリ	844	remainder; remnant; rest; balance; surplus; remains (of a meal); leftovers
冗談	ジョウダン	845	joke; jest; funny story
自ら	ミズカラ	846	oneself
低い	ヒクイ	847	low (rank, degree, value, content, quality, etc.)
わざわざ	ワザワザ	848	expressly; especially; specially; taking the trouble (to do); going to the trouble of (doing); going out of one's way (to do)
そっち	ソッチ	849	that way; that direction
雰囲気	フンイキ	850	atmosphere; mood; ambience; ambiance; aura; feel
はっきり	ハッキリ	851	clearly; plainly; distinctly
移動	イドウ	852	movement; transfer; migration; removal; travel
過去	カコ	853	the past; bygone days
手伝う	テツダウ	854	to help; to assist; to aid
描く	エガク	855	to draw; to paint; to sketch
余裕	ヨユウ	856	surplus; margin; leeway; room; space; time; allowance; flexibility; scope
なんとか	ナントカ	857	something; something or other; so-and-so
出会う	デアウ	858	to meet (by chance); to come across; to run across; to encounter; to happen upon
と言う	トイウ	859	called; named; that says; that
みせる	ミセル	860	to show; to display
やっと	ヤット	861	at last; finally
嫌い	キライ	862	disliked; hated; disagreeable
質問	シツモン	863	question; inquiry; enquiry
人々	ヒトビト	864	people; men and women
どれ	ドレ	865	which (of three or more)
現実	ゲンジツ	866	reality; actuality; hard fact
感覚	カンカク	867	sense; sensation; feeling; intuition
正しい	タダシイ	868	right; correct
未来	ミライ	869	(distant) future
興味	キョウミ	870	interest (in something); curiosity (about something); zest (for)
遠い	トオイ	871	far; distant; far away; a long way off; in the distance
ながらも	ナガラモ	872	though; although; notwithstanding; in spite of; despite
本人	ホンニン	873	the person in question; the person themselves; said person
能力	ノウリョク	874	ability; faculty
あの人	アノヒト	875	he; she; that person
っぽい	ッポイ	876	-ish; -like
それでは	ソレデハ	877	well, ...; right, ...; now, ...
と言った	トイッタ	878	
その場	ソノバ	879	
事情	ジジョウ	880	circumstances; conditions; situation; reasons; state of affairs
暗い	クライ	881	dark; gloomy; murky
あそこ	アソコ	882	there; over there; that place; yonder; you-know-where
んで	ンデ	883	because; as; since; so; therefore
休む	ヤスム	884	to be absent; to take a day off
一緒	イッショ	885	(doing) together
おかげで	オカゲデ	886	thanks to ...; owing to ...; because of ...
なさる	ナサル	887	to do
息	イキ	888	breath; breathing
これまで	コレマデ	889	so far; up to now; hitherto
予定	ヨテイ	890	plans; arrangement; schedule; program; programme; expectation; estimate
伝わる	ツタワル	891	to spread (of a rumour, news, etc.); to travel; to circulate; to go around; to be passed around; to become known
距離	キョリ	892	distance; range; interval
どうせ	ドウセ	893	in any case; regardless; either way; after all; no matter what; anyway
多く	オオク	894	many; much; plenty; a lot
残念	ザンネン	895	regrettable; unfortunate; disappointing; vexing
ま	マ	896	oh!; oh dear!; oh, my!; wow!; goodness gracious!; good heavens!
終える	オエル	897	to finish; to get through with; to complete; to bring (something) to an end
覚悟	カクゴ	898	readiness; (mental) preparedness
勉強	ベンキョウ	899	study
さすが	サスガ	900	as one would expect; just as you'd expect (from); just like (someone)
上	ジョウ	901	from the standpoint of; from the viewpoint of; with respect to; in terms of; as a matter of; in view of; so far as ... is concerned
分	フン	902	minute (unit of time)
風	フウ	903	manner; way; style
だけに	ダケニ	905	
自信	ジシン	906	self-confidence; confidence (in oneself)
我慢	ガマン	907	endurance; patience; perseverance; bearing (with something)
相談	ソウダン	908	consultation; discussion; discussing; asking (someone) for advice
死	シ	909	death
増える	フエル	910	to increase; to multiply
離す	ハナス	911	to separate; to part; to divide; to keep apart
半分	ハンブン	912	half
人物	ジンブツ	913	person; character; figure; personage; man; woman
回る	マワル	914	to turn; to rotate; to revolve; to spin
親	オヤ	915	parent; parents; mother and father
弱い	ヨワイ	916	weak; frail; delicate; tender; unskilled; weak (wine)
っけ	ッケ	917	
立てる	タテル	918	to stand (something) up; to put upright; to set up; to erect; to raise; to turn up; to plant
この人	コノヒト	919	
といった	トイッタ	920	
降りる	オリル	921	to descend (e.g. a mountain); to go down; to come down
打つ	ウツ	922	to hit; to strike; to knock; to beat; to punch; to slap; to tap; to bang; to clap; to pound
席	セキ	923	seat
経験	ケイケン	924	experience
よろしく	ヨロシク	925	well; properly; suitably
すっかり	スッカリ	926	all; completely; totally; entirely; thoroughly
現在	ゲンザイ	927	the present; present time; now
広がる	ヒロガル	928	to spread (out); to extend; to stretch; to reach to; to get around; to fill (e.g. a space)
に対する	ニタイスル	929	regarding; in; to; towards; with regards to
振る	フル	930	to wave; to shake; to swing
集める	アツメル	931	to collect; to assemble; to gather
当たる	アタル	932	to be hit; to strike
直接	チョクセツ	933	direct; immediate; personal; firsthand
数	カズ	934	number; amount
明るい	アカルイ	935	light; bright; well-lit; well-lighted
ということは	トイウコトハ	936	that is to say; so that means
件	ケン	937	matter; affair; case; item; subject
当たり前	アタリマエ	938	natural; reasonable; obvious
お金	オカネ	939	money
抱える	カカエル	940	to hold in one's arms; to carry in one's arms; to carry under one's arm; to hold (one's head) in one's hands
連れる	ツレル	941	to take (someone) with one; to bring along; to go with; to be accompanied by
他人	タニン	942	another person; other people; others
母親	ハハオヤ	943	mother
忙しい	イソガシイ	944	busy; occupied; hectic
寂しい	サビシイ	945	lonely; lonesome; solitary; desolate
くださる	クダサル	946	to give; to confer; to bestow
どうか	ドウカ	947	please; if you would; would you mind
誘う	サソウ	948	to invite; to ask (someone to do); to call (for); to take (someone) along
いたす	イタス	949	to do
立場	タチバ	950	position; situation
そのため	ソノタメ	951	
他に	ホカニ	952	else; in addition; besides
大好き	ダイスキ	953	liking very much; loving (something or someone); adoring; being very fond of
協力	キョウリョク	954	cooperation; collaboration; help; support
抜ける	ヌケル	955	to come out; to fall out; to be omitted; to be missing; to escape; to come loose
持ってくる	モッテクル	956	to bring (something); to take along; to fetch; to get
のみ	ノミ	957	only; nothing but
詳しい	クワシイ	958	detailed; full; minute
押す	オス	959	to push; to thrust; to shove
愛	アイ	960	love; affection; care
だす	ダス	961	to take out; to get out
もつ	モツ	962	
変化	ヘンカ	963	change; variation; alteration; mutation; transition; transformation
男性	ダンセイ	964	man; male
ような気がする	ヨウナキガスル	965	I feel that ...; I feel as though ...; I have a feeling that ...; I have the impression that ...; I think that ...
車	クルマ	966	car; automobile; vehicle
断る	コトワル	967	to refuse; to reject; to dismiss; to turn down; to decline
利用	リヨウ	968	use; utilization; utilisation; application
熱	ネツ	969	heat
というもの	トイウモノ	970	something like ...; something called ...
抱く	イダク	971	to hold in one's arms (e.g. a baby); to embrace; to hug
苦しい	クルシイ	972	painful; difficult; tough; hard
最高	サイコウ	973	best; supreme; wonderful; finest
満足	マンゾク	974	satisfaction; contentment; gratification
無視	ムシ	975	disregarding; ignoring
余計	ヨケイ	976	extra; more; too much; too many; excessive; superfluous; spare; surplus
一気に	イッキニ	977	in one go; in one gulp; in one breath; without stopping; without pausing; without a rest; in one sitting; at a stretch
どちら	ドチラ	978	which way; which direction; where
成功	セイコウ	979	success; achievement
限り	カギリ	980	limit; limits; bounds
代わりに	カワリニ	981	
ではないか	デハナイカ	982	isn't it?
父親	チチオヤ	983	father
通る	トオル	984	to go by; to go past; to go along; to travel along; to pass through; to use (a road); to take (a route); to go via; to go by way of
暮らす	クラス	985	to live (on, by, etc.); to lead a life; to get along; to get by
わけではない	ワケデハナイ	986	it does not mean that ...; I don't mean that ...; it is not the case that ...
雨	アメ	987	rain
写真	シャシン	988	photograph; photo; picture; photography
火	ヒ	989	fire; flame; blaze
否定	ヒテイ	990	denial; negation; repudiation; disavowal
借りる	カリル	991	to borrow
面倒	メンドウ	992	trouble; bother
人たち	ヒトタチ	993	people
厳しい	キビシイ	994	severe; strict; rigid; unsparing; relentless
危ない	アブナイ	995	dangerous; risky; hazardous; perilous; precarious
どっち	ドッチ	996	which way; which direction; where
どうやって	ドウヤッテ	997	
ときに	トキニ	998	
今から	イマカラ	999	
参加	サンカ	1000	participation; joining; entry
隠れる	カクレル	1003	to hide; to conceal oneself; to take cover
裏	ウラ	1004	opposite side; bottom; other side; side hidden from view; undersurface; reverse side
短い	ミジカイ	1005	short
ちょうど	チョウド	1006	exactly; precisely; just; right; opportunely; fortunately
機会	キカイ	1007	chance; opportunity; occasion
恐ろしい	オソロシイ	1008	terrible; dreadful; terrifying; frightening
大人	オトナ	1009	adult; grown-up
売る	ウル	1010	to sell
輝く	カガヤク	1011	to shine; to sparkle; to twinkle; to glitter; to glisten
すぎ	スギ	1012	
耐える	タエル	1013	to bear; to stand; to endure; to put up with
悲しい	カナシイ	1014	sad; miserable; unhappy; sorrowful
たとえ	タトエ	1015	even if; no matter (what); if; though; although; supposing; supposing that; -ever
受け入れる	ウケイレル	1016	to accept; to receive; to agree
どうしよう	ドウシヨウ	1017	
味	アジ	1018	flavor; flavour; taste
迷う	マヨウ	1019	to lose one's way; to get lost; to go astray
手に入れる	テニイレル	1020	to obtain; to get; to procure; to win; to secure
どんどん	ドンドン	1021	drumming (noise); beating; pounding; banging; booming; stamping
関係ない	カンケイナイ	1022	
秘密	ヒミツ	1023	secret; secrecy; confidentiality; privacy
部	ブ	1024	department (in an organization, company, etc.); division; bureau; faculty
例	レイ	1025	example; instance; illustration; case
いずれ	イズレ	1026	which; where; who
それにしても	ソレニシテモ	1027	nevertheless; at any rate; even so; all things considered; be that as it may
包む	ツツム	1028	to wrap up; to pack; to bundle; to do up
川	カワ	1029	river; stream
着く	ツク	1030	to arrive at; to reach
明らか	アキラカ	1031	clear; obvious; evident; plain; definite
そのもの	ソノモノ	1032	the very thing; itself
地	チ	1033	earth; ground; land; soil
える	エル	1034	to carve; to engrave; to sculpt; to chisel
願う	ネガウ	1035	to desire; to wish; to hope
位置	イチ	1036	place; position; location
方向	ホウコウ	1037	direction; orientation; bearing; way
戻す	モドス	1038	to put back; to return; to give back; to restore (to a previous state, e.g. defrosting, reconstituting, reconciling); to turn back (e.g. clock hand)
一部	イチブ	1039	one part; one portion; one section
客	キャク	1040	guest; visitor
薄い	ウスイ	1041	thin (of an object)
よろしい	ヨロシイ	1042	good; OK; all right; fine; very well; will do; may; can
調子	チョウシ	1043	tune; tone; key; pitch; time; rhythm
迎える	ムカエル	1044	to go out to meet; to receive; to welcome; to greet; to salute; to hail
流す	ナガス	1045	to drain; to pour; to run; to let flow; to flush; to shed (blood, tears); to spill
新た	アラタ	1046	new; fresh; novel
平気	ヘイキ	1047	cool; calm; composed; unconcerned; nonchalant; unmoved; indifferent
外す	ハズス	1048	to remove; to take off; to detach; to unfasten; to undo
かもしれません	カモシレマセン	1049	may; might; perhaps; may be; possibly
改めて	アラタメテ	1050	another time; again; over again; once again; anew
どれだけ	ドレダケ	1051	how much; how many; to what extent
進める	ススメル	1052	to advance; to move forward; to put (a clock, watch) forward
において	ニオイテ	1053	at (a time or place); in; on
うるさい	ウルサイ	1054	noisy; loud
去る	サル	1055	to leave; to go away
腹	ハラ	1056	abdomen; belly; stomach
それ以上	ソレイジョウ	1057	
くせに	クセニ	1058	and yet; though; when; in spite of
たまに	タマニ	1059	occasionally; once in a while; now and then
と思われる	トオモワレル	1060	
間違う	マチガウ	1061	to be mistaken; to be incorrect; to be wrong
実際	ジッサイ	1062	reality; actuality; truth; fact; actual conditions
皆さん	ミナサン	1063	all; everyone; everybody
悩む	ナヤム	1064	to be worried; to be troubled
迫る	セマル	1065	to approach; to draw near; to be imminent
まだまだ	マダマダ	1066	still; much more; (not) yet
第一	ダイイチ	1067	first; foremost; number one
友人	ユウジン	1068	friend
練習	レンシュウ	1069	practice; training; drill; (an) exercise; workout
と同時に	トドウジニ	1070	
まさに	マサニ	1071	exactly; just; precisely; really; truly; surely; certainly; without doubt
疑う	ウタガウ	1072	to doubt; to distrust; to be suspicious of; to suspect
目指す	メザス	1073	to aim at (for, to do, to become); to try for; to have an eye on
右	ミギ	1074	right; right-hand side
消す	ケス	1075	to erase; to rub out; to rub off; to cross out; to delete
気に入る	キニイル	1076	to like; to be pleased with; to be delighted with; to take a liking to; to suit one's fancy
払う	ハラウ	1077	to pay (e.g. money, bill)
性格	セイカク	1078	character (of a person); personality; disposition; nature
それまで	ソレマデ	1079	
かつて	カツテ	1080	once; before; formerly; ever; former; ex-
遠く	トオク	1081	far away; distant place; a (great) distance; a long way off; afar
今後	コンゴ	1082	from now on; hereafter
発見	ハッケン	1083	discovery; detection; finding
ことがない	コトガナイ	1084	(something) has never occurred; to have never done (something); such a thing has not happened
同じよう	オナジヨウ	1085	
希望	キボウ	1086	hope; wish; aspiration
ついに	ツイニ	1087	finally; in the end; at last
集中	シュウチュウ	1088	concentration (on a task); focusing one's attention
万	マン	1089	10,000; ten thousand
効果	コウカ	1090	effect; effectiveness; efficacy; result
意見	イケン	1091	opinion; view; comment
何より	ナニヨリ	1092	above anything else; above all; more than anything
そのこと	ソノコト	1093	
息子	ムスコ	1094	son
訪れる	オトズレル	1095	to visit; to call on
であれば	デアレバ	1096	
証拠	ショウコ	1097	evidence; proof
一日	イチニチ	1098	one day
月	ツキ	1099	Moon
遠慮	エンリョ	1100	reserve; constraint; restraint; modesty; diffidence; hesitation; holding back; discretion; tact; thoughtfulness
時	ジ	1101	hour; o'clock
名	メイ	1102	name; given name
数	スウ	1103	several; a few; a number of
実際に	ジッサイニ	1104	
暇	ヒマ	1105	spare time; free time; leisure
影響	エイキョウ	1106	influence; effect; impact
相当	ソウトウ	1107	corresponding to (in meaning, function, etc.); being equivalent to
なし	ナシ	1108	without
のせいで	ノセイデ	1109	
建物	タテモノ	1110	building
ほぼ	ホボ	1111	almost; nearly; for the most part
重要	ジュウヨウ	1112	important; essential; significant; major; key; principal
せめて	セメテ	1113	at least; at most; (even) just
後悔	コウカイ	1114	regret; repentance; remorse
誰にも	ダレニモ	1115	to anyone; to everyone
いなくなる	イナクナル	1116	
紹介	ショウカイ	1117	introduction; presentation; referral; showcase (of a product)
疑問	ギモン	1118	doubt; question; suspicion; dubiousness
速い	ハヤイ	1119	fast; quick; rapid; swift; speedy; brisk; prompt
抜く	ヌク	1120	to pull out; to draw out; to extract; to unplug; to weed
楽	ラク	1121	comfort; ease; relief; (at) peace; relaxation
予想	ヨソウ	1122	expectation; anticipation; prediction; forecast; conjecture
超える	コエル	1123	to cross over; to cross; to pass through; to pass over (out of); to go beyond; to go past
努力	ドリョク	1124	effort; exertion; endeavour; endeavor; hard work; striving
円	エン	1125	yen (currency of Japan)
立派	リッパ	1126	splendid; fine; handsome; elegant; imposing; prominent; impressive
一方	イッポウ	1127	one (esp. of two); the other; one way; the other way; one direction; the other direction; one side; the other side; one party; the other party
確実	カクジツ	1128	certain; sure; definite; reliable; sound; solid; safe; secure
当時	トウジ	1129	at that time; in those days
妻	ツマ	1130	wife
通う	カヨウ	1131	to go to and from (a place); to go back and forth between; to run between (e.g. bus, train, etc.); to ply between
流れ	ナガレ	1132	flow (of a fluid or gas); stream; current
責任	セキニン	1133	duty; responsibility (incl. supervision of staff)
偶然	グウゼン	1134	coincidence; chance; accident; fortuity
作業	サギョウ	1135	work; operation; task
運命	ウンメイ	1136	fate; destiny; lot
どの	ドノ	1137	which; what (way)
伸びる	ノビル	1138	to stretch; to extend; to lengthen; to grow (of hair, height, grass, etc.)
下がる	サガル	1139	to come down; to go down; to fall; to drop; to sink; to get lower
気をつける	キヲツケル	1140	to be careful; to pay attention; to take care
可能	カノウ	1141	possible; potential; practicable; feasible
支える	ササエル	1142	to support; to prop; to sustain; to underlay; to hold up; to defend
非常	ヒジョウ	1143	emergency
一歩	イッポ	1144	(a) step; one step
最も	モットモ	1145	most; extremely
確かめる	タシカメル	1146	to make sure; to check; to ascertain; to confirm; to verify
乗せる	ノセル	1147	to place on (something)
お話	オハナシ	1148	story; tale
常に	ツネニ	1149	always; constantly; at all times; habitually
通じる	ツウジル	1150	to be open (to traffic); to lead (to); to connect (to); to run (from, between; e.g. bus service); to extend (up to); to go (to); to reach
得意	トクイ	1151	satisfaction; pride; triumph; elation
二度と	ニドト	1152	never again
関わる	カカワル	1153	to be involved (in); to get involved (in); to concern oneself (with); to take part (in); to interfere (in)
あんなに	アンナニ	1154	
成長	セイチョウ	1155	growth; development; growing up; becoming an adult
遅れる	オクレル	1156	to be late; to be delayed; to fall behind schedule; to be overdue
本来	ホンライ	1157	originally; primarily
きり	キリ	1158	only; just
注意	チュウイ	1159	attention; notice; heed
夏	ナツ	1160	summer
取れる	トレル	1161	to come off (of a button, handle, lid, etc.)
計画	ケイカク	1162	plan; project; schedule; scheme; program; programme
直す	ナオス	1163	to repair; to mend; to fix; to correct (a mistake, bad habit, etc.); to put right; to restore; to straighten (e.g. a tie); to tidy up (one's hair, make-up, etc.); to revive (one's spirits)
問う	トウ	1164	to ask; to inquire
役	ヤク	1165	role; assignment; responsibility; duty; function; job; service
その日	ソノヒ	1166	
にしても	ニシテモ	1167	even if; even though; even granting (that)
解決	カイケツ	1168	settlement; solution; resolution
扱う	アツカウ	1169	to deal with (a person); to treat; to handle; to take care of; to entertain
重ねる	カサネル	1170	to pile up; to heap up; to stack up; to put on top of another
ものがある	モノガアル	1171	
混乱	コンラン	1172	disorder; chaos; confusion; mayhem
案内	アンナイ	1173	guidance; leading (the way); showing around
寒い	サムイ	1174	cold (e.g. weather)
罪	ツミ	1175	crime; sin; wrongdoing; indiscretion
事態	ジタイ	1176	situation; (present) state of affairs; circumstances
行為	コウイ	1177	act; deed; conduct
とともに	トトモニ	1178	
に向けて	ニムケテ	1179	towards (a destination); for the purpose of; with the goal of; targeting (a group, a demographic)
いつまでも	イツマデモ	1180	forever; eternally; for good; as long as one likes; indefinitely; endlessly; for a long time
中心	チュウシン	1181	center; centre; middle; heart; core; focus; pivot; emphasis; balance
条件	ジョウケン	1182	condition; term; requirement; qualification; prerequisite
屋	ヤ	1183	
左	ヒダリ	1184	left; left-hand side
型	カタ	1185	type; style; model; pattern
展開	テンカイ	1186	development; evolution; progression; unfolding; (plot) twist
残り	ノコリ	1187	remainder; remnant; the rest; what is left; balance; leftovers
量	リョウ	1188	quantity; amount; volume; capacity; portion (of food)
その中	ソノナカ	1189	wherein; therein; thereinto; among which
一切	イッサイ	1190	all; everything; entirety; the whole
迷惑	メイワク	1191	trouble; bother; annoyance; nuisance; inconvenience
古い	フルイ	1192	old; aged; ancient; antiquated; antique; timeworn
結ぶ	ムスブ	1193	to tie; to bind; to link
別れる	ワカレル	1194	to part (usu. of people); to part from; to part with; to be apart from
というより	トイウヨリ	1195	rather than; more ... than ...
抑える	オサエル	1196	to keep within limits (e.g. spending); to restrain (e.g. emotions); to control; to curb; to hold in check
といい	トイイ	1197	
番	バン	1198	number (in a series)
楽しみ	タノシミ	1199	enjoyment; pleasure; amusement; delight; joy; fun; diversion; hobby
日々	ヒビ	1200	daily; everyday
年	トシ	1201	year
間	カン	1202	interval; period of time
気	ゲ	1203	spirit; mind; heart
下	モト	1204	under (guidance, supervision, rules, the law, etc.)
間違い	マチガイ	1205	mistake; error; blunder
なお	ナオ	1206	still; yet
その人	ソノヒト	1207	
頼る	タヨル	1208	to rely on; to depend on; to count on; to turn to (for help)
目立つ	メダツ	1209	to be conspicuous; to stand out
苦労	クロウ	1210	trouble; hardship; difficulty; labour; labor; toil; pains
ごと	ゴト	1211	each; every
信用	シンヨウ	1212	confidence; trust; faith; reputation
唯一	ユイイツ	1213	only; sole; unique
寄る	ヨル	1214	to approach; to draw near; to come near; to be close to
減る	ヘル	1215	to decrease (in size or number); to diminish; to abate
間に合う	マニアウ	1216	to be in time (for)
到着	トウチャク	1217	arrival
面	メン	1218	face
差	サ	1219	difference; variation
時には	トキニハ	1220	at times; occasionally
価値	カチ	1221	value; worth; merit
対応	タイオウ	1222	correspondence (to); equivalence
額	ガク	1223	(picture) frame; framed picture
含む	フクム	1224	to contain; to comprise; to have; to hold; to include; to embrace
まとめる	マトメル	1225	to collect; to put (it all) together; to integrate; to consolidate; to unify
すべき	スベキ	1226	should do; ought to do
有名	ユウメイ	1227	famous; well-known
反対	ハンタイ	1228	opposition; resistance; antagonism; hostility; objection; dissent
安全	アンゼン	1229	safety; security
でる	デル	1230	to leave; to exit; to go out; to come out; to get out
ついてる	ツイテル	1231	to be lucky; to be in luck
ぶり	ブリ	1232	way; manner; style
午後	ゴゴ	1233	afternoon; p.m.
切れる	キレル	1234	to break; to snap; to be cut; to split; to crack
活動	カツドウ	1235	activity (of a person, organization, animal, volcano, etc.); action; operation
時期	ジキ	1236	time; season; period; phase; stage
際	サイ	1237	occasion; time; circumstances; (in) case (of); when
正確	セイカク	1238	accurate; correct; precise; exact
以来	イライ	1239	since; henceforth
大きくなる	オオキクナル	1240	to grow up; to become an adult
完成	カンセイ	1241	completion; perfection; accomplishment
なり	ナリ	1242	
貸す	カス	1243	to lend; to loan
新	シン	1244	new; neo-
たった	タッタ	1245	only; merely; but; no more than
降る	フル	1246	to fall (of rain, snow, ash, etc.); to come down
最後まで	サイゴマデ	1247	
狭い	セマイ	1248	narrow; confined; small; cramped
出かける	デカケル	1249	to go out (e.g. on an excursion or outing); to leave; to depart; to start; to set out
至る	イタル	1250	to arrive at (e.g. a decision); to reach (a stage); to attain
でもある	デモアル	1251	to also be (implies that as well as the earlier stated this is also the case)
一生	イッショウ	1252	whole life; a lifetime; all through life
信頼	シンライ	1253	trust (in); confidence; faith; reliance
不満	フマン	1254	dissatisfaction; discontent; displeasure; complaint; unhappiness
といえば	トイエバ	1255	speaking of ...
全体	ゼンタイ	1256	whole; entirety
よる	ヨル	1257	to be due to; to be caused by
病気	ビョウキ	1258	illness (usu. excluding minor ailments, e.g. common cold); disease; sickness
複雑	フクザツ	1259	complex; complicated; intricate; mixed (feelings)
代	ダイ	1260	world; society; public
含める	フクメル	1261	to include (in a group or scope)
違い	チガイ	1262	difference; distinction; discrepancy
ほか	ホカ	1263	another place; some other place; somewhere else; outside
育てる	ソダテル	1264	to raise; to rear; to bring up
ままに	ママニ	1265	
少しでも	スコシデモ	1266	
にくい	ニクイ	1267	
保つ	タモツ	1268	to keep; to preserve; to hold; to retain; to maintain; to sustain
回	カイ	1269	counter for occurrences
通す	トオス	1270	to let pass; to allow through; to let through; to make way (for)
役に立つ	ヤクニタツ	1271	to be helpful; to be useful
学ぶ	マナブ	1272	to learn; to study; to take lessons in
このよう	コノヨウ	1273	
比べる	クラベル	1274	to compare; to make a comparison (between)
限る	カギル	1275	to restrict; to limit; to confine
対象	タイショウ	1276	target; object (of worship, study, etc.); subject (of taxation, etc.); coverage
度	ド	1277	degree (angle, temperature, scale, etc.)
そのうち	ソノウチ	1278	before very long; soon; someday; one of these days; sooner or later
世の中	ヨノナカ	1279	society; the world; the times
加える	クワエル	1280	to add; to add up; to sum up; to append; to annex
亡くなる	ナクナル	1281	to die; to pass away
最大	サイダイ	1282	biggest; greatest; largest; maximum
人気	ニンキ	1283	popularity; public favor
及ぶ	オヨブ	1284	to reach; to amount to; to befall; to happen to; to extend; to go on (for, until)
将来	ショウライ	1285	future; (future) prospects
種類	シュルイ	1286	variety; kind; type; category
半	ハン	1287	half; semi-; partial
苦しむ	クルシム	1288	to suffer; to groan; to be worried
訴える	ウッタエル	1289	to raise; to bring to (someone's attention)
ずつ	ズツ	1290	apiece; each
たつ	タツ	1291	to pass (of time); to elapse
関する	カンスル	1292	to concern; to be related
決定	ケッテイ	1293	decision; determination
なくす	ナクス	1294	to lose (something)
分ける	ワケル	1295	to divide (into); to split (into); to part; to separate; to divide up; to classify; to sort out; to divide out
いわゆる	イワユル	1296	what is called; what you call; what they call; so-called
にかけて	ニカケテ	1297	till; to; over (a period); through (e.g. Monday through Thursday); about (approx. time or place); on
よな	ヨナ	1298	isn't that right?
視線	シセン	1299	one's line of sight; one's gaze; one's eyes (looking); glance; gaze; look
嬉しい	ウレシイ	1300	happy; glad; pleased; delighted; overjoyed
出来る	デキル	1302	to be able to do; to be possible; to be permitted (to do)
ダメ	ダメ	1303	no good; not serving its purpose; useless; broken
見つめる	ミツメル	1304	to stare (at); to gaze (at); to look hard (at); to watch intently; to fix one's eyes (on)
全て	スベテ	1305	everything; all; the whole
少女	ショウジョ	1306	girl (usu. between 7 and 17); young lady
扉	トビラ	1307	door; gate; opening
わたし	ワタシ	1308	I; me
もしかして	モシカシテ	1309	perhaps; possibly; maybe; by any chance; if I'm not mistaken
俺たち	オレタチ	1310	
瞳	ヒトミ	1311	pupil (of the eye)
先輩	センパイ	1312	senior (at school, work, etc.); superior; elder; older person; predecessor
皆	ミンナ	1313	everyone; everybody; all
奴	ヤツ	1314	fellow; guy; chap
はあ	ハア	1315	
五	ゴ	1316	five; 5
慌てる	アワテル	1317	to become confused (disconcerted, disorganized, disorganised); to be flustered; to panic
街	マチ	1318	town; block; neighbourhood; neighborhood
達	タチ	1319	pluralizing suffix (esp. for people and animals; formerly honorific)
というか	トイウカ	1320	
なんだか	ナンダカ	1321	(a) little; somewhat; somehow
攻撃	コウゲキ	1322	attack; assault; raid; onslaught; offensive
なぁ	ナァ	1323	don't
妹	イモウト	1324	younger sister
じゃん	ジャン	1325	
立ち上がる	タチアガル	1326	to stand up; to get up; to rise (to one's feet)
唇	クチビル	1327	lip; lips
はっ	ハッ	1328	
ねぇ	ネェ	1329	right?; isn't it?; doesn't it?; don't you?; don't you think?
震える	フルエル	1330	to shiver; to shake; to quake; to tremble; to quaver; to quiver
浮かべる	ウカベル	1331	to float; to set afloat; to launch
可愛い	カワイイ	1332	cute; adorable; charming; lovely; pretty
気付く	キヅク	1333	to notice; to realize; to realise; to become aware (of); to perceive; to sense; to suspect
あー	アー	1334	ah!; oh!; alas!
両手	リョウテ	1335	both hands; both arms
んん	ンン	1336	
身体	カラダ	1337	body
すみません	スミマセン	1338	excuse me; pardon me; I'm sorry; I beg your pardon
三人	サンニン	1339	three people
お母さん	オカアサン	1340	mother; mom; mum; ma
眺める	ナガメル	1341	to look at; to gaze at; to watch; to stare at
何だ	ナンダ	1342	
ドア	ドア	1343	
床	ユカ	1344	floor
かい	カイ	1345	low rank; lower position; subordinate position; lower order (e.g. byte)
やがる	ヤガル	1346	
ベッド	ベッド	1347	
少年	ショウネン	1348	boy
そりゃ	ソリャ	1349	
森	モリ	1350	forest
わけじゃない	ワケジャナイ	1351	it does not mean that ...; I don't mean that ...; it is not the case that
ひとつ	ヒトツ	1352	one
倒す	タオス	1353	to throw down; to bring down; to blow down; to fell; to knock down; to set (something) down on its side; to turn (something) on its side; to recline (e.g. a seat)
構う	カマウ	1354	to mind; to care about; to be concerned about; to have a regard for
響く	ヒビク	1355	to resound; to be heard far away
あの子	アノコ	1356	
笑み	エミ	1357	smile
謝る	アヤマル	1358	to apologize (apologise)
振り返る	フリカエル	1359	to turn one's head; to look over one's shoulder; to turn around; to look back
かよ	カヨ	1360	
仕方ない	シカタナイ	1361	there's no (other) way
やがて	ヤガテ	1362	before long; soon; shortly
我々	ワレワレ	1363	we
口にする	クチニスル	1364	
バカ	バカ	1365	idiot; moron; fool
ふと	フト	1366	suddenly; casually; accidentally; incidentally; unexpectedly; unintentionally
肉	ニク	1367	flesh
まい	マイ	1368	probably not; probably won't; probably doesn't; probably isn't
地面	ジメン	1369	ground; earth's surface
えっと	エット	1370	let me see; well; errr ...; uhh ...
何で	ナンデ	1371	why?; what for?
お父さん	オトウサン	1372	father; dad; papa; pa; pop; daddy; dada
叩く	タタク	1373	to strike; to hit; to beat; to knock; to pound; to bang; to slap; to spank; to tap; to pat; to clap (one's hands); to play (the drums)
そっか	ソッカ	1374	oh; right; I see; OK; gotcha
見上げる	ミアゲル	1375	to look up at; to raise one's eyes
声をかける	コエヲカケル	1376	
全身	ゼンシン	1377	whole (body); full-length (e.g. portrait)
連中	レンチュウ	1378	company; lot; people; bunch; gang; pack; guys; group; folks
さま	サマ	1379	Mr; Mrs; Miss; Ms
戦い	タタカイ	1380	battle; war; fight; conflict
告げる	ツゲル	1381	to tell; to inform; to announce
気配	ケハイ	1382	indication; sign; hint; sensation; feeling
と共に	トトモニ	1383	
そっと	ソット	1384	softly; gently; quietly; lightly
廊下	ロウカ	1385	corridor; hallway; passageway
取り出す	トリダス	1386	to take out; to produce; to pick out
影	カゲ	1387	shadow; silhouette; figure; shape
色々	イロイロ	1388	various; a variety of; all sorts of; many (different)
噂	ウワサ	1389	rumour; rumor; report; hearsay; gossip; common talk
四	ヨン	1390	four; 4
兄	アニ	1391	older brother; elder brother
怒り	イカリ	1392	anger; rage; fury; wrath; indignation
嘘	ウソ	1393	lie; fib; falsehood; untruth
生徒	セイト	1394	pupil; student; schoolchild
相変わらず	アイカワラズ	1395	as usual; as always; as before; as ever; still
浮かぶ	ウカブ	1396	to float; to be suspended
そうですね	ソウデスネ	1397	that's so, isn't it
傷	キズ	1398	wound; injury; cut; gash; bruise; scratch; scrape; scar
痛み	イタミ	1399	pain; ache; soreness; grief; distress
放つ	ハナツ	1400	to fire (gun, arrow, questions, etc.); to shoot; to hit (e.g. baseball); to break wind
体	タイ	1401	body
なのです	ナノデス	1402	it is assuredly that ...; can say with confidence that ...
背後	ハイゴ	1403	back; rear
闇	ヤミ	1404	darkness; the dark
おう	オウ	1405	
普段	フダン	1406	usual; normal; everyday; habitual; ordinary
綺麗	キレイ	1407	pretty; lovely; beautiful; fair
手紙	テガミ	1408	letter; note
下さる	クダサル	1409	to give; to confer; to bestow
かのように	カノヨウニ	1410	
電話	デンワ	1411	telephone call; phone call
じっと	ジット	1412	motionlessly (e.g. stand, wait); (be) still
お願いします	オネガイシマス	1413	please
だからこそ	ダカラコソ	1414	
挨拶	アイサツ	1415	greeting; greetings; salutation; salute; polite set phrase used when meeting or parting from someone
テーブル	テーブル	1416	
かね	カネ	1417	interrogative sentence-ending particle expressing doubt
無駄	ムダ	1418	futility; waste; uselessness; pointlessness; idleness
かわいい	カワイイ	1419	cute; adorable; charming; lovely; pretty
王	オウ	1420	king; ruler; sovereign; monarch
さっさ	サッサ	1421	
２人	フタリ	1422	two persons; two people; pair; couple
村	ムラ	1423	village
触る	サワル	1424	to touch; to feel; to handle
六	ロク	1425	six; 6
駄目	ダメ	1426	no good; not serving its purpose; useless; broken
巨大	キョダイ	1427	huge; gigantic; enormous
光景	コウケイ	1428	scene; spectacle; sight; view
多分	タブン	1429	probably; likely; perhaps; maybe
黒	クロ	1430	black
ござる	ゴザル	1431	
石	イシ	1432	stone; rock; pebble
だよね	ダヨネ	1433	
おそらく	オソラク	1434	probably; (most) likely; in all likelihood; I suspect; I dare say; I'm afraid
二つ	フタツ	1435	two
付き合う	ツキアウ	1436	to associate with; to keep company with; to go out with; to go steady with; to get on with
肌	ハダ	1437	skin
武器	ブキ	1438	weapon; arms; ordnance
当てる	アテル	1439	to hit
椅子	イス	1440	chair; seat; stool; bench
そいつ	ソイツ	1441	he; she; that person; that guy; that fellow
無い	ナイ	1442	nonexistent; not being (there)
恐怖	キョウフ	1443	fear; dread; dismay; terror; horror; scare; panic
おいしい	オイシイ	1444	good(-tasting); nice; delicious; tasty
命令	メイレイ	1445	order; command; decree; directive
本当に	ホントウニ	1446	really; truly
たぶん	タブン	1447	probably; likely; perhaps; maybe
いったい	イッタイ	1448	(what) the heck; (why) in the world; (who) on earth; (where) the hell; (how) the hell
す	ス	1449	
マジ	マジ	1450	
口を開く	クチヲヒラク	1451	
匂い	ニオイ	1452	smell; scent; odour; odor; stench
格好	カッコウ	1453	shape; form; figure; posture; pose
そうね	ソウネ	1454	
頬	ホオ	1455	cheek (of the face)
っていう	ッテイウ	1456	
クラス	クラス	1457	to live (on, by, etc.); to lead a life; to get along; to get by
いやいや	イヤイヤ	1458	no!; no no!; no, not at all
それじゃ	ソレジャ	1459	well, ...; right, ...; now, ...
尋ねる	タズネル	1460	to ask; to enquire; to inquire
うわ	ウワ	1461	
犬	イヌ	1462	dog (Canis (lupus) familiaris); canine
もはや	モハヤ	1463	already; now
階段	カイダン	1464	stairs; stairway; staircase
そう言う	ソウイウ	1465	such; like that; that sort of
いいえ	イイエ	1466	no
もしかしたら	モシカシタラ	1467	perhaps; maybe; perchance; by some chance; by any chance
机	ツクエ	1468	desk
先ほど	サキホド	1469	a short while ago; a moment ago; just now; some time ago
ゲーム	ゲーム	1470	
勝負	ショウブ	1471	victory or defeat
そうそう	ソウソウ	1472	
本物	ホンモノ	1473	genuine article; real thing; real deal
だめ	ダメ	1474	no good; not serving its purpose; useless; broken
レベル	レベル	1475	
真剣	シンケン	1476	serious; earnest
七	ナナ	1477	seven
星	ホシ	1478	star (usu. excluding the Sun); planet (usu. excluding Earth); heavenly body
まずい	マズイ	1479	bad(-tasting); unpalatable; unsavoury; unsavory; awful; terrible; unpleasant
教室	キョウシツ	1480	classroom; lecture room
いま	イマ	1481	living room (Western style); sitting room
そのとき	ソノトキ	1482	
鋭い	スルドイ	1483	sharp (knife, claws, etc.); pointed
あたり	アタリ	1484	hit
口調	クチョウ	1485	tone (of voice); manner of talking
姉	アネ	1486	older sister; elder sister
似合う	ニアウ	1487	to suit; to match; to become; to be like
方がいい	ホウガイイ	1488	had better ...
ちなみに	チナミニ	1489	by the way; in this connection; incidentally; in passing
揺れる	ユレル	1490	to shake; to sway; to rock; to swing; to tremble; to jolt; to pitch; to roll; to flicker
話しかける	ハナシカケル	1491	to address (someone); to accost a person; to talk (to someone)
あるいは	アルイハ	1492	or; either ... or
視界	シカイ	1493	field of vision; visibility; view; visual field; (one's) ken
そうだね	ソウダネ	1494	
限界	ゲンカイ	1495	limit; bound
作戦	サクセン	1496	tactics; strategy
頭を下げる	アタマヲサゲル	1497	
申す	モウス	1498	to say; to be called
お互い	オタガイ	1499	
なんじゃ	ナンジャ	1500	
家	ケ	1502	house; family
既に	スデニ	1503	already
取り戻す	トリモドス	1504	to take back; to get back; to regain; to recover; to restore; to recoup
右手	ミギテ	1505	right hand
女子	ジョシ	1506	woman; girl
ばっかり	バッカリ	1507	only; merely; nothing but; no more than
白	シロ	1508	white
猫	ネコ	1509	cat (esp. the domestic cat, Felis catus); feline
馬鹿	バカ	1510	idiot; moron; fool
適当	テキトウ	1511	suitable; proper; appropriate; adequate; fit; fair
そば	ソバ	1512	buckwheat (Fagopyrum esculentum)
なんでも	ナンデモ	1513	any; anything; whatever; whatever one likes; everything; all
一言	ヒトコト	1514	single word; a few words; brief comment
心臓	シンゾウ	1515	heart
なぜか	ナゼカ	1516	somehow; for some reason; without knowing why
酒	サケ	1517	alcohol; sake
いいか	イイカ	1518	
違いない	チガイナイ	1519	sure; no mistaking it; for certain; without doubt
魂	タマシイ	1520	soul; spirit; mind
空間	クウカン	1521	space; room; airspace
真面目	マジメ	1522	serious; earnest; sober; grave
たる	タル	1523	(those) who are; (that) which is; in the capacity of
お礼	オレイ	1524	thanks; gratitude
薬	クスリ	1525	medicine; pharmaceuticals; (legal) drugs; pill; ointment; salve
お茶	オチャ	1526	tea (esp. green or barley)
味方	ミカタ	1527	friend; ally; supporter
炎	ホノオ	1528	flame; blaze
タイミング	タイミング	1529	
両親	リョウシン	1530	parents; both parents
様に	ヨウニ	1531	like; as
荷物	ニモツ	1532	luggage; baggage; package
それら	ソレラ	1533	those; they
細い	ホソイ	1534	thin; slender; fine
警戒	ケイカイ	1535	vigilance; caution; alertness; precaution; being on guard
鍵	カギ	1536	key
飛び出す	トビダス	1537	to jump out; to leap out; to fly out; to run out; to rush out; to bolt out
膝	ヒザ	1538	knee
ほどに	ホドニ	1539	
何とか	ナントカ	1540	something; something or other; so-and-so
というのに	トイウノニ	1541	
興奮	コウフン	1542	excitement; stimulation; agitation; arousal
褒める	ホメル	1543	to praise; to commend; to compliment; to speak well of; to speak highly of
我が	ワガ	1544	my; our; one's own
指示	シジ	1545	indication; denotation; designation
弟	オトウト	1546	younger brother; little brother; kid brother
っていうか	ッテイウカ	1547	
わずか	ワズカ	1548	a little; a few; small; slight; trifling; meagre; meager; narrow (margin)
十	ジュウ	1549	ten; 10
舌	シタ	1550	tongue
鳴る	ナル	1551	to sound; to ring; to resound; to echo; to roar; to rumble
穴	アナ	1552	hole; opening; orifice; perforation
そちら	ソチラ	1553	that way; that direction
タイプ	タイプ	1554	
随分	ズイブン	1555	very; extremely; surprisingly; fairly; quite; considerably; awfully; terribly
差し出す	サシダス	1556	to hold out; to extend (e.g. a hand)
やら	ヤラ	1557	
八	ハチ	1558	eight; 8
ども	ドモ	1559	first-person plural (or singular)
閉じる	トジル	1560	to close (e.g. book, eyes, meeting, etc.); to shut
光る	ヒカル	1561	to shine; to glitter; to be bright
勘違い	カンチガイ	1562	misunderstanding; mistaken idea; wrong guess
警察	ケイサツ	1563	police
何でも	ナンデモ	1564	any; anything; whatever; whatever one likes; everything; all
伸ばす	ノバス	1565	to grow long (e.g. hair, nails)
それに	ソレニ	1566	besides; in addition; also; moreover
冷静	レイセイ	1567	calmness; composure; coolness; serenity; presence of mind
第	ダイ	1568	prefix for forming ordinal numbers
頂く	イタダク	1569	to receive; to get; to accept; to take; to buy
怪しい	アヤシイ	1570	suspicious; dubious; questionable; dodgy; shady; fishy
馬	ウマ	1571	horse
衝撃	ショウゲキ	1572	impact; shock; impulse
城	シロ	1573	castle
巻き込む	マキコム	1574	to roll up; to enfold; to swallow up
多少	タショウ	1575	a little; some; somewhat; slightly; to some degree; to some extent
同士	ドウシ	1576	fellow; mutual; companion; comrade
って言う	ッテイウ	1577	
そのよう	ソノヨウ	1578	that kind of; of the sort; of the kind; such
恋人	コイビト	1579	lover; sweetheart; boyfriend; girlfriend
てる	テル	1580	to shine
気がつく	キガツク	1581	to notice; to realize; to realise; to become aware (of); to perceive; to sense; to suspect
病院	ビョウイン	1582	hospital; clinic; doctor's office; doctor's surgery; infirmary
回す	マワス	1583	to turn; to rotate; to spin; to twist; to gyrate
わけない	ワケナイ	1584	
汗	アセ	1585	sweat; perspiration
開始	カイシ	1586	start; commencement; beginning; initiation
それで	ソレデ	1587	so; therefore; and; (and) then
まとも	マトモ	1588	the front
青い	アオイ	1589	blue; azure
押さえる	オサエル	1590	to pin down; to hold down; to press down; to hold in place; to hold steady
超	チョウ	1591	super-; ultra-; hyper-; extreme
ずいぶん	ズイブン	1592	very; extremely; surprisingly; fairly; quite; considerably; awfully; terribly
提案	テイアン	1593	proposal; proposition; suggestion
悔しい	クヤシイ	1594	frustrated (over a failure, humiliation or injustice); annoyed; chagrined; (bitterly) disappointed; bitter; vexed; frustrating; annoying; regrettable
一本	イッポン	1595	one long cylindrical thing; one film, TV show, etc.; one goal, home run, etc.; one telephone call
室	シツ	1596	room
ってのは	ッテノハ	1597	
ど	ド	1598	
真実	シンジツ	1599	truth; reality
研究	ケンキュウ	1600	research; study; investigation
人	ジン	1601	-ian (e.g. Italian); -ite (e.g. Tokyoite)
身体	シンタイ	1603	body; physical system; (the) person
背	セ	1604	back
いつの間にか	イツノマニカ	1605	before one knows; before one becomes aware of; unnoticed; unawares
我	ワレ	1606	I; me
扱い	アツカイ	1607	treatment; service; dealing (with); handling; management
回復	カイフク	1608	restoration; recovery; rehabilitation; return; improvement
どうでもいい	ドウデモイイ	1609	inconsequential; indifferent; not worth worrying about; trivial
知識	チシキ	1610	knowledge; information
恋	コイ	1611	(romantic) love
抵抗	テイコウ	1612	resistance; opposition; standing up to
ぜ	ゼ	1613	I can tell you
犯人	ハンニン	1614	offender; criminal; culprit
うれしい	ウレシイ	1615	happy; glad; pleased; delighted; overjoyed
天	テン	1616	sky
広げる	ヒロゲル	1617	to spread; to extend; to expand; to enlarge; to widen; to broaden
に関して	ニカンシテ	1618	regarding ...; concerning ...; about ...; on ...; with respect to ...; in regard to ...
付く	ツク	1619	to be attached; to be connected with; to adhere; to stick; to cling
文字	モジ	1620	letter (of an alphabet); character
苦手	ニガテ	1621	poor (at); weak (in); not very good (at)
引っ張る	ヒッパル	1622	to pull; to draw; to pull tight
解放	カイホウ	1623	release; unleashing; liberation; emancipation; setting free
ともかく	トモカク	1624	anyhow; anyway; somehow or other; generally speaking; in any case; be that as it may
箱	ハコ	1625	box; case; chest; package; pack; crate
追いかける	オイカケル	1626	to chase; to run after; to pursue
真っ赤	マッカ	1627	bright red; deep red; flushed (of face)
見事	ミゴト	1628	splendid; magnificent; excellent; fine; superb; beautiful; admirable
ほんと	ホント	1629	truth; reality; actuality; fact
絵	エ	1630	picture; drawing; painting; sketch
でございます	デゴザイマス	1631	be; is
あああ	アアア	1632	
おはよう	オハヨウ	1633	good morning
嫌う	キラウ	1634	to hate; to dislike; to loathe; to abhor
破壊	ハカイ	1635	destruction; disruption
壊れる	コワレル	1636	to be broken; to break; to fall apart; to collapse; to be destroyed; to be damaged
拾う	ヒロウ	1637	to pick up; to gather
今夜	コンヤ	1638	this evening; tonight
囲む	カコム	1639	to surround; to encircle; to enclose; to fence; to wall in
知り合い	シリアイ	1640	acquaintance
単純	タンジュン	1641	simple; plain; uncomplicated; straightforward; simple-minded; naive
船	フネ	1642	ship; boat; watercraft; vessel; seaplane
中身	ナカミ	1643	contents; interior; filling
系	ケイ	1644	system; lineage; group
とんでもない	トンデモナイ	1645	unthinkable; unexpected; absurd; outrageous; preposterous; terrible
なりに	ナリニ	1646	in one's own way or style
辺り	アタリ	1647	(in the) neighbourhood; neighborhood; vicinity; nearby; surroundings
完璧	カンペキ	1648	perfect; complete; flawless
脱ぐ	ヌグ	1649	to take off (clothes, shoes, etc.); to undress
全力	ゼンリョク	1650	all one's power (strength, energy, efforts); one's utmost
無言	ムゴン	1651	silence (not speaking); muteness
へえ	ヘエ	1652	
門	モン	1653	gate
仲良く	ナカヨク	1654	on good terms (with); on friendly terms (with); (getting along) well; in harmony; happily; peacefully
技術	ギジュツ	1655	technology; engineering
それじゃあ	ソレジャア	1656	well, ...; right, ...; now, ...
殴る	ナグル	1657	to strike; to hit; to beat; to punch
大量	タイリョウ	1658	large quantity; massive (quantity); mass (e.g. mass production, mass transit, mass destruction)
沈黙	チンモク	1659	silence; being silent; quiet; hush
感触	カンショク	1660	feel (of something); touch; texture; sensation
思考	シコウ	1661	thought; consideration; thinking
どころか	ドコロカ	1662	
試す	タメス	1663	to try (out); to have a try (at); to test; to put to the test
島	シマ	1664	island
ということだ	トイウコトダ	1665	
言い方	イイカタ	1666	way of saying (something); way of putting it; wording; phrasing; language; expression
会社	カイシャ	1667	company; corporation; firm
経つ	タツ	1668	to pass (of time); to elapse
やっぱ	ヤッパ	1669	
趣味	シュミ	1670	hobby; pastime
張る	ハル	1671	to stick; to paste; to affix
主	ヌシ	1672	head (of a household, etc.); leader; master
紙	カミ	1673	paper
隙	スキ	1674	gap; opening; room; space
何者	ナニモノ	1675	who; what kind of person
ふん	フン	1676	hmm; well ...; humph; huh; pshaw; pish
いよいよ	イヨイヨ	1677	more and more; all the more; increasingly
従う	シタガウ	1678	to obey (an order, law, etc.); to abide by (a rule, custom, etc.); to follow; to observe; to conform to; to yield to
異常	イジョウ	1679	abnormal; unusual; extraordinary; remarkable; uncommon
中央	チュウオウ	1680	centre; center; middle; heart
久しぶり	ヒサシブリ	1681	a long time (since the last time); first in a long time
正体	ショウタイ	1682	true character; true form; true colors; identity; truth (of a mystery, phenomenon, etc.); origin
長	チョウ	1683	head; chief; leader; elder
戦争	センソウ	1684	war
穏やか	オダヤカ	1685	calm; quiet; gentle; peaceful; mild
なんとなく	ナントナク	1686	somehow; for some reason (or other); without knowing why
左右	サユウ	1687	left and right; right and left
吸う	スウ	1688	to breathe in; to inhale; to smoke (a cigarette, etc.)
柔らかい	ヤワラカイ	1689	soft; tender; supple; flexible; limber; limp
構える	カマエル	1690	to set up (a house, store, etc.); to build; to establish; to run; to maintain
ただし	タダシ	1691	but; however; provided that
赤	アカ	1692	red; crimson; scarlet
授業	ジュギョウ	1693	lesson; class; teaching; instruction; classwork; schoolwork
ゆく	ユク	1694	to go; to move (towards); to head (towards); to leave (for)
式	シキ	1695	way; style; fashion; method; system; form; type
何もない	ナニモナイ	1696	
そんなもの	ソンナモノ	1697	
しれる	シレル	1698	to become known; to come to light; to be discovered
不可能	フカノウ	1699	impossible
投げる	ナゲル	1700	to throw; to hurl; to fling; to toss; to cast
洗う	アラウ	1703	to wash; to cleanse; to rinse
見守る	ミマモル	1704	to watch over; to keep watch over; to keep an eye on
焼く	ヤク	1705	to burn
天井	テンジョウ	1706	ceiling
鳥	トリ	1707	bird
思いつく	オモイツク	1708	to think of; to hit upon; to come into one's mind; to be struck with an idea
あっさり	アッサリ	1709	easily; readily; quickly; flatly (refuse)
男の子	オトコノコ	1710	boy; son; baby boy
雪	ユキ	1711	snow; snowfall
ふざける	フザケル	1712	to joke; to jest; to kid; to josh
確信	カクシン	1713	conviction; belief; confidence
イメージ	イメージ	1714	
わけにはいかない	ワケニハイカナイ	1715	
この世	コノヨ	1716	
悲鳴	ヒメイ	1717	shriek; scream
辛い	ツライ	1718	painful; bitter; heart-breaking; difficult (emotionally)
こ	コ	1719	(an) individual; one person
話題	ワダイ	1720	topic; subject
認識	ニンシキ	1721	recognition; awareness; perception; understanding; knowledge; cognition; cognizance; cognisance
振り向く	フリムク	1722	to turn one's face; to turn around; to look over one's shoulder
あまりにも	アマリニモ	1723	
申し訳ない	モウシワケナイ	1724	I'm sorry; (it's) inexcusable; I feel regretful; I feel guilty
わあ	ワア	1725	
化する	カスル	1726	to inflict; to impose (a fine, etc.)
焦る	アセル	1727	to be in a hurry; to be impatient; to be anxious (to do); to fret
問題ない	モンダイナイ	1728	no problem; all right; not an issue; unobjectionable
突っ込む	ツッコム	1729	to thrust (something) into (something); to cram; to stuff; to shove
制服	セイフク	1730	uniform
やってみる	ヤッテミル	1731	
もうすぐ	モウスグ	1732	
驚き	オドロキ	1733	surprise; astonishment; wonder; amazement
許可	キョカ	1734	permission; approval; authorization; license
映る	ウツル	1735	to be reflected; to harmonize with (harmonise); to come out (photo); to be projected; to be displayed (on a screen)
壊す	コワス	1736	to break; to destroy; to demolish
きちんと	キチント	1737	properly; accurately; exactly; precisely; regularly
あっち	アッチ	1738	that way; that direction; over there; yonder
裏切る	ウラギル	1739	to betray; to turn traitor (to); to double-cross; to go back on; to be unfaithful (to)
人形	ニンギョウ	1740	doll; puppet; marionette
鼻	ハナ	1741	nose
謎	ナゾ	1742	riddle; puzzle; enigma; mystery
その間	ソノアイダ	1743	
二十	ハタチ	1744	20 years old
了解	リョウカイ	1745	comprehension; consent; understanding; agreement
発言	ハツゲン	1746	statement; remark; observation; utterance; speech; proposal
その手	ソノテ	1747	
大した	タイシタ	1748	considerable; great; important; significant; a big deal
組む	クム	1749	to cross (legs or arms); to link (arms)
手段	シュダン	1750	means; way; measure
最悪	サイアク	1751	worst
呼び出す	ヨビダス	1752	to call (someone) to (the door, phone, etc.); to tell (someone) to come; to call up (on the phone); to summon; to page; to invoke (e.g. a spirit)
ありがたい	アリガタイ	1753	grateful; thankful; welcome; appreciated; evoking gratitude
誤解	ゴカイ	1754	misunderstanding
メートル	メートル	1755	
訳	ワケ	1756	reason; cause; grounds
吐く	ハク	1757	to vomit; to throw up; to spit up
告白	コクハク	1758	confession (to a crime, wrongdoing, etc.); admission
喉	ノド	1759	throat
転がる	コロガル	1760	to roll; to tumble
旅	タビ	1761	travel; trip; journey
見た目	ミタメ	1762	appearance; look
バレる	バレル	1763	to leak out (of a secret); to come out; to be exposed (of a lie, improper behaviour, etc.); to be found out; to be discovered
濡れる	ヌレル	1764	to get wet
呼吸	コキュウ	1765	breathing; respiration
素晴らしい	スバラシイ	1766	wonderful; splendid; magnificent; amazing; superb
出来事	デキゴト	1767	occurrence; happening; incident; event
行ってくる	イッテクル	1768	
同様	ドウヨウ	1769	same; similar; (just) like; equal
受け止める	ウケトメル	1770	to catch; to stop the blow
少しずつ	スコシズツ	1771	little by little; bit by bit
実に	ジツニ	1772	really; truly; indeed; very; extremely; terribly
自覚	ジカク	1773	self-consciousness; self-awareness
きれい	キレイ	1774	pretty; lovely; beautiful; fair
見送る	ミオクル	1775	to see (someone) off; to escort
参る	マイル	1776	to go; to come
爆発	バクハツ	1777	explosion; detonation; blast; blowing up; eruption
動揺	ドウヨウ	1778	shaking; trembling; pitching; rolling; oscillation
着替える	キガエル	1779	to change (one's clothes)
解く	トク	1780	to untie; to unfasten; to unwrap; to undo; to unbind; to unpack
連れてくる	ツレテクル	1781	to bring someone along
増す	マス	1782	to increase; to grow
自体	ジタイ	1783	itself
東	ヒガシ	1784	east
ぼんやり	ボンヤリ	1785	dimly; faintly; indistinctly; vaguely
どうにか	ドウニカ	1786	in some way or other; one way or another; somehow; only just; barely
となると	トナルト	1787	when it comes to ...; where ... is concerned
とはいえ	トハイエ	1788	
精神	セイシン	1789	mind; spirit; soul; heart; ethos
さっきから	サッキカラ	1790	
飛ばす	トバス	1791	to let fly; to make fly; to send flying; to blow off (e.g. in the wind); to launch; to fire; to hurl; to shoot
文句	モンク	1792	complaint; grumbling; objection
踏む	フム	1793	to step on; to tread on; to trample on
時点	ジテン	1794	point in time; occasion
発生	ハッセイ	1795	occurrence; incidence; outbreak; birth (e.g. of civilization)
あとで	アトデ	1796	
付ける	ツケル	1797	to attach; to join; to connect; to add; to append; to affix; to stick; to glue; to fasten; to sew on; to apply (ointment); to put against
つかむ	ツカム	1798	to seize; to catch; to grasp; to grip; to grab; to clutch; to hold; to catch hold of; to lay one's hands on
沈む	シズム	1799	to sink; to go under; to submerge
と同じように	トオナジヨウニ	1800	
内	ウチ	1801	inside; within
抱く	ダク	1802	to hold in one's arms (e.g. a baby); to embrace; to hug
傷つける	キズツケル	1803	to wound; to injure
掃除	ソウジ	1804	cleaning; sweeping; dusting; scrubbing
ころ	コロ	1805	(approximate) time; around; about; toward
二人とも	フタリトモ	1806	both (people); the two of them
はじめる	ハジメル	1807	to start; to begin; to commence; to initiate; to originate
道具	ドウグ	1808	tool; implement; instrument; utensil; apparatus; device
現場	ゲンバ	1809	actual spot; scene (of a crime, accident, etc.)
春	ハル	1810	spring; springtime
歴史	レキシ	1811	history
依頼	イライ	1812	request; commission; entrusting (with a matter)
足音	アシオト	1813	(sound of) footsteps
術	ジュツ	1814	art; technique; skill
全	ゼン	1815	all; whole; entire; complete; total; pan-
たまる	タマル	1816	to collect; to gather; to save; to accumulate; to pile up
手にする	テニスル	1817	
一枚	イチマイ	1818	one (thin, flat object); one sheet
チャンス	チャンス	1819	
第二	ダイニ	1820	second
ついでに	ツイデニ	1821	while (one is at it); when; on the occasion of; at the same time (as); on one's way (to); by the way; incidentally; in passing
思い出	オモイデ	1822	memories; recollections; reminiscence
歌	ウタ	1823	song; singing
覆う	オオウ	1824	to cover; to hide; to conceal; to wrap; to disguise
庭	ニワ	1825	garden; yard; courtyard
ただいま	タダイマ	1826	I'm home!; I'm back!; it's me!
応える	コタエル	1827	to respond; to answer; to meet (e.g. demands, expectations)
だい	ダイ	1828	
ありがとうございました	アリガトウゴザイマシタ	1829	thank you
恐れる	オソレル	1830	to fear; to be afraid of
毒	ドク	1831	poison; toxicant; venom
騒ぐ	サワグ	1832	to make noise; to make racket; to be noisy
背負う	セオウ	1833	to carry on one's back
あまりに	アマリニ	1834	too (much); overly; excessively
大学	ダイガク	1835	university; college
みな	ミナ	1836	everyone; everybody; all
底	ソコ	1837	bottom; sole
ぶつかる	ブツカル	1838	to bump into; to run into; to collide with; to hit; to strike
素敵	ステキ	1839	lovely; wonderful; charming; enchanting; nice; great; splendid; marvellous (marvelous); fantastic; superb
少々	ショウショウ	1840	a little; a bit; a small amount; a few; a pinch; some
がな	ガナ	1841	
微妙	ビミョウ	1842	subtle; delicate; fine
担当	タントウ	1843	being in charge (of an area of responsibility); being responsible (for a work role, etc.)
お店	オミセ	1844	store; shop; establishment; restaurant
怪我	ケガ	1845	injury; wound
ひとり	ヒトリ	1846	one person
同じく	オナジク	1847	in the same way; like; likewise; similarly
例えば	タトエバ	1848	for example; for instance; e.g.
ほうがいい	ホウガイイ	1849	had better ...
三十	サンジュウ	1850	thirty; 30
直後	チョクゴ	1851	immediately following
調査	チョウサ	1852	investigation; examination; inquiry; enquiry; survey
今年	コトシ	1853	this year
応援	オウエン	1854	aid; assistance; help; support; reinforcement
使用	シヨウ	1855	use; application; employment; utilization; utilisation
言いながら	イイナガラ	1856	
早速	サッソク	1857	at once; immediately; without delay; promptly
玄関	ゲンカン	1858	entrance; front door; entryway; entranceway; entry hall; vestibule; porch; foyer; mud room
満ちる	ミチル	1859	to fill; to become full (of); to be filled (with); to brim (with)
予感	ヨカン	1860	presentiment; premonition; hunch
心の中	ココロノナカ	1861	
片手	カタテ	1862	one hand
逃げ出す	ニゲダス	1863	to run away; to flee; to make off; to take to one's heels; to escape
速度	ソクド	1864	speed; velocity; pace; rate
飛び込む	トビコム	1865	to jump in; to leap in; to plunge into; to dive
探る	サグル	1866	to feel around for; to fumble for; to grope for; to search for; to look for
こら	コラ	1867	
刺激	シゲキ	1868	stimulus; stimulation; irritation (esp. of the body, e.g. skin, eyes)
物語	モノガタリ	1869	story; tale; narrative; account; fable; legend
男子	ダンシ	1870	boy
ありがと	アリガト	1871	
もしも	モシモ	1872	if; in case; supposing
いいや	イイヤ	1873	no; nope
硬い	カタイ	1874	hard; solid; tough
かあ	カア	1875	
ひと	ヒト	1876	person; someone; somebody
印象	インショウ	1877	impression
感	カン	1878	feeling; sensation; emotion; admiration; impression
願い	ネガイ	1879	desire; wish; hope
いくつか	イクツカ	1880	(a) few; some; several
にしては	ニシテハ	1881	
夫	オット	1882	husband
意志	イシ	1883	will; volition; intention; intent; determination
あくまで	アクマデ	1884	
魚	サカナ	1885	fish
もともと	モトモト	1886	originally; from the start; from the beginning; from the outset; by nature
勝利	ショウリ	1887	victory; triumph; win; conquest; success
意思	イシ	1888	intention; wish; purpose; mind (to do)
もっとも	モットモ	1889	but then; although; though
こうする	コウスル	1890	
察する	サッスル	1891	to guess; to sense; to presume; to judge
太陽	タイヨウ	1892	Sun
ますます	マスマス	1893	increasingly; more and more
歌う	ウタウ	1894	to sing
大体	ダイタイ	1895	generally; on the whole; mostly; almost; nearly; approximately; roughly; about
才能	サイノウ	1896	talent; ability
と思ったら	トオモッタラ	1897	
はずがない	ハズガナイ	1898	
果たす	ハタス	1899	to accomplish; to achieve; to carry out; to fulfill; to fulfil; to realize; to execute; to perform; to do
選択	センタク	1900	choice; selection; option
並べる	ナラベル	1901	to line up; to set up; to arrange in a line
とっても	トッテモ	1902	very; awfully; exceedingly
なか	ナカ	1903	inside; interior
名乗る	ナノル	1904	to give one's name (as); to introduce oneself (as)
東京	トウキョウ	1905	Tokyo
味わう	アジワウ	1906	to taste; to savor; to savour; to relish
燃える	モエル	1907	to burn; to get fired up
自分でも	ジブンデモ	1908	
真似	マネ	1909	imitating; copying; mimicry
越える	コエル	1910	to cross over; to cross; to pass through; to pass over (out of); to go beyond; to go past
左手	ヒダリテ	1911	left hand
懐かしい	ナツカシイ	1912	dear (old); fondly remembered; beloved; missed; nostalgic
パン	パン	1913	
入り口	イリグチ	1914	entrance; entry; gate; approach; mouth
部下	ブカ	1915	subordinate person
間に	アイダニ	1916	
鬼	オニ	1917	ogre; demon; oni
幼い	オサナイ	1918	very young; little
間違える	マチガエル	1919	to make a mistake (in); to commit an error; to get wrong; to do incorrectly
一度も	イチドモ	1920	
組	クミ	1921	class (of students)
ほんの	ホンノ	1922	mere; only; just; slight
下げる	サゲル	1923	to hang; to suspend; to wear (e.g. decoration)
偉い	エライ	1924	great; excellent; admirable; commendable; laudable; honorable; wonderful; outstanding; extraordinary
捕まえる	ツカマエル	1925	to catch; to capture; to arrest; to seize; to restrain
漂う	タダヨウ	1926	to drift; to float
鏡	カガミ	1927	mirror; looking-glass
笑い	ワライ	1928	laugh; laughter
香り	カオリ	1929	aroma; fragrance; scent; smell
この前	コノマエ	1930	the other day; previously; before; earlier; recently
優秀	ユウシュウ	1931	superior; excellent; brilliant; outstanding
込める	コメル	1932	to load (a gun, etc.); to charge
発する	ハッスル	1933	to let out; to utter; to produce; to emit; to give forth; to discharge
機	キ	1934	chance; opportunity
はずです	ハズデス	1935	
会	カイ	1936	meeting; assembly; party; gathering; conference; athletic meet
あいつら	アイツラ	1937	they; those guys; those fellows
たっぷり	タップリ	1938	plentifully; amply; abundantly; copiously; generously; fully; a lot
わざと	ワザト	1939	on purpose; deliberately; intentionally
崩れる	クズレル	1940	to collapse; to crumble
いいこと	イイコト	1941	
証明	ショウメイ	1942	proof; testimony; demonstration; verification; certification
支配	シハイ	1943	rule; domination; control
潰す	ツブス	1944	to smash; to crush; to flatten
様々	サマザマ	1945	various; varied; diverse; all sorts of
感心	カンシン	1946	admiration; being impressed
姿勢	シセイ	1947	posture; pose; position; stance; carriage (of the body)
先日	センジツ	1948	the other day; a few days ago
今すぐ	イマスグ	1949	at once; immediately; right now
土地	トチ	1950	plot of land; lot; soil
神様	カミサマ	1951	God; god; deity; divinity; spirit; kami
あらゆる	アラユル	1952	all; every
いろんな	イロンナ	1953	various; a variety of; all sorts of; many (different)
地下	チカ	1954	underground; below the ground
承知	ショウチ	1955	knowledge; awareness
に置いて	ニオイテ	1956	at (a time or place); in; on
挟む	ハサム	1957	to hold between (e.g. one's fingers, chopsticks); to grip (from both sides)
年齢	ネンレイ	1958	age; years
とおり	トオリ	1959	street; road; avenue; thoroughfare
西	ニシ	1960	west
事故	ジコ	1961	accident; incident; trouble
やって来る	ヤッテクル	1962	to come along; to come around; to turn up
訓練	クンレン	1963	training; drill; practice; discipline
学生	ガクセイ	1964	student (esp. a university student)
用事	ヨウジ	1965	business; things to do; engagement; errand; affairs
一年	イチネン	1966	one year; some time ago
捜す	サガス	1967	to search for; to look for; to hunt for; to seek
組織	ソシキ	1968	organization; organisation; formation
地上	チジョウ	1969	above ground; on the ground; earth's surface
責める	セメル	1970	to condemn; to blame; to criticize; to criticise; to reproach; to accuse
わけがない	ワケガナイ	1971	there is no way that ...
なす	ナス	1972	to form; to make; to constitute
固い	カタイ	1973	hard; solid; tough
おいおい	オイオイ	1974	hey!; wait a minute!; whoa!
すっごい	スッゴイ	1975	terrible; dreadful
防ぐ	フセグ	1976	to defend against; to protect against
祈る	イノル	1977	to pray; to say a prayer; to say grace
整える	トトノエル	1978	to put in order; to arrange; to tidy up; to fix; to straighten
帰り	カエリ	1979	return; coming back
温かい	アタタカイ	1980	warm; mild; (pleasantly) hot
把握	ハアク	1981	grasp (of the situation, meaning, etc.); understanding; control; hold; grip
覗く	ノゾク	1982	to peek (through a keyhole, gap, etc.)
九	キュウ	1983	nine; 9
込む	コム	1984	to be crowded; to be packed; to be congested; to be thronged (with)
笑い声	ワライゴエ	1985	(sound of) laughter; laughing voice
音がする	オトガスル	1986	
効く	キク	1987	to be effective; to take effect; to be good (for)
冬	フユ	1988	winter
ように言う	ヨウニイウ	1989	
漏れる	モレル	1990	to leak out; to escape; to come through; to shine through; to filter out
勇気	ユウキ	1991	courage; bravery; valour; valor; nerve; boldness
預ける	アズケル	1992	to leave (in someone's keeping); to put (in someone's care); to place (in someone's custody); to entrust (someone) with; to deposit
仕方がない	シカタガナイ	1993	there's no (other) way
表現	ヒョウゲン	1994	expression; representation; description
テレビ	テレビ	1995	
揃う	ソロウ	1996	to be complete; to be all present; to make a full set; to be satisfied (of conditions)
記録	キロク	1997	record; document; minutes; log; recording; putting on record; keeping a record (of); writing down
育つ	ソダツ	1998	to be raised (e.g. child); to be brought up; to grow (up)
まくる	マクル	1999	to turn up; to roll up (e.g. sleeves)
好きになる	スキニナル	2000	
金	キン	2002	gold (metal)
宣言	センゲン	2004	declaration; proclamation; announcement
体力	タイリョク	2005	physical strength; power; stamina; endurance; vigor; resistance to disease
絶望	ゼツボウ	2006	despair; hopelessness
まっすぐ	マッスグ	2007	straight (ahead); direct; upright; erect
よろしくお願いします	ヨロシクオネガイシマス	2008	please remember me; please help me; please treat me well; I look forward to working with you
もうちょっと	モウチョット	2009	
ご飯	ゴハン	2010	cooked rice
秒	ビョウ	2011	second (unit of time)
空く	アク	2012	to open (e.g. doors)
吹く	フク	2013	to blow (of the wind)
強引	ゴウイン	2014	overbearing; coercive; pushy; forcible; high-handed
百	ヒャク	2015	hundred; 100
平和	ヘイワ	2016	peace; harmony
甘える	アマエル	2017	to behave like a spoiled child; to fawn on
だけでなく	ダケデナク	2018	not only ... (but also); not just; as well as
数日	スウジツ	2019	few days
骨	ホネ	2020	bone
だの	ダノ	2021	and; or; and the like; and so forth; and what not
情けない	ナサケナイ	2022	miserable; pitiable; shameful; deplorable; pathetic
決意	ケツイ	2023	decision; determination; resolution
知れる	シレル	2024	to become known; to come to light; to be discovered
言い訳	イイワケ	2025	excuse
下りる	オリル	2026	to descend (e.g. a mountain); to go down; to come down
観察	カンサツ	2027	observation; survey; watching
きつい	キツイ	2028	tough; hard; severe; demanding; harsh
袋	フクロ	2029	bag; sack; pouch
違和感	イワカン	2030	uncomfortable feeling; feeling out of place; sense of discomfort
おっしゃる	オッシャル	2031	to say; to speak; to tell
その通り	ソノトオリ	2032	
氷	コオリ	2033	ice
つらい	ツライ	2034	painful; bitter; heart-breaking; difficult (emotionally)
北	キタ	2035	north
出て行く	デテイク	2036	
寄せる	ヨセル	2037	to come near; to let someone approach
しょうがない	ショウガナイ	2038	there's no (other) way
端	ハシ	2039	end (e.g. of street); tip; point; edge; margin
メンバー	メンバー	2040	
助け	タスケ	2041	assistance; help; aid; support; reinforcement
布	ヌノ	2042	cloth; fabric; material; textile
どうしようもない	ドウシヨウモナイ	2043	it cannot be helped; there's nothing for it; it's no use fighting back; it's hopeless; there is no way out of it
丁寧	テイネイ	2044	polite; courteous; civil
土	ツチ	2045	earth; soil; dirt; clay; mud
たまたま	タマタマ	2046	by chance; by accident; accidentally; happen to (be, do); unexpectedly; casually
だいぶ	ダイブ	2047	considerably; greatly; a lot
下手	ヘタ	2048	unskillful; poor; awkward
永遠	エイエン	2049	eternity; perpetuity; permanence; immortality
評価	ヒョウカ	2050	valuation; appraisal; evaluation; assessment; estimation; rating; judging
景色	ケシキ	2051	scenery; scene; landscape
いくらでも	イクラデモ	2052	
１人	ヒトリ	2053	one person
びっくり	ビックリ	2054	to be surprised; to be amazed; to be frightened; to be astonished; to get startled; to jump
掛ける	カケル	2055	to hang up (e.g. a coat, a picture on the wall); to let hang; to suspend (from); to hoist (e.g. sail); to raise (e.g. flag)
固まる	カタマル	2056	to harden; to solidify
美人	ビジン	2057	beautiful woman; (a) beauty; belle; good-looker
だらけ	ダラケ	2058	full of (e.g. mistakes); riddled with
地獄	ジゴク	2059	hell realm; Naraka
今に	イマニ	2060	before long; even now
この先	コノサキ	2061	
外れる	ハズレル	2062	to be disconnected; to get out of place; to be off; to be out (e.g. of gear)
翌日	ヨクジツ	2063	next day
小	ショウ	2064	smallness; small item
埋める	ウメル	2065	to bury (e.g. in the ground)
動物	ドウブツ	2066	animal
隙間	スキマ	2067	gap; opening; aperture; crevice; crack; chink; space
いかが	イカガ	2068	how; in what way; how about
油断	ユダン	2069	negligence; carelessness; inattention; unpreparedness
貫く	ツラヌク	2070	to go through; to pierce; to penetrate
線	セン	2071	line; stripe; stria
申し訳ありません	モウシワケアリマセン	2072	I'm sorry; (it's) inexcusable
続き	ツヅキ	2073	continuation; rest (of the story, work, etc.); next installment; sequel
ついている	ツイテイル	2074	to be lucky; to be in luck
何だか	ナンダカ	2075	(a) little; somewhat; somehow
氏	シ	2076	Mr; Mrs; Ms; Miss
刺す	サス	2077	to pierce; to stab; to prick; to stick; to thrust
見かける	ミカケル	2078	to (happen to) see; to notice; to catch sight of
控える	ヒカエル	2079	to be temperate in; to refrain; to abstain; to hold back; to restrain oneself from excessive ...
靴	クツ	2080	shoe; shoes; boots; footwear; footgear
特殊	トクシュ	2081	special; particular; peculiar; unique
主人	シュジン	2082	head (of a household); proprietor (of a store); proprietress; landlord; landlady
つ	ツ	2083	
目標	モクヒョウ	2084	goal; target; aim; objective
みたいです	ミタイデス	2085	
やり方	ヤリカタ	2086	way (of doing); manner; method; means
傷つく	キズツク	2087	to be wounded; to get injured
教師	キョウシ	2088	teacher; instructor
他にも	ホカニモ	2089	furthermore; even more
青	アオ	2090	blue; azure
泳ぐ	オヨグ	2091	to swim
騒ぎ	サワギ	2092	uproar; disturbance
届ける	トドケル	2093	to deliver; to forward; to send
おかげ	オカゲ	2094	
派手	ハデ	2095	showy; loud; flashy; gaudy
崩す	クズス	2096	to destroy; to demolish; to pull down; to tear down; to level
仕掛ける	シカケル	2097	to start; to begin; to commence
からこそ	カラコソ	2098	
本日	ホンジツ	2099	today; this day
だいたい	ダイタイ	2100	outline; main points; gist; substance; essence
力	リョク	2101	strength; power; proficiency; ability
実力	ジツリョク	2102	(real) ability; true strength; merit; efficiency; competency
踊る	オドル	2103	to dance (orig. a hopping dance)
次第	シダイ	2104	depending on
雲	クモ	2105	cloud
たびに	タビニ	2106	each time; every time; whenever (something happens); on the occasion of
捕まる	ツカマル	2107	to be caught; to be arrested
破る	ヤブル	2108	to tear; to rip; to break; to destroy
巻く	マク	2109	to wind; to coil; to roll; to wear (e.g. turban, scarf)
もう一つ	モウヒトツ	2110	
役目	ヤクメ	2111	duty; role; function
３人	サンニン	2112	three people
自慢	ジマン	2113	pride (in one's achievements, possessions, etc.); self-praise; boast
今でも	イマデモ	2114	
駅	エキ	2115	railway station; train station
要求	ヨウキュウ	2116	demand; firm request; requisition; requirement; desire
高校	コウコウ	2117	senior high school; high school
手を出す	テヲダス	2118	
そしたら	ソシタラ	2119	then; and (then); in that case; if so
ぶつける	ブツケル	2120	to hit (e.g. one's head); to strike; to knock; to run (into); to crash (into)
範囲	ハンイ	2121	extent; scope; sphere; range; span
戦	セン	2122	war; battle; campaign; fight
どっか	ドッカ	2123	somewhere
その上	ソノウエ	2124	in addition; furthermore
と言い	トイイ	2125	
顔色	カオイロ	2126	complexion; skin tone; skin colour
音楽	オンガク	2127	music
映画	エイガ	2128	movie; film; motion picture
仮に	カリニ	2129	supposing; even if; granting that; for argument's sake
鉄	テツ	2130	iron (Fe)
今朝	ケサ	2131	this morning
プレゼント	プレゼント	2132	
自分から	ジブンカラ	2133	
ついてくる	ツイテクル	2134	to follow; to come along (with); to accompany; to tag along
あがる	アガル	2135	to rise; to go up; to come up; to ascend; to be raised
追いつく	オイツク	2136	to catch up (with); to draw level; to pull even; to reach
環境	カンキョウ	2137	environment; surroundings; circumstances
主張	シュチョウ	2138	claim; insistence; assertion; advocacy; emphasis; contention; opinion; tenet
染まる	ソマル	2139	to be dyed
注ぐ	ソソグ	2140	to pour (into)
奇妙	キミョウ	2141	strange; odd; peculiar; queer; curious
正解	セイカイ	2142	correct answer; right solution; correct interpretation
満たす	ミタス	2143	to satisfy (conditions, one's appetite, etc.); to meet (e.g. demands); to fulfill; to gratify
暴れる	アバレル	2144	to act violently; to rage; to struggle; to be riotous
宿	ヤド	2145	lodging; inn; hotel
つくる	ツクル	2146	to make; to produce; to manufacture; to build; to construct
慎重	シンチョウ	2147	careful; cautious; prudent; discreet; deliberate
閉める	シメル	2148	to close; to shut
表	オモテ	2149	surface
大勢	オオゼイ	2150	crowd of people; great number of people
促す	ウナガス	2151	to urge; to encourage; to press; to prompt; to draw (attention to)
と言えば	トイエバ	2152	speaking of ...
心から	ココロカラ	2153	from the bottom of one's heart; heartily; sincerely
暑い	アツイ	2154	hot; warm; sultry; heated
持ち上げる	モチアゲル	2155	to elevate; to raise; to lift up
蹴る	ケル	2156	to kick
折れる	オレル	2157	to break; to be broken; to snap; to fracture
終了	シュウリョウ	2158	end; close; conclusion; termination
台	ダイ	2159	stand; rest; base; pedestal; platform; table; holder; support; rack
昼	ヒル	2160	noon; midday
いかにも	イカニモ	2161	indeed; really; truly; just (like)
安い	ヤスイ	2162	cheap; inexpensive
出発	シュッパツ	2163	departure; leaving; setting off
機能	キノウ	2164	function; facility; faculty; feature
言い出す	イイダス	2165	to begin to say; to start talking; to broach (a matter); to bring up; to come out with
南	ミナミ	2166	south
管理	カンリ	2167	control; management (e.g. of a business)
性	セイ	2168	nature (of a person)
純粋	ジュンスイ	2169	pure; true; genuine; unmixed
こっそり	コッソリ	2170	stealthily; secretly; in secret
草	クサ	2171	grass; weed; herb; thatch
卒業	ソツギョウ	2172	graduation; completion (of a course)
契約	ケイヤク	2173	contract; compact; agreement
基本的	キホンテキ	2174	fundamental; basic
からかう	カラカウ	2175	to tease; to make fun of; to poke fun at; to make a crack about; to chaff; to kid; to joke; to banter; to pull someone's leg
作品	サクヒン	2176	work (e.g. book, film, painting, composition); piece; production; opus
ふる	フル	2177	to fall (of rain, snow, ash, etc.); to come down
ショック	ショック	2178	
あう	アウ	2179	
なんでもない	ナンデモナイ	2180	
目覚める	メザメル	2181	to wake up; to awake
夕方	ユウガタ	2182	early evening (usu. from 3pm to 6pm); dusk
爪	ツメ	2183	nail (e.g. fingernail, toenail); claw; talon; hoof
確保	カクホ	2184	securing; obtaining; ensuring; guarantee; maintaining
生き物	イキモノ	2185	living thing; living creature; animal; life
現状	ゲンジョウ	2186	present condition; existing state; status quo; current state
照らす	テラス	2187	to shine on; to illuminate
たら	タラ	2188	if; when; after
糸	イト	2189	thread; yarn; string
時々	トキドキ	2190	sometimes; occasionally; at times; from time to time; now and then; once in a while; at intervals
幸い	サイワイ	2191	happiness; blessedness; luck; fortune; felicity
やあ	ヤア	2192	
足元	アシモト	2193	"at one's feet; underfoot; one's step (as in ""watch your step"")"
せいか	セイカ	2194	(good) result; outcome; fruits (of one's labors); product; accomplishment
枚	マイ	2195	counter for thin, flat objects (e.g. sheets of paper, plates, coins)
連れて行く	ツレテイク	2196	to take (someone to a place); to take (someone) with one; to take along; to lead away
緑	ミドリ	2197	green
次々	ツギツギ	2198	in succession; one by one
社会	シャカイ	2199	society; public; community; the world
感動	カンドウ	2200	being deeply moved emotionally; excitement; passion; inspiration; deep emotion; strong impression
字	ジ	2201	character (esp. kanji); letter; written text
堂々	ドウドウ	2202	magnificent; grand; impressive; dignified; majestic; imposing; stately
突く	ツク	2203	to prick; to stab
トイレ	トイレ	2204	
といっても	トイッテモ	2205	although I say; although one might say; although called
収まる	オサマル	2206	to fit into (a box, frame, category, etc.); to be contained within; to fall within (e.g. a budget)
濃い	コイ	2207	deep (colour); dark
あえて	アエテ	2208	purposely (of something needless, unexpected or seemingly counterproductive, etc.); daringly (doing something); deliberately; intentionally
子ども	コドモ	2209	child; children
命じる	メイジル	2210	to order; to command
しゃべる	シャベル	2211	to talk; to chat; to chatter
買い物	カイモノ	2212	shopping; purchased goods
あちこち	アチコチ	2213	here and there; various places; all around; all over; everywhere; throughout
こんにちは	コンニチハ	2214	hello; good day; good afternoon
不幸	フコウ	2215	unhappiness; sorrow; misfortune; disaster; accident
虫	ムシ	2216	insect; bug; cricket; moth
ひたすら	ヒタスラ	2217	intently; single-mindedly; devotedly; solely; earnestly; with all one's heart
橋	ハシ	2218	bridge
述べる	ノベル	2219	to state; to express; to say; to tell; to mention
からって	カラッテ	2220	just because; even if; even though
具合	グアイ	2221	condition; state
おかしな	オカシナ	2222	funny; amusing; comical; laughable; ridiculous
刻む	キザム	2223	to mince; to cut fine; to chop up; to hash; to shred
かく	カク	2224	
舞台	ブタイ	2225	stage (of a theatre, concert hall, etc.)
教育	キョウイク	2226	education; schooling; training; instruction; teaching; upbringing
生	ナマ	2227	raw; uncooked; fresh
返る	カエル	2228	to return; to come back; to go back
ものである	モノデアル	2229	
機械	キカイ	2230	machine; mechanism
にて	ニテ	2231	at; in
細かい	コマカイ	2232	small
ったら	ッタラ	2233	if; when; after
だからって	ダカラッテ	2234	
徐々に	ジョジョニ	2235	gradually; steadily; slowly; little by little; step by step; by degrees
田	タ	2236	rice field
最低	サイテイ	2237	least; lowest; minimum
発表	ハッピョウ	2238	announcement; publication; presenting; statement; communique; making known; breaking (news story); expressing (one's opinion); releasing; unveiling
施設	シセツ	2239	facility; facilities; institution; establishment
恋愛	レンアイ	2240	love; romance; tender passion; emotion; affections
三つ	ミッツ	2241	three
品	ヒン	2242	elegance; grace; refinement; class; dignity
法	ホウ	2243	law; act; principle
集団	シュウダン	2244	group; mass
脳	ノウ	2245	brain
太い	フトイ	2246	fat; thick
夫婦	フウフ	2247	married couple; husband and wife; man and wife
浮く	ウク	2248	to float
顔を出す	カオヲダス	2249	to turn up; to make an appearance; to put in an appearance; to drop by
おっと	オット	2250	uh-oh; oops; sorry
千	セン	2251	thousand; 1,000
渡る	ワタル	2252	to cross over; to go across
かまう	カマウ	2253	to mind; to care about; to be concerned about; to have a regard for
指摘	シテキ	2254	pointing out; identification
隅	スミ	2255	corner; nook; recess
圧倒的	アットウテキ	2256	overwhelming
招く	マネク	2257	to invite; to ask
うまくいく	ウマクイク	2258	to go smoothly; to turn out well; to do the trick; to have peaceful relations
具体的	グタイテキ	2259	concrete; definite; specific; material; substantial
監視	カンシ	2260	monitoring; watching; observation; surveillance; guarding; supervision; lookout
喜び	ヨロコビ	2261	joy; delight; rapture; pleasure; gratification; rejoicing; congratulations; felicitations
ルール	ルール	2262	
生きていく	イキテイク	2263	
声を出す	コエヲダス	2264	
譲る	ユズル	2265	to hand over; to transfer; to turn over; to assign; to convey; to bequeath
派	ハ	2266	group; faction; clique; coterie
男女	ダンジョ	2267	men and women; man and woman; both sexes; both genders
仲	ナカ	2268	relation; relationship
最中	サイチュウ	2269	(in) the middle of; (in) the midst of; (in) the course of; (at) the height of
交渉	コウショウ	2270	negotiations; bargaining; discussions; talks
内部	ナイブ	2271	interior; inside; internal
時に	トキニ	2272	
波	ナミ	2273	wave; billow; ripple; breaker; swell
実家	ジッカ	2274	(one's parents') home
説得	セットク	2275	persuasion
会場	カイジョウ	2276	assembly hall; meeting place; venue; site; grounds
ある程度	アルテイド	2277	
１つ	ヒトツ	2278	one
結論	ケツロン	2279	conclusion (of an argument, discussion, study, etc.)
被害	ヒガイ	2280	(suffering) damage; injury; harm
逃がす	ニガス	2281	to set free; to let go; to release
素早い	スバヤイ	2282	quick; swift; nimble; agile
間もない	マモナイ	2283	
とっくに	トックニ	2284	long ago; a long time ago; already
書類	ショルイ	2285	document; papers
必要ない	ヒツヨウナイ	2286	
共に	トモニ	2287	together; jointly
というのも	トイウノモ	2288	
半ば	ナカバ	2289	middle; halfway; midway
何もかも	ナニモカモ	2290	
浴びる	アビル	2291	to dash over oneself (e.g. water); to take (e.g. shower); to bask in (e.g. the sun); to bathe in; to be flooded with (e.g. light); to be covered in
望み	ノゾミ	2292	wish; desire; hope
生える	ハエル	2293	to grow; to spring up; to sprout
導く	ミチビク	2294	to guide; to lead; to show the way; to conduct
個人	コジン	2295	individual; private person; personal; private
代表	ダイヒョウ	2296	representation; representative; delegate; delegation
放っておく	ホウッテオク	2297	
治療	チリョウ	2298	(medical) treatment; care; therapy; cure; remedy
直前	チョクゼン	2299	just before; just prior to
悟る	サトル	2300	to sense; to perceive; to notice; to discern; to become aware of
操作	ソウサ	2302	operation; management; handling
ほっと	ホット	2303	with a feeling of relief; with a sigh of relief
岩	イワ	2304	rock; boulder
やる気	ヤルキ	2305	will (to do something); drive; motivation; enthusiasm; eagerness
単に	タンニ	2306	simply; merely; only; solely
感想	カンソウ	2307	impressions; thoughts; feelings; reactions
割れる	ワレル	2308	to break; to be smashed
ものすごい	モノスゴイ	2309	terrific; staggering; tremendous; incredible; extreme
狂う	クルウ	2310	to go mad; to lose one's mind; to go crazy; to go insane
下ろす	オロス	2311	to take down; to bring down; to lower (a hand, flag, shutter, etc.); to drop (an anchor, curtain, etc.); to let down (hair); to launch (a boat)
礼	レイ	2312	thanks; gratitude
積む	ツム	2313	to pile up; to stack
生み出す	ウミダス	2314	to create; to bring forth; to produce
容赦	ヨウシャ	2315	pardon; forgiveness; tolerance; overlooking
そうすれば	ソウスレバ	2316	if so; in that case; in that situation
お客さん	オキャクサン	2317	
あっという間に	アットイウマニ	2318	in an instant; in a flash; in the blink of an eye; in no time at all; just like that
整う	トトノウ	2319	to be ready; to be prepared; to be arranged
稼ぐ	カセグ	2320	to earn (income); to make (money)
親しい	シタシイ	2321	close (e.g. friend); familiar; friendly; intimate
とのこと	トノコト	2322	
映像	エイゾウ	2323	image (on a screen); picture (e.g. on a TV)
残念ながら	ザンネンナガラ	2324	
会議	カイギ	2325	meeting; conference; session; assembly; council; convention; congress
持っていく	モッテイク	2326	to take (something) along; to bring with one; to carry (something) away; to bear
去年	キョネン	2327	last year
夢中	ムチュウ	2328	absorbed in; immersed in; crazy about; obsessed with; devoted to
うえ	ウエ	2329	hunger; starvation
反省	ハンセイ	2330	reflection; reconsideration; introspection; meditation; contemplation
よほど	ヨホド	2331	very; greatly; much; to a large extent; quite
捉える	トラエル	2332	to catch; to capture; to seize; to arrest; to grab; to catch hold of
接する	セッスル	2333	to touch; to come in contact with; to border on; to adjoin; to be adjacent; to be close
資料	シリョウ	2334	material; materials; data; information; documents
ときには	トキニハ	2335	at times; occasionally
正面	ショウメン	2336	front; frontage; facade; main
この間	コノアイダ	2337	the other day; lately; recently; during this period
厄介	ヤッカイ	2338	trouble; burden; nuisance; bother; worry
預かる	アズカル	2339	to look after; to take care of; to keep; to hold on to; to keep in custody
増やす	フヤス	2340	to increase; to add to; to augment
時計	トケイ	2341	clock; watch; timepiece
鳴らす	ナラス	2342	to ring; to sound; to chime; to beat; to snort (nose); to snap (fingers); to crack (joints)
煙	ケムリ	2343	smoke; fumes
交わす	カワス	2344	to exchange (messages, greetings, arguments, etc.)
達する	タッスル	2345	to reach; to get to; to arrive at
どうにも	ドウニモ	2346	
歯	ハ	2347	tooth; teeth
だったり	ダッタリ	2348	
休み	ヤスミ	2349	rest; recess; respite
移す	ウツス	2350	to transfer (to a different place, group, etc.); to change; to move (something); to swap; to substitute; to relocate
いかん	イカン	2351	transfer of control
誓う	チカウ	2352	to swear; to vow; to take an oath; to pledge
おいで	オイデ	2353	
つながる	ツナガル	2354	to be connected (to); to be joined together; to be linked; to be tied together; to lead (to)
に対し	ニタイシ	2355	
久しぶりに	ヒサシブリニ	2356	
休憩	キュウケイ	2357	rest; break; recess; intermission
重なる	カサナル	2358	to be piled up; to lie on top of one another
異なる	コトナル	2359	to differ; to be different; to disagree; to vary; to diverge
段階	ダンカイ	2360	stage; step; phase
逃れる	ノガレル	2361	to escape
もういい	モウイイ	2362	
もと	モト	2363	origin; source; beginning
登場	トウジョウ	2364	entrance (on the stage); appearance (in a book, film, etc.)
伏せる	フセル	2365	to lay (something) face down; to place upside down; to turn over (face down)
周辺	シュウヘン	2366	circumference; outskirts; environs; around; in the area of; in the vicinity of
目を覚ます	メヲサマス	2367	
人数	ニンズウ	2368	the number of people
移る	ウツル	2369	to move (to another place or state); to change (e.g. of state, affiliation, scenery, etc.); to be transferred
落ち込む	オチコム	2370	to feel down; to feel sad; to be depressed; to be in low spirits
気にしない	キニシナイ	2371	
設定	セッテイ	2372	establishment; creation; posing (a problem); setting (movie, novel, etc.); scene
一回	イッカイ	2373	once; one time; one round; one game; one bout; one heat; one inning
辞める	ヤメル	2374	to resign; to retire; to quit; to leave (one's job, etc.)
侵入	シンニュウ	2375	invasion; incursion; raid; aggression; intrusion; trespass; penetration; hacking
世間	セケン	2376	world; society; people; the public
仕方	シカタ	2377	way; method; means; resource; course
居場所	イバショ	2378	whereabouts; place; location
互いに	タガイニ	2379	mutually; with each other; reciprocally; together
盛り上がる	モリアガル	2380	to swell; to rise; to bulge; to be piled up
発	ハツ	2381	departure; departing from ...; leaving at (e.g. 8:30)
都合	ツゴウ	2382	circumstances; condition; convenience
だんだん	ダンダン	2383	gradually; by degrees; little by little; more and more; increasingly
おや	オヤ	2384	oh!; oh?; my!
んな	ンナ	2385	
盗む	ヌスム	2386	to steal
お世話になる	オセワニナル	2387	to receive favor; to receive assistance; to receive help; to be looked after; to be taken care of; to become dependent (on); to become much obliged (to someone); to become indebted
処理	ショリ	2388	processing; dealing with; treatment; disposition; disposal
絡む	カラム	2389	to twine; to get tangled; to get entangled; to get caught (in)
号	ゴウ	2390	number; edition; make; model; issue; part of that group
内側	ウチガワ	2391	inside; interior; inner part
もう一人	モウヒトリ	2392	
無意識	ムイシキ	2393	unconsciousness
湧く	ワク	2394	to well (up); to gush out (of water); to spring out; to surge
年間	ネンカン	2395	(period of) a year
奇跡	キセキ	2396	miracle; wonder; marvel
こりゃ	コリャ	2397	
治る	ナオル	2398	to get better; to get well; to recover (from an illness); to be cured; to be restored; to heal
医者	イシャ	2399	doctor; physician
手に入る	テニハイル	2400	to obtain; to come into possession of; to get hold of; to get one's hands on
強力	キョウリョク	2401	powerful; strong
一時	イチジ	2402	one o'clock
一週間	イッシュウカン	2403	one week
接触	セッショク	2404	touch; contact; touching
お話し	オハナシ	2405	story; tale
屋根	ヤネ	2406	roof
自分自身	ジブンジシン	2407	oneself; myself
各	カク	2408	each; every; all
個	コ	2409	counter for (small) things or pieces
同意	ドウイ	2410	agreement; consent; approval; assent
角	カド	2411	corner; edge
覚え	オボエ	2412	memory; sense; experience
実感	ジッカン	2413	real feeling; actual feeling
公園	コウエン	2414	(public) park
無	ム	2415	nothing; naught; nought; nil; zero
ですら	デスラ	2416	
かつ	カツ	2417	and; moreover; besides; as well as; and on top of that; at the same time
計算	ケイサン	2418	calculation; computation; reckoning; counting; adding up; working out; figures
いまだ	イマダ	2419	still; as yet; only
大声	オオゴエ	2420	loud voice
乱暴	ランボウ	2421	violence; assault; rowdiness; wildness; running riot
荒い	アライ	2422	rough; wild; violent; rude; coarse; harsh; fierce; heavy (e.g. breathing)
基本	キホン	2423	basics; fundamentals; basis; foundation
世	ヨ	2424	world; society; public
縁	エン	2425	rim; brim; edge; brink
なるべく	ナルベク	2426	as (much) as possible; as (much) as one can; wherever practicable; if possible
詰まる	ツマル	2427	to be packed (with); to be filled; to be full (e.g. of a schedule)
三日	ミッカ	2428	3rd day of the month
加わる	クワワル	2429	to be added to; to be appended
さっぱり	サッパリ	2430	feeling refreshed; feeling relieved
縛る	シバル	2431	to tie; to bind; to fasten
何年	ナンネン	2432	how many years; how long
強化	キョウカ	2433	strengthening; intensifying; reinforcement; enhancement; solidification
データ	データ	2434	
謝罪	シャザイ	2435	apology
いちいち	イチイチ	2436	one-by-one; separately
登る	ノボル	2437	to ascend; to go up; to climb
一斉に	イッセイニ	2438	simultaneously; all at once; in unison
ぜひ	ゼヒ	2439	certainly; without fail
材料	ザイリョウ	2440	materials; ingredients
しようとする	シヨウトスル	2441	to try to do; to attempt to do
ちょうだい	チョウダイ	2442	receiving; getting; accepting; being given
掲げる	カカゲル	2443	to put up (a notice, sign, etc.); to hang out (e.g. a banner); to fly (e.g. a flag); to hoist; to raise; to display
常識	ジョウシキ	2444	common sense; good sense; common knowledge; general knowledge; common practice; accepted practice; social etiquette
権利	ケンリ	2445	right; privilege
昼間	ヒルマ	2446	daytime; during the day; time from sunrise until sunset; diurnal period
合図	アイズ	2447	sign; signal; cue
飾る	カザル	2448	to decorate; to ornament; to adorn
ホテル	ホテル	2449	
誰でも	ダレデモ	2450	anyone; anybody; everyone; everybody; whoever
だっけ	ダッケ	2451	was it?; I think it was ...; if I've got it right; if I'm not mistaken; remind me; tell me again
両	リョウ	2452	both (hands, parents, sides, etc.)
意図	イト	2453	intention; aim; design
一生懸命	イッショウケンメイ	2454	very hard; with utmost effort; as hard as one can; with all one's might; for dear life; eagerly; desperately
つまらない	ツマラナイ	2455	dull; uninteresting; boring; tedious
溶ける	トケル	2456	to melt; to liquefy; to soften (e.g. through heat); to thaw
運動	ウンドウ	2457	exercise; physical training; workout; sports; athletics
見逃す	ミノガス	2458	to miss; to overlook; to fail to notice
もたらす	モタラス	2459	to bring (news, knowledge, etc.); to introduce
負う	オウ	2460	to carry on one's back; to bear; to shoulder
正式	セイシキ	2461	formal; official; regular; proper; legal; due (formalities)
どうかした	ドウカシタ	2462	
実	ジツ	2463	truth; reality
何人	ナンニン	2464	how many people; a number of people
とうとう	トウトウ	2465	
市	シ	2466	city
いくつも	イクツモ	2467	
以下	イカ	2468	not exceeding ...; not more than ...; ... and under; ... and below; ... or fewer
貴重	キチョウ	2469	precious; valuable
放す	ハナス	2470	to release; to let go; to free; to set free; to let loose; to turn loose
通常	ツウジョウ	2471	usual; ordinary; normal; regular; general; common
上る	ノボル	2472	to ascend; to go up; to climb
禁止	キンシ	2473	prohibition; inhibition; ban
実験	ジッケン	2474	experiment; experimentation
約	ヤク	2475	approximately; about
してやる	シテヤル	2476	
晴れる	ハレル	2477	to clear up; to clear away; to be sunny; to stop raining
遊び	アソビ	2478	play; playing; game
連続	レンゾク	2479	continuation; succession; series; sequence
狙い	ネライ	2480	aim (of a gun, bow, etc.)
ページ	ページ	2481	
たとえば	タトエバ	2482	for example; for instance; e.g.
くだる	クダル	2483	to descend; to go down; to come down
産む	ウム	2484	to give birth; to bear (child); to lay (eggs)
力強い	チカラヅヨイ	2485	powerful; strong; forceful; vigorous
注文	チュウモン	2486	order (for an item)
どこにも	ドコニモ	2487	(not) anywhere; nowhere
とすると	トスルト	2488	then; if so; if
倍	バイ	2489	double; twice (as much)
野	ノ	2490	field; plain
乗り込む	ノリコム	2491	to board (a train, plane, etc.); to get into (a car); to get on (a bus); to go on board; to get aboard
というと	トイウト	2492	
同情	ドウジョウ	2493	sympathy; compassion; pity
楽しみにする	タノシミニスル	2494	
こなす	コナス	2495	to digest
秋	アキ	2496	autumn; fall
尊敬	ソンケイ	2497	respect; esteem; reverence; honour; honor
復活	フッカツ	2498	revival (of an old system, custom, fashion, etc.); restoration; return; comeback
上手	ジョウズ	2499	skillful; skilled; proficient; good (at); adept; clever
における	ニオケル	2500	in; at; on; as for; regarding; with regards to
中	ジュウ	2501	(all) through (e.g. the night); throughout (e.g. the year); all ... long
大	オオ	2502	large; big; great; major; important; serious; heavy; loud
生	セイ	2503	raw; uncooked; fresh
聴く	キク	2504	to hear
ごく	ゴク	2505	quite; very
解ける	トケル	2506	to be solved; to be worked out
おとなしい	オトナシイ	2507	gentle; quiet; mild; meek; obedient; docile; well-behaved; tame
手足	テアシ	2508	hands and feet; limbs
野菜	ヤサイ	2509	vegetable
だもの	ダモノ	2510	
となれば	トナレバ	2511	where ... is concerned; when it becomes; if it becomes
尽くす	ツクス	2512	to use up; to exhaust; to run out of
整理	セイリ	2513	sorting; arrangement; organization; putting in order; adjustment; regulation
日常	ニチジョウ	2514	everyday; daily; ordinary; usual; routine; regular
好み	コノミ	2515	liking; taste; fancy; fondness
どこまでも	ドコマデモ	2516	anywhere; for all time; to the ends of the earth
汚れる	ヨゴレル	2517	to get dirty; to become dirty
泊まる	トマル	2518	to stay at (e.g. hotel)
放置	ホウチ	2519	leaving as is; leaving alone; leaving unattended; neglecting; abandoning
対策	タイサク	2520	measure; step; countermeasure; counterplan; countermove; strategy; preparation (e.g. for a test)
食べ物	タベモノ	2521	food
何でもない	ナンデモナイ	2522	
いかに	イカニ	2523	how; in what way
ごとに	ゴトニ	2524	one by one; each; every; at intervals of
そっくり	ソックリ	2525	all; altogether; entirely; completely
複数	フクスウ	2526	plural; multiple
いいね	イイネ	2527	that's good; that's nice
過ぎ	スギ	2528	past; after
浅い	アサイ	2529	shallow; superficial
若者	ワカモノ	2530	young person; youngster; young people; (the) youth
呼びかける	ヨビカケル	2531	to call out to; to hail; to address
嫉妬	シット	2532	jealousy; envy
眠い	ネムイ	2533	sleepy; drowsy; somnolent
拭く	フク	2534	to wipe; to dry
理想	リソウ	2535	ideal; ideals
手前	テマエ	2536	before oneself; in front of one; nearby
優先	ユウセン	2537	preference; priority; precedence; right of way
づらい	ヅライ	2538	
活躍	カツヤク	2539	activity (esp. energetic or successful); great efforts; active participation
と言っても	トイッテモ	2540	although I say; although one might say; although called
発揮	ハッキ	2541	show (of power, ability, etc.); exhibition; demonstration; display; manifestation
半年	ハントシ	2542	half a year; six months
のんびり	ノンビリ	2543	at leisure; in a relaxed manner; in a carefree manner; quietly; peacefully
話し合う	ハナシアウ	2544	to discuss; to talk together
交換	コウカン	2545	exchange; interchange; switching; reciprocity; barter; substitution; replacement; clearing (of checks, cheques)
いったん	イッタン	2546	once
痛む	イタム	2547	to hurt; to ache; to feel a pain
向き合う	ムキアウ	2548	
近寄る	チカヨル	2549	to approach; to draw near
開発	カイハツ	2550	development; cultivation; application
逆らう	サカラウ	2551	to go against; to oppose; to disobey; to defy
拍手	ハクシュ	2552	clapping hands; applause
柱	ハシラ	2553	pillar; post
種	クサ	2554	seed (e.g. of a plant); pip; kernel; stone (e.g. of a peach)
がたい	ガタイ	2555	
によると	ニヨルト	2556	according to (someone)
その先	ソノサキ	2557	
単なる	タンナル	2558	mere; simple; sheer
気味	キミ	2559	sensation; feeling
でさえ	デサエ	2560	even (e.g. even a child)
犠牲	ギセイ	2561	sacrifice
どおり	ドオリ	2562	in accordance with; following
訪ねる	タズネル	2563	to visit; to call on; to pay a visit to
引き受ける	ヒキウケル	2564	to take on; to undertake; to accept; to take charge of; to assume responsibility for
詰める	ツメル	2565	to stuff into; to jam; to cram; to pack; to fill; to plug; to stop up
資格	シカク	2566	qualifications; requirements; capabilities
チェック	チェック	2567	
に似て	ニニテ	2568	
ある日	アルヒ	2569	
玉	タマ	2570	ball; sphere; globe; orb
愚か	オロカ	2571	foolish; stupid; silly
せいぜい	セイゼイ	2572	at the most; at best
癖	クセ	2573	habit (usu. a bad one); tendency
散る	チル	2574	to fall (e.g. blossoms, leaves)
維持	イジ	2575	maintenance; preservation; improvement
よっぽど	ヨッポド	2576	very; greatly; much; considerably; to a large extent; quite
案外	アンガイ	2577	unexpectedly; surprisingly
散歩	サンポ	2578	walk; stroll
注目	チュウモク	2579	notice; attention; observation
お互いに	オタガイニ	2580	mutually; with each other; reciprocally; together; both
時間がかかる	ジカンガカカル	2581	
今のところ	イマノトコロ	2582	
両方	リョウホウ	2583	both; both sides; both parties
便利	ベンリ	2584	convenient; handy; useful
きく	キク	2585	chrysanthemum (Chrysanthemum morifolium)
かねない	カネナイ	2586	
代わる	カワル	2587	to succeed; to relieve; to replace
不自然	フシゼン	2588	unnatural; artificial; affected; strained
どのよう	ドノヨウ	2589	what sort; what kind
転ぶ	コロブ	2590	to fall down; to fall over
恨む	ウラム	2591	to bear a grudge against; to resent; to blame; to curse; to feel bitter towards
まいる	マイル	2592	to go; to come
一般	イッパン	2593	general; universal
乱れる	ミダレル	2594	to be disordered; to be disarranged; to be disarrayed; to be disheveled; to be dishevelled
前後	ゼンゴ	2595	front and rear; front and back; before and behind; back and forth
どうしたん	ドウシタン	2596	
までもない	マデモナイ	2597	there is no need to ...; it should hardly be necessary to ...
生じる	ショウジル	2598	to produce; to yield; to cause
伺う	ウカガウ	2599	to call on someone; to call at a place; to pay a visit; to wait on someone
聞かす	キカス	2600	to let (someone) hear; to tell (e.g. a story); to inform (of)
以降	イコウ	2601	on and after; from ... onward; since
引きずる	ヒキズル	2602	to drag; to trail; to pull along the ground; to lug
びっくりした	ビックリシタ	2603	
兄弟	キョウダイ	2604	brothers and sisters; siblings
体験	タイケン	2605	(practical) experience; personal experience; hands-on experience; first-hand experience
ものになる	モノニナル	2606	
自宅	ジタク	2607	one's home; one's house
強烈	キョウレツ	2608	strong; intense; severe
なさそう	ナサソウ	2609	does not seem; unlikely; improbable
電車	デンシャ	2610	train; electric train
所属	ショゾク	2611	belonging to (a group, organization, etc.); affiliation (with); being attached to; being under the control of; serving (in the military, congress, etc.)
今では	イマデハ	2612	
たび	タビ	2613	tabi; traditional split-toe socks
ところへ	トコロヘ	2614	
応じる	オウジル	2615	to respond; to satisfy; to accept; to comply with; to apply for
陥る	オチイル	2616	to fall into (e.g. a hole)
始末	シマツ	2617	management; dealing with; settlement; cleaning up; disposal
乾く	カワク	2618	to get dry
真ん中	マンナカ	2619	middle; centre; center; midpoint; heart
ポイント	ポイント	2620	
旅行	リョコウ	2621	travel; trip; journey; excursion; tour
でして	デシテ	2622	
退屈	タイクツ	2623	tedious; boring; dull; uninteresting; tiresome; monotonous
指す	サス	2624	to point
除く	ノゾク	2625	to remove; to get rid of; to take away; to eliminate
生命	セイメイ	2626	life; existence
手伝い	テツダイ	2627	helper; assistant
飽きる	アキル	2628	to get tired of; to tire of; to lose interest in; to grow weary of; to get fed up with; to get sick of; to become bored with
かぶる	カブル	2629	to put on (one's head); to wear; to have on; to pull over (one's head); to crown (oneself)
そのあと	ソノアト	2630	
魅力	ミリョク	2631	charm; fascination; glamour; glamor; attraction; appeal
乗り越える	ノリコエル	2632	to climb over; to get over; to cross (a mountain)
役割	ヤクワリ	2633	part; assigning (allotment of) parts; role; duties
飯	メシ	2634	cooked rice
犯す	オカス	2635	to commit (e.g. crime); to perpetrate; to make (e.g. mistake)
葉	ハ	2636	leaf; blade (of grass); (pine) needle; frond; foliage
持ち主	モチヌシ	2637	owner; proprietor; possessor (e.g. of talent, beauty, etc.)
根	ネ	2638	root (of a plant)
きっかけ	キッカケ	2639	chance; start; cue; excuse; motive; impetus; occasion
苦痛	クツウ	2640	pain; agony; suffering; distress; torment
悲しみ	カナシミ	2641	sadness; sorrow; grief
丸	マル	2642	circle
これら	コレラ	2643	these
方々	カタガタ	2644	people; (all) persons; everyone; ladies and gentlemen
もったいない	モッタイナイ	2645	wasteful; a waste
疑い	ウタガイ	2646	doubt; question; uncertainty; skepticism; scepticism; suspicion; distrust
危機	キキ	2647	crisis; critical situation; emergency; pinch
選択肢	センタクシ	2648	choices; alternatives; options
特徴	トクチョウ	2649	feature; trait; characteristic; peculiarity; distinction
汚い	キタナイ	2650	dirty; filthy; foul; unclean
停止	テイシ	2651	stoppage; coming to a stop; halt; standstill
一杯	イッパイ	2652	one cup (of); one glass (of); one bowl (of); cupful; glassful; bowlful; spoonful
くっつく	クッツク	2653	to adhere to; to stick to; to cling to
伴う	トモナウ	2654	to accompany; to go hand in hand with; to be consequent upon
変更	ヘンコウ	2655	change; modification; alteration; revision; amendment
に比べ	ニクラベ	2656	
数える	カゾエル	2657	to count; to enumerate
ゼロ	ゼロ	2658	
等	トウ	2659	et cetera; etc.; and the like; and so forth
挙げる	アゲル	2660	to raise; to elevate
勘弁	カンベン	2661	pardon; forgiveness; forbearance
事前	ジゼン	2662	prior; beforehand; in advance; before the fact; ex ante
いっそ	イッソ	2663	rather; sooner; preferably; might as well; just
とう	トウ	2664	party (political)
証	アカシ	2665	proof; evidence; sign; testimony; testament (to something); vindication
跡	アト	2666	trace; tracks; mark; sign
実行	ジッコウ	2667	execution (e.g. of a plan); carrying out; (putting into) practice; action; implementation; fulfillment; realization
抜け出す	ヌケダス	2668	to slip out; to sneak away; to break free; to get through (a difficult situation)
相手にする	アイテニスル	2669	
次第に	シダイニ	2670	gradually; by degrees; little by little; bit by bit
勝ち	カチ	2671	win; victory
化	カ	2672	
対	タイ	2673	versus; against; vs.; v.
一方的	イッポウテキ	2674	one-sided; unilateral; arbitrary
酔う	ヨウ	2675	to get drunk; to become intoxicated
ふう	フウ	2676	
商品	ショウヒン	2677	commodity; article of commerce; goods; stock; merchandise
上下	ジョウゲ	2678	top and bottom; high and low; above and below; upper and lower ends; up and down
惜しい	オシイ	2679	regrettable; disappointing; unfortunate
おめでとう	オメデトウ	2680	congratulations!; well done!; best wishes!; all the best!
下る	クダル	2681	to descend; to go down; to come down
かと思うと	カトオモウト	2682	
初	ハツ	2683	first; new
順調	ジュンチョウ	2684	favourable; favorable; doing well; OK; all right
優れる	スグレル	2685	to be better (than); to be superior; to surpass; to excel; to be excellent
誇る	ホコル	2686	to boast of; to be proud of; to take pride in
調整	チョウセイ	2687	adjustment; regulation; coordination; reconciliation; tuning; fixing; tailoring
対処	タイショ	2688	dealing with; coping with
夢を見る	ユメヲミル	2689	
二度	ニド	2690	two times; twice
困難	コンナン	2691	difficulty; hardship; trouble; distress
グループ	グループ	2692	
バランス	バランス	2693	
追加	ツイカ	2694	addition; supplement; appending; appendix
割る	ワル	2695	to divide
雇う	ヤトウ	2696	to employ; to hire; to take on
愛情	アイジョウ	2697	love; affection
がち	ガチ	2698	artistry; good taste; elegance; grace
服装	フクソウ	2699	attire; dress; clothes; clothing; costume; garb
スピード	スピード	2700	
主に	オモニ	2702	mainly; primarily; mostly; largely; chiefly
べく	ベク	2703	
豊か	ユタカ	2704	abundant; plentiful; rich; ample
悩み	ナヤミ	2705	trouble; troubles; worry; distress; sorrows; anguish; agony; problem
棚	タナ	2706	shelf; ledge; rack
あたる	アタル	2707	to be hit; to strike
感じがする	カンジガスル	2708	
を通して	ヲトオシテ	2709	
この手	コノテ	2710	
保証	ホショウ	2711	guarantee; security; assurance; pledge
設置	セッチ	2712	establishment; institution
近所	キンジョ	2713	neighbourhood; neighborhood; vicinity
再開	サイカイ	2714	reopening; resumption; restarting
ぴったり	ピッタリ	2715	tightly; closely
疲れ	ツカレ	2716	tiredness; fatigue
体調	タイチョウ	2717	physical condition; state of health; shape
かなう	カナウ	2718	to come true (of a dream, wish, etc.); to be realized; to be fulfilled; to be granted; to be answered (of a prayer); to be requited (of love)
対する	タイスル	2719	to face (each other); to be facing
どちらも	ドチラモ	2720	both
容易	ヨウイ	2721	easy; simple; plain
できるだけ	デキルダケ	2722	as much as one can; as much as possible; if at all possible
頭から	アタマカラ	2723	
用いる	モチイル	2724	to use; to make use of; to utilize; to utilise
付近	フキン	2725	neighborhood; neighbourhood; vicinity; environs; surrounding area; district
筋	スジ	2726	muscle; tendon; sinew
数字	スウジ	2727	numeral; digit; numeric character
務める	ツトメル	2728	to serve as; to act as; to fill (the position of); to play the role of; to be in charge of; to hold (a position)
追い出す	オイダス	2729	to expel; to drive out
施す	ホドコス	2730	to give (time, money, goods); to donate
叱る	シカル	2731	to scold; to chide; to rebuke; to reprimand
にしておく	ニシテオク	2732	
要素	ヨウソ	2733	component; factor; item (e.g. in list)
安定	アンテイ	2734	stability; steadiness; consistency; equilibrium; balance; composure
およそ	オヨソ	2735	about; roughly; approximately
アメリカ	アメリカ	2736	
場面	バメン	2737	scene; setting; place (where something happens); scenario; case
一種	イッシュ	2738	a kind; a sort; a variety; a species
季節	キセツ	2739	season; time of year
こもる	コモル	2740	to shut oneself in (e.g. one's room); to be confined in; to seclude oneself; to hide away; to stay inside (one's shell)
添える	ソエル	2741	to garnish; to accompany (as a card does a gift)
にもかかわらず	ニモカカワラズ	2742	in spite of; despite; although
風景	フウケイ	2743	scenery; scene; landscape; view; sight
かねる	カネル	2744	to be unable to; to find difficult (unpleasant, awkward, painful) to do
しつこい	シツコイ	2745	insistent; obstinate; persistent; tenacious
新聞	シンブン	2746	newspaper
不明	フメイ	2747	unclear; obscure; indistinct; uncertain; ambiguous
今頃	イマゴロ	2748	about this time; about now
かわいそう	カワイソウ	2749	poor; pitiable; pathetic; pitiful
憎む	ニクム	2750	to hate; to detest
積極的	セッキョクテキ	2751	positive; assertive; active; proactive; aggressive
前回	ゼンカイ	2752	previous time; last time; previous installment; previous instalment; previous session
真の	シンノ	2753	true; real; genuine; proper; utter
成果	セイカ	2754	(good) result; outcome; fruits (of one's labors); product; accomplishment
に従って	ニシタガッテ	2755	in accordance with; according to; as X, then Y (e.g. as we age we gain wisdom, as wine matures it becomes more valuable, etc.)
収める	オサメル	2756	to put (into); to put away (in); to put back (in); to keep (in); to store (in); to restore (to its place)
必要とする	ヒツヨウトスル	2757	
保護	ホゴ	2758	protection; safeguard; guardianship; custody; patronage
成立	セイリツ	2759	formation; establishment; materialization; coming into existence
日本人	ニホンジン	2760	Japanese person
下す	クダス	2761	to make a decision; to draw a conclusion
申し上げる	モウシアゲル	2762	to say; to tell; to state; to express; to offer; to extend (greetings, congratulations, etc.)
あちら	アチラ	2763	that way; that direction; over there; yonder
評判	ヒョウバン	2764	reputation; (public) estimation; popularity
一面	イチメン	2765	one face; one surface
関係者	カンケイシャ	2766	person concerned; people involved (in an event); those concerned; staff
ふさわしい	フサワシイ	2767	appropriate; adequate; suitable; fitting; worthy
個人的	コジンテキ	2768	personal; individual; private
うそ	ウソ	2769	lie; fib; falsehood; untruth
生かす	イカス	2770	to make (the best) use of; to put to good use; to leverage (skills, attributes, experience, etc.); to capitalise on (experience, etc.)
いつから	イツカラ	2771	
入り込む	ハイリコム	2772	to go into; to come into; to penetrate; to get in; to step in (a house)
年上	トシウエ	2773	older; senior
最終的	サイシュウテキ	2774	final; eventual; ultimate
拒否	キョヒ	2775	refusal; rejection; denial; veto
セット	セット	2776	
家庭	カテイ	2777	home; household; family; hearth
明確	メイカク	2778	clear; precise; definite; distinct
特定	トクテイ	2779	specific; particular; designated; special
出てくる	デテクル	2780	
はるか	ハルカ	2781	far away; far off; far; distant; in the distance
そういうもの	ソウイウモノ	2782	
決断	ケツダン	2783	decision; determination
欠ける	カケル	2784	to chip; to be chipped; to break (off); to be damaged
地位	チイ	2785	(social) position; status; standing
想定	ソウテイ	2786	hypothesis; supposition; assumption; expectation; anticipation
歓迎	カンゲイ	2787	welcome; (warm) reception
曲がる	マガル	2788	to bend; to curve; to warp; to wind; to twist
たって	タッテ	2789	even if; even though
表面	ヒョウメン	2790	surface; face
不足	フソク	2791	insufficiency; deficiency; shortage; lack; scarcity; deficit
でないと	デナイト	2792	without; but if; otherwise; or else
２つ	フタツ	2793	two
近づける	チカヅケル	2794	to bring near; to bring close; to let go near
提供	テイキョウ	2795	offer; tender; providing; supplying; making available; donating (blood, organs, etc.)
経過	ケイカ	2796	passage (of time); elapsing; lapse
熱心	ネッシン	2797	zealous; enthusiastic; ardent; fervent; keen; eager
出入り	デイリ	2798	going in and out; entering and exiting
処分	ショブン	2799	disposal; throwing away; selling off
載る	ノル	2800	to be placed on; to be set on; to be piled on; to be loaded on
下	カ	2801	below; down; under; younger (e.g. daughter)
載せる	ノセル	2803	to place on (something)
規模	キボ	2804	scale; scope; plan; structure
意味がある	イミガアル	2805	
つまる	ツマル	2806	to be packed (with); to be filled; to be full (e.g. of a schedule)
詳細	ショウサイ	2807	details; particulars; specifics
何回	ナンカイ	2808	how many times
うる	ウル	2809	to be able to ...; can ...
地域	チイキ	2810	area; region; district; locality
好む	コノム	2811	to like; to prefer
悲しむ	カナシム	2812	to be sad; to mourn for; to regret
よす	ヨス	2813	to stop (doing); to cease; to desist; to drop; to lay off; to give up; to quit
始まり	ハジマリ	2814	origin; beginning; start
親子	オヤコ	2815	parent and child
皮	カワ	2816	skin; hide; pelt; fur
備える	ソナエル	2817	to furnish with; to equip with; to provide; to install
持ち込む	モチコム	2818	to bring in; to take in; to carry in
成績	セイセキ	2819	results; record; grades; marks
指定	シテイ	2820	designation; specification; assignment; appointment; pointing at
頼み	タノミ	2821	request; favor; favour
中には	ナカニハ	2822	
一見	イッケン	2823	look; glimpse; glance
固める	カタメル	2824	to harden; to freeze; to strengthen; to solidify; to make (a fist); to tramp down (snow, dirt)
この中	コノナカ	2825	among these; between these; of these
地方	チホウ	2826	district; region; area; locality
世界中	セカイジュウ	2827	around the world; throughout the world
念のため	ネンノタメ	2828	just to make sure; just to be sure; for confirmation
大事にする	ダイジニスル	2829	
義務	ギム	2830	duty; obligation; responsibility
世話	セワ	2831	care; looking after; help; assistance; aid
肝心	カンジン	2832	essential; important; crucial; vital; main
見に行く	ミニイク	2833	
塗る	ヌル	2834	to paint; to spread; to plaster; to apply (cream, lotion); to smear; to lacquer; to varnish; to put up (wallpaper)
なしに	ナシニ	2835	
うっかり	ウッカリ	2836	carelessly; thoughtlessly; inadvertently
対抗	タイコウ	2837	opposition; rivalry; competition; antagonism
本格的	ホンカクテキ	2838	genuine; real; authentic; standard; orthodox
身につける	ミニツケル	2839	to learn; to acquire knowledge
模様	モヨウ	2840	pattern; figure; design
おしまい	オシマイ	2841	the end; closing; being done for
発展	ハッテン	2842	development; growth; expansion; extension; flourishing
キロ	キロ	2843	forked road; crossroads
記す	シルス	2844	to write down; to note down; to jot down; to take a note of
作り	ツクリ	2845	making; producing; manufacturing; building; construction; make; structure
ところから	トコロカラ	2846	
性質	セイシツ	2847	nature (of a person); disposition; temperament; character
どうしたらいい	ドウシタライイ	2848	
慰める	ナグサメル	2849	to comfort; to console; to amuse
いざ	イザ	2850	
分かれる	ワカレル	2851	to branch; to fork; to diverge
代わり	カワリ	2852	substitute; replacement; substituting; replacing
出会い	デアイ	2853	meeting; rendezvous; encounter
座	ザ	2854	seat; place
入り	イリ	2855	entering; entrance; entry
出身	シュッシン	2856	one's origin (e.g. city, country, parentage, school)
案	アン	2857	idea; plan; proposal; suggestion; (government) bill
当初	トウショ	2858	beginning; start; outset
実現	ジツゲン	2859	implementation (e.g. of a system); materialization; materialisation; realization; realisation; actualization; actualisation
文化	ブンカ	2860	culture; civilization; civilisation
変わり	カワリ	2861	change; alteration
一定	イッテイ	2862	to fix; to settle; to standardize; to regularize
目に見える	メニミエル	2863	
したる	シタル	2864	
教わる	オソワル	2865	to be taught; to learn; to take lessons in
引き出す	ヒキダス	2866	to pull out; to take out; to draw out
かえって	カエッテ	2867	on the contrary; rather; instead; all the more
指導	シドウ	2868	guidance; leadership; instruction; direction; coaching
深刻	シンコク	2869	serious; severe; grave; acute
一般的	イッパンテキ	2870	general; popular; common; typical
表す	アラワス	2871	to represent; to signify; to stand for
期間	キカン	2872	period; term; interval
じっくり	ジックリ	2873	(slowly and) carefully; without haste; thoroughly; deliberately; closely; meticulously
築く	キズク	2874	to build; to construct; to erect
精神的	セイシンテキ	2875	mental; spiritual; emotional
ほかに	ホカニ	2876	else; in addition; besides
逃す	ノガス	2877	to miss (e.g. a chance); to lose; to let get away
極めて	キワメテ	2878	exceedingly; extremely; decisively
焼ける	ヤケル	2879	to burn; to burn down; to go down in flames
敷く	シク	2880	to spread out (e.g. a futon); to lay out
負担	フタン	2881	burden; load; responsibility
方針	ホウシン	2882	policy; course; plan (of action); principle
小学校	ショウガッコウ	2883	primary school; elementary school; grade school
争い	アラソイ	2884	fight; dispute; feud; conflict; struggle; strife; discord; argument; quarrel; controversy
争う	アラソウ	2885	to compete; to contest; to contend
賛成	サンセイ	2886	approval; agreement; support; favour; favor
経る	ヘル	2887	to pass; to elapse; to go by
姿を見せる	スガタヲミセル	2888	
取り上げる	トリアゲル	2889	to pick up
というものは	トイウモノハ	2890	
尽きる	ツキル	2891	to be used up; to be run out; to be exhausted; to be consumed; to come to an end
新鮮	シンセン	2892	fresh
思い切る	オモイキル	2893	to give up (all thoughts of); to abandon; to despair of
ものなら	モノナラ	2894	
持ち出す	モチダス	2895	to take out; to carry out; to bring out from where it belongs
重大	ジュウダイ	2896	serious; important; significant; grave; weighty
共有	キョウユウ	2897	joint ownership; co-ownership; sharing (e.g. a viewpoint)
勧める	ススメル	2898	to recommend (someone to do); to advise; to encourage; to urge
いいところ	イイトコロ	2899	
暮らし	クラシ	2900	(way of) life; lifestyle; living; life circumstances; livelihood; day-to-day life
日	ニチ	2901	Sunday
外	ガイ	2902	outside ...; beyond ...; not included in ...
大切にする	タイセツニスル	2903	
抗議	コウギ	2904	protest; objection
割	ワリ	2905	rate; ratio; proportion
解釈	カイシャク	2906	interpretation; explanation; reading; construction
夜中	ヨナカ	2907	middle of the night; dead of night
一致	イッチ	2908	agreement; accord; correspondence; consistency; coincidence; match
健康	ケンコウ	2909	health
大いに	オオイニ	2910	very; very much; greatly; considerably; highly; exceedingly; a great deal; a lot; to one's heart's content
その他	ソノホカ	2911	the rest; the others
にやっ	ニヤッ	2912	
余り	アマリ	2913	remainder; remnant; rest; balance; surplus; remains (of a meal); leftovers
社	シャ	2914	hut; house
苦しみ	クルシミ	2915	pain; anguish; distress; suffering; hardship
挑戦	チョウセン	2916	challenge; defiance; dare; attempt; try
何十	ナンジュウ	2917	(several) tens; dozens; scores (of)
建てる	タテル	2918	to build; to construct
高まる	タカマル	2919	to rise; to swell; to intensify; to increase; to grow stronger; to get higher
よく言う	ヨクイウ	2920	
毎年	マイトシ	2921	every year; yearly; annually
歩む	アユム	2922	to walk; to go on foot
根拠	コンキョ	2923	basis; grounds; foundation; reason; authority
よそ	ヨソ	2924	another place; somewhere else; strange parts
数々	カズカズ	2925	many; numerous; various; large number of
午前	ゴゼン	2926	morning; a.m.
高める	タカメル	2927	to raise; to lift; to boost; to enhance
余地	ヨチ	2928	space; room; unused land
来年	ライネン	2929	next year
足る	タル	2930	to be sufficient; to be enough
からには	カラニハ	2931	now that; since; so long as; because
利益	リエキ	2932	profit; gains
つれる	ツレル	2933	to take (someone) with one; to bring along; to go with; to be accompanied by
英語	エイゴ	2934	English (language)
最終	サイシュウ	2935	last; final; closing
中でも	ナカデモ	2936	among (other things); especially; particularly; inter alia; above all (else)
厚い	アツイ	2937	thick; deep; heavy
改める	アラタメル	2938	to change; to alter; to revise; to replace
ケース	ケース	2939	
悪くなる	ワルクナル	2940	
習う	ナラウ	2941	to take lessons in; to be taught; to learn (from a teacher); to study (under a teacher); to get training in
達成	タッセイ	2942	achievement; attainment; accomplishment; realization
前提	ゼンテイ	2943	condition; assumption; prerequisite; hypothesis
帰す	カエス	2944	to send (someone) back; to send (someone) home
減らす	ヘラス	2945	to abate; to decrease; to diminish; to shorten
つなぐ	ツナグ	2946	to connect; to link together
分析	ブンセキ	2947	analysis
ともに	トモニ	2948	together; jointly
役立つ	ヤクダツ	2949	to be useful; to be helpful; to serve the purpose
一時的	イチジテキ	2950	temporary; transitory; short-lived
長年	ナガネン	2951	many years; a long time
よくある	ヨクアル	2952	
生涯	ショウガイ	2953	life; lifetime; career
大胆	ダイタン	2954	bold; daring; audacious
こうした	コウシタ	2955	
こだわる	コダワル	2956	to be obsessive (about); to be overly concerned (with); to fuss (over); to worry too much (about); to be picky (about); to be hung up (on); to stick to
共通	キョウツウ	2957	common; shared; mutual
制限	セイゲン	2958	restriction; restraint; limitation; limit
質	シツ	2959	quality; value
多数	タスウ	2960	large number (of); many
さまざま	サマザマ	2961	various; varied; diverse; all sorts of
定める	サダメル	2962	to decide; to determine
外出	ガイシュツ	2963	going out; outing; leaving (one's home, office, etc.)
徹底的	テッテイテキ	2964	thorough; exhaustive; complete
比較的	ヒカクテキ	2965	comparatively; relatively
実際は	ジッサイハ	2966	in fact; as a matter of fact; actually; in reality; to tell the truth
まとまる	マトマル	2967	to find resolution; to be settled; to be agreed on; to be completed
地元	ジモト	2968	home area; home town
恵まれる	メグマレル	2969	to be blessed with; to be rich in; to abound in
経営	ケイエイ	2970	management; administration; operation; running (a business); conducting
中止	チュウシ	2971	interruption; discontinuance; suspension; stoppage
検討	ケントウ	2972	consideration; examination; investigation; study; scrutiny; discussion; analysis; review
働き	ハタラキ	2973	work; labor; labour
引き上げる	ヒキアゲル	2974	to pull up; to drag up; to lift up
提出	テイシュツ	2975	presentation (of documents); submission (of an application, report, etc.); production (e.g. of evidence); introduction (e.g. of a bill); filing; turning in
非難	ヒナン	2976	criticism; blame; censure; attack; reproach
数年	スウネン	2977	several years; a few years
だく	ダク	2978	to hold in one's arms (e.g. a baby); to embrace; to hug
よくなる	ヨクナル	2979	
強める	ツヨメル	2980	to strengthen; to emphasize; to emphasise
専門	センモン	2981	speciality; specialty; special subject of study; area of expertise; (one's) field; (one's) major
海外	カイガイ	2982	foreign; abroad; overseas
向け	ムケ	2983	intended for ...; oriented towards ...; aimed at ...
行方	ユクエ	2984	(one's) whereabouts
傾向	ケイコウ	2985	tendency; trend; inclination
ものにする	モノニスル	2986	
以内	イナイ	2987	within; inside of; less than
はじめ	ハジメ	2988	beginning; start; outset; opening
後半	コウハン	2989	second half; latter half
関連	カンレン	2990	relation; connection; relevance
議論	ギロン	2991	argument; discussion; dispute; controversy
拡大	カクダイ	2992	expansion; extension
設ける	モウケル	2993	to prepare; to provide
努める	ツトメル	2994	to endeavor (to do); to endeavour; to try hard; to work hard; to strive; to make an effort; to exert oneself; to devote oneself; to be committed (to doing)
出席	シュッセキ	2995	attendance; presence; appearance
全国	ゼンコク	2996	the whole country
背景	ハイケイ	2997	background; scenery; backdrop; setting
基準	キジュン	2998	standard; criterion; norm; benchmark; measure; gauge; basis
どのように	ドノヨウニ	2999	how; in what way
思うように	オモウヨウニ	3000	
身近	ミヂカ	3002	near oneself; close to one; familiar
幅	ハバ	3003	width; breadth
強調	キョウチョウ	3004	emphasis; stress; highlighting; underlining; underscoring
見直す	ミナオス	3005	to look at again
占める	シメル	3006	to account for; to make up; to take up
はぁ	ハァ	3007	
あたし	アタシ	3008	I; me
魔法	マホウ	3009	magic; witchcraft; sorcery; spell
頷く	ウナズク	3010	to nod; to bow one's head in assent; to agree
剣	ケン	3011	sword (esp. a large, double-edged one); blade
呟く	ツブヤク	3012	to mutter; to murmur; to grumble
微笑む	ホホエム	3013	to smile
ふふ	フフ	3014	
撫でる	ナデル	3015	to stroke; to caress; to brush gently; to pet; to pat; to rub
貴様	キサマ	3016	
っす	ッス	3017	
キス	キス	3018	to write down; to note down; to jot down; to take a note of
眼	メ	3019	eye; eyeball
屋敷	ヤシキ	3020	residence; estate; grounds; premises; mansion
居る	イル	3021	to be (of animate objects); to exist
美味しい	オイシイ	3022	good(-tasting); nice; delicious; tasty
貴族	キゾク	3023	nobility; aristocracy; peerage
掴む	ツカム	3024	to seize; to catch; to grasp; to grip; to grab; to clutch; to hold; to catch hold of; to lay one's hands on
すいません	スイマセン	3025	
顔を上げる	カオヲアゲル	3026	
戦闘	セントウ	3027	battle; fight; combat
貰う	モラウ	3028	to receive; to take; to accept
騎士	キシ	3029	(medieval) knight
よー	ヨー	3030	
魔	マ	3031	demon; devil; evil spirit; evil influence
軍	グン	3032	army; armed forces; troops
魔力	マリョク	3033	magical powers; supernatural powers; spell; charm
撃つ	ウツ	3034	to shoot (a gun, person, etc.); to fire
王子	オウジ	3035	prince
ああああ	アアアア	3036	aaah!; oooh!; oh no!; oh boy!
凄い	スゴイ	3037	terrible; dreadful
更に	サラニ	3038	furthermore; again; after all; more and more; moreover; even more
獣	ケモノ	3039	beast; brute; animal
苦笑	クショウ	3040	bitter smile; wry smile; strained laugh; sarcastic laugh
デート	デート	3041	
呆れる	アキレル	3042	to be amazed; to be shocked; to be astonished; to be astounded; to be disgusted; to be exasperated; to be fed up
手を伸ばす	テヲノバス	3043	
己	オノレ	3044	oneself (itself, etc.)
拳	コブシ	3045	fist
指先	ユビサキ	3046	fingertip; finger
漏らす	モラス	3047	to let leak; to let out (e.g. light)
喋る	シャベル	3048	to talk; to chat; to chatter
悪魔	アクマ	3049	devil; demon; fiend
わたくし	ワタクシ	3050	
睨む	ニラム	3051	to glare at; to scowl at; to glower at
声を上げる	コエヲアゲル	3052	
ふむ	フム	3053	to step on; to tread on; to trample on
見開く	ミヒラク	3054	
上手い	ウマイ	3055	skillful; skilful; skilled; good; expert; clever (expression, trick, etc.); apt; appropriate
お兄ちゃん	オニイチャン	3056	
御	ゴ	3057	honorific/polite/humble prefix
お腹	オナカ	3058	belly; abdomen; stomach
何故	ナゼ	3059	why; how; for what reason
溢れる	アフレル	3060	to overflow; to brim over; to flood
見下ろす	ミオロス	3061	to overlook; to command a view of; to look down on
はは	ハハ	3062	
老人	ロウジン	3063	old person; senior citizen; the aged; the elderly
一同	イチドウ	3064	all present; all concerned; all of us
死体	シタイ	3065	dead body; corpse; cadaver; carcass
為	タメ	3066	good; advantage; benefit; welfare
青年	セイネン	3067	youth; young man
学園	ガクエン	3068	educational institution; school; academy; campus
元々	モトモト	3069	originally; from the start; from the beginning; from the outset; by nature
口元	クチモト	3070	
舐める	ナメル	3071	to lick; to lap; to suck
戸惑う	トマドウ	3072	to be bewildered; to be perplexed
お姉ちゃん	オネエチャン	3073	
ママ	ママ	3074	as (it is); remaining (in a state); keeping (the same); leaving (unchanged)
母さん	カアサン	3075	mother
携帯	ケイタイ	3076	carrying (on one's person or in the hand)
音を立てる	オトヲタテル	3077	
ははは	ハハハ	3078	
姫	ヒメ	3079	young lady of noble birth; princess (esp. in Western contexts, tales, etc.)
四人	ヨニン	3080	four people
一撃	イチゲキ	3081	one blow; one hit; one stroke
殿	ドノ	3082	Mr.; Mrs.; Miss; Ms.
ヤツ	ヤツ	3083	fellow; guy; chap
お前ら	オマエラ	3084	
うわっ	ウワッ	3085	
おれ	オレ	3086	I; me
抱きしめる	ダキシメル	3087	
まぁ	マァ	3088	"just (e.g. ""just wait here""); come now; now, now"
気持ちいい	キモチイイ	3089	pleasant (of a sensation); comfortable; nice
ある人	アルヒト	3090	
おおう	オオウ	3091	to cover; to hide; to conceal; to wrap; to disguise
うわあ	ウワア	3092	
わし	ワシ	3093	
うむ	ウム	3094	yes; yeah; uh huh
ねー	ネー	3095	right?; isn't it?; doesn't it?; don't you?; don't you think?
ホント	ホント	3096	truth; reality; actuality; fact
さぁ	サァ	3097	come (on); come now; come along; here
うなずく	ウナズク	3098	to nod; to bow one's head in assent; to agree
くん	クン	3099	
おまえ	オマエ	3100	you
震わせる	フルワセル	3102	
首を振る	クビヲフル	3103	
野郎	ヤロウ	3104	guy; fellow; chap; buddy
肉体	ニクタイ	3105	the body; the flesh; the outer man; one's physique
操る	アヤツル	3106	to operate (e.g. a machine); to handle; to manage; to control; to maneuver; to steer
っち	ッチ	3107	
恐らく	オソラク	3108	probably; (most) likely; in all likelihood; I suspect; I dare say; I'm afraid
想い	オモイ	3109	thought
フッ	フッ	3110	
目を閉じる	メヲトジル	3111	
ポケット	ポケット	3112	
馬車	バシャ	3113	coach (horse-drawn); carriage; wagon; cart
撮る	トル	3114	to take (a photograph)
私達	ワタシタチ	3115	we; us
ええっ	エエッ	3116	
ナイフ	ナイフ	3117	
親父	オヤジ	3118	one's father; one's old man; dad; pops
ヤバい	ヤバイ	3119	dangerous; risky
兵士	ヘイシ	3120	soldier
矢	ヤ	3121	arrow
見回す	ミマワス	3122	
護衛	ゴエイ	3123	guard; convoy; escort
兵	ヘイ	3124	(common) soldier; rank and file
ってば	ッテバ	3125	
首を傾げる	クビヲカシゲル	3126	
酷い	ヒドイ	3127	cruel; heartless; hard; harsh; severe
ちょっ	チョッ	3128	
今更	イマサラ	3129	now (when it is already much too late); at this stage
ドレス	ドレス	3130	
王国	オウコク	3131	kingdom; monarchy
あはは	アハハ	3132	
パパ	パパ	3133	
手を振る	テヲフル	3134	
くそ	クソ	3135	damn; damn it; shit; crap
怯える	オビエル	3136	to become frightened; to be frightened (of); to be scared (of)
飲み込む	ノミコム	3137	to swallow; to gulp down
程	ホド	3138	extent; degree; measure
照れる	テレル	3139	to be shy; to be bashful; to feel awkward; to feel embarrassed
ノック	ノック	3140	
戦場	センジョウ	3141	battlefield; battleground
斬る	キル	3142	to kill (a human) using a blade (sword, machete, knife, etc.); to slice (off); to lop (off); to cut (off)
内心	ナイシン	3143	inner thoughts; real intention; inmost heart; one's mind
脚	アシ	3144	foot; paw; arm (of an octopus, squid, etc.)
技	ワザ	3145	technique; art; skill; move
スカート	スカート	3146	
安堵	アンド	3147	
顎	アゴ	3148	jaw; chin
メール	メール	3149	
最強	サイキョウ	3150	strongest
貴方	アナタ	3151	you
脇	ワキ	3152	armpit; under one's arm; side; flank
人類	ジンルイ	3153	mankind; humanity
お姉さん	オネエサン	3154	older sister; elder sister
囁く	ササヤク	3155	to whisper; to murmur
騙す	ダマス	3156	to trick; to cheat; to deceive; to swindle; to dupe
とやら	トヤラ	3157	
塊	カタマリ	3158	lump; mass; bundle; clump; clod; cluster
呆然	ボウゼン	3159	
チーム	チーム	3160	
お菓子	オカシ	3161	confections; sweets; candy; cake
部隊	ブタイ	3162	force; unit; corps; squad; troops; party
訊く	キク	3163	to ask; to enquire; to query
発動	ハツドウ	3164	putting into operation
呪い	ノロイ	3165	curse; spell; malediction
試合	シアイ	3166	match; game; bout; contest
でしたら	デシタラ	3167	
槍	ヤリ	3168	spear; lance
繋がる	ツナガル	3169	to be connected (to); to be joined together; to be linked; to be tied together; to lead (to)
やれやれ	ヤレヤレ	3170	oh!; ah!; oh dear!; good grief!; dear me!; thank God!
弾く	ヒク	3171	to play (a stringed or keyboard instrument)
僕たち	ボクタチ	3172	we
みたいだ	ミタイダ	3173	
なー	ナー	3174	don't
僕ら	ボクラ	3175	we; us
ええと	エエト	3176	let me see; well; errr ...; uhh ...
気持ちよい	キモチヨイ	3177	pleasant (of a sensation); comfortable; nice
ホントに	ホントニ	3178	really; truly
ていうか	テイウカ	3179	
たしかに	タシカニ	3180	
おはようございます	オハヨウゴザイマス	3181	good morning
おじさん	オジサン	3182	
お前たち	オマエタチ	3183	
奴ら	ヤツラ	3184	they; those guys
ほんとに	ホントニ	3185	really; truly
君たち	キミタチ	3186	you (plural); all of you; you all
ふたり	フタリ	3187	two persons; two people; pair; couple
けれども	ケレドモ	3188	but; however; although
ため息をつく	タメイキヲツク	3189	
がんばる	ガンバル	3190	to persevere; to persist; to keep at it; to hang on; to hold out; to do one's best
つぶやく	ツブヤク	3191	to mutter; to murmur; to grumble
立ち止まる	タチドマル	3192	to stop (in one's tracks); to come to a stop; to halt; to pause; to stand still
ことが出来る	コトガデキル	3193	to be able (to); to be possible (to)
モノ	モノ	3194	person
ハッ	ハッ	3195	
アレ	アレ	3196	that; that thing
お嬢様	オジョウサマ	3197	
ため息	タメイキ	3198	sigh
ぼく	ボク	3199	I; me
かなあ	カナア	3200	I wonder
城	ジョウ	3201	castle
伝説	デンセツ	3202	legend; folklore; tradition
銃	ジュウ	3203	gun; firearm; small arms (e.g. rifle, pistol, etc)
盾	タテ	3204	shield; buckler; escutcheon
駆け寄る	カケヨル	3205	
無数	ムスウ	3206	innumerable; countless; numberless
喧嘩	ケンカ	3207	quarrel; brawl; fight; squabble; scuffle; argument
通路	ツウロ	3208	passage; pathway; roadway; avenue; aisle
父さん	トウサン	3209	father; dad; papa; pa; pop; daddy; dada
天使	テンシ	3210	angel
可愛らしい	カワイラシイ	3211	lovely; sweet; pretty; cute; adorable
見渡す	ミワタス	3212	to look out over; to survey (scene); to take an extensive view of
地図	チズ	3213	map; atlas; chart; plan
傍	ソバ	3214	(place) near by; (place) close by; (place) right next to; the side (of something); beside; vicinity; proximity; neighbourhood (neighborhood)
大人しい	オトナシイ	3215	gentle; quiet; mild; meek; obedient; docile; well-behaved; tame
揺らす	ユラス	3216	
困惑	コンワク	3217	bewilderment; perplexity; embarrassment; discomfiture; bafflement
隊	タイ	3218	versus; against; vs.; v.
イベント	イベント	3219	
あのね	アノネ	3220	look here; I say; well; I know what; I'll tell you what; just a minute; hold on
吐き出す	ハキダス	3221	to vomit; to spit out
目を向ける	メヲムケル	3222	
昨夜	ユウベ	3223	last night; yesterday evening
刀	カタナ	3224	sword (esp. Japanese single-edged); katana
気持ち悪い	キモチワルイ	3225	unpleasant; revolting; repulsive; gross; disgusting; disturbing; creepy
回収	カイシュウ	3226	collection; recovery; withdrawal; retrieval
室内	シツナイ	3227	indoor; inside the room
脱出	ダッシュツ	3228	escape; getting away (from); getting out (of)
竜	リュウ	3229	dragon (esp. a Chinese dragon)
画面	ガメン	3230	screen (of a TV, computer, etc.)
銀	ギン	3231	silver (Ag)
無茶	ムチャ	3232	absurd; unreasonable; ridiculous
舞う	マウ	3233	to dance (orig. a whirling dance)
夕食	ユウショク	3234	evening meal; dinner
歪む	ユガム	3235	to warp; to bend; to contort
不意	フイ	3236	sudden; abrupt; unexpected; unforeseen
刃	ハ	3237	edge (of a knife or sword); blade
布団	フトン	3238	futon; Japanese bedding consisting of a mattress and a duvet
天才	テンサイ	3239	genius; prodigy; natural gift
唐突	トウトツ	3240	abrupt; sudden
手に取る	テニトル	3241	
らしき	ラシキ	3242	
メイド	メイド	3243	
曲	キョク	3244	composition; piece of music; song; track (on a record)
親友	シンユウ	3245	close friend; bosom friend; buddy; crony; chum
出現	シュツゲン	3246	appearance; emergence; advent; arrival; showing up; coming to existence
風呂	フロ	3247	bath; bathing; bathtub; bathroom
任務	ニンム	3248	duty; function; office; mission; task; role
ドキドキ	ドキドキ	3249	thump-thump; bang-bang; pit-a-pat; pitapat; pitter-patter
膨らむ	フクラム	3250	to expand; to swell (out); to get big; to become inflated
下着	シタギ	3251	underwear; undergarment; underclothes; lingerie
奥さん	オクサン	3252	wife; your wife; his wife; married lady; madam
人影	ヒトカゲ	3253	figure of a person; figures of people
翼	ツバサ	3254	wing
社長	シャチョウ	3255	company president; manager; director
ダメージ	ダメージ	3256	
回避	カイヒ	3257	evasion; avoidance
大地	ダイチ	3258	earth; ground; the solid earth; the (vast) land
染める	ソメル	3259	to dye; to colour; to color
僅か	ワズカ	3260	a little; a few; small; slight; trifling; meagre; meager; narrow (margin)
頭上	ズジョウ	3261	overhead; above one's head; high in the sky
威力	イリョク	3262	power; might; authority; influence
遮る	サエギル	3263	to interrupt; to obstruct (a view, someone's way, etc.); to block (light, wind, etc.); to intercept; to cut off
振り回す	フリマワス	3264	to wield; to brandish; to flourish; to wave (about); to swing
ったく	ッタク	3265	
言う通り	イウトオリ	3266	
目を細める	メヲホソメル	3267	
サイズ	サイズ	3268	
攻める	セメル	3269	to attack; to assault; to assail
試験	シケン	3270	examination; exam; test
不機嫌	フキゲン	3271	pout; displeasure; ill humor; ill humour; sullenness
鍛える	キタエル	3272	to forge; to temper
朝食	チョウショク	3273	breakfast
途端	トタン	3274	just (now, at the moment, etc.); just as; in the act of; as soon as; at the moment that
地球	チキュウ	3275	Earth; the globe
かもしれん	カモシレン	3276	may; might; perhaps; may be; possibly
食堂	ショクドウ	3277	dining room; dining hall; cafeteria; canteen; messroom
気が付く	キガツク	3278	to notice; to realize; to realise; to become aware (of); to perceive; to sense; to suspect
店員	テンイン	3279	employee (of a store); shop assistant; clerk; salesperson
カード	カード	3280	
もしもし	モシモシ	3281	hello (e.g. on phone)
ぎゅっと	ギュット	3282	tightly (hold, squeeze, etc.); firmly; forcefully (e.g. push); hard
一発	イッパツ	3283	one shot; one charge; one explosion
うんうん	ウンウン	3284	
教会	キョウカイ	3285	church; congregation
やばい	ヤバイ	3286	dangerous; risky
フフ	フフ	3287	
まえ	マエ	3288	in front (of); before (e.g. a building)
お父様	オトウサマ	3289	
こいつら	コイツラ	3290	these guys; these fellows
子供たち	コドモタチ	3291	children; kids
かなぁ	カナァ	3292	I wonder
問い	トイ	3293	question; query
そりゃあ	ソリャア	3294	
ガキ	ガキ	3295	
コーヒー	コーヒー	3296	
ふふふ	フフフ	3297	
なんだと	ナンダト	3298	
あなたたち	アナタタチ	3299	
押しつける	オシツケル	3300	to press against; to push against; to force against
様	ザマ	3301	Mr; Mrs; Miss; Ms
小説	ショウセツ	3302	novel; story; (work of) fiction
眉	マユ	3303	eyebrow; eyebrows
小声	コゴエ	3304	low voice; whisper
拭う	ヌグウ	3305	to wipe; to mop up
防御	ボウギョ	3306	defense; defence; safeguard; protection
生き残る	イキノコル	3307	to survive
皿	サラ	3308	plate; dish; platter; disc
五十	ゴジュウ	3309	fifty; 50
バイト	バイト	3310	
彼氏	カレシ	3311	boyfriend
筋肉	キンニク	3312	muscle
紅茶	コウチャ	3313	black tea
衣装	イショウ	3314	clothing; costume; outfit; garment; dress
突き出す	ツキダス	3315	
罠	ワナ	3316	trap (for catching animals); snare
片付ける	カタヅケル	3317	to put in order; to tidy up; to clean up; to put away; to clear away
駆ける	カケル	3318	to run; to dash; to race
充分	ジュウブン	3319	enough; sufficient; plenty; adequate; satisfactory
被害者	ヒガイシャ	3320	victim; injured party; sufferer
卵	タマゴ	3321	eggs; egg; spawn; roe
何やら	ナニヤラ	3322	something; some kind of
カメラ	カメラ	3323	
混じる	マジル	3324	to be mixed; to be blended with; to be combined
空中	クウチュウ	3325	(in) the air; midair; sky
匹	ヒキ	3326	counter for small animals
生物	セイブツ	3327	living thing; organism; creature; life
合流	ゴウリュウ	3328	confluence (of rivers); flowing together; joining
足を止める	アシヲトメル	3329	
いやあ	イヤア	3330	
再会	サイカイ	3331	meeting again; reunion
羨ましい	ウラヤマシイ	3332	envious; jealous
二階	ニカイ	3333	second floor; upstairs
仕草	シグサ	3334	gesture; movement; action; behavior; behaviour; bearing; mannerism
回転	カイテン	3335	rotation; revolution; turn; spin
師匠	シショウ	3336	master; teacher
跳ねる	ハネル	3337	to jump; to leap; to prance; to spring up; to bound; to hop
お客様	オキャクサマ	3338	guest; visitor
待機	タイキ	3339	standing by; awaiting an opportunity; being on alert
ほんの少し	ホンノスコシ	3340	just a little
即座に	ソクザニ	3341	immediately; right away; on the spot
完了	カンリョウ	3342	completion; conclusion
手元	テモト	3343	at hand; on hand; nearby; close at hand
吸い込む	スイコム	3344	to inhale; to breathe in; to suck up; to soak up; to absorb
パーティー	パーティー	3345	
誕生日	タンジョウビ	3346	birthday
テスト	テスト	3347	
動作	ドウサ	3348	movement (of the body); action; motion; gesture
てめえ	テメエ	3349	
暴走	ボウソウ	3350	acting rashly; running wildly; behaving recklessly; rampaging
お風呂	オフロ	3351	bath
言い切る	イイキル	3352	to declare; to assert; to state definitively
気まずい	キマズイ	3353	
挑む	イドム	3354	to challenge to (a fight, game, etc.); to throw down the gauntlet; to contend for
枝	エダ	3355	branch; bough; limb; twig; sprig; spray
台詞	セリフ	3356	
帯びる	オビル	3357	to wear (a sword, decoration, etc.); to carry; to bear
女神	メガミ	3358	goddess
片方	カタホウ	3359	one side; one party; the other side; the other party
反論	ハンロン	3360	objection; refutation; rebuttal; counterargument
返答	ヘントウ	3361	reply; answer
黒髪	クロカミ	3362	
大会	タイカイ	3363	mass meeting; convention; rally; conference; assembly; gathering
互い	タガイ	3364	each other; one another
鎧	ヨロイ	3365	armor; armour
噛む	カム	3366	to bite
ちらり	チラリ	3367	fleeting (glimpse, glance, etc.)
袖	ソデ	3368	sleeve
装備	ソウビ	3369	equipment
異様	イヨウ	3370	strange; odd; peculiar; weird; bizarre; unusual
迷い	マヨイ	3371	hesitation; bewilderment; perplexity; doubt; indecision
戦力	センリョク	3372	war potential; military strength; fighting power
体勢	タイセイ	3373	posture; position; stance
後方	コウホウ	3374	rear; back; behind
見覚え	ミオボエ	3375	memory (of having seen something or someone before); remembrance; recollection; recognition
暗闇	クラヤミ	3376	darkness; the dark
輝き	カガヤキ	3377	brightness; brilliance; brilliancy; radiance; glitter
背を向ける	セヲムケル	3378	
屋上	オクジョウ	3379	rooftop
曖昧	アイマイ	3380	vague; ambiguous; unclear
システム	システム	3381	
お尻	オシリ	3382	
わっ	ワッ	3383	
のう	ノウ	3384	
無理やり	ムリヤリ	3385	forcibly; by force; against one's will
かすか	カスカ	3386	faint; dim; weak; slight; vague; indistinct; hazy
問いかける	トイカケル	3387	
でござる	デゴザル	3388	
はいる	ハイル	3389	to enter; to come in; to go in; to get in; to arrive
真っ白	マッシロ	3390	pure white
手のひら	テノヒラ	3391	palm (of the hand)
越し	ゴシ	3392	across; over; beyond; through; crossing
すなわち	スナワチ	3393	that is (to say); namely; i.e.
抱きつく	ダキツク	3394	
気のせい	キノセイ	3395	(just) one's imagination
見合わせる	ミアワセル	3396	to exchange glances; to look at each other
ボタン	ボタン	3397	
めちゃくちゃ	メチャクチャ	3398	absurd; unreasonable; nonsensical; preposterous; incoherent
イヤ	イヤ	3399	disliking; not wanting; unwilling (to do); reluctant
ふーん	フーン	3400	hmm; well ...; humph; huh; pshaw; pish
身分	ミブン	3402	(social) standing; status; position; rank
砂	スナ	3403	sand; grit; fine gravel
都市	トシ	3404	town; city; municipal; urban
第三	ダイサン	3405	
師	シ	3406	city
旦那	ダンナ	3407	master (of a house, shop, etc.)
不気味	ブキミ	3408	weird; eerie; ominous; creepy; uncanny; unearthly
美	ビ	3409	beauty
眼差し	マナザシ	3410	(a) look; gaze
歓声	カンセイ	3411	cheer; shout of joy
時刻	ジコク	3412	time; (the) hour
ケーキ	ケーキ	3413	
宙	チュウ	3414	space; air; midair
群れ	ムレ	3415	group; crowd; flock; herd; bevy; school; swarm; cluster (e.g. of stars); clump; pack (e.g. of dogs)
霧	キリ	3416	fog; mist
桜	サクラ	3417	cherry tree; cherry blossom; sakura
手首	テクビ	3418	wrist
後にする	アトニスル	3419	
素材	ソザイ	3420	ingredient; (raw) material; resource
精一杯	セイイッパイ	3421	the best one can do; one's best effort
広場	ヒロバ	3422	public square; square; plaza; piazza; forum
裾	スソ	3423	hem; (trouser) cuff; shirttail; bottom (of a kimono); train (of a dress)
叶う	カナウ	3424	to come true (of a dream, wish, etc.); to be realized; to be fulfilled; to be granted; to be answered (of a prayer); to be requited (of love)
何となく	ナントナク	3425	somehow; for some reason (or other); without knowing why
表示	ヒョウジ	3426	indication; expression; showing; manifestation; demonstration
万が一	マンガイチ	3427	(if) by some chance; by some possibility; in the unlikely event that; 10000 to 1
やけに	ヤケニ	3428	
嵐	アラシ	3429	storm; tempest
明かり	アカリ	3430	light; glow; gleam
復讐	フクシュウ	3431	revenge
妄想	モウソウ	3432	delusion; wild idea; (wild) fancy; (ridiculous) fantasy
変態	ヘンタイ	3433	transformation
宝石	ホウセキ	3434	gem; jewel; precious stone
具	グ	3435	tool; means
追い詰める	オイツメル	3436	
拘束	コウソク	3437	restriction; restraint; binding; constraint
そんな風に	ソンナフウニ	3438	
どうかな	ドウカナ	3439	
踏み込む	フミコム	3440	
かも知れない	カモシレナイ	3441	may; might; perhaps; may be; possibly
理屈	リクツ	3442	theory; reason; logic
滑る	スベル	3443	to slide; to glide; to skate; to ski
英雄	エイユウ	3444	hero; heroine; great person
先端	センタン	3445	pointed end; tip; point; cusp (of a leaf, crescent moon, etc.); apex (of a curve)
まあまあ	マアマア	3446	so-so; passable; not (so) bad; reasonable
ミス	ミス	3447	
針	ハリ	3448	needle; pin
前方	ゼンポウ	3449	ahead; forward; (in) front
窺う	ウカガウ	3450	to call on someone; to call at a place; to pay a visit; to wait on someone
聖	セイ	3451	system; organization; organisation; imperial command; laws; regulation; control; government; suppression; restraint; holding back; establishment
一時間	イチジカン	3452	one hour
襲撃	シュウゲキ	3453	(surprise) attack; assault; raid; charge
放課後	ホウカゴ	3454	after school (at the end of the day)
髪の毛	カミノケ	3455	hair (on the head); (a) hair
見捨てる	ミステル	3456	to abandon; to fail; to desert; to forsake
覗き込む	ノゾキコム	3457	
故郷	コキョウ	3458	hometown; birthplace; native place; one's old home
崩壊	ホウカイ	3459	collapse; crumbling; breaking down; caving in
嫌がる	イヤガル	3460	to appear uncomfortable (with); to seem to hate; to express dislike
めく	メク	3461	to show signs of ...; to have the appearance of ...
背筋	セスジ	3462	spine; line of the backbone
民	タミ	3463	people; citizens; subjects; folk
推測	スイソク	3464	guess; conjecture
選手	センシュ	3465	player (of a sport); athlete; team member
じゃねぇ	ジャネェ	3466	
いつも通り	イツモドオリ	3467	as always; as usual
予想外	ヨソウガイ	3468	unexpected; unforeseen; strange
現象	ゲンショウ	3469	phenomenon
無表情	ムヒョウジョウ	3470	
淡々	タンタン	3471	uninterested; unconcerned; indifferent; dispassionate; matter-of-fact; detached
声がする	コエガスル	3472	
三年	サンネン	3473	three years
陣	ジン	3474	benevolence (esp. as a virtue of Confucianism); consideration; compassion; humanity; charity
息を吐く	イキヲツク	3475	
へぇ	ヘェ	3476	
ひとまず	ヒトマズ	3477	for now; for the time being; for the present
ハハハ	ハハハ	3478	
握りしめる	ニギリシメル	3479	to grasp tightly
立ち去る	タチサル	3480	to leave; to depart; to take one's leave
ウソ	ウソ	3481	lie; fib; falsehood; untruth
いい加減	イイカゲン	3482	irresponsible; perfunctory; careless
かっ	カッ	3483	
引っかかる	ヒッカカル	3484	to be caught in; to be stuck in
言うとおり	イウトオリ	3485	
クソ	クソ	3486	damn; damn it; shit; crap
たどり着く	タドリツク	3487	to (finally) arrive at; to reach (at last); to (manage to) get to; to find one's way to
振るう	フルウ	3488	to muster (e.g. one's courage); to call forth; to rouse up
ちがう	チガウ	3489	to differ (from); to be different; to be distinct; to be unlike; to vary; to disagree (with)
いつもより	イツモヨリ	3490	
おおい	オオイ	3491	hey!; oi!; ahoy!
今さら	イマサラ	3492	now (when it is already much too late); at this stage
もしくは	モシクハ	3493	or; otherwise
指さす	ユビサス	3494	to point at
ガラス	ガラス	3495	
果たして	ハタシテ	3496	as was expected; just as one thought; sure enough
ふうん	フウン	3497	hmm; well ...; humph; huh; pshaw; pish
やたら	ヤタラ	3498	indiscriminately; blindly; at random; recklessly; thoughtlessly; excessively; profusely
なんとも	ナントモ	3499	really; very; extremely; terribly; awfully
やり取り	ヤリトリ	3500	giving and taking; exchange (of letters); arguing back and forth; (conversational) exchange
歳	トシ	3501	year
一旦	イッタン	3503	once
に過ぎない	ニスギナイ	3504	
メッセージ	メッセージ	3505	
寸前	スンゼン	3506	just before; on the verge of; on the brink of
その辺	ソノヘン	3507	around there; near there
目にする	メニスル	3508	
とて	トテ	3509	
四十	ヨンジュウ	3510	forty; 40
正義	セイギ	3511	justice; right; righteousness
胸元	ムナモト	3512	
冷える	ヒエル	3513	to grow cold; to get chilly; to cool down
裸	ハダカ	3514	nakedness; nudity
なぜなら	ナゼナラ	3515	because; the reason is; if you want to know why
棒	ボウ	3516	pole; rod; stick; baton
ビル	ビル	3517	
皮肉	ヒニク	3518	irony; sarcasm; cynicism; satire
巡る	メグル	3519	to go around; to make a circle around
淡い	アワイ	3520	light (color, taste, etc.); faint (e.g. smell); pale
憧れる	アコガレル	3521	to long for; to yearn for; to hanker after; to be attracted by; to be drawn to; to aspire to; to admire; to adore
杖	ツエ	3522	cane; walking stick; staff; wand
事になる	コトニナル	3523	to have been decided (so) that; to have been arranged (so) that
そこそこ	ソコソコ	3524	
塞ぐ	フサグ	3525	to stop up; to close up; to block (up); to plug up; to shut up; to cover (ears, eyes, etc.); to close (eyes, mouth)
本来なら	ホンライナラ	3526	
薄暗い	ウスグライ	3527	dim; gloomy
動き出す	ウゴキダス	3528	to start to move; to get going; to come alive
柄	ガラ	3529	pattern; design
削る	ケズル	3530	to shave (wood, leather, etc.); to sharpen (e.g. pencil); to plane; to whittle; to pare; to scrape off; to erode
幽霊	ユウレイ	3531	ghost; specter; spectre; apparition; phantom
かもね	カモネ	3532	
お酒	オサケ	3533	
封印	フウイン	3534	
獲物	エモノ	3535	prey; catch; kill; game
若干	ジャッカン	3536	some; few; a number of; a little (bit)
候補	コウホ	3537	candidate; contender; prospect; pick; choice; list
誤魔化す	ゴマカス	3538	to deceive; to cheat; to swindle
再生	サイセイ	3539	restoration to life; coming to life again; resuscitation; regeneration
宿る	ヤドル	3540	to dwell (in); to exist (within); to form
ぐっと	グット	3541	
ギリギリ	ギリギリ	3542	just barely; only just; at the very limit; at the last moment
女王	ジョオウ	3543	queen
姿を消す	スガタヲケス	3544	
シャツ	シャツ	3545	
継ぐ	ツグ	3546	to succeed (a person, to a position, etc.); to inherit; to take over; to follow
キャラ	キャラ	3547	
途端に	トタンニ	3548	just as; right after; in the act of; as soon as; at that moment
致す	イタス	3549	to do
食らう	クラウ	3550	to eat; to drink; to wolf; to knock back
ネット	ネット	3551	
懐	フトコロ	3552	inside the breast of one's clothing (esp. kimono); bosom; (breast) pocket
蛇	ヘビ	3553	snake
要するに	ヨウスルニ	3554	in short; in a word; to sum up; to put it simply; to make a long story short; after all
走り出す	ハシリダス	3555	to begin to run; to start running; to break into a run
デザイン	デザイン	3556	
向き直る	ムキナオル	3557	
怪物	カイブツ	3558	monster
何人か	ナンニンカ	3559	some people; a number of people; several people; a few people
ゆえ	ユエ	3560	
腐る	クサル	3561	to rot; to go bad; to decay; to spoil; to fester; to decompose; to turn sour (e.g. milk)
辿り着く	タドリツク	3562	to (finally) arrive at; to reach (at last); to (manage to) get to; to find one's way to
冷める	サメル	3563	to cool down; to get cold
はーい	ハーイ	3564	yes; that is correct
仮面	カメン	3565	mask
見据える	ミスエル	3566	
唱える	トナエル	3567	to recite; to chant
通り過ぎる	トオリスギル	3568	to go past; to pass; to pass by
谷	タニ	3569	valley; ravine; gorge; canyon
何故か	ナゼカ	3570	somehow; for some reason; without knowing why
宇宙	ウチュウ	3571	universe; cosmos; space
金髪	キンパツ	3572	blond hair; blonde hair; golden hair
主人公	シュジンコウ	3573	protagonist; main character; hero; heroine
鈍い	ニブイ	3574	dull (e.g. a knife); blunt
叫び	サケビ	3575	shout; cry; outcry; yell; shriek; scream
この辺り	コノアタリ	3576	
ルート	ルート	3577	
二日	フツカ	3578	2nd day of the month
犯罪	ハンザイ	3579	crime; offence; offense
首を横に振る	クビヲヨコニフル	3580	
外見	ガイケン	3581	outward appearance; looks
売れる	ウレル	3582	to sell (well)
雷	カミナリ	3583	lightning; thunder; thunderbolt
接近	セッキン	3584	getting closer; drawing nearer; approaching
演技	エンギ	3585	acting; performance
真っ直ぐ	マッスグ	3586	straight (ahead); direct; upright; erect
ばっか	バッカ	3587	
しばし	シバシ	3588	
んち	ンチ	3589	
しがみつく	シガミツク	3590	
引き寄せる	ヒキヨセル	3591	
それどころか	ソレドコロカ	3592	
化け物	バケモノ	3593	goblin; apparition; monster; ghost; phantom; spectre; specter
セリフ	セリフ	3594	
叩きつける	タタキツケル	3595	
なんだって	ナンダッテ	3596	
付き	ツキ	3597	furnished with; including
とある	トアル	3598	
マシ	マシ	3599	better; preferable; less objectionable; least-worst
さっそく	サッソク	3600	at once; immediately; without delay; promptly
戦	イクサ	3601	war; battle; campaign; fight
解除	カイジョ	3602	termination (of a contract); cancellation; rescinding; rescission
危うい	アヤウイ	3603	dangerous; in danger; facing imminent danger
地味	ジミ	3604	plain; simple; subdued; sober
兄さん	ニイサン	3605	older brother; elder brother
自殺	ジサツ	3606	suicide
ソファ	ソファ	3607	
灰色	ハイイロ	3608	grey; gray; ashen
吹き飛ばす	フキトバス	3609	
倉庫	ソウコ	3610	storehouse; warehouse; godown
金色	キンイロ	3611	gold (colour, color)
幸福	コウフク	3612	happiness; well-being; joy; welfare; blessedness
押し付ける	オシツケル	3613	to press against; to push against; to force against
考え込む	カンガエコム	3614	
治す	ナオス	3615	to cure; to heal
夏休み	ナツヤスミ	3616	summer vacation; summer holiday
正面から	ショウメンカラ	3617	
儀式	ギシキ	3618	ceremony; rite; ritual; service
舌打ち	シタウチ	3619	clicking one's tongue; tut-tut
中学	チュウガク	3620	junior high school; middle school; lower secondary school
本心	ホンシン	3621	true feelings; real intention; one's heart
折る	オル	3622	to break; to fracture; to break off; to snap off; to pick (e.g. flowers)
尻尾	シッポ	3623	tail (of an animal)
消滅	ショウメツ	3624	extinction; extinguishment; disappearance; vanishing; termination; lapse
耳元	ミミモト	3625	close to the ear
ファン	ファン	3626	
狼	オオカミ	3627	wolf (Canis lupus)
本音	ホンネ	3628	real intention; motive; true opinion; what one really thinks
リーダー	リーダー	3629	
姿を現す	スガタヲアラワス	3630	
一族	イチゾク	3631	family; relatives; dependents
ちっ	チッ	3632	tsk; tut; shoot; darn; dang
ゆえに	ユエニ	3633	therefore; consequently
エネルギー	エネルギー	3634	
欲望	ヨクボウ	3635	desire; appetite; lust
配置	ハイチ	3636	arrangement (of resources); deployment; stationing; posting; disposition; configuration; layout
お兄さん	オニイサン	3637	older brother; elder brother
田舎	イナカ	3638	rural area; countryside; the sticks
会長	カイチョウ	3639	president (of a society); chairman
この辺	コノヘン	3640	this area; around here
小学生	ショウガクセイ	3641	elementary school student; primary school student; grade school student
十五	ジュウゴ	3642	fifteen; 15
お疲れ	オツカレ	3643	
てっきり	テッキリ	3644	surely; certainly; without doubt
負け	マケ	3645	defeat; loss; losing (a game)
部長	ブチョウ	3646	head (chief, director) of a section or department
手渡す	テワタス	3647	to hand (over); to deliver in person
眼鏡	メガネ	3648	glasses; eyeglasses; spectacles
キラキラ	キラキラ	3649	glittering; sparkling; glistening; twinkling
堪える	コラエル	3650	to bear; to stand; to endure; to put up with
吐息	トイキ	3651	
目が覚める	メガサメル	3652	to wake up; to awake; to perk up; to snap out (of a day dream, etc.)
でかい	デカイ	3653	huge; big; enormous
雑誌	ザッシ	3654	magazine; journal; periodical
帽子	ボウシ	3655	hat; cap
警備	ケイビ	3656	defense; defence; guard; policing; security
器用	キヨウ	3657	skillful; skilful; adroit; dexterous; dextrous; deft; nimble; handy
校舎	コウシャ	3658	school building; schoolhouse
どく	ドク	3659	
両腕	リョウウデ	3660	both arms
商売	ショウバイ	3661	trade; business; commerce
突破	トッパ	3662	breaking through; breakthrough; penetration
身長	シンチョウ	3663	height (of a person); stature
気を付ける	キヲツケル	3664	to be careful; to pay attention; to take care
お嬢さん	オジョウサン	3665	(another's) daughter
戦士	センシ	3666	soldier; combatant; warrior
漫画	マンガ	3667	cartoon; comic; comic strip; manga
姉妹	シマイ	3668	sisters
金属	キンゾク	3669	metal
言い聞かせる	イイキカセル	3670	
指輪	ユビワ	3671	(finger) ring
閉じ込める	トジコメル	3672	to lock up; to shut up; to imprison
足取り	アシドリ	3673	gait; walk; stride; pace; step; manner of walking
目が合う	メガアウ	3674	
商人	ショウニン	3675	merchant; trader; tradesman; dealer; shopkeeper
奴隷	ドレイ	3676	slave; servant
塔	トウ	3677	tower; steeple; spire
羽	ハネ	3678	feather; plume; down
ぽい	ポイ	3679	-ish; -like
起き上がる	オキアガル	3680	to rise; to get up; to stand up; to sit up
俯く	ウツムク	3681	to hang one's head; to look down; to cast one's eyes downward
１人で	ヒトリデ	3682	alone; by oneself; on one's own
響き	ヒビキ	3683	echo; reverberation
ご存じ	ゴゾンジ	3684	knowing; being aware (of)
ごとく	ゴトク	3685	
ノ	ノ	3686	indicates possessive
すぐさま	スグサマ	3687	immediately; promptly
ちょうどいい	チョウドイイ	3688	
おー	オー	3689	
ありえない	アリエナイ	3690	impossible
ごとき	ゴトキ	3691	
こぼれる	コボレル	3692	to spill; to fall out of; to overflow
ごまかす	ゴマカス	3693	to deceive; to cheat; to swindle
こぼす	コボス	3694	to spill; to drop; to shed (tears)
えーと	エート	3695	let me see; well; errr ...; uhh ...
連れていく	ツレテイク	3696	to take (someone to a place); to take (someone) with one; to take along; to lead away
お疲れさま	オツカレサマ	3697	thank you (for your hard work); good work
えらい	エライ	3698	great; excellent; admirable; commendable; laudable; honorable; wonderful; outstanding; extraordinary
思いっきり	オモイッキリ	3699	to one's heart's content; as much as one wants; as hard as one can; with all one's strength; to the best of one's ability; to the utmost; with determination; hard; heavily
はじめて	ハジメテ	3700	for the first time
書	ショ	3701	letter; note; mail
捧げる	ササゲル	3702	to lift up; to hold up; to hold above eye level
素人	シロウト	3703	amateur; layman; ordinary person; novice
快感	カイカン	3704	pleasant feeling; pleasant sensation; pleasure
無論	ムロン	3705	of course; certainly; naturally
患者	カンジャ	3706	patient
神経	シンケイ	3707	nerve
級	キュウ	3708	(school) grade; year; class
ひょっとして	ヒョットシテ	3709	by any chance; (should) it happen (that); by some chance
見慣れる	ミナレル	3710	to get used to seeing; to become accustomed to seeing; to be familiar with
叶える	カナエル	3711	to grant (request, wish); to answer (prayer); to make come true (e.g. a dream); to realize; to fulfill
怒鳴る	ドナル	3712	to shout (in anger); to yell
ノート	ノート	3713	
幻	マボロシ	3714	phantom; vision; illusion; apparition
這う	ハウ	3715	to crawl; to creep; to go on all fours
二本	ニホン	3716	Japan
遭遇	ソウグウ	3717	encounter; running into; meeting with (e.g. an accident); being confronted with (e.g. a difficulty)
メニュー	メニュー	3718	
断言	ダンゲン	3719	assertion; declaration; affirmation
乙女	オトメ	3720	
仕える	ツカエル	3721	to serve; to work for; to attend
制御	セイギョ	3722	control (of a machine, device, etc.)
大半	タイハン	3723	majority; more than half; most (of)
さえも	サエモ	3724	
値段	ネダン	3725	price; cost
兄貴	アニキ	3726	elder brother
手を引く	テヲヒク	3727	
階	カイ	3728	storey; story; floor
力になる	チカラニナル	3729	
すげえ	スゲエ	3730	incredible; unbelievable; terrific; impressive
見知る	ミシル	3731	
プロ	プロ	3732	
微笑	ビショウ	3733	smile
毛	ケ	3734	hair
そうなんです	ソウナンデス	3735	
尻	シリ	3736	buttocks; behind; rump; bottom; hips
想う	オモウ	3737	to think; to consider; to believe; to reckon
丸い	マルイ	3738	round; circular; spherical
落下	ラッカ	3739	fall; drop; descent; coming down
どう見ても	ドウミテモ	3740	
後輩	コウハイ	3741	junior (at work, school, etc.); younger people; younger student
理性	リセイ	3742	reason; reasoning power; (one's) sense
策	サク	3743	plan; policy; means; measure; stratagem; scheme
カップ	カップ	3744	
部活	ブカツ	3745	club activities; extracurricular activities
出口	デグチ	3746	exit; way out
驚愕	キョウガク	3747	astonishment; amazement; surprise; fright; shock
お昼	オヒル	3748	lunch
えへへ	エヘヘ	3749	
そうなると	ソウナルト	3750	if that is the case; if it becomes so; when it becomes so
であります	デアリマス	3751	be; is
引き抜く	ヒキヌク	3752	to extract; to pull out; to draw out; to uproot
加速	カソク	3753	acceleration; speeding up
封じる	フウジル	3754	to seal (e.g. a letter)
類	ルイ	3755	kind; sort; type; class; genus; order; family
なき	ナキ	3756	weeping; lamenting
横たわる	ヨコタワル	3757	to lie down; to stretch out
へへ	ヘヘ	3758	
目を丸くする	メヲマルクスル	3759	
微か	カスカ	3760	faint; dim; weak; slight; vague; indistinct; hazy
服を着る	フクヲキル	3761	
数人	スウニン	3762	several people; a few people
高校生	コウコウセイ	3763	senior high school student
十年	ジュウネン	3764	
逸らす	ソラス	3765	to turn away (one's eyes, face, etc.); to avert; to divert (e.g. one's attention); to evade (e.g. a question); to change (e.g. the subject)
一口	ヒトクチ	3766	mouthful; morsel; bite
液体	エキタイ	3767	liquid
排除	ハイジョ	3768	exclusion; removal; elimination; clearing away; getting rid of
閉まる	シマル	3769	to be shut; to close; to be closed
池	イケ	3770	pond
見抜く	ミヌク	3771	
疲労	ヒロウ	3772	fatigue; weariness; exhaustion; tiredness
士	シ	3773	warrior (esp. of military retainers of daimyos in the Edo period); samurai
祝福	シュクフク	3774	celebration (of a joyous occasion); blessing; giving one's blessing; wishing (someone) good luck
手放す	テバナス	3775	
咲く	サク	3776	to bloom; to flower; to blossom; to open
団	ダン	3777	platform; podium; rostrum; pulpit
故	ユエ	3778	
これくらい	コレクライ	3779	
睨みつける	ニラミツケル	3780	
意味がない	イミガナイ	3781	
気はない	キハナイ	3782	
わたしたち	ワタシタチ	3783	we; us
時折	トキオリ	3784	sometimes; at intervals; occasionally; on occasion; from time to time
いつだって	イツダッテ	3785	
声をあげる	コエヲアゲル	3786	
ひとりで	ヒトリデ	3787	alone; by oneself; on one's own
ばか	バカ	3788	idiot; moron; fool
はしゃぐ	ハシャグ	3789	to make merry; to frolic; to be in high spirits
ずるい	ズルイ	3790	sly; cunning; sneaky; crafty; unfair; dishonest
その代わり	ソノカワリ	3791	
フフフ	フフフ	3792	
少なくとも	スクナクトモ	3793	at least
俺ら	オレラ	3794	
はあっ	ハアッ	3795	
使い	ツカイ	3796	errand; mission; going on an errand
やだ	ヤダ	3797	
まつ	マツ	3798	pine tree (Pinus spp.)
１年	イチネン	3799	one year; some time ago
見せつける	ミセツケル	3800	
フォロー	フォロー	3801	
絞る	シボル	3802	to wring (towel, rag); to squeeze
好きにする	スキニスル	3803	
いえいえ	イエイエ	3804	no!; no no!; no, not at all
固定	コテイ	3805	fixing (in place); being fixed (in place); securing; anchoring; fastening down
戸	ト	3806	door (esp. Japanese-style)
嫁	ヨメ	3807	bride
不審	フシン	3808	doubt; suspicion; question; strangeness
同行	ドウコウ	3809	accompanying (someone); going with; travelling together
鞄	カバン	3810	bag; satchel; briefcase; basket
飼う	カウ	3811	to keep (a pet or other animal); to have; to own; to raise; to rear; to feed
要る	イル	3812	to be needed; to be necessary; to be required; to be wanted; to need; to want
センチ	センチ	3813	front (in battle)
畑	ハタケ	3814	field (for growing wheat, fruit, vegetables, etc.); cultivated land; vegetable plot; kitchen garden; plantation
電気	デンキ	3815	electricity
孤独	コドク	3816	solitude; loneliness; isolation
婚約	コンヤク	3817	engagement; betrothal
予測	ヨソク	3818	prediction; estimation
肯定	コウテイ	3819	affirmation
そうなんですか	ソウナンデスカ	3820	
上空	ジョウクウ	3821	sky; the skies; high-altitude sky; upper air
カウンター	カウンター	3822	
被る	カブル	3823	to put on (one's head); to wear; to have on; to pull over (one's head); to crown (oneself)
先程	サキホド	3824	a short while ago; a moment ago; just now; some time ago
グラス	グラス	3825	
っきり	ッキリ	3826	
一匹	イッピキ	3827	one (small animal)
状	ジョウ	3828	form; shape; appearance
柔らか	ヤワラカ	3829	soft; tender; pliant; supple
住人	ジュウニン	3830	dweller; inhabitant; resident
平然	ヘイゼン	3831	
心底	シンソコ	3832	
拒絶	キョゼツ	3833	refusal; rejection
男の人	オトコノヒト	3834	man
横顔	ヨコガオ	3835	profile; face in profile; face seen from the side
孫	マゴ	3836	grandchild
きっちり	キッチリ	3837	exactly; precisely; punctually; on the dot
牙	キバ	3838	horse riding; horseback riding; horseback rider
散々	サンザン	3839	thoroughly; completely; utterly
目撃	モクゲキ	3840	witnessing; observing; sighting
ボール	ボール	3841	
躊躇	チュウチョ	3842	hesitation; indecision; vacillation
滲む	ニジム	3843	to run (of liquid); to spread; to bleed; to blot
悲鳴を上げる	ヒメイヲアゲル	3844	
捜査	ソウサ	3845	search (esp. in criminal investigations); investigation; inquiry; enquiry
本能	ホンノウ	3846	instinct
木々	キギ	3847	(many) trees; every tree; all kinds of trees
指差す	ユビサス	3848	to point at
国家	コッカ	3849	state; country; nation
購入	コウニュウ	3850	purchase; buying
賭ける	カケル	3851	to wager; to bet; to risk; to stake; to gamble
皆様	ミナサマ	3852	everyone
無邪気	ムジャキ	3853	innocent; childlike; sweet and innocent; artless
幸運	コウウン	3854	good luck; fortune
帰って来る	カエッテクル	3855	
友	トモ	3856	friend; companion; comrade; pal
見張る	ミハル	3857	to stand watch; to stand guard; to look out
報酬	ホウシュウ	3858	remuneration; recompense; reward; toll
深呼吸	シンコキュウ	3859	
大人になる	オトナニナル	3860	to grow up; to become an adult
ただでさえ	タダデサエ	3861	
作り出す	ツクリダス	3862	to manufacture; to produce; to raise (crops)
餌	エサ	3863	(animal) feed; fodder; pet food
間近	マヂカ	3864	near; close (to); nearby
着替え	キガエ	3865	changing clothes; change of clothes
お帰り	オカエリ	3866	return
微笑み	ホホエミ	3867	
使い方	ツカイカタ	3868	way of using (something); way to use; how to use; usage; use
鳴く	ナク	3869	to make sound (of an animal); to call; to cry; to whine; to sing; to chirp
途切れる	トギレル	3870	to break off; to come to an end; to be interrupted; to be cut short; to pause
出迎える	デムカエル	3871	to meet; to greet
器	ウツワ	3872	bowl; vessel; container
高	コウ	3873	quantity; amount; volume; number; amount of money
マスター	マスター	3874	
利く	キク	3875	to be effective; to take effect; to be good (for)
右腕	ミギウデ	3876	right arm
めくる	メクル	3877	to turn over; to turn (pages); to leaf through (a book, etc.)
単語	タンゴ	3878	word; vocabulary
だろうに	ダロウニ	3879	
ある意味	アルイミ	3880	
胸を張る	ムネヲハル	3881	
纏う	マトウ	3882	
早々	ソウソウ	3883	as soon as ...; just after ...; immediately after ...
いじめる	イジメル	3884	to ill-treat; to bully; to torment; to pick on; to tease; to be cruel to; to persecute
溜まる	タマル	3885	to collect; to gather; to save; to accumulate; to pile up
っぱなし	ッパナシ	3886	leaving (on, open, unfinished, etc.)
腰を下ろす	コシヲオロス	3887	
駆けつける	カケツケル	3888	to run to; to come running; to rush (someplace); to hasten
早め	ハヤメ	3889	
けっこう	ケッコウ	3890	splendid; nice; wonderful; delightful; lovely; excellent; fine
たしか	タシカ	3891	sure; certain; positive; definite
かしこまる	カシコマル	3892	
飲み物	ノミモノ	3893	drink; beverage
いつの間に	イツノマニ	3894	
のあまり	ノアマリ	3895	
ゴミ	ゴミ	3896	rubbish; trash; garbage; refuse; litter
同じくらい	オナジクライ	3897	
捕らえる	トラエル	3898	to catch; to capture; to seize; to arrest; to grab; to catch hold of
ちっとも	チットモ	3899	(not) at all; (not) a bit; (not) in the least; (not) in the slightest
アホ	アホ	3900	fool; idiot; simpleton
暖かい	アタタカイ	3901	warm; mild; (pleasantly) hot
忠告	チュウコク	3902	advice; warning
無意味	ムイミ	3903	nonsense; no meaning; meaningless
騒がしい	サワガシイ	3904	noisy; boisterous
脳裏	ノウリ	3905	one's mind
悪	アク	3906	evil; wickedness
透明	トウメイ	3907	transparent; clear
響き渡る	ヒビキワタル	3908	
傾く	カタムク	3909	to incline toward; to slant; to lurch; to heel over; to be disposed to; to trend toward; to be prone to
仰ぐ	アオグ	3910	to look up (at)
暴力	ボウリョク	3911	violence; mayhem
晩	バン	3912	evening; night
お邪魔	オジャマ	3913	
領域	リョウイキ	3914	territory; domain
小柄	コガラ	3915	small build; small stature; petite
お弁当	オベントウ	3916	bento; Japanese box lunch
お休み	オヤスミ	3917	holiday; day off; absence
看板	カンバン	3918	signboard; sign; billboard; hoarding; doorplate
感じ取る	カンジトル	3919	to perceive; to sense; to take in; to grasp; to feel
そう言えば	ソウイエバ	3920	now that you mention it; come to think of it; that reminds me; on that subject; speaking of which
是非	ゼヒ	3921	certainly; without fail
カーテン	カーテン	3922	
メモ	メモ	3923	
勘	カン	3924	perception; intuition; the sixth sense
大抵	タイテイ	3925	mostly; ordinarily; usually; generally
数十	スウジュウ	3926	dozens; scores of; decades
方面	ホウメン	3927	direction; district; area
植物	ショクブツ	3928	plant; vegetation
確率	カクリツ	3929	probability; likelihood; chances
例外	レイガイ	3930	exception
支度	シタク	3931	preparation; arrangements
罰	バツ	3932	punishment; penalty
こちらこそ	コチラコソ	3933	
演じる	エンジル	3934	to act (a part); to play (a role)
造る	ツクル	3935	to make; to produce; to manufacture; to build; to construct
避難	ヒナン	3936	taking refuge; finding shelter; evacuation; escape; seeking safe haven
入学	ニュウガク	3937	admission (to a school or university); entrance; enrolment; enrollment; matriculation
お手伝い	オテツダイ	3938	maid; helper
美少女	ビショウジョ	3939	
誇り	ホコリ	3940	pride; boast; credit (to)
丘	オカ	3941	hill; height; knoll; rising ground
突き刺さる	ツキササル	3942	
首筋	クビスジ	3943	
口に出す	クチニダス	3944	
興味深い	キョウミブカイ	3945	very interesting; of great interest
弟子	デシ	3946	pupil; disciple; adherent; follower; apprentice; young person; teacher's student-helper
見当たる	ミアタル	3947	to be found
板	イタ	3948	board; plank
反撃	ハンゲキ	3949	counterattack; counteroffensive; counterblow
心の底	ココロノソコ	3950	
唸る	ウナル	3951	to groan; to moan
トラブル	トラブル	3952	
しめる	シメル	3953	
所詮	ショセン	3954	after all; in the end; anyway
撮影	サツエイ	3955	photography (still or motion); photographing; filming; shooting; (video) recording
一点	イッテン	3956	point; dot; speck
呪う	ノロウ	3957	to curse; to put a curse on; to detest intensely
小屋	コヤ	3958	hut; cabin; shed; (animal) pen
汚す	ヨゴス	3959	to pollute; to contaminate; to soil; to make dirty; to stain
その頃	ソノコロ	3960	
うふふ	ウフフ	3961	
それはそれで	ソレハソレデ	3963	
くそっ	クソッ	3964	
誘い	サソイ	3965	invitation; introduction
浮かび上がる	ウカビアガル	3966	to rise to the surface
遠ざかる	トオザカル	3967	to go away; to become more distant; to fade away; to die away
文句を言う	モンクヲイウ	3968	
店内	テンナイ	3969	inside of a store (restaurant, café, etc.); store interior; on the premises
はっと	ハット	3970	
通信	ツウシン	3971	correspondence; communication; transmission; news; signal; telecommunications
悪意	アクイ	3972	ill will; spite; evil intention; malice
通用	ツウヨウ	3973	(common) use (of a language, currency, etc.); current use; circulation; currency; validity (e.g. of a ticket)
構成	コウセイ	3974	composition; construction; formation; makeup; structure; organization; organisation
押し込む	オシコム	3975	to push into; to cram into; to stuff into; to crowd into
当日	トウジツ	3976	day in question; appointed day; that very day; the day (of issue, publication, etc.)
贈る	オクル	3977	to give (as a gift); to present
説教	セッキョウ	3978	sermon; preaching; homily
つる	ツル	3979	crane (any bird of the family Gruidae, esp. the red-crowned crane, Grus japonensis)
あく	アク	3980	to open (e.g. doors)
好く	スク	3981	nicely; properly; well; skillfully; skilfully
襲いかかる	オソイカカル	3982	
鳴き声	ナキゴエ	3983	cry (of an animal); call; chirp; song; caw; roar; bark; yelp; meow
いい子	イイコ	3984	
おもしろい	オモシロイ	3985	interesting; fascinating; intriguing; enthralling
引き取る	ヒキトル	3986	to take into one's possession; to receive; to accept; to collect; to claim
あのさ	アノサ	3987	look here; I say; well; I know what; I'll tell you what; just a minute; hold on
ケンカ	ケンカ	3988	quarrel; brawl; fight; squabble; scuffle; argument
顔をしかめる	カオヲシカメル	3989	
どれくらい	ドレクライ	3990	how long; how far; how much
おまけに	オマケニ	3991	to make matters worse; besides; what's more; in addition; on top of that
のぞく	ノゾク	3992	to remove; to get rid of; to take away; to eliminate
ハハ	ハハ	3993	
手をかける	テヲカケル	3994	
１回	イッカイ	3995	once; one time; one round; one game; one bout; one heat; one inning
だからといって	ダカラトイッテ	3996	
突きつける	ツキツケル	3997	
さすがは	サスガハ	3998	
あり得ない	アリエナイ	3999	impossible
何らか	ナンラカ	4000	
歩み寄る	アユミヨル	4001	to compromise; to meet halfway
等しい	ヒトシイ	4002	equal; identical; the same
垂れる	タレル	4003	to hang; to droop; to dangle; to sag; to lower; to pull down
敏感	ビンカン	4004	sensitive; alert; aware; susceptible
深夜	シンヤ	4005	late at night
輪	ワ	4006	ring; circle; loop
鍋	ナベ	4007	pan; pot; saucepan
この後	コノアト	4008	
装う	ヨソオウ	4009	to dress (oneself in); to attire oneself in; to adorn; to decorate
攻略	コウリャク	4010	capture (of enemy territory); taking (by storm); conquest; attack; assault
億	オク	4011	hundred million; 100,000,000; 10^8
不快	フカイ	4012	displeasure; discomfort; unpleasantness
体重	タイジュウ	4013	(body) weight
専用	センヨウ	4014	(one's) exclusive use; private use; personal use
眉間	ミケン	4015	
付き合い	ツキアイ	4016	association; socializing; socialising; fellowship
昇る	ノボル	4017	to ascend; to go up; to climb
湯	ユ	4018	hot water
晒す	サラス	4019	to expose (to the sun, public, danger, etc.)
残酷	ザンコク	4020	cruel; brutal; ruthless; merciless; inhuman
放る	ホウル	4021	to throw; to fling; to hurl; to toss
歩	ホ	4022	step; stride
錯覚	サッカク	4023	illusion; hallucination
誘導	ユウドウ	4024	guidance; leading; induction; introduction; incitement; inducement
救い	スクイ	4025	help; rescue; aid; relief
優雅	ユウガ	4026	elegant; graceful; refined
切り替える	キリカエル	4027	to change; to switch; to change over (to); to renew
罪悪感	ザイアクカン	4028	
気絶	キゼツ	4029	faint; fainting; losing consciousness
理不尽	リフジン	4030	unreasonable; irrational; outrageous; absurd
好意	コウイ	4031	kindness; favor; favour; friendliness
沢山	タクサン	4032	a lot; lots; plenty; many; a large number; much; a great deal; a good deal
国民	コクミン	4033	people (of a country); nation; citizen; national
財布	サイフ	4034	wallet; purse; coin purse; billfold; pocketbook
事務所	ジムショ	4035	office
ああいう	アアイウ	4036	that sort of; like that
憧れ	アコガレ	4037	yearning; longing; aspiration; adoration; admiration
魅力的	ミリョクテキ	4038	charming; fascinating; attractive
人質	ヒトジチ	4039	hostage
列	レツ	4040	row; line; file; column; queue; rank; procession
臭い	クサイ	4041	stinking; smelly
修行	シュギョウ	4042	training; practice; discipline; study
率いる	ヒキイル	4043	to lead; to spearhead (a group); to command (troops)
怪訝	ケゲン	4044	
盛大	セイダイ	4045	grand; magnificent; lavish; large scale; prosperous; thriving; lively
職業	ショクギョウ	4046	occupation; profession; job; vocation; career; trade; calling; business
同然	ドウゼン	4047	just like; (virtually) no different from; (almost) the same as; as good as (e.g. dead, settled)
腕を組む	ウデヲクム	4048	
容姿	ヨウシ	4049	(physical) appearance (of a person); one's face and figure
鎖	クサリ	4050	chain; chains
締める	シメル	4051	to tie; to fasten; to tighten
内緒	ナイショ	4052	secrecy; confidentiality; privacy; secret
反射的	ハンシャテキ	4053	reflexive; reflecting
パターン	パターン	4054	
到達	トウタツ	4055	reaching; attaining; arrival
一件	イッケン	4056	(one) matter; (one) item; (one) case
どう考えても	ドウカンガエテモ	4057	
いい人	イイヒト	4058	
装置	ソウチ	4059	equipment; device; installation; apparatus
教授	キョウジュ	4060	professor
包み込む	ツツミコム	4061	to wrap up
衝動	ショウドウ	4062	impulse; urge; impetus
尖る	トガル	4063	to taper to a point; to become pointed; to become sharp
親切	シンセツ	4064	kind; gentle; considerate; generous; friendly; nice
目に入る	メニハイル	4065	
ベンチ	ベンチ	4066	
埋まる	ウマル	4067	to be buried; to be covered; to be surrounded
礼を言う	レイヲイウ	4068	
弾	タマ	4069	ball; sphere; globe; orb
ニュース	ニュース	4070	
パンツ	パンツ	4071	
緩む	ユルム	4072	to become loose; to slacken (e.g. rope)
潜む	ヒソム	4073	to lurk; to be hidden; to be concealed; to lie dormant; to be latent
はっきり言う	ハッキリイウ	4074	
再度	サイド	4075	a second time; again; once more; twice
そうじゃなくて	ソウジャナクテ	4076	
逮捕	タイホ	4077	arrest; apprehension; capture
傍ら	カタワラ	4078	side; edge; beside; besides; nearby
タオル	タオル	4079	
名誉	メイヨ	4080	honor; honour; credit; glory; fame; distinction
配る	クバル	4081	to distribute; to hand out; to deliver; to deal out; to serve out
食	ショク	4082	food; foodstuff
どうするか	ドウスルカ	4083	
横目	ヨコメ	4084	sidelong glance
何とも	ナントモ	4085	really; very; extremely; terribly; awfully
医師	イシ	4086	doctor; physician
界	カイ	4087	border; boundary
肩をすくめる	カタヲスクメル	4088	
大げさ	オオゲサ	4089	exaggerated; overdone; overblown; hyperbolic; bombastic; grandiose
おばさん	オバサン	4090	
心地よい	ココチヨイ	4091	comfortable; pleasant
やりとり	ヤリトリ	4092	giving and taking; exchange (of letters); arguing back and forth; (conversational) exchange
あふれる	アフレル	4093	to overflow; to brim over; to flood
あくまでも	アクマデモ	4094	to the end; to the bitter end; to the last; stubbornly; persistently; consistently; to the utmost
そんなふうに	ソンナフウニ	4095	
おかえり	オカエリ	4096	return
滅ぼす	ホロボス	4097	to destroy; to overthrow; to wreck; to ruin
凄まじい	スサマジイ	4098	terrible; dreadful; awful; horrible; ghastly
燃やす	モヤス	4099	to burn
そうだよね	ソウダヨネ	4100	
額	ヒタイ	4101	forehead; brow
入口	イリグチ	4102	entrance; entry; gate; approach; mouth
文章	ブンショウ	4103	writing; composition; essay; article; passage; prose; (writing) style
手を取る	テヲトル	4104	
我に返る	ワレニカエル	4105	
茶	チャ	4106	tea
顔立ち	カオダチ	4107	looks; features
その分	ソノブン	4108	
鼓動	コドウ	4109	beat; palpitation; pulsation; throbbing
貼る	ハル	4110	to stick; to paste; to affix
頭を抱える	アタマヲカカエル	4111	
台所	ダイドコロ	4112	kitchen
相応しい	フサワシイ	4113	appropriate; adequate; suitable; fitting; worthy
人達	ヒトタチ	4114	people
現代	ゲンダイ	4115	present age; present day; today
ネタ	ネタ	4116	material (for a story, article, etc.); information; news item
掌	テノヒラ	4117	palm (of the hand)
弁当	ベントウ	4118	bento; Japanese box lunch
顔面	ガンメン	4119	face (of person)
流	リュウ	4120	way; manner; style; fashion; mode
何にも	ナンニモ	4121	(not) anything; (nothing) at all; (not) any
お母様	オカアサマ	4122	
目線	メセン	4123	
権力	ケンリョク	4124	(political) power; authority; influence
突入	トツニュウ	4125	rushing into; breaking into; storming
昼食	チュウショク	4126	lunch; midday meal
十二	ジュウニ	4127	twelve; 12
なのである	ナノデアル	4128	
事がある	コトガアル	4129	(for something) to have occurred; to have done (something)
気遣う	キヅカウ	4130	
ズボン	ズボン	4131	
苦い	ニガイ	4132	bitter (taste)
覚悟を決める	カクゴヲキメル	4133	
思い込む	オモイコム	4134	to be convinced (that); to be under the impression (that); to feel sure (that); to assume (that)
親戚	シンセキ	4135	relative; relation; kin
意地悪	イジワル	4136	malicious; ill-tempered; unkind; mean; nasty
遥か	ハルカ	4137	far away; far off; far; distant; in the distance
大陸	タイリク	4138	continent
お湯	オユ	4139	
加減	カゲン	4140	degree; extent; amount; balance; state; condition
物音	モノオト	4141	noise; sound
祖父	ソフ	4142	grandfather
発想	ハッソウ	4143	idea; conception
ハンカチ	ハンカチ	4144	
敗北	ハイボク	4145	defeat; loss; reverse; setback
シンプル	シンプル	4146	
モデル	モデル	4147	
深々	フカブカ	4148	
無限	ムゲン	4149	infinity; infinitude; eternity
足を踏み入れる	アシヲフミイレル	4150	
見失う	ミウシナウ	4151	to lose sight of; to miss
お任せ	オマカセ	4152	
潰れる	ツブレル	4153	to be crushed; to be squashed; to be smashed; to be destroyed; to be broken; to collapse
食料	ショクリョウ	4154	food
数秒	スウビョウ	4155	
バラバラ	バラバラ	4156	scattered; disperse; loose; disconnected; in pieces; in drops; rustling
テンション	テンション	4157	
上昇	ジョウショウ	4158	rising; ascending; climbing
消費	ショウヒ	4159	consumption; expenditure; spending
言	ゲン	4160	word; remark; statement
脅す	オドス	4161	to threaten; to menace; to frighten (into doing)
帰れ	カエレ	4162	
記事	キジ	4163	article; news story; report; account
顔を合わせる	カオヲアワセル	4164	
混ぜる	マゼル	4165	to mix; to stir; to blend
係	カカリ	4166	charge; duty; person in charge; official; clerk
伝う	ツタウ	4167	to move along; to go alongside; to walk along; to follow; to run down (one's cheek, leg, etc.); to trickle down
叫び声	サケビゴエ	4168	shout; yell; scream; cry
未だ	マダ	4169	still; as yet; only
寝室	シンシツ	4170	bedroom
夫人	フジン	4171	wife; Mrs; Madam
無理矢理	ムリヤリ	4172	forcibly; by force; against one's will
らっしゃる	ラッシャル	4173	
高級	コウキュウ	4174	high-class; high-grade; high-quality; high-end; luxury
脅威	キョウイ	4175	threat; menace
緩める	ユルメル	4176	to loosen; to slacken
すく	スク	4177	to become less crowded; to thin out; to get empty
上司	ジョウシ	4178	(one's) superior; (one's) boss; the higher-ups
用件	ヨウケン	4179	business; thing to be done; something that should be performed; information that should be conveyed
調子に乗る	チョウシニノル	4180	
遅刻	チコク	4181	lateness; tardiness; arriving late
食材	ショクザイ	4182	foodstuff; ingredient
試みる	ココロミル	4183	to try; to attempt; to have a go (at)
横になる	ヨコニナル	4184	
つきあう	ツキアウ	4185	to associate with; to keep company with; to go out with; to go steady with; to get on with
取引	トリヒキ	4186	transactions; dealings; business
何かしら	ナニカシラ	4187	
３年	サンネン	4188	three years
かた	カタ	4189	excess; surplus; superabundance
おなか	オナカ	4190	belly; abdomen; stomach
あける	アケル	4191	to open (a door, etc.); to unwrap (e.g. parcel, package); to unlock
ホッと	ホット	4192	with a feeling of relief; with a sigh of relief
言いかける	イイカケル	4193	
たたく	タタク	4194	to strike; to hit; to beat; to knock; to pound; to bang; to slap; to spank; to tap; to pat; to clap (one's hands); to play (the drums)
顔つき	カオツキ	4195	(outward) looks; features; face; countenance; expression
鮮やか	アザヤカ	4196	vivid; bright; brilliant; clear; fresh; vibrant
そろう	ソロウ	4197	to be complete; to be all present; to make a full set; to be satisfied (of conditions)
お言葉	オコトバ	4198	
いちばん	イチバン	4199	number one; first; first place
そんなもん	ソンナモン	4200	
度	タビ	4202	time (three times, each time, etc.); times
街	ガイ	4203	street; quarter; district; area
刃	ヤイバ	4205	edge (of a knife or sword); blade
恨み	ウラミ	4206	resentment; grudge; malice; bitterness
曲げる	マゲル	4207	to bend; to crook; to bow; to curve; to curl
いじる	イジル	4208	to finger; to touch; to play with; to fiddle with; to toy with
差す	サス	4209	to shine
到底	トウテイ	4210	(cannot) possibly; (not) by any means; (not) at all; utterly; absolutely
繋ぐ	ツナグ	4211	to connect; to link together
プライド	プライド	4212	
職人	ショクニン	4213	craftsman; artisan; tradesman; worker; workman
像	ゾウ	4214	image; figure; statue; picture; portrait
枕	マクラ	4215	pillow; bolster
差し込む	サシコム	4216	to insert; to put in; to thrust in; to plug in
図書館	トショカン	4217	library
可能性が高い	カノウセイガタカイ	4218	very likely; very probable
同時	ドウジ	4219	same time
弱点	ジャクテン	4220	weak point; weakness; shortcoming; defect; flaw; sore spot; tender spot
おっさん	オッサン	4221	middle-aged man
政府	セイフ	4222	government; administration; ministry
確定	カクテイ	4223	decision; settlement; confirmation; establishment
矛盾	ムジュン	4224	contradiction; inconsistency
泣き声	ナキゴエ	4225	cry (e.g. of a baby); sob; whine
振動	シンドウ	4226	oscillation; vibration; swing (e.g. of a pendulum)
真っ先に	マッサキニ	4227	
自転車	ジテンシャ	4228	bicycle; bike
耳にする	ミミニスル	4229	
帰宅	キタク	4230	returning home; going home; coming home; getting home
目的地	モクテキチ	4231	destination (one is heading towards); goal
再現	サイゲン	4232	reappearance; reemergence; return; revival
拒む	コバム	4233	to refuse; to reject; to decline
無力	ムリョク	4234	powerlessness; helplessness; incompetence; ineffectiveness
林	ハヤシ	4235	wood; woods; forest; grove; copse; thicket
愉快	ユカイ	4236	pleasant; delightful; enjoyable; joyful; cheerful; amusing; happy
言い放つ	イイハナツ	4237	
値	アタイ	4238	price; cost
揃える	ソロエル	4239	to collect; to gather; to get together; to complete (a collection)
死亡	シボウ	4240	death; dying; mortality
苦笑い	ニガワライ	4241	bitter smile; wry smile; forced smile; strained laugh
任す	マカス	4242	to entrust (to someone); to leave (in someone's hands)
ふっと	フット	4243	
塩	シオ	4244	salt; common salt; table salt; sodium chloride
ボロボロ	ボロボロ	4245	worn-out; ragged; tattered; battered; scruffy
賢い	カシコイ	4246	wise; clever; smart
あの頃	アノコロ	4247	
銀色	ギンイロ	4248	silver (color, colour)
磨く	ミガク	4249	to polish; to shine; to burnish; to scour; to scrub; to brush (teeth); to grind (e.g. a lens)
静寂	セイジャク	4250	silence; stillness; quietness
夜空	ヨゾラ	4251	night sky
眩しい	マブシイ	4252	dazzling; radiant
自己紹介	ジコショウカイ	4253	self-introduction
構造	コウゾウ	4254	structure; construction; makeup; framework; organization; pattern
にっこり	ニッコリ	4255	sweetly (smiling); broadly (grinning)
大型	オオガタ	4256	large; large-sized; large-scale; big
工場	コウジョウ	4257	factory; plant; mill; workshop
手配	テハイ	4258	arrangement; preparations
切り裂く	キリサク	4259	
黄金	オウゴン	4260	gold (Au)
先頭	セントウ	4261	head (of a line, group, etc.); front; lead; forefront; vanguard
サイン	サイン	4262	
有効	ユウコウ	4263	valid; effective
女の人	オンナノヒト	4264	woman
砕ける	クダケル	4265	to break (into pieces); to be broken; to be smashed
何事	ナニゴト	4266	what; what sort of thing
弓	ユミ	4267	bow (weapon)
光栄	コウエイ	4268	honour; honor; glory; privilege
バス	バス	4269	
リスク	リスク	4270	
ようこそ	ヨウコソ	4271	welcome
押し寄せる	オシヨセル	4272	
こむ	コム	4273	to be crowded; to be packed; to be congested; to be thronged (with)
出番	デバン	4274	one's turn; one's shift
皮膚	ヒフ	4275	skin
二回	ニカイ	4276	twice
牛	ウシ	4277	cattle (Bos taurus); cow; bull; ox; calf
砕く	クダク	4278	to break (into pieces); to smash; to crush; to shatter; to grind (into powder); to pound
支援	シエン	4279	support; backing; aid; assistance
湖	ミズウミ	4280	lake
さも	サモ	4281	
班	ハン	4282	group; party; team
別れ	ワカレ	4283	parting (of people); separation; farewell
慕う	シタウ	4284	to yearn for; to long for; to pine for; to miss; to love dearly; to adore
めっちゃ	メッチャ	4285	
進行	シンコウ	4286	moving forward (e.g. of a vehicle); onward movement
番号	バンゴウ	4287	number; series of digits
掛かる	カカル	4288	to take (a resource, e.g. time or money)
人差し指	ヒトサシユビ	4289	index finger; forefinger; first (occ. second) finger
済み	ズミ	4290	
持ち	モチ	4291	having; holding; possessing; owning; using; holder; owner; user
祭り	マツリ	4292	festival; feast; matsuri
ハッと	ハット	4293	
そのとおり	ソノトオリ	4294	
というところ	トイウトコロ	4295	
なにより	ナニヨリ	4296	above anything else; above all; more than anything
たちまち	タチマチ	4297	in an instant; in a moment; immediately; right away; at once
つづける	ツヅケル	4298	to continue; to keep up; to keep on
おやすみ	オヤスミ	4299	holiday; day off; absence
っこ	ッコ	4300	
店	テン	4301	store; shop; restaurant
種	タネ	4302	seed (e.g. of a plant); pip; kernel; stone (e.g. of a peach)
角度	カクド	4303	angle
振り払う	フリハラウ	4304	
三度	サンド	4305	three times; thrice
絶叫	ゼッキョウ	4306	scream; shriek; shout; exclamation
課題	カダイ	4307	subject; theme; issue; matter
本番	ホンバン	4308	performance (as opposed to practice); going before an audience or on-air; take
温泉	オンセン	4309	hot spring
ライン	ライン	4310	
外部	ガイブ	4311	outside (e.g. of a building); exterior
子供の頃	コドモノコロ	4312	(time of) one's childhood; when one was a child
言動	ゲンドウ	4313	speech and conduct; words and actions; words and deeds; behavior; behaviour; manners
向き	ムキ	4314	direction; orientation; aspect; exposure
坂	サカ	4315	slope; incline; hill
知り合う	シリアウ	4316	to get to know each other; to make acquaintance
崩れ落ちる	クズレオチル	4317	
ふりをする	フリヲスル	4318	
せん	セン	4319	thousand; 1,000
胃	イ	4320	stomach
経緯	イキサツ	4321	details; particulars; sequence of events; circumstances; situation; how things got this way
自室	ジシツ	4322	one's own room
爆弾	バクダン	4323	bomb
見届ける	ミトドケル	4324	to make sure of; to ascertain; to see with one's own eyes; to watch to the end; to watch to make sure (that)
とっとと	トットト	4325	
馬鹿にする	バカニスル	4326	
こんな風に	コンナフウニ	4327	
絆	キズナ	4328	bond (between people); (emotional) ties; bonds; relationship; connection; link
豪華	ゴウカ	4329	extravagant; lavish; opulent; luxurious; magnificent; splendid; fancy; gorgeous
仕業	シワザ	4330	deed (esp. negative); act; action; one's doing; one's work
硬直	コウチョク	4331	stiffening; rigidity; rigor; stiffness; ossification; petrification
病	ヤマイ	4332	illness; disease
高度	コウド	4333	altitude; height; elevation
霊	レイ	4334	soul; spirit; departed soul; ghost
振り下ろす	フリオロス	4335	
頼もしい	タノモシイ	4336	reliable; dependable; trustworthy; reassuring
捜索	ソウサク	4337	search (esp. for someone or something missing); manhunt
意	イ	4338	stomach
好奇心	コウキシン	4339	curiosity; inquisitiveness
言い返す	イイカエス	4340	to talk back; to answer back; to retort; to reply; to respond
戻って来る	モドッテクル	4341	
未だに	イマダニ	4342	
スープ	スープ	4343	
蘇る	ヨミガエル	4344	to be resurrected; to be resuscitated; to be rehabilitated; to be revived; to be refreshed; to be restored
お方	オカタ	4345	
マンション	マンション	4346	
哀れ	アワレ	4347	pity; sorrow; grief; misery; compassion; pathos
駆け出す	カケダス	4348	
別人	ベツジン	4349	different person; another person; someone else; changed man
博士	ハカセ	4350	expert; learned person
派遣	ハケン	4351	dispatch; despatch; deployment
咄嗟に	トッサニ	4352	at once; immediately; instantly; in an instant; quickly; suddenly; on the spur of the moment
あれこれ	アレコレ	4353	this and that; this or that; one thing or another; this way and that
トップ	トップ	4354	
弱る	ヨワル	4355	to weaken; to grow weak; to wane; to decline (of one's health)
掘る	ホル	4356	to dig; to excavate; to hollow
身内	ミウチ	4357	relatives; one's family
体内	タイナイ	4358	interior of the body
独特	ドクトク	4359	peculiarity; uniqueness; characteristic
励ます	ハゲマス	4360	to encourage; to cheer on; to cheer (someone) up
反対側	ハンタイガワ	4361	opposite side; opposition
体温	タイオン	4362	body temperature
お返し	オカエシ	4363	return gift; return favour
座り込む	スワリコム	4364	
気楽	キラク	4365	carefree; comfortable; at ease
入院	ニュウイン	4366	hospitalization; hospitalisation
運	ウン	4367	fortune; luck; chance
腰掛ける	コシカケル	4368	to sit (down)
生意気	ナマイキ	4369	impertinent; saucy; cheeky; impudent; audacious; cocky; pert; brash
ステージ	ステージ	4370	
美味い	ウマイ	4371	skillful; skilful; skilled; good; expert; clever (expression, trick, etc.); apt; appropriate
寄り添う	ヨリソウ	4372	
偉大	イダイ	4373	great; grand; magnificent; outstanding; mighty
目つき	メツキ	4374	look (in someone's eyes); expression (of the eyes); eyes
住民	ジュウミン	4375	inhabitant; resident; citizen; population
都	ト	4376	capital (esp. Kyoto, Japan's former capital); seat of government
よいしょ	ヨイショ	4377	
携帯電話	ケイタイデンワ	4378	mobile phone; cell phone
コート	コート	4379	
風邪	カゼ	4380	(common) cold; influenza; flu; ague; inflammatory respiratory system illness (in general)
力を込める	チカラヲコメル	4381	
あてる	アテル	4382	to assign; to set aside
狩り	カリ	4383	hunting; hunt; shooting
ことによって	コトニヨッテ	4384	via; through; by doing; by means of; using
なんという	ナントイウ	4385	how (beautiful, tasty, etc.); what a ...
やつら	ヤツラ	4386	they; those guys
わがまま	ワガママ	4387	selfish; egoist
うつむく	ウツムク	4388	to hang one's head; to look down; to cast one's eyes downward
４人	ヨニン	4389	four people
なしで	ナシデ	4390	
うつ	ウツ	4391	depression; low spirits
うかがう	ウカガウ	4392	to call on someone; to call at a place; to pay a visit; to wait on someone
かぎり	カギリ	4393	limit; limits; bounds
今のうち	イマノウチ	4394	
チッ	チッ	4395	tsk; tut; shoot; darn; dang
話し合い	ハナシアイ	4396	discussion; talk; tête-à-tête; conference
振る舞う	フルマウ	4397	to behave; to conduct oneself; to act
うっすら	ウッスラ	4398	
向こう側	ムコウガワ	4399	other side; opposite side; other party
さほど	サホド	4400	
心	シン	4401	heart; mind; spirit; vitality; inner strength
場	ジョウ	4402	place; spot; space
取り囲む	トリカコム	4403	to surround; to crowd around; to gather around; to encircle; to besiege
観念	カンネン	4404	idea; notion; concept; conception
登録	トウロク	4405	registration; accession; register; entry; record; subscription
スイッチ	スイッチ	4406	
殺人	サツジン	4407	murder; homicide; manslaughter
道路	ドウロ	4408	road; highway
殺し	コロシ	4409	murder; killing; murderer
サービス	サービス	4410	
気を遣う	キヲツカウ	4411	
次々に	ツギツギニ	4412	one by one; one after another; successively
斜め	ナナメ	4413	slanting; tilted; sloping; diagonal; oblique
懸命	ケンメイ	4414	eager; earnest; strenuous; fervent; assiduous; with utmost effort
中庭	ナカニワ	4415	courtyard; quadrangle; middle court
有利	ユウリ	4416	advantageous; favourable; better; stronger
夕飯	ユウハン	4417	evening meal; dinner; supper
探索	タンサク	4418	search; lookup; hunt; (item of) research; exploration; investigation
刺さる	ササル	4419	to stick into (of something with a sharp point); to prick; to pierce; to get stuck (in); to lodge (in)
揉む	モム	4420	to rub; to crumple
ぐるぐる	グルグル	4421	(turning) round and round; in circles
履く	ハク	4422	to put on (lower-body clothing, e.g. pants, skirt, footwear); to wear
呪文	ジュモン	4423	
恐る恐る	オソルオソル	4424	fearfully; timidly; nervously; cautiously; gingerly
決まり	キマリ	4425	rule; regulation
誕生	タンジョウ	4426	birth (of a person); nativity
贅沢	ゼイタク	4427	luxury; extravagance
監督	カントク	4428	supervision; control; superintendence; direction
しょ	ショ	4429	various; many; several
すっと	スット	4430	straight; quickly; directly; all of a sudden
職員	ショクイン	4431	staff member; employee; worker; personnel
釣る	ツル	4432	to fish; to angle; to catch
手間	テマ	4433	time; labour; labor; effort
庇う	カバウ	4434	to protect (someone); to look after (e.g. an injured leg); to defend; to cover for; to stand up for; to stick up for
ポーズ	ポーズ	4435	
シーン	シーン	4436	
破れる	ヤブレル	4437	to get torn; to tear; to rip; to break; to wear out
スタイル	スタイル	4438	
ふわふわ	フワフワ	4439	lightly (floating, drifting, etc.); buoyantly
上位	ジョウイ	4440	superior (in rank); top; ranking
なんぞ	ナンゾ	4441	
降り注ぐ	フリソソグ	4442	
色んな	イロンナ	4443	various; a variety of; all sorts of; many (different)
目を逸らす	メヲソラス	4444	
新人	シンジン	4445	newcomer; new figure; new member; recruit; rookie; new talent; new star
気力	キリョク	4446	willpower; energy; vitality
赤ちゃん	アカチャン	4447	baby; infant
突撃	トツゲキ	4448	
死者	シシャ	4449	dead person; (the) deceased; (the) dead; casualties
ペース	ペース	4450	
判明	ハンメイ	4451	becoming clear; coming to light; being ascertained; being identified; being confirmed
明かす	アカス	4452	to pass (the night); to spend
観る	ミル	4453	to see; to look; to watch; to view; to observe
人目	ヒトメ	4454	(public) notice; attention; public eye; public gaze
証言	ショウゲン	4455	testimony; (verbal) evidence
どころ	ドコロ	4456	
なあに	ナアニ	4457	
勢力	セイリョク	4458	influence; power; might; strength; potency; force; energy
中学生	チュウガクセイ	4459	junior high school student; middle school pupil
醜い	ミニクイ	4460	ugly; unattractive; bad-looking
蓋	フタ	4461	cover; lid; cap
思い浮かべる	オモイウカベル	4462	
制する	セイスル	4463	to hold back (e.g. emotions); to rein in (e.g. a horse, unruly people); to bridle
人格	ジンカク	4464	personality; character; individuality; personhood
涙を流す	ナミダヲナガス	4465	
まさしく	マサシク	4466	
兼ねる	カネル	4467	to be unable to; to find difficult (unpleasant, awkward, painful) to do
からすれば	カラスレバ	4468	
曇る	クモル	4469	to get cloudy; to cloud over; to become overcast
上着	ウワギ	4470	coat; jacket; outerwear
五分	ゴブ	4471	half; 50%
中途半端	チュウトハンパ	4472	halfway; half measures; unfinished; incomplete; by halves; half-baked; half-cocked; half-hearted; half-arsed; half-assed
緊急	キンキュウ	4473	urgency; emergency
決心	ケッシン	4474	determination; resolution
念	ネン	4475	sense; idea; thought; feeling
検査	ケンサ	4476	inspection (e.g. customs, factory); examination; test; check; scan (e.g. MRI, PET); audit
運転	ウンテン	4477	operation (of a machine); running; working
解散	カイサン	4478	breaking up (a meeting, gathering, etc.); dispersal (e.g. of a crowd)
不利	フリ	4479	disadvantage; handicap; unfavorable position
スペース	スペース	4480	
凝視	ギョウシ	4481	stare; gaze; fixation
何かと	ナニカト	4482	one way or another; in many ways; in various ways
象徴	ショウチョウ	4483	symbol (of something abstract); emblem; (symbolic) representation
支払う	シハラウ	4484	to pay
焦り	アセリ	4485	impatience
絶える	タエル	4486	to die out; to peter out; to become extinct
横から	ヨコカラ	4487	
かわす	カワス	4488	to exchange (messages, greetings, arguments, etc.)
いっしょに	イッショニ	4489	together (with)
迷惑をかける	メイワクヲカケル	4490	
あきらめる	アキラメル	4491	to give up; to abandon (hope, plans); to resign oneself (to)
１日	イチニチ	4492	one day
よーし	ヨーシ	4493	alright; all right; right on; looking good; OK; okay
というわけだ	トイウワケダ	4494	
まわり	マワリ	4495	circumference; girth
いやらしい	イヤラシイ	4496	unpleasant; disagreeable; nasty
よこす	ヨコス	4497	to send; to forward
嘘をつく	ウソヲツク	4498	
なんとかなる	ナントカナル	4499	
打ち合わせ	ウチアワセ	4500	(preparatory) meeting; briefing session; (making) advance arrangements
一	ヒト	4501	one
公	コウ	4503	you; buddy; pal
飛び降りる	トビオリル	4504	to jump down; to leap down; to jump off; to leap off
顔を覗く	カオヲノゾク	4505	
挑発	チョウハツ	4506	provocation; stirring up; arousal; excitement; stimulation
帰還	キカン	4507	return (home); repatriation
欠片	カケラ	4508	fragment; broken piece; chip; splinter; shard
否	イイエ	4509	no; the noes
コンビニ	コンビニ	4510	
秘める	ヒメル	4511	to hide; to keep to oneself
反射	ハンシャ	4512	reflection; reverberation
本部	ホンブ	4513	headquarters; head office; main office
泥	ドロ	4514	mud; (wet) dirt
化粧	ケショウ	4515	make-up; makeup; cosmetics
惚れる	ホレル	4516	to fall in love (with); to fall for; to become enamored (with); to be taken (with)
踏み出す	フミダス	4517	
くぐる	クグル	4518	to go under; to pass under; to go through; to pass through
可哀想	カワイソウ	4519	poor; pitiable; pathetic; pitiful
目に遭う	メニアウ	4520	
世話になる	セワニナル	4521	
機嫌	キゲン	4522	humour; humor; temper; mood; spirits
分厚い	ブアツイ	4523	
無関係	ムカンケイ	4524	unrelated
昼休み	ヒルヤスミ	4525	lunch break; noon recess; noon rest period
そんな中	ソンナナカ	4526	wherein; therein; thereinto
何一つ	ナニヒトツ	4527	
切ない	セツナイ	4528	painful; heartrending; trying
すらも	スラモ	4529	
政治	セイジ	4530	politics; government
ダンス	ダンス	4531	
層	ソウ	4532	koto (13-stringed Japanese zither)
警告	ケイコク	4533	warning; caution; admonition
着地	チャクチ	4534	landing (on the ground)
旧	キュウ	4535	old; former; ex-
アピール	アピール	4536	
満面	マンメン	4537	the whole face
嗅ぐ	カグ	4538	to sniff; to smell
方角	ホウガク	4539	direction; way
息をつく	イキヲツク	4540	
温度	オンド	4541	temperature
投げ出す	ナゲダス	4542	to throw down; to throw out; to stretch out (one's legs)
独り言	ヒトリゴト	4543	soliloquy; monologue; speaking to oneself
悪夢	アクム	4544	nightmare; bad dream
位	クライ	4545	approximately; about; around; or so
傘	カサ	4546	umbrella; parasol
カレー	カレー	4547	
もう一回	モウイッカイ	4548	
苦しめる	クルシメル	4549	to torment; to pain; to inflict (physical) pain; to hurt
ぽつり	ポツリ	4550	
異変	イヘン	4551	unusual event; strange occurrence; strange phenomenon; something abnormal; change (for the worse); accident; disaster
市民	シミン	4552	citizen (of a country); citizenry
在る	アル	4553	to be; to exist; to live
陰	カゲ	4554	shade; shadow
眼前	ガンゼン	4555	
迎えに来る	ムカエニクル	4556	
説	セツ	4557	theory; doctrine
職	ショク	4558	job; work; employment; occupation; position
こする	コスル	4559	to rub; to scrub; to scrape
合格	ゴウカク	4560	passing (an exam); pass; success; passing grade
クリア	クリア	4561	
敷地	シキチ	4562	site; plot; lot; grounds
限定	ゲンテイ	4563	limit; restriction
喰う	クウ	4564	to eat
一角	イッカク	4565	corner; section; point; part
取り込む	トリコム	4566	to take in; to bring in; to adopt (e.g. behaviour); to introduce
思い返す	オモイカエス	4567	
じみる	ジミル	4568	
お疲れ様	オツカレサマ	4569	thank you (for your hard work); good work
力を入れる	チカラヲイレル	4570	
意地	イジ	4571	stubbornness; obstinacy; willpower; pride
あるらしい	アルラシイ	4572	
紫	ムラサキ	4573	purple; violet
使命	シメイ	4574	mission; errand
追い込む	オイコム	4575	to herd; to drive; to chase; to corral
あからさま	アカラサマ	4576	
興味を持つ	キョウミヲモツ	4577	
結婚式	ケッコンシキ	4578	marriage ceremony; wedding; nuptials
におい	ニオイ	4579	smell; scent; odour; odor; stench
引き返す	ヒキカエス	4580	to turn back; to go back; to come back; to return; to retrace one's steps
お断り	オコトワリ	4581	
ただただ	タダタダ	4582	
わかりやすい	ワカリヤスイ	4583	
こらえる	コラエル	4584	
かう	カウ	4585	
もしや	モシヤ	4586	
いわば	イワバ	4587	so to speak; so to call it; as it were; in a sense
やさしい	ヤサシイ	4588	easy; plain; simple
まわる	マワル	4589	to turn; to rotate; to revolve; to spin
ひく	ヒク	4590	to pull; to tug; to lead (e.g. a horse)
いでる	イデル	4591	
あの方	アノカタ	4592	that gentleman; that lady; he; she
こととなる	コトトナル	4593	
ばれる	バレル	4594	to leak out (of a secret); to come out; to be exposed (of a lie, improper behaviour, etc.); to be found out; to be discovered
真っ暗	マックラ	4595	pitch-dark; pitch-black; completely dark
うわー	ウワー	4596	
どなた	ドナタ	4597	who
多すぎる	オオスギル	4598	
子たち	コタチ	4599	
マズイ	マズイ	4600	bad(-tasting); unpalatable; unsavoury; unsavory; awful; terrible; unpleasant
臭い	ニオイ	4601	smell; scent; odour; odor; stench
お待たせしました	オマタセシマシタ	4602	thank you for waiting; sorry to have kept you waiting
熊	クマ	4603	bear (any mammal of family Ursidae)
放棄	ホウキ	4604	abandonment; renouncement; renunciation; resignation; abdication; surrender; relinquishing; waiving; giving up
芝居	シバイ	4605	play; drama
水面	スイメン	4606	water's surface
お別れ	オワカレ	4607	
無くなる	ナクナル	4608	to be lost (e.g. luggage); to be missing
群	グン	4609	group; bunch; crowd; throng; swarm; band; herd; school (of fish)
振り	フリ	4610	swing; shake; sweep; wave; wag
損	ソン	4611	loss; damage; harm; unprofitable
匂いがする	ニオイガスル	4612	
高速	コウソク	4613	high-speed; rapid; express
瓶	ビン	4614	bottle; jar; decanter; flagon; phial; vial
お気に入り	オキニイリ	4615	favorite; favourite; pet (e.g. teacher's pet)
吸収	キュウシュウ	4616	absorption; suction; attraction
一個	イッコ	4617	one (thing); one piece; one item
段	ダン	4618	step; stair; rung; (flight of) steps
憎い	ニクイ	4619	hateful; detestable; abominable; vexing; provoking
進化	シンカ	4620	evolution
ふわり	フワリ	4621	softly; gently; lightly
乱す	ミダス	4622	to throw into disorder; to disarrange; to disturb (order, peace, etc.); to corrupt (public morals); to dishevel (hair)
集合	シュウゴウ	4623	meeting up; gathering; assembly
抜き	ヌキ	4624	leaving out; omitting; skipping; dispensing with
息を吐く	イキヲハク	4625	
煽る	アオル	4626	to fan (oneself, flames, etc.)
油	アブラ	4627	oil
瞼	マブタ	4628	eyelid
混ざる	マザル	4629	to be mixed; to be blended with; to associate with; to mingle with; to join
繰り出す	クリダス	4630	to draw (a thread); to let out (e.g. a rope)
年下	トシシタ	4631	younger; junior
初対面	ショタイメン	4632	first meeting; first interview with
同僚	ドウリョウ	4633	coworker; co-worker; colleague; associate
神社	ジンジャ	4634	Shinto shrine
に限って	ニカギッテ	4635	particularly; only; in the case of
緊張感	キンチョウカン	4636	
敵意	テキイ	4637	hostility; animosity; enmity
墓	ハカ	4638	grave; gravesite; tomb
前に進む	マエニススム	4639	
指揮	シキ	4640	command; direction; supervision
解消	カイショウ	4641	cancellation; liquidation; resolution; reduction (e.g. of stress)
劣る	オトル	4642	to be inferior to; to be less good at; to fall behind
頭部	トウブ	4643	head
泡	アワ	4644	bubble; foam; froth; suds; lather; head (on beer)
潜る	モグル	4645	to go under; to pass under; to go through; to pass through
スタート	スタート	4646	
休日	キュウジツ	4647	holiday; day off
持って行く	モッテイク	4648	to take (something) along; to bring with one; to carry (something) away; to bear
涼しい	スズシイ	4649	cool; refreshing
頼り	タヨリ	4650	reliance; dependence
閉ざす	トザス	4651	to shut; to close; to fasten; to lock
披露	ヒロウ	4652	announcement; presentation; demonstration; displaying; showing; introducing; unveiling; revealing; performing
きょとん	キョトン	4653	
優しくする	ヤサシクスル	4654	
卑怯	ヒキョウ	4655	cowardly; craven
干渉	カンショウ	4656	interference; intervention; meddling
スタッフ	スタッフ	4657	
一階	イッカイ	4658	first floor; ground floor
冒険	ボウケン	4659	adventure; venture
親指	オヤユビ	4660	thumb
肘	ヒジ	4661	elbow
立ち尽くす	タチツクス	4662	
何事も	ナニゴトモ	4663	
騒動	ソウドウ	4664	riot; rebellion; turmoil; strife
切り出す	キリダス	4665	
起動	キドウ	4666	startup; booting up; activation; starting (e.g. engine, computer); launch
目当て	メアテ	4667	mark; guide; landmark
繊細	センサイ	4668	dainty; delicate (e.g. fingers); fine; slim
なめる	ナメル	4669	to lick; to lap; to suck
パソコン	パソコン	4670	
衝突	ショウトツ	4671	collision; crash; impact; running into
誰だって	ダレダッテ	4672	
身を乗り出す	ミヲノリダス	4673	
打ち明ける	ウチアケル	4674	to confide; to reveal; to disclose; to lay bare; to speak frankly; to open (one's heart)
自己	ジコ	4675	self; oneself
思惑	オモワク	4676	expectation; anticipation; prediction; forecast; calculations
そうかもしれない	ソウカモシレナイ	4677	
対峙	タイジ	4678	standing facing each other (e.g. mountains, buildings); standing opposite each other
借金	シャッキン	4679	debt; loan; liabilities; borrowing money
遺体	イタイ	4680	(dead) body; corpse; remains
紐	ヒモ	4681	string; cord
惹く	ヒク	4682	to pull; to tug; to lead (e.g. a horse)
同	ドウ	4683	the same; the said
手続き	テツヅキ	4684	procedure; process; proceedings; formalities
すれ違う	スレチガウ	4685	
くすぐったい	クスグッタイ	4686	ticklish
ほとんどない	ホトンドナイ	4687	
とっさに	トッサニ	4688	at once; immediately; instantly; in an instant; quickly; suddenly; on the spur of the moment
こわい	コワイ	4689	scary; frightening; eerie; dreadful
上手くいく	ウマクイク	4690	to go smoothly; to turn out well; to do the trick; to have peaceful relations
お久しぶり	オヒサシブリ	4691	it's been a long time; long time no see
さらす	サラス	4692	to expose (to the sun, public, danger, etc.)
おばあちゃん	オバアチャン	4693	granny; grandma; gran
といわれる	トイワレル	4694	
噴き出す	フキダス	4695	to spout out; to spurt out; to gush out; to jet out
手がかり	テガカリ	4696	clue; lead; key; trail; scent; track
心当たり	ココロアタリ	4697	having in mind; happening to know (of); idea (of); inkling
面倒くさい	メンドウクサイ	4698	bothersome; tiresome; bother to do
すばらしい	スバラシイ	4699	wonderful; splendid; magnificent; amazing; superb
いたい	イタイ	4700	
高	タカ	4702	quantity; amount; volume; number; amount of money
概念	ガイネン	4703	general idea; concept; notion
に決まっている	ニキマッテイル	4704	
日本語	ニホンゴ	4705	Japanese (language)
余	ヨ	4706	
潤む	ウルム	4707	to be wet (with tears); to be moist
嘆く	ナゲク	4708	to lament; to grieve; to regret
力が抜ける	チカラガヌケル	4709	
幼い頃	オサナイコロ	4710	
殺害	サツガイ	4711	killing; murder
招待	ショウタイ	4712	invitation
決着	ケッチャク	4713	conclusion; decision; end; settlement
放り込む	ホウリコム	4714	
振り上げる	フリアゲル	4715	
黄色い	キイロイ	4716	yellow
尾	オ	4717	tail (of an animal); cauda
お姫様	オヒメサマ	4718	
ペン	ペン	4719	
非	ヒ	4720	fault; error; mistake
不安定	フアンテイ	4721	instability; insecurity; crankiness
カップル	カップル	4722	
快楽	カイラク	4723	pleasure
受け継ぐ	ウケツグ	4724	to inherit; to succeed; to take over
撤退	テッタイ	4725	evacuation; withdrawal; revocation; repeal; retreat
相性	アイショウ	4726	affinity; compatibility; chemistry (between people)
遭う	アウ	4727	to meet; to encounter; to see
一度だけ	イチドダケ	4728	
最期	サイゴ	4729	one's last moment; one's death; one's end
スーツ	スーツ	4730	
なくても	ナクテモ	4731	
決定的	ケッテイテキ	4732	definite; final; decisive; conclusive
要請	ヨウセイ	4733	appeal; call for something; request; claim; demand
配慮	ハイリョ	4734	consideration; concern; attention; thoughtfulness; making arrangements; care; trouble
員	イン	4735	member
義理	ギリ	4736	duty; sense of duty; honor; honour; decency; courtesy; debt of gratitude; social obligation
理論	リロン	4737	theory
ぶる	ブル	4738	
まして	マシテ	4739	still more; to say nothing of; not to mention
物騒	ブッソウ	4740	dangerous; unsettled; troubled; disturbed; insecure
連れ出す	ツレダス	4741	
一晩	ヒトバン	4742	one night; one evening
ぎこちない	ギコチナイ	4743	awkward; clumsy; stiff; crude; unrefined; constrained
鳴り響く	ナリヒビク	4744	
友情	ユウジョウ	4745	friendship; fellowship; camaraderie
ライバル	ライバル	4746	
緑色	ミドリイロ	4747	green; green color
留守	ルス	4748	absence; being away from home
二度目	ニドメ	4749	
如く	ゴトク	4750	
さっと	サット	4751	quickly (esp. actions)
見に来る	ミニクル	4752	
ＯＫ	オッケー	4753	OK; okay
アドバイス	アドバイス	4754	
冷蔵庫	レイゾウコ	4755	refrigerator; fridge
優勝	ユウショウ	4756	overall victory; championship; winning the title
気遣い	キヅカイ	4757	consideration; concern; fear; worry; solicitude
不要	フヨウ	4758	unnecessary; unneeded
青ざめる	アオザメル	4759	to become pale; to turn pale
章	ショウ	4760	chapter; section
現に	ゲンニ	4761	actually; really
凍る	コオル	4762	to freeze; to become frozen; to freeze over
吹き飛ぶ	フキトブ	4763	to be blown off; to blow off; to blow away
気にしないで	キニシナイデ	4764	
覚醒	カクセイ	4765	waking up; awakening; arousal; revival
サポート	サポート	4766	
裂く	サク	4767	to tear; to rip up
止む	ヤム	4768	to cease; to stop; to be over
たった一人	タッタヒトリ	4769	
着ける	ツケル	4770	to attach; to join; to connect; to add; to append; to affix; to stick; to glue; to fasten; to sew on; to apply (ointment); to put against
退く	シリゾク	4771	to step back; to move back; to retreat
本体	ホンタイ	4772	substance; true form; true character
地点	チテン	4773	spot; point; place; position
素振り	ソブリ	4774	
きっぱり	キッパリ	4775	clearly; plainly; distinctly; decisively; flatly; definitely; resolutely
大騒ぎ	オオサワギ	4776	clamour; clamor; uproar; tumult; furore; furor
存じる	ゾンジル	4777	to know; to be aware (of); to be acquainted (with)
初日	ショニチ	4778	first day; opening day
年頃	トシゴロ	4779	approximate age; apparent age
持って来る	モッテクル	4780	to bring (something); to take along; to fetch; to get
独立	ドクリツ	4781	independence; self-reliance; supporting oneself; being on one's own
効率	コウリツ	4782	efficiency
陽	ヒ	4783	(the) positive
さる	サル	4785	"last ... (e.g. ""last April"")"
そこで	ソコデ	4786	so; accordingly; now; then; thereupon; therefore
弱々しい	ヨワヨワシイ	4787	
やむ	ヤム	4788	to cease; to stop; to be over
投げつける	ナゲツケル	4789	
絶対に	ゼッタイニ	4790	absolutely; definitely; unconditionally
死に	シニ	4791	
考えてみれば	カンガエテミレバ	4792	if you think about it; come to think of it
いい感じ	イイカンジ	4793	
まとう	マトウ	4794	
あるだけ	アルダケ	4795	
ケガ	ケガ	4796	injury; wound
ご迷惑	ゴメイワク	4797	
眉をひそめる	マユヲヒソメル	4798	
こん	コン	4799	
なんというか	ナントイウカ	4800	how should I put it?; what shall I say?; well, you know; like
物体	ブッタイ	4801	object; body; solid
差し上げる	サシアゲル	4802	to lift up; to hold up; to raise
交流	コウリュウ	4803	exchange (e.g. cultural); interchange; interaction; mingling; mixing; coming together
仕込む	シコム	4804	
なぞる	ナゾル	4805	
収穫	シュウカク	4806	harvest; crop; ingathering
直撃	チョクゲキ	4807	direct hit
各地	カクチ	4808	each place; every place; various places; all parts (of the country, world, etc.)
拠点	キョテン	4809	base (of operations); site; location; center; foothold; stronghold; (strategic) position
四つ	ヨッツ	4810	four; 4
アイドル	アイドル	4811	
急速	キュウソク	4812	rapid (e.g. progress)
キッチン	キッチン	4813	
欲	ヨク	4814	greed; craving; desire; appetite; hunger; avarice; wants
最低限	サイテイゲン	4815	minimum
へん	ヘン	4816	change
久々	ヒサビサ	4817	(in a) long time; long time (ago); while (ago); long ago; long while (ago); (in a) long while
国内	コクナイ	4818	within the country; inside the county; domestic; home; internal
樹	キ	4819	tree; shrub; bush
無防備	ムボウビ	4820	
兄妹	ケイマイ	4821	
浮気	ウワキ	4822	extramarital sex; affair; fooling around
すっきり	スッキリ	4823	refreshingly; with a feeling of relief; pleasantly; (a weight) off one's shoulder
眠り	ネムリ	4824	sleep; sleeping
一行	イッコウ	4825	party; group; troop; company
放送	ホウソウ	4826	broadcasting; broadcast; program; announcement
花火	ハナビ	4827	fireworks
きゃあ	キャア	4828	
金額	キンガク	4829	amount of money; sum
天気	テンキ	4830	weather
浸る	ヒタル	4831	to be soaked in; to be flooded; to be submerged
心地	ココチ	4832	feeling; sensation; mood
プール	プール	4833	
店主	テンシュ	4834	shopkeeper; storekeeper; proprietor of a shop
無用	ムヨウ	4835	useless; futile
らか	ラカ	4836	
情熱	ジョウネツ	4837	passion; enthusiasm; zeal
瞬時	シュンジ	4838	instant; moment; (split) second; (in a) flash; (in the) blink of an eye
歩み	アユミ	4839	walking
洗濯	センタク	4840	washing; laundry
毎回	マイカイ	4841	every time; each round
ジュース	ジュース	4842	
道理	ドウリ	4843	reason; logic; sense; truth; right
元に戻る	モトニモドル	4844	
同級生	ドウキュウセイ	4845	classmate
相手をする	アイテヲスル	4846	
嫌がらせ	イヤガラセ	4847	harassment; pestering
うんざり	ウンザリ	4848	tedious; boring; being fed up with
結末	ケツマツ	4849	end; conclusion
一刻も早く	イッコクモハヤク	4850	
滞在	タイザイ	4851	stay; sojourn
ふらふら	フラフラ	4852	unsteadily (e.g. on one's feet); shakily; staggering; tottering; reeling; dizzily; giddily
通過	ツウカ	4853	passing through (a tunnel, station, town, etc.); passing by (e.g. of a typhoon); transit
落ち着ける	オチツケル	4854	
なんてこと	ナンテコト	4855	
読み取る	ヨミトル	4856	
文	ブン	4857	sentence
であれ	デアレ	4858	
紅	クレナイ	4859	deep red; crimson
動機	ドウキ	4860	motive; incentive
一通り	ヒトトオリ	4861	generally; in the main; briefly (look over, explain, etc.); roughly; more or less
末	スエ	4862	end; tip; top
特有	トクユウ	4863	characteristic (of); peculiar (to)
演奏	エンソウ	4864	musical performance
後を追う	アトヲオウ	4865	
誘拐	ユウカイ	4866	abduction; kidnapping; kidnaping
放り出す	ホウリダス	4867	
順番	ジュンバン	4868	order; turn
イケメン	イケメン	4869	good-looking guy; handsome man; hunk; Adonis; cool guy
無礼	ブレイ	4870	rudeness; impoliteness; discourtesy; insolence
澄む	スム	4871	to become clear (water, air, etc.); to become transparent
じゃう	ジャウ	4872	to do completely
距離を取る	キョリヲトル	4873	
何気ない	ナニゲナイ	4874	casual; unconcerned; nonchalant; indifferent; offhand
信仰	シンコウ	4875	(religious) faith; belief; creed
お土産	オミヤゲ	4876	local specialty or souvenir bought as a gift while traveling (travelling)
発射	ハッシャ	4877	firing (esp. a rocket or missile); launching; shooting; discharge; catapult
小娘	コムスメ	4878	
そうすると	ソウスルト	4879	having done that; if that is done; if it is done in that way
上半身	ジョウハンシン	4880	upper half of the body; upper body
荒れる	アレル	4881	to become stormy; to become rough (of the sea)
リアル	リアル	4882	
滅びる	ホロビル	4883	to go to ruin; to go under; to fall; to be destroyed; to die out; to become extinct; to perish
行方不明	ユクエフメイ	4884	missing (of a person); lost; unaccounted for; whereabouts unknown
いくつ	イクツ	4885	how many
仕組み	シクミ	4886	structure; construction; arrangement; contrivance; mechanism; workings
だれ	ダレ	4887	who
ハッキリ	ハッキリ	4888	clearly; plainly; distinctly
３日	ミッカ	4889	3rd day of the month
どっちも	ドッチモ	4890	both
向かい合う	ムカイアウ	4891	
２人とも	フタリトモ	4892	both (people); the two of them
なおさら	ナオサラ	4893	still more; even more; all the more
ついていく	ツイテイク	4894	to accompany; to follow; to keep up with
しかたない	シカタナイ	4895	there's no (other) way
目をやる	メヲヤル	4896	
あわてる	アワテル	4897	to become confused (disconcerted, disorganized, disorganised); to be flustered; to panic
かといって	カトイッテ	4898	having said that; on the other hand; (but) then; (but) still
良く	ヨク	4899	nicely; properly; well; skillfully; skilfully
後ろ姿	ウシロスガタ	4900	(a person's) appearance from behind; person as seen from behind; back view; retreating figure
弾	ダン	4901	ball; sphere; globe; orb
位	イ	4902	rank; place (e.g. first place)
愛しい	イトシイ	4903	lovely; dear; beloved; darling; dearest
リボン	リボン	4904	
片隅	カタスミ	4905	corner; nook
大規模	ダイキボ	4906	large-scale
コントロール	コントロール	4907	
館	ヤカタ	4908	
巨人	キョジン	4909	giant; great man
よしよし	ヨシヨシ	4910	
この際	コノサイ	4911	
映す	ウツス	4912	to project; to reflect; to cast (shadow)
ものとする	モノトスル	4913	
悲劇	ヒゲキ	4914	tragedy; tragic drama; tragic play
見学	ケンガク	4915	inspection; study by observation; field trip; tour; review
整備	セイビ	4916	maintenance; servicing
痛	ツウ	4917	authority; expert; connoisseur; well-informed person
箇所	カショ	4918	place; point; part; spot; area; passage; portion
席を立つ	セキヲタツ	4919	
アパート	アパート	4920	
文字通り	モジドオリ	4921	literally; to the letter
全滅	ゼンメツ	4922	total destruction; complete destruction; annihilation; being wiped out
不愉快	フユカイ	4923	unpleasant; disagreeable; displeasing; uncomfortable; unhappy
鈴	スズ	4924	bell (often globular)
小僧	コゾウ	4925	youngster; boy; kid; brat; lad
取材	シュザイ	4926	gathering material (for an article, novel, etc.); collecting information; covering (an event, incident, etc.); reporting; interview (for a news story)
余る	アマル	4927	to remain; to be left over; to be in excess; to be too many
乾杯	カンパイ	4928	cheers; bottoms-up; prosit
太る	フトル	4929	to put on weight; to gain weight; to grow fat; to get stout
または	マタハ	4930	or; either ... or ...
ありゃ	アリャ	4931	
知恵	チエ	4932	wisdom; wit; sagacity; sense; intelligence
習慣	シュウカン	4933	habit
溺れる	オボレル	4934	to struggle in the water; to sink below the surface and become unable to breathe; to (nearly) drown
耳を傾ける	ミミヲカタムケル	4935	
ピンク	ピンク	4936	
次回	ジカイ	4937	next time (occasion)
弾む	ハズム	4938	to spring; to bound; to bounce
長い間	ナガイアイダ	4939	long time; long interval; for quite some time
パワー	パワー	4940	
申し訳ございません	モウシワケゴザイマセン	4941	
観客	カンキャク	4942	spectator; audience
一員	イチイン	4943	one person; one member
引き起こす	ヒキオコス	4944	to cause; to induce; to bring about; to provoke
割と	ワリト	4945	comparatively; relatively; fairly; rather; pretty; unexpectedly
阻止	ソシ	4946	obstruction; prevention; hindrance; check; blocking; stopping
圧倒	アットウ	4947	to overwhelm (e.g. an opponent); to overpower; to crush; to defeat completely
真相	シンソウ	4948	truth; real situation
一家	イッカ	4949	a family; a household; a home; one's family; whole family
ビール	ビール	4950	
外国	ガイコク	4951	foreign country
情	ジョウ	4952	feelings; emotion; sentiment
一礼	イチレイ	4953	example; an instance
面々	メンメン	4954	every person; each one; everybody
企画	キカク	4955	planning; plan; project; arrangements
何しろ	ナニシロ	4956	in any case; at any rate; anyhow; anyway; as you know; for you see; particularly
諸君	ショクン	4957	you (people)
来週	ライシュウ	4958	next week
やり直す	ヤリナオス	4959	to do over again; to redo; to start over; to remake; to resume; to recommence
お部屋	オヘヤ	4960	
お呼び	オヨビ	4961	
華やか	ハナヤカ	4962	bright and beautiful; gorgeous; showy; brilliant; splendid; gay; colorful; flowery
企業	キギョウ	4963	enterprise; business; company; corporation
さえあれば	サエアレバ	4964	if only (you) have; as long as (you) have; whenever (you) have
腹が立つ	ハラガタツ	4965	
手入れ	テイレ	4966	care; looking after; repair; maintenance; tending; trimming; grooming
遊びに来る	アソビニクル	4967	
さようなら	サヨウナラ	4968	farewell; adieu; goodbye; so long
お祝い	オイワイ	4969	congratulation; congratulations; celebration; festival
極端	キョクタン	4970	extreme; extremity
一緒になる	イッショニナル	4971	
本に	ホンニ	4972	
呼び止める	ヨビトメル	4973	
急激	キュウゲキ	4974	sudden; abrupt; rapid; sharp; drastic; radical
何百	ナンビャク	4975	hundreds
下半身	カハンシン	4976	lower half of the body; nether parts
うるせえ	ウルセエ	4977	
左腕	サワン	4978	left arm
かなー	カナー	4979	I wonder
すう	スウ	4980	
いくらなんでも	イクラナンデモ	4981	
ろくに	ロクニ	4982	(not) well; (not) properly; (not) enough; (not) sufficiently; (not) satisfactorily; (not) decently
あな	アナ	4983	hole; opening; orifice; perforation
時間をかける	ジカンヲカケル	4984	
かばう	カバウ	4985	to protect (someone); to look after (e.g. an injured leg); to defend; to cover for; to stand up for; to stick up for
ためらう	タメラウ	4986	to hesitate; to waver
もしかすると	モシカスルト	4987	perhaps; possibly; maybe; by some chance
こないだ	コナイダ	4988	
いかなる	イカナル	4989	
打ち込む	ウチコム	4990	to drive in (a nail, stake, etc.); to hammer in
バカにする	バカニスル	4991	
キツい	キツイ	4992	tough; hard; severe; demanding; harsh
ヶ月	カゲツ	4993	counter for months
どのくらい	ドノクライ	4994	how long; how far; how much
ところが	トコロガ	4995	even so; however; still; whereupon; even though; nevertheless; on the contrary; as a matter of fact; despite
いささか	イササカ	4996	a little; a bit; somewhat; slightly; rather
えーっと	エーット	4997	let me see; well; errr ...; uhh ...
いやー	イヤー	4998	
ほれ	ホレ	4999	look!; see!; here!; there!; hey!
こんなふうに	コンナフウニ	5000	
開ける	ヒラケル	5001	to open out (of a view, scenery, etc.); to spread out; to become clear (of a road, visibility, etc.); to open up
十数	ジュウスウ	5002	
強制	キョウセイ	5003	compulsion; coercion; forcing (to do); enforcement
立ち向かう	タチムカウ	5004	
機関	キカン	5005	engine
上等	ジョウトウ	5006	superior; first-class; excellent; top quality
迫力	ハクリョク	5007	impressiveness; impact; force; intensity; presence; appeal; strength; punch; edge; vigor
箸	ハシ	5008	chopsticks
託する	タクスル	5009	
身構える	ミガマエル	5010	
黙り込む	ダマリコム	5011	
開催	カイサイ	5012	holding (a conference, exhibition, etc.); opening; hosting (e.g. the Olympics)
物事	モノゴト	5013	things; everything
に従い	ニシタガイ	5014	
製	セイ	5015	make; manufacture; -made; made of ...; made in ...
渦	ウズ	5016	whirlpool; swirl; eddy; vortex; maelstrom
気にするな	キニスルナ	5017	
留める	トメル	5018	to stop; to turn off
馴染む	ナジム	5019	to become familiar with; to get used to; to become accustomed to; to adapt oneself to; to become attached to; to become friendly with
突如	トツジョ	5020	suddenly; all of a sudden; unexpectedly
駆け抜ける	カケヌケル	5021	
束	タバ	5022	bundle; bunch; sheaf
両者	リョウシャ	5023	pair; the two; both persons; both things
営業	エイギョウ	5024	business; trade; operations
口を挟む	クチヲハサム	5025	
何だって	ナンダッテ	5026	
尋常	ジンジョウ	5027	common; usual
どうにかなる	ドウニカナル	5028	
脳内	ノウナイ	5029	
くるり	クルリ	5030	
絶句	ゼック	5031	being lost for words; becoming speechless
辺	ヘン	5032	area; vicinity; region
痙攣	ケイレン	5033	
神聖	シンセイ	5034	holiness; sacredness; sanctity; dignity
採用	サイヨウ	5035	use; adoption; acceptance
些細	ササイ	5036	trivial; trifling; slight; insignificant
とは限らない	トハカギラナイ	5037	not necessarily so; is not always true; there is no guarantee that ...; there is no telling
考慮	コウリョ	5038	consideration; taking into account
駆る	カル	5039	to spur on; to urge forward; to impel
赤ん坊	アカンボウ	5040	baby; infant
本質	ホンシツ	5041	essence; true nature; substance; reality
オーラ	オーラ	5042	
そういうことか	ソウイウコトカ	5043	
憎しみ	ニクシミ	5044	hatred
誘惑	ユウワク	5045	temptation; allurement; lure; enticement; seduction
がっかり	ガッカリ	5046	to be disappointed; to be dejected; to be downhearted; to be discouraged; to be disheartened; to lose heart; to feel let down
体格	タイカク	5047	build; physique; frame; constitution
州	シュウ	5048	state (of the US, Australia, India, Germany, etc.); province (e.g. of Canada); county (e.g. of the UK); region (e.g. of Italy); canton; oblast
一瞥	イチベツ	5049	
露骨	ロコツ	5050	open; unconcealed; undisguised; blatant; plain; frank
生地	キジ	5051	cloth; fabric; material; texture
擦る	スル	5052	to rub; to chafe; to strike (match); to file; to frost (glass)
人材	ジンザイ	5053	capable person; talented person
運営	ウンエイ	5054	management; administration; operation
何事か	ナニゴトカ	5055	
出来	デキ	5056	workmanship; craftsmanship; execution; finish
着物	キモノ	5057	kimono; Japanese traditional clothing (esp. full-length)
作り上げる	ツクリアゲル	5058	to build up; to complete; to construct; to create; to put together
歪める	ユガメル	5059	
再	サイ	5060	re-; again
結果的	ケッカテキ	5061	
獲得	カクトク	5062	acquisition; possession
上回る	ウワマワル	5063	to exceed (esp. figures: profits, unemployment rate, etc.); to surpass; to be more than; to be better than
突進	トッシン	5064	rush; dash; charge
資金	シキン	5065	funds; capital
降ろす	オロス	5066	to take down; to bring down; to lower (a hand, flag, shutter, etc.); to drop (an anchor, curtain, etc.); to let down (hair); to launch (a boat)
猿	サル	5067	monkey (esp. the Japanese macaque, Macaca fuscata); ape; non-human primate
チャイム	チャイム	5068	
称する	ショウスル	5069	to call; to name
爽やか	サワヤカ	5070	fresh; refreshing; invigorating; pleasant; delightful
崖	ガケ	5071	cliff; precipice
正気	ショウキ	5072	
くむ	クム	5073	to draw (water); to ladle; to dip up; to scoop up; to pump
くすぐる	クスグル	5074	to tickle
癒す	イヤス	5075	
生まれ	ウマレ	5076	birth; birthplace
へー	ヘー	5077	
見出す	ミイダス	5078	to find out; to discover; to notice; to detect
つき	ツキ	5079	desk
わざとらしい	ワザトラシイ	5080	
ってね	ッテネ	5081	
だます	ダマス	5082	to trick; to cheat; to deceive; to swindle; to dupe
ましてや	マシテヤ	5083	
ぞう	ゾウ	5084	
仕掛け	シカケ	5085	device; contrivance; mechanism; gadget
割に	ワリニ	5086	comparatively; relatively; fairly; rather; pretty; unexpectedly
受付	ウケツケ	5087	reception (desk); information desk; receptionist; information clerk
のる	ノル	5088	to get on (train, plane, bus, ship, etc.); to get in; to board; to take; to embark
膝をつく	ヒザヲツク	5089	
こと自体	コトジタイ	5090	
からといって	カラトイッテ	5091	
しる	シル	5092	juice; sap
当然のこと	トウゼンノコト	5093	
ていい	テイイ	5094	
一つ一つ	ヒトツヒトツ	5095	one-by-one; separately; in detail
もむ	モム	5096	to rub; to crumple
あわせる	アワセル	5097	to match (rhythm, speed, etc.)
引きつる	ヒキツル	5098	to have a cramp; to twitch; to spasm
そん	ソン	5099	
しき	シキ	5100	the four seasons
印	シルシ	5101	mark; sign
センス	センス	5102	folding fan
耳に入る	ミミニハイル	5103	
案の定	アンノジョウ	5104	as expected; just as one thought; as feared; sure enough
悪化	アッカ	5105	deterioration; getting worse; worsening; aggravation; degeneration; corruption
数時間	スウジカン	5106	a few hours; several hours; a couple of hours
繰り広げる	クリヒロゲル	5107	to unfold; to unroll; to open
気軽	キガル	5108	carefree; buoyant; lighthearted; sprightly
目を輝かす	メヲカガヤカス	5109	
過程	カテイ	5110	process; course; mechanism
泣き出す	ナキダス	5111	
前髪	マエガミ	5112	forelock; bangs
重み	オモミ	5113	weight
出してくれる	ダシテクレル	5114	
武装	ブソウ	5115	arms; armament; taking up arms; arming oneself
ほらほら	ホラホラ	5116	
ニヤニヤ	ニヤニヤ	5117	grinning; smirking
一層	イッソウ	5118	even more; still more; all the more; more than ever
恥	ハジ	5119	shame; embarrassment; disgrace
肩を落とす	カタヲオトス	5120	
たげる	タゲル	5121	
よくする	ヨクスル	5122	
語	ゴ	5123	word; term
泉	イズミ	5124	spring; fountain
深める	フカメル	5125	to deepen; to heighten; to intensify
通	ツウ	5126	authority; expert; connoisseur; well-informed person
宗教	シュウキョウ	5127	religion; religious affiliation; belief; faith; creed
指示を出す	シジヲダス	5128	
モード	モード	5129	
路地	ロジ	5130	alley; alleyway; lane
未知	ミチ	5131	not yet known; unknown; strange
副	フク	5132	assistant; associate; vice-; sub-; deputy; substitute; auxiliary; supplementary; additional; collateral
憎悪	ゾウオ	5133	hatred; abhorrence; loathing; detestation
傷口	キズグチ	5134	(opening of a) wound; cut
力を貸す	チカラヲカス	5135	
この場合	コノバアイ	5136	
思想	シソウ	5137	thought; idea; ideology
遊びに行く	アソビニイク	5138	
ストレス	ストレス	5139	
こういった	コウイッタ	5140	this sort of; this type of
手加減	テカゲン	5141	
勤める	ツトメル	5142	to work (for, at, in); to be employed (at); to serve (as)
我ながら	ワレナガラ	5143	
前向き	マエムキ	5144	front-facing
沈める	シズメル	5145	to sink (e.g. a ship); to submerge
抗う	アラガウ	5146	
幕	マク	5147	curtain
比較	ヒカク	5148	comparison
揺さぶる	ユサブル	5149	to shake; to jolt; to rock; to swing; to sway
傾ける	カタムケル	5150	to incline; to lean; to tip; to tilt; to slant; to bend; to list
広大	コウダイ	5151	vast; extensive; immense; huge; large; grand; magnificent
無謀	ムボウ	5152	reckless; thoughtless; rash; ill-advised; impulsive; mad (e.g. scheme)
偽物	ニセモノ	5153	spurious article; forgery; counterfeit; imitation; sham
顔を見せる	カオヲミセル	5154	
痕跡	コンセキ	5155	trace; vestige; mark; sign; evidence
殺意	サツイ	5156	intent to kill; intent to murder; urge to kill; murderous impulse
一段	イチダン	5157	even more; still more; much more; further
賑やか	ニギヤカ	5158	bustling; busy; crowded; lively; prosperous; thriving
ベル	ベル	5159	
咳払い	セキバライ	5160	
青白い	アオジロイ	5161	pale; pallid
代物	シロモノ	5162	
教科書	キョウカショ	5163	textbook; coursebook; schoolbook
っぷり	ップリ	5164	
宝	タカラ	5165	treasure
であるから	デアルカラ	5166	
巣	ス	5167	nest; rookery; breeding place; hive
娘さん	ムスメサン	5168	
密着	ミッチャク	5169	close adhesion; sticking firmly (to); being glued (to)
浮かれる	ウカレル	5170	to make merry; to be festive
破滅	ハメツ	5171	ruin; destruction; fall
上品	ジョウヒン	5172	elegant; refined; polished; stylish; sophisticated
赴く	オモムク	5173	to go in the direction of; to proceed toward; to proceed according to; to repair to; to betake oneself to
転がす	コロガス	5174	to roll; to wheel; to trundle; to drive (a car)
ヒント	ヒント	5175	
果て	ハテ	5176	end; extremity; limit
察知	サッチ	5177	to sense; to infer; to gather; to pick up on; to get wind of; to perceive
跳ぶ	トブ	5178	to fly; to soar
広まる	ヒロマル	5179	to spread; to be propagated
奥様	オクサマ	5180	wife; your wife; his wife; married lady; madam
懸念	ケネン	5181	worry; fear; anxiety; concern
中断	チュウダン	5182	interruption; suspension; break
単位	タンイ	5183	unit (e.g. meters, grams, etc.); denomination
妨害	ボウガイ	5184	obstruction; hindrance; blocking; disturbance; interference; interruption; sabotage; jamming (a signal)
犯罪者	ハンザイシャ	5185	criminal; culprit
頼りない	タヨリナイ	5186	unreliable; undependable; indefinite; vague
見返す	ミカエス	5187	to look (stare) back at (someone)
砂糖	サトウ	5188	sugar
にやり	ニヤリ	5189	
べつに	ベツニ	5190	(not) particularly; (not) especially; (not) specially
おのれ	オノレ	5191	oneself (itself, etc.)
興味ない	キョウミナイ	5192	
あらかじめ	アラカジメ	5193	beforehand; in advance; ahead of time; previously
何という	ナントイウ	5194	how (beautiful, tasty, etc.); what a ...
３つ	ミッツ	5195	three
おずおず	オズオズ	5196	
片づける	カタヅケル	5197	to put in order; to tidy up; to clean up; to put away; to clear away
ごはん	ゴハン	5198	cooked rice
きゃっ	キャッ	5199	
さりげない	サリゲナイ	5200	
月	ゲツ	5202	Moon
刹那	セツナ	5204	moment; instant
ついで	ツイデ	5205	opportunity; occasion; chance
二百	ニヒャク	5206	200; two hundred
手を貸す	テヲカス	5207	
潜り込む	モグリコム	5208	
手術	シュジュツ	5209	surgery; operation; procedure
持ち帰る	モチカエル	5210	to take home; to carry home; to bring back home; to take out (e.g. food)
ものですから	モノデスカラ	5211	
生き延びる	イキノビル	5212	
むく	ムク	5213	
早朝	ソウチョウ	5214	early morning
揺らぐ	ユラグ	5215	to swing; to sway; to shake; to tremble
バッグ	バッグ	5216	
対面	タイメン	5217	meeting face-to-face; seeing in person
症状	ショウジョウ	5218	symptoms; condition (of a patient)
動画	ドウガ	5219	video (esp. digital); video clip; clip
毛布	モウフ	5220	blanket
どんだけ	ドンダケ	5221	
散らばる	チラバル	5222	to be scattered about; to disperse; to be littered (with)
市場	シジョウ	5223	market (financial, stock, domestic, etc.); marketplace; exchange
聞き出す	キキダス	5224	
存分	ゾンブン	5225	to one's heart's content; as much as one likes; without reserve; freely; to the full
レース	レース	5226	
微塵	ミジン	5227	particle; atom; little piece
現	ゲン	5228	word; remark; statement
鼻を鳴らす	ハナヲナラス	5229	
アニメ	アニメ	5230	
うっとり	ウットリ	5231	
基礎	キソ	5232	foundation; basis
気を失う	キヲウシナウ	5233	
渦巻く	ウズマク	5234	
週	シュウ	5235	week
共	トモ	5236	together with
濡らす	ヌラス	5237	to wet; to moisten; to dampen; to soak; to dip
芯	シン	5238	wick; marrow; staple (for stapler); (pencil) lead; stuffing; pith
離婚	リコン	5239	divorce
間抜け	マヌケ	5240	stupid; foolish; idiotic; inane
番組	バングミ	5241	program (e.g. TV); programme
膨大	ボウダイ	5242	huge; vast; enormous; colossal; extensive; large
聞き取る	キキトル	5243	to catch (someone's words); to make out; to follow; to understand
訪問	ホウモン	5244	call; visit
薄れる	ウスレル	5245	to fade; to become dim
コップ	コップ	5246	
普段から	フダンカラ	5247	
思い知る	オモイシル	5248	
誇らしい	ホコラシイ	5249	
不自由	フジユウ	5250	discomfort; inconvenience
数百	スウヒャク	5251	several hundred; hundreds (of)
飛び散る	トビチル	5252	
物言い	モノイイ	5253	manner of speaking
居間	イマ	5254	living room (Western style); sitting room
殺気	サッキ	5255	thirst for blood; bloodlust; determination to kill
不器用	ブキヨウ	5256	clumsy; awkward; unskillful
真	マ	5257	truth; reality; genuineness
衣服	イフク	5258	clothes
翌朝	ヨクアサ	5259	next morning
紳士	シンシ	5260	gentleman
他国	タコク	5261	foreign country; another country
駒	コマ	5262	piece (in shogi, chess, etc.)
泥棒	ドロボウ	5263	thief; burglar; robber
すかさず	スカサズ	5264	without a moment's delay; at once; immediately; instantly; promptly; without hesitation
着せる	キセル	5265	to put clothes on (someone); to dress; to clothe
幹部	カンブ	5266	management; (executive) staff; leaders; leadership; top brass; upper echelons
解説	カイセツ	5267	explanation; commentary; exposition; elucidation
彼方	カナタ	5268	beyond; across; the other side; the distance
突き刺す	ツキサス	5269	to stab; to stick; to pierce; to thrust
松	マツ	5270	pine tree (Pinus spp.)
頂点	チョウテン	5271	vertex; apex
思い浮かぶ	オモイウカブ	5272	
美女	ビジョ	5273	beautiful woman
ぐったり	グッタリ	5274	limply; wearily; listlessly; languidly; exhaustedly; unenergetically
港	ミナト	5275	harbour; harbor; port
食欲	ショクヨク	5276	appetite (for food)
圧力	アツリョク	5277	pressure
失望	シツボウ	5278	disappointment; despair
瞬き	マバタキ	5279	
入手	ニュウシュ	5280	acquisition; obtaining; procurement; getting (hold of)
寺	ジ	5281	temple (Buddhist)
ぶつ	ブツ	5282	to hit (someone); to strike; to beat
なんにも	ナンニモ	5283	(not) anything; (nothing) at all; (not) any
力ない	チカラナイ	5284	
問いかけ	トイカケ	5285	
こんばんは	コンバンハ	5286	good evening
はめる	ハメル	5287	to fit (e.g. a pane into a frame); to insert (e.g. a cork); to fasten (a button)
やらかす	ヤラカス	5288	
面持ち	オモモチ	5289	expression; look; countenance; face
わあっ	ワアッ	5290	
さんざん	サンザン	5291	thoroughly; completely; utterly
はずない	ハズナイ	5292	
落ち着き	オチツキ	5293	calmness; composure; presence of mind
仲間たち	ナカマタチ	5294	companions; friends; comrades; mates; partners
生まれてくる	ウマレテクル	5295	
といえど	トイエド	5296	
なにやら	ナニヤラ	5297	something; some kind of
ええっと	エエット	5298	let me see; well; errr ...; uhh ...
つか	ツカ	5299	mound; heap; hillock
かざす	カザス	5300	
本	モト	5301	origin; source; beginning
類	タグイ	5303	kind; sort; type; class; genus; order; family
枠	ワク	5304	frame; framework
不在	フザイ	5305	absence
退治	タイジ	5306	extermination; elimination; eradication; destruction; suppression; subjugation; getting rid of; stamping out; wiping out; rooting out
目を見る	メヲミル	5307	
以後	イゴ	5308	after this; from now on; hereafter
飛行機	ヒコウキ	5309	airplane; aeroplane; plane; aircraft
よっしゃ	ヨッシャ	5310	
サボる	サボル	5311	to be truant; to slack off; to play hooky; to skip school; to cut class; to skip out
震え	フルエ	5312	
処刑	ショケイ	5313	execution
愛らしい	アイラシイ	5314	
血液	ケツエキ	5315	blood
送り込む	オクリコム	5316	to send in
縦	タテ	5317	the vertical; height
科学	カガク	5318	science
さよなら	サヨナラ	5319	goodbye; so long; farewell
丸める	マルメル	5320	to make round; to roll up; to curl up
後退	コウタイ	5321	retreat; falling back; moving backwards; reversing; backing up (of a vehicle); retrogression; retraction
戸惑い	トマドイ	5322	being at sea; losing one's bearings; confusion; wonderment
役に立てる	ヤクニタテル	5323	
ホール	ホール	5324	
関心	カンシン	5325	concern; interest
防衛	ボウエイ	5326	defense; defence; protection
タイトル	タイトル	5327	
アップ	アップ	5328	
頼りになる	タヨリニナル	5329	
双方	ソウホウ	5330	both parties; both sides
夢見る	ユメミル	5331	
図る	ハカル	5332	to plan; to attempt; to devise
区	ク	5333	ward; borough; city (in Tokyo)
ゆったり	ユッタリ	5334	comfortable; easy; calm; relaxed
来たる	キタル	5335	
その上で	ソノウエデ	5336	
試練	シレン	5337	test; trial; ordeal; tribulation
ぐう	グウ	5338	rock (in rock-paper-scissors); stone; fist
登校	トウコウ	5339	attendance (at school); going to school
マーク	マーク	5340	
頂戴	チョウダイ	5341	receiving; getting; accepting; being given
モテる	モテル	5342	to be able to possess (hold, get, etc.)
保存	ホゾン	5343	preservation; conservation; storage; maintenance
的確	テキカク	5344	accurate; precise; exact; appropriate; apt; right
帰り道	カエリミチ	5345	the way back; the way home; return trip
敵う	カナウ	5346	to come true (of a dream, wish, etc.); to be realized; to be fulfilled; to be granted; to be answered (of a prayer); to be requited (of love)
引き裂く	ヒキサク	5347	to tear up; to tear off; to rip up; to tear to pieces
美貌	ビボウ	5348	beautiful face; good looks; beauty
給料	キュウリョウ	5349	salary; wages; pay
数分	スウフン	5350	several minutes; a few minutes
天国	テンゴク	5351	paradise; heaven; Kingdom of Heaven
心強い	ココロヅヨイ	5352	heartening; reassuring
障害	ショウガイ	5353	obstacle; impediment; hindrance; barrier; difficulty
祝う	イワウ	5354	to celebrate; to congratulate; to observe (a festival)
かと思えば	カトオモエバ	5355	
有する	ユウスル	5356	to have; to possess; to own; to be endowed with
まあね	マアネ	5357	
破片	ハヘン	5358	fragment; broken piece; splinter; chip; shard
連携	レンケイ	5359	cooperation; coordination; collaboration; alignment
言われてみれば	イワレテミレバ	5360	
涙目	ナミダメ	5361	
割り込む	ワリコム	5362	to cut into (a line, conversation, etc.); to force oneself into (e.g. a crowd); to wedge oneself into; to squeeze oneself into; to intrude on; to interrupt
エンジン	エンジン	5363	
ずれる	ズレル	5364	to slide; to slip off; to get dislocated; to be out of alignment; to get dislodged; to deviate; to shift (position); to be out of sync; to be slightly off; to be off-point
大して	タイシテ	5365	(not) very; (not) so; (not) very much; (not) particularly; (not) especially
絶望的	ゼツボウテキ	5366	
吐き捨てる	ハキステル	5367	
忠実	チュウジツ	5368	faithful; devoted; loyal; honest; true
拳を握る	コブシヲニギル	5369	
垂らす	タラス	5370	to dribble; to spill
全体に	ゼンタイニ	5371	
消耗	ショウモウ	5372	exhaustion; consumption; using up; dissipation; waste
申し訳なさそう	モウシワケナサソウ	5373	
予約	ヨヤク	5374	reservation; appointment; booking; advance order
欲する	ホッスル	5375	to want; to desire
消え去る	キエサル	5376	
湯気	ユゲ	5377	steam; vapour; vapor
湿る	シメル	5378	to become damp; to become moist; to become wet
ぽかん	ポカン	5379	vacantly; blankly; absentmindedly
頻繁	ヒンパン	5380	frequent; incessant
独自	ドクジ	5381	original; unique; distinctive; characteristic; peculiar
ご褒美	ゴホウビ	5382	reward; prize
くう	クウ	5383	to eat
祈り	イノリ	5384	prayer; supplication
引き継ぐ	ヒキツグ	5385	to take over (someone's duties, business, etc.); to inherit; to succeed to; to carry on (a tradition); to continue
外側	ソトガワ	5386	exterior; outside; outer; external; lateral
力が入る	チカラガハイル	5387	
思案	シアン	5388	careful thought; consideration; deliberation; reflection; rumination; pondering
菓子	カシ	5389	confectionery; sweets; candy; cake
かろうじて	カロウジテ	5390	barely; narrowly; only just; with difficulty
くれぐれも	クレグレモ	5391	sincerely; earnestly; wholeheartedly
驚くほど	オドロクホド	5392	to a surprising degree; to a remarkable extent; surprisingly; astonishingly; amazingly; alarmingly
おめでとうございます	オメデトウゴザイマス	5393	congratulations
これまでに	コレマデニ	5394	
申し出	モウシデ	5395	proposal; offer; request; application
それとも	ソレトモ	5396	or; or else
もうひとつ	モウヒトツ	5397	
１	イチ	5398	one; 1
のせる	ノセル	5399	to place on (something)
みるみる	ミルミル	5400	very fast; in a twinkle; before one's eyes
道	ドウ	5401	road; path; street; lane; passage
両足	リョウアシ	5402	both feet
担う	ニナウ	5403	to carry on one's shoulder; to shoulder; to bear
測る	ハカル	5404	to measure; to weigh; to survey; to time (sound, gauge, estimate)
一室	イッシツ	5405	one room
一般人	イッパンジン	5406	ordinary person; member of the general public; non-celebrity
直感	チョッカン	5407	intuition; instinct; hunch
要は	ヨウハ	5408	in short; the point is; the important thing is; in a word; basically
縄	ナワ	5409	rope; cord
進路	シンロ	5410	route; course; path
灰	ハイ	5411	ash; ashes
目を伏せる	メヲフセル	5412	
常	ツネ	5413	usual state of things
真顔	マガオ	5414	serious look (on one's face); straight face
心得る	ココロエル	5415	to know; to understand; to be aware of; to regard as; to take for
豚	ブタ	5416	pig (Sus scrofa domesticus)
ワイン	ワイン	5417	
コース	コース	5418	
強大	キョウダイ	5419	powerful; strong; mighty
身を包む	ミヲツツム	5420	
華	ハナ	5421	flower; blossom; bloom; petal
唾	ツバ	5422	saliva; spit; spittle
午前中	ゴゼンチュウ	5423	in the morning; during the morning
駅前	エキマエ	5424	in front of a station
修理	シュウリ	5425	repair; mending; fixing; servicing
我が家	ワガヤ	5426	one's house; one's home; one's family
中国	チュウゴク	5427	China
ヒーロー	ヒーロー	5428	
頭を振る	カブリヲフル	5429	
気の毒	キノドク	5430	pitiful; unfortunate; poor; miserable; wretched
正	セイ	5431	(logical) true; regular
演出	エンシュツ	5432	direction (of a play, film, etc.); production
対立	タイリツ	5433	confrontation; opposition; antagonism
またしても	マタシテモ	5434	
輩	ヤカラ	5435	
喫茶店	キッサテン	5436	coffee shop; tearoom; coffee lounge; coffeehouse; cafe
ささやか	ササヤカ	5437	small; little; tiny; insignificant; humble; modest; meagre; meager
区別	クベツ	5438	distinction; differentiation; discrimination; difference
世代	セダイ	5439	generation
じっと見る	ジットミル	5440	
飾り	カザリ	5441	decoration; ornament; trimmings
声が出る	コエガデル	5442	
好き勝手	スキカッテ	5443	
連れて来る	ツレテクル	5444	to bring someone along
他者	タシャ	5445	another person; others
封筒	フウトウ	5446	envelope
頑丈	ガンジョウ	5447	solid; firm; stout; burly; strong; sturdy
メイン	メイン	5448	
険しい	ケワシイ	5449	precipitous; rugged; inaccessible; impregnable; steep
性能	セイノウ	5450	ability; performance; efficiency
作成	サクセイ	5451	making (a report, plan, contract, etc.); drawing up; writing out; preparing; creating (a file, website, account, etc.)
総	ソウ	5452	whole; total; gross; entire; overall; general (election, manager, etc.)
断つ	タツ	5453	to sever; to cut off
何とかなる	ナントカナル	5454	
次元	ジゲン	5455	dimension
たった今	タッタイマ	5456	
作家	サッカ	5457	author; writer; novelist; artist
充実	ジュウジツ	5458	fullness; completeness; perfection; substantiality
一連	イチレン	5459	series; chain; sequence
財産	ザイサン	5460	property; fortune; assets
回答	カイトウ	5461	reply; answer
改善	カイゼン	5462	betterment; improvement
作	サク	5463	work (e.g. of art); piece; production
懇願	コンガン	5464	pleading; entreaty; supplication; petition
露出	ロシュツ	5465	exposure; laying bare; baring (e.g. skin)
無造作	ムゾウサ	5466	easy; simple; ready
溶かす	トカス	5467	to melt; to liquefy; to thaw
張り切る	ハリキル	5468	to be in high spirits; to be full of vigor (vigour); to be enthusiastic; to be eager; to stretch to breaking point
即答	ソクトウ	5469	
阻む	ハバム	5470	to keep someone from doing; to stop; to prevent; to check; to hinder; to obstruct; to oppose; to thwart
裏腹	ウラハラ	5471	opposite; reverse; contrary
苛立ち	イラダチ	5472	
予算	ヨサン	5473	estimate (of costs); budget
佇む	タタズム	5474	to stand (still) a while; to loiter; to stop
追い払う	オイハラウ	5475	
お似合い	オニアイ	5476	
手袋	テブクロ	5477	glove; mitten; mitt
小型	コガタ	5478	small-sized; small-scale; miniature
主役	シュヤク	5479	leading part; leading actor; leading actress
なんだかんだ	ナンダカンダ	5480	something or other; one thing or another; this or that
こめる	コメル	5481	to load (a gun, etc.); to charge
行き	イキ	5482	the way there; outbound leg; outbound trip; departing leg
当たり	アタリ	5483	hit
ご機嫌	ゴキゲン	5484	
からだ	カラダ	5485	body
すこし	スコシ	5486	a little; a bit; a small amount; a few; some; slightly; somewhat
引っ越す	ヒッコス	5487	to move (house); to change residence
もがく	モガク	5488	to struggle; to writhe; to wriggle; to squirm
カッコ	カッコ	5489	brackets; parentheses
お祭り	オマツリ	5490	
ふたつ	フタツ	5491	two
もって	モッテ	5492	with; by; by means of
つまむ	ツマム	5493	to pinch; to hold (between one's fingers); to pick up (with chopsticks, tweezers, etc.)
さらう	サラウ	5494	to sweep away; to wash away; to dredge
見てもらう	ミテモラウ	5495	
成り立つ	ナリタツ	5496	to consist of; to be made up of; to be composed of
たかが	タカガ	5498	
気合い	キアイ	5499	(fighting) spirit; motivation; effort
それなら	ソレナラ	5500	if that's the case ...; if so ...; that being the case ...
頭	トウ	5501	counter for large animals (e.g. head of cattle); counter for insects in a collection; counter for helmets, masks, etc.
子	シ	5502	child; kid; teenager; youngster; young (non-adult) person
島	トウ	5503	island
何だと	ナンダト	5504	
図	ズ	5505	drawing; picture; diagram; figure; illustration; chart; graph; map
照明	ショウメイ	5506	illumination; lighting
握手	アクシュ	5507	handshake
敵対	テキタイ	5508	hostility; antagonism; opposition
言葉を失う	コトバヲウシナウ	5509	
用がある	ヨウガアル	5510	
企む	タクラム	5511	to scheme; to plan; to play a trick; to invent; to conspire; to frame up
頭痛	ズツウ	5512	headache
処置	ショチ	5513	measure; step; dealing with
目を通す	メヲトオス	5514	to scan; to look over
記念	キネン	5515	commemoration; celebration; remembrance; memory; honoring the memory of
物理的	ブツリテキ	5516	physical
たり	タリ	5517	"-ing and -ing (e.g. ""coming and going"")"
明白	メイハク	5518	obvious; clear; plain; evident; apparent; explicit; overt
反動	ハンドウ	5519	reaction; recoil; kick; backlash
やめておく	ヤメテオク	5520	
温める	アタタメル	5521	to warm (up); to heat (up)
詰め寄る	ツメヨル	5522	
院	イン	5523	stamp; seal; chop
平凡	ヘイボン	5524	ordinary; common; commonplace; mediocre; unremarkable; undistinguished; uneventful
平穏	ヘイオン	5525	tranquil; calm; restful; peaceful; quiet
中年	チュウネン	5526	middle-age; middle age; midlife; one's middle years
了承	リョウショウ	5527	acknowledgement; acknowledgment; understanding; approval; consent
四方	シホウ	5528	the four cardinal directions; north, east, south and west; all directions
小さい頃	チイサイコロ	5529	as a child; when one was a child
私自身	ワタシジシン	5530	myself
執着	シュウチャク	5531	attachment; adhesion; insistence; tenacity; fixation; obsession; clinging (e.g. to old customs)
出来上がる	デキアガル	5532	to be completed; to be finished; to be ready (e.g. to serve or eat)
装飾	ソウショク	5533	ornament; decoration
踵を返す	キビスヲカエス	5534	
道中	ドウチュウ	5535	
身動き	ミウゴキ	5536	movement (of one's body); moving about; stirring
ぽん	ポン	5537	
練る	ネル	5538	to knead; to thicken into a paste (stirring over a flame)
のち	ノチ	5539	later; afterwards
通話	ツウワ	5540	telephone call; speaking over the telephone; (Internet) voice call; videoconference call
不穏	フオン	5541	disquieting; threatening; turbulent; restless; unsettled; disturbing
目を離す	メヲハナス	5542	
一流	イチリュウ	5543	first-class; first-rate; top-flight; top-ranking; leading; eminent; top
拷問	ゴウモン	5544	torture
歓喜	カンキ	5545	delight; great joy
聞き返す	キキカエス	5546	
パートナー	パートナー	5547	
古代	コダイ	5548	ancient times; distant past; antiquity
リスト	リスト	5549	
青春	セイシュン	5550	youth; adolescence; springtime of life
販売	ハンバイ	5551	sale; sales; selling; marketing
さする	サスル	5552	to rub; to pat; to stroke; to massage
前進	ゼンシン	5553	advance; moving forward; progress
盛る	モル	5554	to serve (in a bowl, on a plate, etc.); to dish out; to dish up; to fill (a bowl) with
言語	ゲンゴ	5555	language
羽織る	ハオル	5556	
逆転	ギャクテン	5557	reversal (of a situation); turnaround; turnabout; turning the tables; sudden change; comeback
初めから	ハジメカラ	5558	
呼び方	ヨビカタ	5559	
どうしたら	ドウシタラ	5560	
虎	トラ	5561	tiger (Panthera tigris)
切り捨てる	キリステル	5562	to cut off and throw away
に当たって	ニアタッテ	5563	
厳重	ゲンジュウ	5564	strict; severe; stringent; rigorous; rigid; firm; strong; secure
幸せにする	シアワセニスル	5565	
埃	ホコリ	5566	dust
宿題	シュクダイ	5567	homework; assignment
してみれば	シテミレバ	5568	
スーパー	スーパー	5569	
指名	シメイ	5570	naming; nominating; designating
縫う	ヌウ	5571	to sew; to stitch
属する	ゾクスル	5572	to belong to; to come under; to be affiliated with; to be subject to
刃物	ハモノ	5573	edged tool; cutting instrument; knife
原	ハラ	5574	field; plain; prairie; tundra; moor; wilderness
寿命	ジュミョウ	5575	lifespan; life; lifetime
まみれる	マミレル	5576	
これで	コレデ	5577	here; with this
にこやか	ニコヤカ	5578	smiling; beaming; radiant; bright; cheerful
どこにもない	ドコニモナイ	5579	nowhere
ささやく	ササヤク	5580	to whisper; to murmur
いっつも	イッツモ	5581	
１時間	イチジカン	5582	one hour
どうでもよい	ドウデモヨイ	5583	inconsequential; indifferent; not worth worrying about; trivial
吠える	ホエル	5584	to bark; to howl; to bay; to roar; to yelp; to yap
および	オヨビ	5585	and; as well as
フランス	フランス	5586	
とめる	トメル	5587	to stop; to turn off
にすぎない	ニスギナイ	5588	
静かに	シズカニ	5589	
ビックリ	ビックリ	5590	to be surprised; to be amazed; to be frightened; to be astonished; to get startled; to jump
引き続く	ヒキツヅク	5591	
ざわめき	ザワメキ	5592	
つつく	ツツク	5593	to poke (repeatedly, lightly); to nudge
有様	アリサマ	5594	state; condition; circumstances; sight; spectacle
折	オリ	5595	opportunity; chance; occasion; time
とてつもない	トテツモナイ	5596	
らも	ラモ	5597	
うらやましい	ウラヤマシイ	5598	envious; jealous
投げかける	ナゲカケル	5599	
飛びつく	トビツク	5600	
辛い	カライ	5601	spicy; hot
交代	コウタイ	5603	change; alternation; rotation; replacement; substitution; shift; relief; taking turns
予想通り	ヨソウドオリ	5604	
手助け	テダスケ	5605	a help; assistance
出	デ	5606	coming out; going out; outflow; efflux; rising (of the Sun or the Moon)
辿る	タドル	5607	to follow (a road, path, etc.); to trace
構え	カマエ	5608	
調べ	シラベ	5609	investigation; inspection; examination
鞭	ムチ	5610	ignorance; innocence; stupidity
舞い上がる	マイアガル	5611	
空っぽ	カラッポ	5612	empty; vacant; hollow
十三	ジュウサン	5613	thirteen; 13
富	トミ	5614	riches; wealth; fortune
黄色	キイロ	5615	yellow; amber
包丁	ホウチョウ	5616	kitchen knife
囚われる	トラワレル	5617	to be caught; to be captured; to be taken prisoner; to be arrested; to be apprehended
甲高い	カンダカイ	5618	high-pitched; shrill
ねえねえ	ネエネエ	5619	
粉	コナ	5620	flour; meal; powder; dust
どうかと思う	ドウカトオモウ	5621	
猛烈	モウレツ	5622	fierce; intense; severe; violent; strong; vehement; terrific; terrible
設備	セツビ	5623	equipment; facilities; installation; accommodations; conveniences; arrangements
小刻み	コキザミ	5624	mincing; chopping finely
だに	ダニ	5625	
感嘆	カンタン	5626	admiration; wonder; astonishment
呑む	ノム	5627	to drink; to swallow; to take (medicine)
痺れる	シビレル	5628	to become numb; to go to sleep (e.g. a limb)
強いる	シイル	5629	to force; to compel; to coerce; to press; to impose
物質	ブッシツ	5630	material; substance
後頭部	コウトウブ	5631	
シャワー	シャワー	5632	
待ち合わせ	マチアワセ	5633	appointment
法律	ホウリツ	5634	law; legislation; act
重	ジュウ	5635	chief; main; principal; important
吹き出す	フキダス	5636	to spout out; to spurt out; to gush out; to jet out
提示	テイジ	5637	presentation (of a passport, ID, etc.); showing; production (e.g. of documents)
社員	シャイン	5638	company employee
だらしない	ダラシナイ	5639	slovenly (appearance, work, etc.); sloppy; untidy; undisciplined; careless; loose; slack
明後日	アサッテ	5640	day after tomorrow
ぱっと	パット	5641	suddenly; in a flash; quickly; rapidly; swiftly; nimbly
送り出す	オクリダス	5642	
十六	ジュウロク	5643	sixteen; 16
曰く	イワク	5644	pretext; history; past; story
前日	ゼンジツ	5645	previous day; day before; eve; prior day; preceding day
何日	ナンニチ	5646	what day
宝物	タカラモノ	5647	treasure; treasured item; prized possession
救出	キュウシュツ	5648	rescue; extricate; reclaim; deliverance
芸術	ゲイジュツ	5649	art; the arts
職場	ショクバ	5650	one's post; place of work; workplace
衣	コロモ	5651	clothes; garment
住所	ジュウショ	5652	address (of a home, business, etc.); residence; domicile
過剰	カジョウ	5653	excess; surplus; superabundance; overabundance
汚れ	ヨゴレ	5654	dirt; filth; stain; blot; spot
日頃	ヒゴロ	5655	usually; habitually; always
すっ	スッ	5656	
球	キュウ	5657	sphere; globe; ball; bulb
手を打つ	テヲウツ	5658	
本棚	ホンダナ	5659	bookshelves; bookshelf; bookcase
現実的	ゲンジツテキ	5660	realistic; pragmatic
形成	ケイセイ	5661	formation; molding; making (up); taking form; giving form to
自力	ジリキ	5662	one's own strength; one's own efforts
側から	ソバカラ	5663	
例え	タトエ	5664	example
ひっそり	ヒッソリ	5665	quiet (place); still; silent; deserted
さえすれば	サエスレバ	5666	
倒れ込む	タオレコム	5667	
重力	ジュウリョク	5668	gravity; gravitation; gravitational pull
空を飛ぶ	ソラヲトブ	5669	
浴びせる	アビセル	5670	to pour on
くらいなら	クライナラ	5671	
軌道	キドウ	5672	orbit; trajectory
国境	コッキョウ	5673	border (between countries); national border
ついさっき	ツイサッキ	5674	
一直線	イッチョクセン	5675	straight line
権限	ケンゲン	5676	power; authority; jurisdiction
募る	ツノル	5677	to become stronger; to grow in intensity; to grow violent; to become worse
くるくる	クルクル	5678	whirling; revolving; spinning; going round and round
言うまでもない	イウマデモナイ	5679	goes without saying; needless to say; obvious
はやい	ハヤイ	5680	fast; quick; rapid; swift; speedy; brisk; prompt
真っ黒	マックロ	5681	pitch-black; jet-black; black
いってくる	イッテクル	5682	
ニコニコ	ニコニコ	5683	with a friendly grin; smilingly
ご一緒	ゴイッショ	5684	
このくらい	コノクライ	5685	
ノリ	ノリ	5686	nori; laver; edible seaweed, usu. Porphyra yezoensis or P. tenera, usu. dried and pressed into sheets
賭け	カケ	5687	bet; wager; stake; gamble
１週間	イッシュウカン	5688	one week
たいした	タイシタ	5689	considerable; great; important; significant; a big deal
はじめまして	ハジメマシテ	5690	nice to meet you; I'm glad to make your acquaintance; how do you do?
語りかける	カタリカケル	5691	
ご両親	ゴリョウシン	5692	
あらあら	アラアラ	5693	
そらす	ソラス	5694	to turn away (one's eyes, face, etc.); to avert; to divert (e.g. one's attention); to evade (e.g. a question); to change (e.g. the subject)
ごらん	ゴラン	5695	(please) try to
おそらくは	オソラクハ	5696	
ける	ケル	5697	to kick
思い当たる	オモイアタル	5698	to suddenly understand (esp. on basis of experience or memory); to come to mind; to recall (in a flash); to be reminded of; to call to mind; to think of; to strike on; to hit on an answer; to seize the crux of a problem
わが	ワガ	5699	my; our; one's own
みっともない	ミットモナイ	5700	shameful; disgraceful; unsightly; indecent; unseemly; unbecoming; improper
徹底	テッテイ	5701	thoroughness; completeness; consistency
陰に	インニ	5702	
宮	ミヤ	5703	
致命的	チメイテキ	5704	fatal; lethal
修復	シュウフク	5705	restoration; repair; mending
稽古	ケイコ	5706	practice; practising; training; study
誤る	アヤマル	5707	to make a mistake (in); to commit an error; to do incorrectly; to err
流れ込む	ナガレコム	5708	to flow into; to pour into; to stream into
側面	ソクメン	5709	side; flank; profile; sidelight; lateral
寝かせる	ネカセル	5710	to put to bed; to let sleep
一緒にする	イッショニスル	5711	
ムカつく	ムカツク	5712	
見極める	ミキワメル	5713	to watch to the end
仰向け	アオムケ	5714	facing upward
不敵	フテキ	5715	daring; fearless; intrepid; bold; tough
修正	シュウセイ	5716	amendment; correction; revision; modification; alteration; retouching; update; fix
恋をする	コイヲスル	5717	
棟	ムネ	5718	ridge (of roof)
見物	ケンブツ	5719	sightseeing; watching; viewing
紛れる	マギレル	5720	to disappear into; to be lost in; to slip into; to get mixed in among
主義	シュギ	5721	doctrine; rule; principle; -ism
ゴール	ゴール	5722	
よくよく	ヨクヨク	5723	
日曜日	ニチヨウビ	5724	Sunday
もどかしい	モドカシイ	5725	
食器	ショッキ	5726	tableware
切	セツ	5727	end; finish; place to stop
未熟	ミジュク	5728	unripe; green; immature
保管	ホカン	5729	charge; custody; safekeeping; deposit; storage
大通り	オオドオリ	5730	main street; avenue; boulevard
手作り	テヅクリ	5731	handmade; handcrafted; homemade; homegrown
恐縮	キョウシュク	5732	feeling (much) obliged; being (very) grateful; being thankful
作用	サヨウ	5733	action; operation; process; agency; effect; function
と比べて	トクラベテ	5734	
禁じる	キンジル	5735	to forbid; to ban; to prohibit
引退	インタイ	5736	retirement
知らせ	シラセ	5737	news; word; tidings; notice; notification; information
根性	コンジョウ	5738	willpower; guts; determination; grit; spirit
枯れる	カレル	5739	to wither (of a plant); to be blasted; to die
重たい	オモタイ	5740	heavy; weighty
一向に	イッコウニ	5741	completely; absolutely; totally
高価	コウカ	5742	highly priced; expensive; valuable; costly
付け加える	ツケクワエル	5743	to add (one thing to another); to add (a few more words, an explanation, etc.)
愚痴	グチ	5744	idle complaint; grumble
ずらす	ズラス	5745	to shift; to move; to slide
遠ざける	トオザケル	5746	
切断	セツダン	5747	cutting; severance; section; amputation; disconnection
統一	トウイツ	5748	unity; consolidation; uniformity; unification; compatible
標的	ヒョウテキ	5749	target
大切な人	タイセツナヒト	5750	
この方	コノカタ	5751	
妊娠	ニンシン	5752	pregnancy; conception; gestation
流行	リュウコウ	5753	fashion; trend; vogue; craze; fad; popularity
初めまして	ハジメマシテ	5754	nice to meet you; I'm glad to make your acquaintance; how do you do?
傲慢	ゴウマン	5755	haughty; arrogant; insolent; proud; overbearing
臨む	ノゾム	5756	to look out on; to overlook; to front onto
六十	ロクジュウ	5757	sixty; 60
成す	ナス	5758	to form; to make; to constitute
制止	セイシ	5759	control; check; restraint; inhibition
行	コウ	5760	line (of text); row; verse
宿す	ヤドス	5761	to house; to contain; to harbour (a feeling); to hold (e.g. dew on leaves)
域	イキ	5762	spirit; heart; disposition
にこにこ	ニコニコ	5763	with a friendly grin; smilingly
ならともかく	ナラトモカク	5764	
言い分	イイブン	5765	one's say; one's point; one's case; one's claim
ざっと	ザット	5766	roughly; approximately; round about; more or less
家事	カジ	5767	housework; domestic chores
ミルク	ミルク	5768	
拗ねる	スネル	5769	
ぶつぶつ	ブツブツ	5770	grunt; grumble; complaint; mutter
家具	カグ	5771	furniture
降り立つ	オリタツ	5772	
冷静になる	レイセイニナル	5773	
恩	オン	5774	favour; favor; obligation; debt of gratitude
視点	シテン	5775	point of view; viewpoint; angle; perspective
鐘	カネ	5776	bell (often a large hanging bell); chime
空ける	アケル	5777	to open (a door, etc.); to unwrap (e.g. parcel, package); to unlock
誰にでも	ダレニデモ	5778	anyone; anybody; everyone; whoever
他人事	ヒトゴト	5779	other people's affairs; someone else's problem
代償	ダイショウ	5780	compensation; reparation; indemnification
復帰	フッキ	5781	return; reversion; comeback; reinstatement
豊富	ホウフ	5782	abundant; plentiful; rich; ample
麻痺	マヒ	5783	paralysis; palsy; stupor
に応じて	ニオウジテ	5784	
なおも	ナオモ	5785	
組み合わせ	クミアワセ	5786	combination; assortment; set
ありそう	アリソウ	5787	probable; likely
わりと	ワリト	5788	comparatively; relatively; fairly; rather; pretty; unexpectedly
おしゃべり	オシャベリ	5789	chattering; talk; idle talk; chat; chitchat; gossip
うずくまる	ウズクマル	5790	to crouch; to squat; to cower
ご苦労	ゴクロウ	5791	
冷や汗	ヒヤアセ	5792	cold sweat
どうにもならない	ドウニモナラナイ	5793	hopeless; futile; no use; beyond help; cannot be done
すぐにでも	スグニデモ	5794	
われわれ	ワレワレ	5795	we
ところでは	トコロデハ	5796	
向かい	ムカイ	5797	facing; opposite; across the street; other side
おかえりなさい	オカエリナサイ	5798	welcome home
控えめ	ヒカエメ	5799	moderate; reserved; modest; temperate; restrained; low-key; conservative (estimate); self-effacing; unassuming
ぎりぎり	ギリギリ	5800	just barely; only just; at the very limit; at the last moment
教え	オシエ	5801	teaching; instruction; teachings; precept; lesson; doctrine
上機嫌	ジョウキゲン	5802	good humour (humor); good mood
志	ココロザシ	5803	will; resolution; intention; ambition; aim; goal
今月	コンゲツ	5804	this month
ニヤリ	ニヤリ	5805	
可憐	カレン	5806	sweet (e.g. young girls, flowers blooming); touchingly lovely; cute
逃走	トウソウ	5807	flight; desertion; escape
自分の力	ジブンノチカラ	5808	
そりゃそうだ	ソリャソウダ	5809	
老	ロウ	5810	labor; labour; toil; trouble; pains; work; effort; striving
もとへ	モトヘ	5811	
溜める	タメル	5812	to amass; to accumulate; to store
愕然	ガクゼン	5813	
掻く	カク	5814	to scratch
多	タ	5815	multi-
密か	ヒソカ	5816	secret; private; surreptitious
事業	ジギョウ	5817	business; enterprise; venture; (commercial) activity; (business) operation; industry
惜しむ	オシム	5818	to spare; to grudge; to be sparing (with); to be frugal; to be stingy
果物	クダモノ	5819	fruit
に備えて	ニソナエテ	5820	
申し出る	モウシデル	5821	to offer; to propose; to suggest; to put forward; to request; to ask (for); to apply (for); to report (to); to notify
飲み干す	ノミホス	5822	
実戦	ジッセン	5823	combat; battle; action; active service; actual fighting
偽	ニセ	5824	imitation; fake; phony; counterfeit; forged; bogus; sham
見下す	ミクダス	5825	to look down (on); to condescend (to)
異性	イセイ	5826	the opposite sex
知らす	シラス	5827	
偽り	イツワリ	5828	
ぐるりと	グルリト	5829	turning round; going around; turning about; rotating
パニック	パニック	5830	
とんだ	トンダ	5831	unexpected; unlikely; strange
ストレート	ストレート	5832	
音声	オンセイ	5833	voice; speech
よく見ると	ヨクミルト	5834	
思い切り	オモイキリ	5835	to one's heart's content; as much as one wants; as hard as one can; with all one's strength; to the best of one's ability; to the utmost; with determination; hard; heavily
振り切る	フリキル	5836	to shake off; to shake free from
写る	ウツル	5837	to be photographed; to be projected
反発	ハンパツ	5838	opposition; rebellion; revolt; resistance; backlash; refusal
学	ガク	5839	learning; scholarship; study; erudition; knowledge; education
学年	ガクネン	5840	academic year; school year
堪能	タンノウ	5841	proficient; skilled; skillful; good; accomplished
からすると	カラスルト	5842	
生まれ変わる	ウマレカワル	5843	
堂	ドウ	5844	temple; shrine; chapel
神妙	シンミョウ	5845	meek; quiet; docile; humble; faithful; obedient
ドラマ	ドラマ	5846	
所有	ショユウ	5847	possession; ownership
取り返す	トリカエス	5848	to get back; to regain; to recover; to make up (for); to catch up on
紡ぐ	ツムグ	5849	to spin; to make yarn
一冊	イッサツ	5850	one copy (of a book, magazine, etc.); one volume
商店街	ショウテンガイ	5851	shopping district; shopping street; downtown
裏側	ウラガワ	5852	the reverse (side); back (side); other side; hidden side; behind the scenes
率	リツ	5853	rate; ratio; proportion; percentage
書物	ショモツ	5854	book; volume
引き離す	ヒキハナス	5855	to pull apart; to separate
詰め込む	ツメコム	5856	to cram; to stuff; to jam; to squeeze; to pack; to crowd
ビビる	ビビル	5857	
怪しむ	アヤシム	5858	to suspect
形式	ケイシキ	5859	form (as opposed to substance)
出向く	デムク	5860	to head out (for); to head (to); to go (to); to leave (for)
日記	ニッキ	5861	diary; journal
狂気	キョウキ	5862	madness; insanity
往復	オウフク	5863	making a round trip; going and returning; coming and going
世紀	セイキ	5864	century
シーツ	シーツ	5865	
目の当たり	マノアタリ	5866	
積み上げる	ツミアゲル	5867	
微笑ましい	ホホエマシイ	5868	
兼	ケン	5869	and (concurrently; e.g. chauffeur and secretary); in addition to; at the same time; cum (e.g. bedroom-cum-study)
従業員	ジュウギョウイン	5870	employee; worker
未練	ミレン	5871	lingering attachment; lingering affection; regret; reluctance; ruefulness
計る	ハカル	5872	to measure; to weigh; to survey; to time (sound, gauge, estimate)
正常	セイジョウ	5873	normal; regular
真正面	マショウメン	5874	directly opposite; right in front
陽気	ヨウキ	5875	cheerful; jovial; merry; lively
栄養	エイヨウ	5876	nutrition; nourishment
意識を失う	イシキヲウシナウ	5877	
予備	ヨビ	5878	reserve; spare
解き放つ	トキハナツ	5879	
絞り出す	シボリダス	5880	
不意打ち	フイウチ	5881	
根本的	コンポンテキ	5882	fundamental; basic
地区	チク	5883	district; area; zone; quarter; section; region
はまる	ハマル	5884	to fit; to get into; to go into; to be fitted with (e.g. door with a window)
いまいち	イマイチ	5885	not quite (right); not very good; somewhat (lacking)
それはない	ソレハナイ	5886	
手つき	テツキ	5887	
ぴたり	ピタリ	5888	tightly; closely
お見舞い	オミマイ	5889	
しみじみ	シミジミ	5890	keenly; deeply; fully; heartily; seriously; earnestly
腰かける	コシカケル	5891	to sit (down)
このあたり	コノアタリ	5892	
のぼる	ノボル	5893	to ascend; to go up; to climb
ともあれ	トモアレ	5894	anyhow; in any case
いたる	イタル	5895	to arrive at (e.g. a decision); to reach (a stage); to attain
見つけ出す	ミツケダス	5896	
それと	ソレト	5897	
笑いかける	ワライカケル	5898	
じゃなきゃ	ジャナキャ	5899	
始め	ハジメ	5900	beginning; start; outset; opening
所	ショ	5901	place; spot; scene; site
小	コ	5902	small; little; slight
館	カン	5903	perception; intuition; the sixth sense
説得力	セットクリョク	5904	persuasiveness; powers of persuasion; cogency
境	サカイ	5905	border; boundary
保護者	ホゴシャ	5906	guardian; protector; patron; parent
杯	ハイ	5907	sake cup; cup for alcoholic beverages
この野郎	コノヤロウ	5908	
犯行	ハンコウ	5909	crime; criminal act; offence; offense
不良	フリョウ	5910	bad; poor; inferior; defective
回数	カイスウ	5911	number of times; frequency; count
足を運ぶ	アシヲハコブ	5912	
仲直り	ナカナオリ	5913	reconciliation; making up (with); making peace (with); being friends again; patching up a quarrel
通報	ツウホウ	5914	report; notification; tip; bulletin
ややこしい	ヤヤコシイ	5915	complicated; complex; intricate; confusing; difficult; troublesome
拾い上げる	ヒロイアゲル	5916	
格	カク	5917	status; position; rank
工夫	クフウ	5918	devising (a way); contriving; inventing; thinking up; figuring out; coming up with; working out
驚かす	オドロカス	5919	to surprise; to frighten; to create a stir
訂正	テイセイ	5920	correction; revision; amendment
納める	オサメル	5921	to put (into); to put away (in); to put back (in); to keep (in); to store (in); to restore (to its place)
生き返る	イキカエル	5922	to revive; to come to oneself; to be restored to life
お楽しみ	オタノシミ	5923	
屈辱	クツジョク	5924	disgrace; humiliation
一筋	ヒトスジ	5925	one line; one stretch (e.g. of road); one strand (e.g. of hair); one beam (e.g. of light); one ray; one length (e.g. of rope)
通り抜ける	トオリヌケル	5926	
後者	コウシャ	5927	the latter; the second
映し出す	ウツシダス	5928	to project; to show (on a screen); to reflect (of a mirror, lake, etc.)
その気になる	ソノキニナル	5929	
大嫌い	ダイキライ	5930	hating; strongly disliking
触れ合う	フレアウ	5931	to come into contact with; to touch (each other); to have a brush with
担ぐ	カツグ	5932	to shoulder; to carry on one's shoulder
順番に	ジュンバンニ	5933	
適切	テキセツ	5934	appropriate; suitable; fitting; apt; proper; right; pertinent; relevant
延々	エンエン	5935	endlessly; continuously; (going) on and on
軍隊	グンタイ	5936	armed forces; military; troops
火事	カジ	5937	fire; conflagration
追及	ツイキュウ	5938	investigation (e.g. into someone's guilt); questioning; pressing; hounding; pinning down
取り残す	トリノコス	5939	to leave behind
却下	キャッカ	5940	rejection; dismissal
ふふん	フフン	5941	
素	ス	5942	one's nature; one's feelings; oneself
立て直す	タテナオス	5943	to put back up; to stand back up
末に	スエニ	5944	finally; after; following
解体	カイタイ	5945	demolition; taking down; dismantling; disassembly; taking apart
別々	ベツベツ	5946	separate; respective; different
断ち切る	タチキル	5947	
実在	ジツザイ	5948	actual existence; real existence; existing in real life
試しに	タメシニ	5949	
知	チ	5950	blood
批判	ヒハン	5951	criticism; judgement; judgment; comment
スプーン	スプーン	5952	
意を決する	イヲケッスル	5953	
籠	カゴ	5954	basket (shopping, etc.); hamper; cage
最大限	サイダイゲン	5955	maximum
張り付く	ハリツク	5956	
恥じる	ハジル	5957	to feel ashamed
三回	サンカイ	5958	three times
埋め尽くす	ウメツクス	5959	
堅い	カタイ	5960	hard; solid; tough
真意	シンイ	5961	real intention; true motive; true meaning
引っ込む	ヒッコム	5962	to draw back; to sink; to cave in
守り	マモリ	5963	protection; defense; defence
愛おしい	イトオシイ	5964	
強制的	キョウセイテキ	5965	forced; compulsory
古	イニシエ	5966	antiquity; ancient times; bygone days; former times
ついつい	ツイツイ	5967	
内臓	ナイゾウ	5968	internal organs; viscera
今となっては	イマトナッテハ	5969	
面会	メンカイ	5970	meeting (face-to-face); seeing; visit; interview
極める	キワメル	5971	to carry to extremes; to go to the end of something; to reach the limits of something
免れる	マヌガレル	5972	to escape (disaster, death, etc.); to be saved from; to be rescued from
幻想	ゲンソウ	5973	fantasy; illusion; vision; dream
息苦しい	イキグルシイ	5974	
第四	ダイヨン	5975	
時間が経つ	ジカンガタツ	5976	
アイデア	アイデア	5977	
冷やす	ヒヤス	5978	to cool; to chill; to refrigerate
お家	オウチ	5979	your home; your family; their home; their family
お目にかかる	オメニカカル	5980	
ってか	ッテカ	5981	
２回	ニカイ	5982	twice
アリ	アリ	5983	ant
あらためて	アラタメテ	5984	another time; again; over again; once again; anew
パッと	パット	5985	suddenly; in a flash; quickly; rapidly; swiftly; nimbly
せえ	セエ	5986	consequence; outcome; result; blame; fault
おくる	オクル	5987	to send; to dispatch; to forward; to transmit; to ship; to remit
いいわけ	イイワケ	5988	excuse
それなのに	ソレナノニ	5989	
わたる	ワタル	5990	to cross over; to go across
まもない	マモナイ	5991	
都合のいい	ツゴウノイイ	5992	
ぶん	ブン	5993	part; portion; share
やっていく	ヤッテイク	5994	
気まぐれ	キマグレ	5995	whim; caprice; fancy
きっかけに	キッカケニ	5996	
お守り	オマモリ	5997	charm; amulet; talisman
出て来る	デテクル	5998	
みえる	ミエル	5999	to be seen; to be visible; to be in sight
ド	ド	6000	degree (angle, temperature, scale, etc.)
二週間	ニシュウカン	6001	
青空	アオゾラ	6002	blue sky
天然	テンネン	6003	nature; spontaneity
飛び上がる	トビアガル	6004	to jump up; to leap up; to spring up
オッケー	オッケー	6005	OK; okay
甘やかす	アマヤカス	6006	to pamper; to spoil
絡める	カラメル	6007	
越す	コス	6008	to cross over (e.g. mountain); to go across
後日	ゴジツ	6009	in the future; another day; later
婦人	フジン	6010	woman; lady; adult female
吉	キチ	6011	base (military, expedition, etc.)
当人	トウニン	6012	the person concerned; the person in question; the said person
信念	シンネン	6013	belief; faith; conviction
待ち構える	マチカマエル	6014	to lie in wait (for); to be on the watch (for); to wait (for); to watch (for)
抱き寄せる	ダキヨセル	6015	
万全	バンゼン	6016	perfection; flawlessness
境遇	キョウグウ	6017	one's circumstances; environment; situation (in life)
業務	ギョウム	6018	business; work; operations; service; duties
面倒を見る	メンドウヲミル	6019	
ほっとく	ホットク	6020	
押し倒す	オシタオス	6021	
黙々	モクモク	6022	
一目	ヒトメ	6023	glance; look; glimpse
改造	カイゾウ	6024	remodeling; remodelling; reconstruction; conversion; alteration; renovation; modification; reshuffling (e.g. a cabinet); reorganization; restructuring
押さえつける	オサエツケル	6025	
手遅れ	テオクレ	6026	being too late; losing one's final chance
講義	コウギ	6027	lecture
どうだい	ドウダイ	6028	
放り投げる	ホウリナゲル	6029	
土下座	ドゲザ	6030	
そら	ソラ	6031	sky; the air; the heavens
好きなだけ	スキナダケ	6032	
牛乳	ギュウニュウ	6033	(cow's) milk
華奢	キャシャ	6034	
不吉	フキツ	6035	ominous; sinister; unlucky; inauspicious
運転手	ウンテンシュ	6036	driver; chauffeur
ラッキー	ラッキー	6037	
真っ青	マッサオ	6038	deep blue; bright blue
三百	サンビャク	6039	300; three hundred
そうですが	ソウデスガ	6040	that's so, however ...
風情	フゼイ	6041	taste; elegance; charm
官	カン	6042	perception; intuition; the sixth sense
詩	シ	6043	poem; poetry; verse
振り絞る	フリシボル	6044	
背の高い	セノタカイ	6045	
紫色	ムラサキイロ	6046	purple; violet
立ち直る	タチナオル	6047	to regain one's footing; to get back on one's feet
フォーク	フォーク	6048	
継続	ケイゾク	6049	continuation; continuance; maintenance; persistence; going on
沼	ヌマ	6050	marsh; swamp; wetland; bog; pond
京都	キョウト	6051	Kyoto (city, prefecture)
一分	イチブ	6052	one tenth; one hundredth; one percent; one tenth of a sun; one quarter ryō (an old coin)
所へ	トコロヘ	6053	
レストラン	レストラン	6054	
功績	コウセキ	6055	achievement; meritorious deed; distinguished service; contribution
ざま	ザマ	6056	
会釈	エシャク	6057	slight bow (as a greeting or sign of gratitude); nod; salutation
するべき	スルベキ	6058	should do; ought to do
活用	カツヨウ	6059	practical use; application; making good use of; putting to good use; capitalizing on
あったかい	アッタカイ	6060	warm; mild; (pleasantly) hot
劇	ゲキ	6061	drama; play
一夜	イチヤ	6062	one night; all night; overnight; one evening
目元	メモト	6063	
受験	ジュケン	6064	taking an examination (esp. for entrance to a school or university)
足場	アシバ	6065	scaffold; scaffolding
誠実	セイジツ	6066	sincere; honest; faithful
文明	ブンメイ	6067	civilization; civilisation; culture
合間	アイマ	6068	interval; break; pause; spare moment
根元	ネモト	6069	root; source; origin; cause
目前	モクゼン	6070	before one's very eyes; under one's nose; imminence; close at hand
静まり返る	シズマリカエル	6071	
暴く	アバク	6072	
旗	ハタ	6073	flag
仲良し	ナカヨシ	6074	close friendship; close friend; good friend; bosom buddy; chum; pal
滝	タキ	6075	waterfall
画像	ガゾウ	6076	image; picture; portrait
銀行	ギンコウ	6077	bank; banking institution
おす	オス	6078	
すがる	スガル	6079	to cling to; to hang onto
２	ニ	6080	two; 2
あいにく	アイニク	6081	unfortunately; sorry, but ...
気にかける	キニカケル	6082	
か月	カゲツ	6083	counter for months
まだしも	マダシモ	6084	rather; better
よくやった	ヨクヤッタ	6085	
はじまる	ハジマル	6086	to begin; to start; to commence
ごろ	ゴロ	6087	(approximate) time; around; about; toward
ふり	フリ	6088	swing; shake; sweep; wave; wag
イライラ	イライラ	6089	to get irritated; to get annoyed; to be on the edge; to fret; to lose patience
何度も	ナンドモ	6090	
しきりに	シキリニ	6091	frequently; repeatedly; often; incessantly; constantly
いつのまにか	イツノマニカ	6092	before one knows; before one becomes aware of; unnoticed; unawares
こめかみ	コメカミ	6093	
弾ける	ハジケル	6094	
りする	リスル	6095	
行き先	イキサキ	6096	destination
金持ち	カネモチ	6097	rich person; wealthy person
いまさら	イマサラ	6098	now (when it is already much too late); at this stage
きょう	キョウ	6099	imperial capital (esp. Kyoto)
並	ナミ	6100	average; medium; common; ordinary
干す	ホス	6102	to air; to dry; to desiccate
伝言	デンゴン	6103	(verbal) message; word (from someone)
疑問に思う	ギモンニオモウ	6104	
縮める	チヂメル	6105	to shorten; to reduce; to condense; to shrink
帯	オビ	6106	obi (kimono sash)
かの	カノ	6107	
上目遣い	ウワメヅカイ	6108	
プログラム	プログラム	6109	
クール	クール	6110	
井	イ	6111	stomach
公開	コウカイ	6112	opening to the public; making available to the public; exhibiting; unveiling; release (of a film, information, etc.); disclosure; publication
貧乏	ビンボウ	6113	poverty-stricken; destitute; poor; penurious
要望	ヨウボウ	6114	demand for; request
その際	ソノサイ	6115	
苛立つ	イラダツ	6116	
制度	セイド	6117	system; institution; organization; organisation
費用	ヒヨウ	6118	cost; expense
滅多に	メッタニ	6119	rarely; seldom
脅かす	オビヤカス	6120	to intimidate; to frighten; to scare
トラック	トラック	6121	
遂げる	トゲル	6122	to accomplish; to achieve; to carry out
相応	ソウオウ	6123	suitable; appropriate; befitting; becoming; adequate; reasonable; proper
皆無	カイム	6124	nonexistent; nil; none; nothing (at all); bugger-all
気取る	キドル	6125	to be affected; to put on airs
察し	サッシ	6126	book; booklet; story book; pamphlet; notebook
弁護士	ベンゴシ	6127	lawyer; attorney
足早	アシバヤ	6128	fast (walking); quick; brisk
対照的	タイショウテキ	6129	contrastive
十七	ジュウシチ	6130	seventeen; 17
価値観	カチカン	6131	sense of values; values; value system
一秒	イチビョウ	6132	
定期的	テイキテキ	6133	periodic; regular; routine
励む	ハゲム	6134	to work hard; to try hard; to strive; to endeavour; to endeavor; to devote oneself to; to make an effort; to be zealous
歩き回る	アルキマワル	6135	to walk about; to walk around; to walk to and fro; to pace around; to wander
半日	ハンニチ	6136	half day
日差し	ヒザシ	6137	sunlight; rays of the Sun
タクシー	タクシー	6138	
現地	ゲンチ	6139	actual place; actual location; the spot; the scene; the field; (on) site
集う	ツドウ	6140	to meet; to assemble; to congregate
交える	マジエル	6141	to mix; to combine; to include
尊重	ソンチョウ	6142	respect; esteem; regard
一帯	イッタイ	6143	whole area; whole region
柵	サク	6144	fence; paling; railing
ほんのり	ホンノリ	6145	slightly; faintly
臆病	オクビョウ	6146	cowardly; timid; easily frightened
版	ハン	6147	edition; version; printing; impression; implementation (of software)
地震	ジシン	6148	earthquake
恐れ	オソレ	6149	fear; horror; anxiety; concern; uneasiness; reverence
悪戯	イタズラ	6150	mischief; prank; trick; practical joke
畳	タタミ	6151	tatami mat; Japanese straw floor coverings
お詫び	オワビ	6152	apology
絶対的	ゼッタイテキ	6153	absolute
どうと	ドウト	6154	
連	レン	6155	
でもって	デモッテ	6156	
戦略	センリャク	6157	strategy; tactics
のみならず	ノミナラズ	6158	
見て取る	ミテトル	6159	
加工	カコウ	6160	manufacturing; processing; treatment; machining
ターゲット	ターゲット	6161	
豆	マメ	6162	legume (esp. edible legumes or their seeds, e.g. beans, peas, pulses); bean; pea
疑惑	ギワク	6163	doubt; misgivings; distrust; suspicion
鼻先	ハナサキ	6164	tip of nose
リズム	リズム	6165	
研究所	ケンキュウジョ	6166	research institute; (research) laboratory
何があっても	ナニガアッテモ	6167	
小鳥	コトリ	6168	small bird; little bird
吹っ飛ぶ	フットブ	6169	
くさい	クサイ	6170	stinking; smelly
街中	マチナカ	6171	downtown
質問をする	シツモンヲスル	6172	to ask a question; to ask questions
出世	シュッセ	6173	success in life; getting ahead; successful career; promotion; climbing the corporate ladder; eminence
十八	ジュウハチ	6174	eighteen; 18
とぼける	トボケル	6175	to play dumb; to feign ignorance; to play innocent; to have a blank facial expression
高鳴る	タカナル	6176	
忍び込む	シノビコム	6177	
局	キョク	6178	bureau; department
甲	コウ	6179	carapace; shell
汁	シル	6180	juice; sap
見	ミ	6181	
冗談じゃない	ジョウダンジャナイ	6182	
追跡	ツイセキ	6183	chase; pursuit; tracking; stalking
最善	サイゼン	6184	the very best; utmost
よろめく	ヨロメク	6185	to stagger; to stumble; to totter; to reel
贈り物	オクリモノ	6186	present; gift
きらきら	キラキラ	6187	glittering; sparkling; glistening; twinkling
ポン	ポン	6188	
ご挨拶	ゴアイサツ	6189	
ひっくり返す	ヒックリカエス	6190	
くっつける	クッツケル	6191	to attach; to stick together; to paste; to glue
それこそ	ソレコソ	6192	
はく	ハク	6193	count; earl
さながら	サナガラ	6194	
にあたって	ニアタッテ	6195	
ほんとうに	ホントウニ	6196	really; truly
無理もない	ムリモナイ	6197	
ねだる	ネダル	6198	to beg; to pester; to plead; to coax; to hound; to importune
言うことを聞く	イウコトヲキク	6199	
まわす	マワス	6200	to turn; to rotate; to spin; to twist; to gyrate
車	シャ	6201	car; automobile; vehicle
器	キ	6202	bowl; vessel; container
悪	ワル	6203	evil; wickedness
軽蔑	ケイベツ	6204	contempt; scorn; disdain; despising; looking down on; slighting
だけあって	ダケアッテ	6205	
大物	オオモノ	6206	important person; influential figure; big shot; big name; bigwig; heavyweight
脇腹	ワキバラ	6207	
今晩	コンバン	6208	tonight; this evening
雑談	ザツダン	6209	chatting; idle talk
言い残す	イイノコス	6210	
スケジュール	スケジュール	6211	
共にする	トモニスル	6212	
当分	トウブン	6213	for the present; for the time being
キャラクター	キャラクター	6214	
庶民	ショミン	6215	common people; ordinary people; masses
コピー	コピー	6216	
散らす	チラス	6217	to scatter; to cause a shower of
平静	ヘイセイ	6218	calm; peace; serenity; tranquility; tranquillity
威嚇	イカク	6219	threat; intimidation; menace
手早い	テバヤイ	6220	nimble; quick; agile
迎えに行く	ムカエニイク	6221	
明ける	アケル	6222	to open (a door, etc.); to unwrap (e.g. parcel, package); to unlock
すすめる	ススメル	6223	to advance; to move forward; to put (a clock, watch) forward
気を抜く	キヲヌク	6224	
無能	ムノウ	6225	incompetence; inefficiency; inability; incapacity
チーズ	チーズ	6226	
吹き込む	フキコム	6227	to blow in (of wind, rain, etc.)
濁る	ニゴル	6228	to become muddy; to become cloudy; to become turbid; to become impure (of a liquid or gas)
見透かす	ミスカス	6229	
走り去る	ハシリサル	6230	
並み	ナミ	6231	average; medium; common; ordinary
乳	チチ	6232	milk
委員	イイン	6233	committee member
建つ	タツ	6234	to be erected; to be built
皺	シワ	6235	wrinkle; crease
委員長	イインチョウ	6236	chairperson (of a committee); chair; chairman; chairwoman; president
仕入れる	シイレル	6237	to buy (stock, materials, etc.); to purchase; to lay in; to stock; to procure
都会	トカイ	6238	city
従える	シタガエル	6239	to be accompanied by; to be attended by; to take along (someone)
食い込む	クイコム	6240	to bite into (e.g. rope into skin); to cut into; to dig into (e.g. of fingernails)
有無	ウム	6241	existence or nonexistence; presence or absence
何なのか	ナンナノカ	6242	what is it (that); the meaning of something; what something is about
記者	キシャ	6243	reporter; journalist
構築	コウチク	6244	construction; building; putting up; erecting; creation; formulation; architecture (systems, agreement, etc.)
宣伝	センデン	6245	publicity; advertisement; advertising; propaganda
参加者	サンカシャ	6246	participant; entrant; player; competitor
当の	トウノ	6247	the ... in question
仮	カリ	6248	temporary; provisional; interim; tentative
生産	セイサン	6249	production; manufacture
存在感	ソンザイカン	6250	
願望	ガンボウ	6251	desire; wish; aspiration
最	サイ	6252	difference; disparity; gap
五百	ゴヒャク	6253	
と言うと	トイウト	6254	
対決	タイケツ	6255	confrontation; showdown
お辞儀	オジギ	6256	bow; bowing
関わり	カカワリ	6257	
快い	ココロヨイ	6258	pleasant; agreeable; comfortable; refreshing
京	キョウ	6259	imperial capital (esp. Kyoto)
やっつける	ヤッツケル	6260	
引き下がる	ヒキサガル	6261	
助言	ジョゲン	6262	advice; counsel; suggestion; tip; hint
気が済む	キガスム	6263	
万人	バンニン	6264	all people; everybody
口々	クチグチ	6265	every person; every mouth
食卓	ショクタク	6266	dining table
旅立つ	タビダツ	6267	to begin a trip; to depart; to embark
分だけ	ブンダケ	6268	
貢献	コウケン	6269	contribution (furthering a goal or cause); services (to a cause)
とどまる	トドマル	6270	to remain; to abide; to stay (in the one place)
天下	テンカ	6271	the whole world
最新	サイシン	6272	latest; newest; late-breaking (news)
就職	シュウショク	6273	finding employment; getting a job
大幅	オオハバ	6274	big; large; drastic; substantial
寝顔	ネガオ	6275	sleeping face
ドン	ドン	6276	porcelain bowl
めんどくさい	メンドクサイ	6277	bothersome; tiresome; bother to do
１枚	イチマイ	6278	one (thin, flat object); one sheet
わりに	ワリニ	6279	comparatively; relatively; fairly; rather; pretty; unexpectedly
見たところ	ミタトコロ	6280	judging from appearances; to all appearances; from the looks of it; on the face of it; apparently; seemingly
たいてい	タイテイ	6281	mostly; ordinarily; usually; generally
湧き上がる	ワキアガル	6282	
おやすみなさい	オヤスミナサイ	6283	good night
わけではありません	ワケデハアリマセン	6284	
及び	オヨビ	6285	and; as well as
抱きかかえる	ダキカカエル	6286	
おもむろに	オモムロニ	6287	
ときどき	トキドキ	6288	sometimes; occasionally; at times; from time to time; now and then; once in a while; at intervals
ひと言	ヒトコト	6289	single word; a few words; brief comment
おろす	オロス	6290	to sell wholesale
もとより	モトヨリ	6291	from the beginning; from the first; all along; originally
まかせる	マカセル	6292	to leave (a matter, decision, etc. to someone); to entrust (to someone); to entrust (someone) with
くせ	クセ	6293	habit (usu. a bad one); tendency
タダ	タダ	6294	ordinary; common; usual
２日	フツカ	6295	2nd day of the month
しょう	ショウ	6296	quotient
子どもたち	コドモタチ	6297	children; kids
つくづく	ツクヅク	6298	deeply; keenly; severely; completely; utterly
１本	イッポン	6299	one long cylindrical thing; one film, TV show, etc.; one goal, home run, etc.; one telephone call
つくす	ツクス	6300	to use up; to exhaust; to run out of
冊	サツ	6301	counter for books
取り乱す	トリミダス	6302	
今になって	イマニナッテ	6303	
塀	ヘイ	6304	wall
調達	チョウタツ	6305	supply; provision; raising; procurement
不便	フベン	6306	inconvenience; inexpediency; unhandiness
無人	ムジン	6307	unmanned; uninhabited; unattended; deserted
からして	カラシテ	6308	
ってよ	ッテヨ	6309	
四年	ヨネン	6310	another idea
肺	ハイ	6311	lung
病人	ビョウニン	6312	sick person; patient; invalid
スポーツ	スポーツ	6313	
究極	キュウキョク	6314	ultimate; final; last; eventual
支持	シジ	6315	support; backing; endorsement; approval
咎める	トガメル	6316	to blame; to reproach; to censure; to rebuke; to reprove; to find fault; to take to task; to criticize; to criticise
読書	ドクショ	6317	reading (books)
手を上げる	テヲアゲル	6318	
口実	コウジツ	6319	excuse; pretext
原稿	ゲンコウ	6320	manuscript; copy; draft; notes; contribution
あしらう	アシラウ	6321	
色気	イロケ	6322	colouring; coloring; shade of colour (color)
髪型	カミガタ	6323	hair style; coiffure; hairdo
少なくなる	スクナクナル	6324	
細工	サイク	6325	work; workmanship; craftsmanship; handiwork
留まる	トマル	6326	to stop (moving); to come to a stop
のく	ノク	6327	to step aside; to move (out of the way); to make way
体制	タイセイ	6328	order; system; structure; set-up; organization; organisation
行き来	ユキキ	6329	coming and going; keeping in touch; visiting each other
礼儀	レイギ	6330	manners; courtesy; etiquette
粒	ツブ	6331	grain; bead; drop
押し殺す	オシコロス	6332	
空腹	クウフク	6333	empty stomach; hunger
急ぎ	イソギ	6334	haste; hurry; urgency; pressingness
ピンチ	ピンチ	6335	
有能	ユウノウ	6336	able; capable; competent; talented; efficient
人口	ジンコウ	6337	population
だったろう	ダッタロウ	6338	
平等	ビョウドウ	6339	equality; impartiality; evenness
そっぽを向く	ソッポヲムク	6340	
得	トク	6341	profit; advantage; benefit; gain
頭脳	ズノウ	6342	head; brains
走り回る	ハシリマワル	6343	to run around
入れ替わる	イレカワル	6344	
不正	フセイ	6345	injustice; unfairness; wrongdoing; iniquity; impropriety; irregularity; dishonesty; illegality; fraud
眠気	ネムケ	6346	sleepiness; drowsiness
ぞっと	ゾット	6347	
軽やか	カロヤカ	6348	light; easy; non-serious; minor
どうせなら	ドウセナラ	6349	
貧しい	マズシイ	6350	poor; needy
に沿って	ニソッテ	6351	
決する	ケッスル	6352	to decide; to determine; to resolve; to be decided
何度でも	ナンドデモ	6353	any number of times
低下	テイカ	6354	fall; decline; lowering; deterioration; degradation
身を隠す	ミヲカクス	6355	
手柄	テガラ	6356	achievement; feat; meritorious deed; distinguished service
言葉を交わす	コトバヲカワス	6357	
幾	イク	6358	some; several; a few
ほい	ホイ	6359	
取り組む	トリクム	6360	to grapple with; to wrestle with; to engage in a bout; to be matched against
五日	イツカ	6361	5th day of the month
横切る	ヨコギル	6362	to cross (e.g. road); to traverse
違反	イハン	6363	violation; offense; offence; breach; transgression; infringement; contravention
調理	チョウリ	6364	cooking; food preparation
侮辱	ブジョク	6365	insult; affront; slight; contempt (e.g. of court)
経済	ケイザイ	6366	economy; economics
重視	ジュウシ	6367	regarding as important; attaching importance to; taking a serious view of; putting emphasis on
直し	ナオシ	6368	correction; rectification
裁判	サイバン	6369	trial; judgement; judgment
形相	ギョウソウ	6370	
代理	ダイリ	6371	representation; agency; proxy
欲求	ヨッキュウ	6372	desire; want; will; wish; urge; craving
平	ヒラ	6373	
網	アミ	6374	net; netting
コツ	コツ	6375	
牽制	ケンセイ	6376	constitutional government
建設	ケンセツ	6377	construction; establishment
出血	シュッケツ	6378	bleeding; haemorrhage; hemorrhage
大気	タイキ	6379	atmosphere; air
割って入る	ワッテハイル	6380	
役者	ヤクシャ	6381	actor; actress
死人	シニン	6382	corpse; dead person
睡眠	スイミン	6383	sleep
不	フ	6384	un-; non-
拍子	ヒョウシ	6385	time; meter; metre; rhythm
寺	テラ	6386	temple (Buddhist)
いってらっしゃい	イッテラッシャイ	6387	have a good day; take care; see you
たてる	タテル	6388	to build; to construct
まし	マシ	6389	better; preferable; less objectionable; least-worst
とらえる	トラエル	6390	to catch; to capture; to seize; to arrest; to grab; to catch hold of
おもちゃ	オモチャ	6391	toy
ってな	ッテナ	6392	
にらむ	ニラム	6393	to glare at; to scowl at; to glower at
すり抜ける	スリヌケル	6394	
できるようになる	デキルヨウニナル	6395	
通りかかる	トオリカカル	6396	
めでたい	メデタイ	6397	happy; auspicious; propitious; joyous
２時	ニジ	6398	second
振る舞い	フルマイ	6399	behavior; behaviour; conduct
めがける	メガケル	6400	
放出	ホウシュツ	6402	emission; release; radiation; discharge; gush
無理をする	ムリヲスル	6403	
気恥ずかしい	キハズカシイ	6404	
一瞬にして	イッシュンニシテ	6405	
ストップ	ストップ	6406	
陸	リク	6407	land; shore
とく	トク	6408	to do something in readiness for; to get something (needful) done
奪い取る	ウバイトル	6409	
突き飛ばす	ツキトバス	6410	
向上	コウジョウ	6411	elevation; rise; improvement; advancement; progress
先月	センゲツ	6412	last month
懐く	ナツク	6413	to hold in one's arms (e.g. a baby); to embrace; to hug
流行る	ハヤル	6414	to be popular; to come into fashion
個室	コシツ	6415	single (room); room for one; one's own room; private room; private compartment
目を合わせる	メヲアワセル	6416	
竹	タケ	6417	bamboo (any grass of subfamily Bambusoideae)
威厳	イゲン	6418	dignity; majesty; solemnity; gravity
欠かす	カカス	6419	to miss (doing); to fail (to do)
にわかに	ニワカニ	6420	suddenly; abruptly; unexpectedly
お顔	オカオ	6421	
抱き上げる	ダキアゲル	6422	
立ちはだかる	タチハダカル	6423	
自動	ジドウ	6424	automatic
共感	キョウカン	6425	sympathy; empathy; response; identification (with someone)
核	カク	6426	stone (of a fruit); pit; pip
すんなり	スンナリ	6427	
率直	ソッチョク	6428	frank; candid; straightforward; openhearted; direct; outspoken
仕切る	シキル	6429	
心境	シンキョウ	6430	state of mind; mental state; mental attitude
承諾	ショウダク	6431	consent; approval; acceptance; agreement; compliance
ちょい	チョイ	6432	
離脱	リダツ	6433	withdrawal; secession; separation; breakaway
入	イリ	6434	entering; entrance; entry
右側	ミギガワ	6435	right side; right-hand side
段々	ダンダン	6436	gradually; by degrees; little by little; more and more; increasingly
報告書	ホウコクショ	6437	(written) report
自動車	ジドウシャ	6438	car; automobile; motorcar; motor vehicle; auto
人殺し	ヒトゴロシ	6439	murder; murderer
二重	ニジュウ	6440	double; two-fold; two layers; duplex
植える	ウエル	6441	to plant; to grow; to raise
丈	タケ	6442	height; stature
逃亡	トウボウ	6443	escape; flight; running away; elopement; fleeing
落胆	ラクタン	6444	discouragement; despondency; dejection; disappointment
足跡	アシアト	6445	footprints
対等	タイトウ	6446	equality (esp. of status); equal footing; equal terms
学者	ガクシャ	6447	scholar; academic; scientist
野球	ヤキュウ	6448	baseball
メリット	メリット	6449	
ベスト	ベスト	6450	
立ち寄る	タチヨル	6451	to drop in (at); to drop by; to call at; to stop by; to stop off; to stop in
取り付ける	トリツケル	6452	
抱き合う	ダキアウ	6453	to embrace each other
数学	スウガク	6454	mathematics
精	セイ	6455	spirit; sprite; nymph
毎朝	マイアサ	6456	every morning
自業自得	ジゴウジトク	6457	
切り離す	キリハナス	6458	to cut off (from); to separate; to detach; to sever; to uncouple
至るまで	イタルマデ	6459	
無理はない	ムリハナイ	6460	
投入	トウニュウ	6461	throwing in; inserting; depositing (e.g. a ballot)
漠然	バクゼン	6462	vague; obscure; indistinct; hazy; ambiguous
心細い	ココロボソイ	6463	helpless; forlorn; hopeless; unpromising; lonely; discouraging; disheartening
代々	ダイダイ	6464	for generations; from generation to generation; generation after generation; through the ages
反する	ハンスル	6465	to be contrary (to); to go against; to run counter (to); to contradict; to be opposite (to)
突っ立つ	ツッタツ	6466	
もう少しで	モウスコシデ	6467	
しっ	シッ	6468	
罵る	ノノシル	6469	to abuse (verbally); to curse at; to shout abuse at; to speak ill of
取り繕う	トリツクロウ	6470	
侮る	アナドル	6471	to disdain; to look down on; to make light of; to hold in contempt; to scorn; to despise
巻	カン	6472	roll (e.g. of cloth)
利	リ	6473	advantage; benefit; profit; interest
鹿	シカ	6474	deer (esp. the sika deer, Cervus nippon); cervid
滑らか	ナメラカ	6475	smooth (of a surface); glassy; velvety; soft
わく	ワク	6476	to grow hot (e.g. water); to boil
日が暮れる	ヒガクレル	6477	
破裂	ハレツ	6478	bursting; rupture; explosion
気を使う	キヲツカウ	6479	
活かす	イカス	6480	to make (the best) use of; to put to good use; to leverage (skills, attributes, experience, etc.); to capitalise on (experience, etc.)
幹	ミキ	6481	tree trunk; bole
しばらくの間	シバラクノアイダ	6482	
出くわす	デクワス	6483	
うける	ウケル	6484	to receive; to get
これこそ	コレコソ	6485	this (very thing); this precisely
日付	ヒヅケ	6486	date; dating
なるだけ	ナルダケ	6487	
あのよう	アノヨウ	6488	
ろくな	ロクナ	6489	satisfactory; decent; good; proper; respectable
ことごとく	コトゴトク	6490	altogether; entirely
決めつける	キメツケル	6491	to fix upon (one-sidedly); to (ignore someone's position and) arbitrarily decide something is the case
もる	モル	6492	to serve (in a bowl, on a plate, etc.); to dish out; to dish up; to fill (a bowl) with
をもって	ヲモッテ	6493	
釣り	ツリ	6494	fishing; angling
なおす	ナオス	6495	to repair; to mend; to fix; to correct (a mistake, bad habit, etc.); to put right; to restore; to straighten (e.g. a tie); to tidy up (one's hair, make-up, etc.); to revive (one's spirits)
見せかける	ミセカケル	6496	
山ほど	ヤマホド	6497	
意味ない	イミナイ	6498	
すさまじい	スサマジイ	6499	terrible; dreadful; awful; horrible; ghastly
なんと	ナント	6500	what; how
イギリス	イギリス	6502	
手際	テギワ	6503	skill; ability; dexterity
埋もれる	ウモレル	6504	to be buried; to be covered; to be hidden
滑稽	コッケイ	6505	funny; comical; humorous; laughable
引っ張り出す	ヒッパリダス	6506	
１０分	ジップン	6507	
同感	ドウカン	6508	same feeling; same sentiment; same opinion; sympathy; agreement; concurrence
はにかむ	ハニカム	6509	
ここら	ココラ	6510	around here; hereabouts
どうかしら	ドウカシラ	6511	
行使	コウシ	6512	use; exercise (of one's right, authority, power, etc.)
各々	オノオノ	6513	each
動き回る	ウゴキマワル	6514	
茶色	チャイロ	6515	brown; light brown; tawny
二枚	ニマイ	6516	two sheets (of paper or other flat objects)
交互	コウゴ	6517	alternate; alternating
本名	ホンミョウ	6518	real name
ペット	ペット	6519	
業者	ギョウシャ	6520	trader; dealer; businessperson; company; vendor; supplier; manufacturer; maker; contractor
押し当てる	オシアテル	6521	
流し込む	ナガシコム	6522	
専門家	センモンカ	6523	specialist; expert; professional; authority; pundit
亡くす	ナクス	6524	to lose (through death; e.g. a wife, child)
小走り	コバシリ	6525	
気を取り直す	キヲトリナオス	6526	
逃げ込む	ニゲコム	6527	
各国	カッコク	6528	each country; every country; various countries; all countries
べきではない	ベキデハナイ	6529	should not; must not
同志	ドウシ	6530	like-mindedness; (being of the) same mind; shared sentiment
手の甲	テノコウ	6531	
さらり	サラリ	6532	
忘れ物	ワスレモノ	6533	lost article; thing left behind
しょっちゅう	ショッチュウ	6534	always; all the time; constantly; frequently; often
情報収集	ジョウホウシュウシュウ	6535	
説く	トク	6536	to explain; to preach; to advocate
裏切り	ウラギリ	6537	treachery; betrayal; perfidy
頼りにする	タヨリニスル	6538	
少なからず	スクナカラズ	6539	considerably; not a little; in no small numbers
形状	ケイジョウ	6540	shape; form
頼むから	タノムカラ	6541	
プレッシャー	プレッシャー	6542	
ひらひら	ヒラヒラ	6543	fluttering; flapping; waving
即	ソク	6544	job; work; employment; occupation; position
押し出す	オシダス	6545	
必ずしも	カナラズシモ	6546	(not) always; (not) necessarily; (not) entirely; (not) all
進展	シンテン	6547	progress; development
頑固	ガンコ	6548	stubborn; obstinate; pigheaded
性別	セイベツ	6549	(distinction of) sex; gender
責任者	セキニンシャ	6550	person in charge (including a supervisory role for other staff); person responsible for ...; responsible party; supervisor; manager
自嘲	ジチョウ	6551	vice-chief; vice-director; assistant director; deputy manager
割り切る	ワリキル	6552	to find a clear solution; to come to a clean decision; to give a clear explanation; to reason out; to conclude; to be pragmatic; to be practical
見計らう	ミハカラウ	6553	
比	ヒ	6554	ratio; proportion
失格	シッカク	6555	disqualification; elimination; incapacity
と考えられる	トカンガエラレル	6556	
態勢	タイセイ	6557	attitude; posture; preparedness; readiness
動じる	ドウジル	6558	to be perturbed; to be agitated
裂ける	サケル	6559	to split; to tear; to burst; to be separated; to be divided
ライト	ライト	6560	
パス	パス	6561	
ハート	ハート	6562	
テーマ	テーマ	6563	
儚い	ハカナイ	6564	fleeting; transient; short-lived; momentary; ephemeral; fickle; vain
今こそ	イマコソ	6565	
真理	シンリ	6566	truth
手を回す	テヲマワス	6567	
鮮明	センメイ	6568	vivid; clear; distinct
果てる	ハテル	6569	to end; to be finished; to be exhausted
売り	ウリ	6570	sale; selling
毎晩	マイバン	6571	every night
連想	レンソウ	6572	association (of ideas); being reminded (of something); suggestion
伝統	デントウ	6573	tradition; convention
洋服	ヨウフク	6574	Western-style clothes (cf. traditional Japanese clothes)
狼狽	ロウバイ	6575	
最適	サイテキ	6576	most suitable; optimum; optimal; best
お約束	オヤクソク	6577	
光を放つ	ヒカリヲハナツ	6578	
米	コメ	6579	(husked grains of) rice
難い	ニクイ	6580	difficult to ...; hard to ...
科	カ	6581	department (of a university or hospital)
ぶちまける	ブチマケル	6582	
夜明け	ヨアケ	6583	dawn; daybreak
さらなる	サラナル	6584	
たいへん	タイヘン	6585	very; greatly; terribly; awfully
うろつく	ウロツク	6586	to loiter; to hang around; to wander around; to prowl; to roam
紛れもない	マギレモナイ	6587	unmistakable; evident; obvious; certain; beyond doubt
にじむ	ニジム	6588	to run (of liquid); to spread; to bleed; to blot
あーあ	アーア	6589	
なだめる	ナダメル	6590	to soothe; to calm; to pacify
ヨーロッパ	ヨーロッパ	6591	
につき	ニツキ	6592	
なでる	ナデル	6593	to stroke; to caress; to brush gently; to pet; to pat; to rub
火をつける	ヒヲツケル	6594	
とくに	トクニ	6595	particularly; especially; in particular; expressly
つかまる	ツカマル	6596	to be caught; to be arrested
目をそらす	メヲソラス	6597	
年寄り	トシヨリ	6598	old person; elderly person; senior citizen
さまよう	サマヨウ	6599	to loiter; to putter; to prowl; to wander about; to roam about; to knock around
しいる	シイル	6600	to force; to compel; to coerce; to press; to impose
留まる	トドマル	6601	to remain; to abide; to stay (in the one place)
取り除く	トリノゾク	6602	to remove; to deinstall; to take away; to set apart
使いこなす	ツカイコナス	6603	
先週	センシュウ	6604	last week; the week before
そうでなければ	ソウデナケレバ	6605	
長男	チョウナン	6606	eldest son (may be the only son); first-born son
悲痛	ヒツウ	6607	grief; sorrow; extreme sadness; heartbreak
由来	ユライ	6608	origin; source; history; derivation
客観的	キャッカンテキ	6609	objective
置き去り	オキザリ	6610	leaving behind; desertion; abandonment
弄ぶ	モテアソブ	6611	
緩い	ユルイ	6612	loose
背中を押す	セナカヲオス	6613	
進歩	シンポ	6614	progress; advance; improvement; development
乏しい	トボシイ	6615	meagre; meager; scarce; limited; destitute; hard up; lacking; scanty; poor
許し	ユルシ	6616	pardon; forgiveness; exemption; permission
住まう	スマウ	6617	to live; to reside; to inhabit
元に戻す	モトニモドス	6618	
久しい	ヒサシイ	6619	long (time that has passed); old (story)
済ます	スマス	6620	to finish; to get it over with; to conclude
に加え	ニクワエ	6621	
順に	ジュンニ	6622	in order; in turn; one by one
敬語	ケイゴ	6623	honorific; term of respect; polite expression; honorific language
怠る	オコタル	6624	to neglect; to be negligent in; to be neglectful of; to fail to do; to leave undone; to avoid (doing); to shirk; to be unmindful of
寒気	サムケ	6625	chill; the shivers; shivering fit
十一	ジュウイチ	6626	eleven; 11
お帰りなさい	オカエリナサイ	6627	welcome home
誓い	チカイ	6628	oath; vow
感染	カンセン	6629	infection; contagion; becoming infected
不可解	フカカイ	6630	incomprehensible; mysterious; inexplicable; inscrutable; enigmatic; baffling
輪郭	リンカク	6631	contour; outline; silhouette
夕日	ユウヒ	6632	evening sun; setting sun
十日	トオカ	6633	10th day of the month
欠点	ケッテン	6634	fault; defect; flaw; weak point; weakness; shortcoming; drawback
ざわつく	ザワツク	6635	
どうしたものか	ドウシタモノカ	6636	
雑	ザツ	6637	rough; crude; sloppy; messy
公式	コウシキ	6638	official; formal
口に運ぶ	クチニハコブ	6639	
費やす	ツイヤス	6640	to spend; to expend; to consume
予言	ヨゲン	6641	prediction; prophecy; prognostication; foretelling; forecast
覆す	クツガエス	6642	to overturn; to capsize; to upset
表紙	ヒョウシ	6643	cover (of a book, magazine, etc.); binding
開放	カイホウ	6644	opening (a door, window, etc.); leaving open
渋々	シブシブ	6645	
要する	ヨウスル	6646	to need; to demand; to take; to require
気温	キオン	6647	(air) temperature
初め	ハジメ	6648	beginning; start; outset; opening
透ける	スケル	6649	
設計	セッケイ	6650	plan; design; layout
信号	シンゴウ	6651	signal; signalling; signaling
また今度	マタコンド	6652	
度胸	ドキョウ	6653	courage; bravery; pluck; nerve; grit; guts
打撃	ダゲキ	6654	blow; shock; strike; damage
専念	センネン	6655	absorption; giving undivided attention; devoting oneself (to)
ぬるい	ヌルイ	6656	lukewarm; tepid
数日後	スウジツゴ	6657	
窮屈	キュウクツ	6658	narrow; tight; cramped
時間帯	ジカンタイ	6659	period of time; time slot
お願いだから	オネガイダカラ	6660	
正反対	セイハンタイ	6661	exactly the opposite (of); completely opposite; quite contrary
嫌悪	ケンオ	6662	disgust; hate; repugnance; loathing
用心	ヨウジン	6663	care; precaution; guarding; caution
河	カワ	6664	river; stream
個性	コセイ	6665	individuality; personality; quirk; idiosyncrasy; character; individual characteristic
本題	ホンダイ	6666	main topic; main subject; main issue; main question
面影	オモカゲ	6667	face; looks; countenance
最優先	サイユウセン	6668	
待ち受ける	マチウケル	6669	to await; to wait for; to expect
駆け込む	カケコム	6670	
体質	タイシツ	6671	constitution (physical); physical make-up; predisposition (to disease); disposition; tendency
申請	シンセイ	6672	application; request; petition
よさそう	ヨサソウ	6673	
痩せる	ヤセル	6674	to become thin; to lose weight; to slim
武	ブ	6675	department (in an organization, company, etc.); division; bureau; faculty
お迎え	オムカエ	6676	
負傷	フショウ	6677	injury; wound
表向き	オモテムキ	6678	outward appearance; ostensible; public; official
一変	イッペン	6679	complete change; about-face
長引く	ナガビク	6680	to be prolonged; to drag on; to take a long time; to persist; to linger
医療	イリョウ	6681	medical treatment; medical care
摘む	ツム	6682	to pick; to pluck
替える	カエル	6683	to replace; to convert; to change
あくび	アクビ	6684	yawn; yawning
集まり	アツマリ	6685	gathering; meeting; assembly; collection; attendance
生まれて初めて	ウマレテハジメテ	6686	
べし	ベシ	6687	
根本	コンポン	6688	root; source; origin
くつろぐ	クツログ	6689	to relax; to feel at home
すする	ススル	6690	
おうち	オウチ	6691	interior; backwoods; hinterland; back regions
いっそう	イッソウ	6692	even more; still more; all the more; more than ever
ある時	アルトキ	6693	
痛っ	イタッ	6694	
ドイツ	ドイツ	6695	
おろか	オロカ	6696	
あわ	アワ	6697	bubble; foam; froth; suds; lather; head (on beer)
めぐる	メグル	6698	to go around; to make a circle around
うろたえる	ウロタエル	6699	
しばしば	シバシバ	6700	often; again and again; frequently; repeatedly
角	カク	6701	angle
大金	タイキン	6702	large amount of money; great cost
わくわく	ワクワク	6703	to be excited; to be nervous; to be thrilled
直る	ナオル	6704	to get mended; to be repaired; to be fixed
成る	ナル	6705	to become; to get; to grow; to turn; to reach; to attain
特性	トクセイ	6706	special characteristic; special quality; trait; idiosyncrasy; peculiarity
火花	ヒバナ	6707	spark
考え事	カンガエゴト	6708	
実績	ジッセキ	6709	achievements; actual results; accomplishments; past results; track record
知性	チセイ	6710	intelligence
早口	ハヤクチ	6711	fast-talking; rapid talking
介入	カイニュウ	6712	intervention
人種	ジンシュ	6713	race (of people)
濃厚	ノウコウ	6714	rich (flavor, color, etc.); strong (e.g. odor); heavy; thick (soup, makeup, etc.); dense
推薦	スイセン	6715	recommendation; referral; endorsement
必死になって	ヒッシニナッテ	6716	desperately; for one's dear life
引き連れる	ヒキツレル	6717	
丈夫	ジョウブ	6718	healthy; robust; strong; solid; durable
飢える	ウエル	6719	to starve; to be famished; to be hungry
名付ける	ナヅケル	6720	to name; to call; to christen; to term
その気	ソノキ	6721	
マイナス	マイナス	6722	
お時間	オジカン	6723	(your) time
ピンク色	ピンクイロ	6724	
筆	フデ	6725	writing brush; paintbrush; pen
追放	ツイホウ	6726	exile; banishment; eviction; deportation; purge; expulsion; ousting
授ける	サズケル	6727	to grant; to give; to confer; to award
透き通る	スキトオル	6728	to be transparent; to be see-through; to be clear
プラス	プラス	6729	
発達	ハッタツ	6730	development; growth
話し始める	ハナシハジメル	6731	
読者	ドクシャ	6732	reader
びる	ビル	6733	
コメント	コメント	6734	
留守番	ルスバン	6735	care-taking; house-sitting; house-watching; staying at home
無縁	ムエン	6736	unrelated; unconnected; irrelevant; indifferent; divorced from; having nothing to do with one; being foreign to one
分野	ブンヤ	6737	field; sphere; realm; division; branch
本性	ホンショウ	6738	true character; real nature
そわそわ	ソワソワ	6739	restlessly; nervously; uneasily; in a fidget
鈍る	ニブル	6740	to become blunt; to grow dull
感激	カンゲキ	6741	deep emotion; impression; inspiration
見比べる	ミクラベル	6742	to compare with the eye; to judge by comparison
徹夜	テツヤ	6743	staying up all night
右足	ミギアシ	6744	right foot
権	ケン	6745	right (to do something)
至極	シゴク	6746	
最後の最後	サイゴノサイゴ	6747	
苦戦	クセン	6748	hard fight; close game; struggle; tight contest
独占	ドクセン	6749	monopoly; monopolization; exclusivity
繰り返し	クリカエシ	6750	repetition; repeat; reiteration; iteration; refrain; cycle
成し遂げる	ナシトゲル	6751	to accomplish; to achieve; to complete; to carry out; to carry through
初期	ショキ	6752	early days; early years; early stages; initial stages; beginning
絶妙	ゼツミョウ	6753	exquisite; superb; perfect; miraculous
一滴	イッテキ	6754	
突き止める	ツキトメル	6755	
ちらちら	チラチラ	6756	falling lightly (e.g. snow, petals, confetti); fluttering
左側	ヒダリガワ	6757	left side; left-hand side
一環	イッカン	6758	link (e.g. in a chain of events); part (of a plan, campaign, activities, etc.)
正す	タダス	6759	to correct; to rectify; to reform; to amend; to redress
連絡を取る	レンラクヲトル	6760	
とうに	トウニ	6761	
十四	ジュウシ	6762	fourteen; 14
無責任	ムセキニン	6763	irresponsibility
人員	ジンイン	6764	number of persons; personnel
手を組む	テヲクム	6765	
三本	サンボン	6766	three (long cylindrical things)
手順	テジュン	6767	process; procedure; sequence; protocol; instruction
意味不明	イミフメイ	6768	of uncertain meaning; ambiguous; cryptic; nonsensical; incomprehensible; perplexing
補う	オギナウ	6769	to supplement; to make up for; to compensate for; to cover (a shortage, loss, etc.); to fill (e.g. a vacancy)
遠目	トオメ	6770	
養う	ヤシナウ	6771	to support; to maintain; to provide for
悪口	ワルグチ	6772	(verbal) abuse; speaking ill of people; bad-mouthing; name-calling; slander; abusive language; insulting remarks
惨め	ミジメ	6773	miserable; wretched; unhappy; sad; pitiable
キレる	キレル	6774	to break; to snap; to be cut; to split; to crack
見て回る	ミテマワル	6775	
場合によって	バアイニヨッテ	6776	
二十歳	ハタチ	6777	20 years old
揺する	ユスル	6778	to shake; to jolt; to rock (cradle); to swing
迎え入れる	ムカエイレル	6779	
命を落とす	イノチヲオトス	6780	
朝日	アサヒ	6781	morning sun
こうなると	コウナルト	6782	
ちゃう	チャウ	6783	to do completely
源	ミナモト	6784	source (of a river); fountainhead
ばい	バイ	6785	double; twice (as much)
わり	ワリ	6786	rate; ratio; proportion
口ぶり	クチブリ	6787	way of speaking
良くなる	ヨクナル	6788	
ガス	ガス	6789	
つぶす	ツブス	6790	to smash; to crush; to flatten
積もる	ツモル	6791	to pile up; to accumulate
やかましい	ヤカマシイ	6792	noisy; loud; clamorous; boisterous
歯を食いしばる	ハヲクイシバル	6793	
下に	シモニ	6794	
引き出し	ヒキダシ	6795	drawer
おかわり	オカワリ	6796	another helping; second helping; seconds; refill
そんなわけで	ソンナワケデ	6797	
あきれる	アキレル	6798	to be amazed; to be shocked; to be astonished; to be astounded; to be disgusted; to be exasperated; to be fed up
ほんとう	ホントウ	6799	main island
よって	ヨッテ	6800	
前	ゼン	6801	last (i.e. immediately preceding); previous; ex-; former
空	カラ	6802	emptiness; being empty
平均	ヘイキン	6803	average; mean
引き戻す	ヒキモドス	6804	to bring back; to restore
首都	シュト	6805	(national) capital (city); metropolis
揺れ	ユレ	6806	
人手	ヒトデ	6807	crowd; turnout
ばっちり	バッチリ	6808	
工事	コウジ	6809	construction work
どうしたって	ドウシタッテ	6810	
一月	イチガツ	6811	January
早	ハヤ	6812	already; now; by this time
五つ	イツツ	6813	five
アルバイト	アルバイト	6814	
軽々	カルガル	6815	lightly; easily; carelessly
予想以上	ヨソウイジョウ	6816	more than expected
じわじわ	ジワジワ	6817	slowly (but steadily); gradually; bit-by-bit
期	キ	6818	spirit; mind; heart
団体	ダンタイ	6819	group; party; team
上では	ウエデハ	6820	
大臣	ダイジン	6821	cabinet minister
襟	エリ	6822	collar; lapel; neckband; neck
永久	エイキュウ	6823	eternity; permanence; perpetuity
脅迫	キョウハク	6824	threat; menace; coercion; blackmail
何でもいい	ナンデモイイ	6825	
仲が良い	ナカガヨイ	6826	
出場	シュツジョウ	6827	participation (in a tournament, match, race, etc.); entry; taking part (in); competing (in); appearance
潮	シオ	6828	tide; current
連れ去る	ツレサル	6829	to take (someone) away; to carry off; to abduct; to kidnap
造り	ツクリ	6830	making; producing; manufacturing; building; construction; make; structure
収入	シュウニュウ	6831	income; earnings; revenue; proceeds; takings; receipts
退ける	シリゾケル	6832	to put something out of the way; to move (something, someone) aside
音もなく	オトモナク	6833	
沢	サワ	6834	mountain stream; valley; dale
途絶える	トダエル	6835	to stop; to cease; to come to an end; to cut off
座席	ザセキ	6836	seat (esp. in public places or places with assigned seating); seating
憂鬱	ユウウツ	6837	depression; melancholy; dejection; gloom; despondency
呼び寄せる	ヨビヨセル	6838	
行事	ギョウジ	6839	event; function
見習う	ミナラウ	6840	to follow (someone's) example; to imitate; to copy; to pattern oneself on
土曜日	ドヨウビ	6841	Saturday
限りない	カギリナイ	6842	unlimited; endless; boundless; infinite
嘲笑	チョウショウ	6843	invitation
果実	カジツ	6844	fruit; nut; berry
タイム	タイム	6845	
持ち合わせる	モチアワセル	6846	
余韻	ヨイン	6847	reverberation; swelling (of a hymn); trailing note
務め	ツトメ	6848	service; duty; business; responsibility; task
全体的	ゼンタイテキ	6849	overall; general; as a whole
快適	カイテキ	6850	pleasant; agreeable; comfortable
数多く	カズオオク	6851	in great numbers
緩やか	ユルヤカ	6852	loose; slack
敗れる	ヤブレル	6853	to be defeated; to be beaten; to be unsuccessful; to lose
一心	イッシン	6854	one mind
成人	セイジン	6855	adult; grown-up
お付き合い	オツキアイ	6856	
委員会	イインカイ	6857	committee; commission; board; panel; committee meeting
相違	ソウイ	6858	difference; discrepancy; variation
一昨日	オトトイ	6859	day before yesterday
昭和	ショウワ	6860	Shōwa era (1926.12.25-1989.1.7)
当事者	トウジシャ	6861	person concerned; interested party; related party
たか	タカ	6862	degree (of something); greatness or smallness (of something); quantity; number; amount; size
とことん	トコトン	6863	
楽器	ガッキ	6864	musical instrument
交際	コウサイ	6865	company; friendship; association; society; acquaintance
勝	ショウ	6866	quotient
尊い	トウトイ	6867	precious; valuable; priceless
身を守る	ミヲマモル	6868	
変わりない	カワリナイ	6869	
過酷	カコク	6870	severe; harsh; hard; cruel; rigorous
バタバタ	バタバタ	6871	flapping; rattling; fluttering
絵画	カイガ	6872	painting; picture
引っ込める	ヒッコメル	6873	
正当	セイトウ	6874	just; justifiable; right; due; proper; equitable; reasonable; legitimate; legal; lawful
熱気	ネッキ	6875	heat; hot air
包み	ツツミ	6876	bundle; package; parcel
確証	カクショウ	6877	
経由	ケイユ	6878	going through; going via; going by way of
一転	イッテン	6879	point; dot; speck
に加えて	ニクワエテ	6880	in addition
全開	ゼンカイ	6881	previous time; last time; previous installment; previous instalment; previous session
突き進む	ツキススム	6882	
嫌味	イヤミ	6883	
手出し	テダシ	6884	
いたずら	イタズラ	6885	mischief; prank; trick; practical joke
さぞ	サゾ	6886	surely; certainly; no doubt; must
でっかい	デッカイ	6887	huge; big; enormous
うなだれる	ウナダレル	6888	
まね	マネ	6889	imitating; copying; mimicry
いいかげん	イイカゲン	6890	irresponsible; perfunctory; careless
遅く	オソク	6891	
さらさら	サラサラ	6892	with a rustling sound
ワクワク	ワクワク	6893	to be excited; to be nervous; to be thrilled
一人一人	ヒトリヒトリ	6894	each (person); individually; one by one; one at a time; in turn
たりとも	タリトモ	6895	
たどる	タドル	6896	to follow (a road, path, etc.); to trace
かむ	カム	6897	to bite
やしない	ヤシナイ	6898	
おごる	オゴル	6899	to treat (someone) to (something); to give (someone) a treat; to buy (someone a meal, drink, etc.)
慌ただしい	アワタダシイ	6900	busy; hectic; hurried; rushed
開く	アク	6901	to open (e.g. doors)
堪える	タエル	6902	to bear; to stand; to endure; to put up with
公	オオヤケ	6903	official; governmental; formal
血管	ケッカン	6904	blood vessel; vein
追求	ツイキュウ	6905	pursuit (of a goal, ideal, etc.); search; chase; seeking after
賛同	サンドウ	6906	approval; endorsement
秩序	チツジョ	6907	order; discipline; regularity; system; method
要因	ヨウイン	6908	main cause; primary factor
自称	ジショウ	6909	self-proclaimed; self-professed; self-styled; would-be
大学生	ダイガクセイ	6910	university student; college student
償う	ツグナウ	6911	to make up for; to compensate for; to indemnify; to recompense; to redeem (e.g. a fault); to atone for
デザート	デザート	6912	
聞き覚え	キキオボエ	6913	
嫌になる	イヤニナル	6914	
救急車	キュウキュウシャ	6915	ambulance
デビュー	デビュー	6916	
強気	ツヨキ	6917	confident; assured; self-assured; firm; strong; cocksure
悪人	アクニン	6918	bad person; villain; scoundrel; wrongdoer; wicked person
通称	ツウショウ	6919	popular name; common name; nickname; alias
拝む	オガム	6920	to assume the posture of praying; to press the palms and fingers of both hands together; to do reverence (e.g. before a statue of the Buddha); to pay one's respects
屈する	クッスル	6921	
各自	カクジ	6922	each (person); everyone; individual; respective
夫妻	フサイ	6923	husband and wife; married couple
離れ	ハナレ	6924	
彩る	イロドル	6925	to colour; to color; to paint
供給	キョウキュウ	6926	supply; provision; service
増加	ゾウカ	6927	increase; rise; growth; addition; increment
真摯	シンシ	6928	sincere; earnest; serious
聞き流す	キキナガス	6929	
車内	シャナイ	6930	inside a car (train, bus, etc.)
先祖	センゾ	6931	ancestor; forefather; foremother
カバー	カバー	6932	
必然	ヒツゼン	6933	inevitable; necessary; certain; sure
手を差し伸べる	テヲサシノベル	6934	
岡	オカ	6935	hill; height; knoll; rising ground
投げ捨てる	ナゲステル	6936	
ごっこ	ゴッコ	6937	
無念	ムネン	6938	regret; chagrin; mortification
男らしい	オトコラシイ	6939	manly; masculine; like a man
検索	ケンサク	6940	looking up (e.g. a word in a dictionary); search (e.g. on the Internet); retrieval (of information); reference
妥当	ダトウ	6941	valid; proper; right; appropriate; reasonable
据える	スエル	6942	to place (in position); to fix; to set (e.g. table); to lay (foundation)
解析	カイセキ	6943	analysis; analytical study
失態	シッタイ	6944	blunder; fault; error; mistake; failure; disgrace
制作	セイサク	6945	work (film, book)
覚める	サメル	6946	to wake; to wake up
昼寝	ヒルネ	6947	(afternoon) nap; sleeping during the day; siesta
強	キョウ	6948	imperial capital (esp. Kyoto)
華麗	カレイ	6949	splendid; magnificent; gorgeous
無難	ブナン	6950	safe (e.g. choice); secure; innocuous; inoffensive
ふらつく	フラツク	6951	
書き込む	カキコム	6952	to fill in (field, entry, etc.); to fill out (form)
しゃがむ	シャガム	6953	to squat; to crouch
莫大	バクダイ	6954	vast; huge; immense; enormous; colossal
没頭	ボットウ	6955	immersing oneself in; being absorbed in; devoting oneself to; giving oneself up entirely to
口走る	クチバシル	6956	to blurt out; to let slip; to say inadvertently; to come out with (e.g. nonsense)
腹立たしい	ハラダタシイ	6957	
彼自身	カレジシン	6958	
徒歩	トホ	6959	walking; going on foot
仕上げる	シアゲル	6960	to finish up; to complete; to finish off; to get through; to polish off
政治家	セイジカ	6961	politician; statesman
見過ごす	ミスゴス	6962	to let go by; to let pass; to overlook; to miss
質問に答える	シツモンニコタエル	6963	
実践	ジッセン	6964	practice; putting into practice; implementation
来月	ライゲツ	6965	next month
悲惨	ヒサン	6966	disastrous; tragic; miserable; wretched; pitiful; woeful; outrageous
耳打ち	ミミウチ	6967	
大阪	オオサカ	6968	Osaka (city, prefecture)
翻弄	ホンロウ	6969	having at one's mercy; trifling with; toying with; playing with; making a fool of; leading around by the nose; tossing about (a ship); buffeting
通り越す	トオリコス	6970	
帰国	キコク	6971	return to one's country
手応え	テゴタエ	6972	feeling in the hands (when striking, poking, etc.); (feeling of) resistance
手招き	テマネキ	6973	beckoning
深まる	フカマル	6974	to deepen; to heighten; to intensify
海岸	カイガン	6975	seashore; coast; seaside; waterfront; beach
反抗	ハンコウ	6976	opposition; resistance; insubordination; defiance; hostility; rebellion
ホーム	ホーム	6977	
見込む	ミコム	6978	to anticipate; to expect; to estimate; to count on; to allow for; to take into account
組み合わせる	クミアワセル	6979	to put together; to combine; to join together; to join up
素性	スジョウ	6980	
面する	メンスル	6981	to face on; to look out on to
業	ギョウ	6982	work; business; company; agency
かえる	カエル	6983	frog
あり得る	アリウル	6984	
まんま	マンマ	6985	as (it is); remaining (in a state); keeping (the same); leaving (unchanged)
おつもり	オツモリ	6986	
分かりやすい	ワカリヤスイ	6987	
できる限り	デキルカギリ	6988	
ひそか	ヒソカ	6989	secret; private; surreptitious
手当て	テアテ	6990	salary; pay; compensation; allowance (e.g. housing allowance); benefit; bonus
しでかす	シデカス	6991	
たまえ	タマエ	6992	
見込み	ミコミ	6993	hope; promise; possibility; chance; probability; likelihood
くわえる	クワエル	6994	to add; to add up; to sum up; to append; to annex
きたる	キタル	6995	
とまる	トマル	6996	to stop (moving); to come to a stop
ところどころ	トコロドコロ	6997	here and there; in places
方がよい	ホウガヨイ	6998	had better ...
いいって言う	イイッテイウ	6999	
大きめ	オオキメ	7000	
真に	マコトニ	7002	really; truly; very; extremely; exceedingly; sincerely
まれ	マレ	7003	rare; seldom
時間の問題	ジカンノモンダイ	7004	
この頃	コノゴロ	7005	these days; nowadays; now; at present; recently; lately
一息	ヒトイキ	7006	one breath
お世話	オセワ	7007	
毎日のように	マイニチノヨウニ	7008	almost every day; almost daily
補充	ホジュウ	7009	replenishment; supplementation; supplement; replacement; refilling
嗚咽	オエツ	7010	
来	ライ	7011	next (year, spring, etc.); coming
諭す	サトス	7012	to make (someone) understand (a fault, mistake, etc.); to reason with; to advise; to try to persuade; to exhort; to admonish; to warn (against doing)
甲斐	カイ	7013	result (that makes an act worthwhile); worth (in doing something); value; effect; use; benefit; avail
敬意	ケイイ	7014	respect; honour; honor
津	ツ	7015	
疑念	ギネン	7016	doubt; suspicion; misgivings; scruples
七十	シチジュウ	7017	seventy; 70
善	ゼン	7018	good; goodness; right; virtue
沸く	ワク	7019	to grow hot (e.g. water); to boil
階級	カイキュウ	7020	(social) class
合計	ゴウケイ	7021	sum total; total amount
数少ない	カズスクナイ	7022	few in number
問い詰める	トイツメル	7023	
同等	ドウトウ	7024	equality; equal; same rights; same rank; equivalence
闘う	タタカウ	7025	to make war (on); to wage war (against); to go to war (with); to fight (with); to do battle (against)
観光	カンコウ	7026	sightseeing; tourism
世界一	セカイイチ	7027	best in the world
奥深い	オクフカイ	7028	
節	フシ	7029	joint; knuckle
踊り	オドリ	7030	dance
学問	ガクモン	7031	study; scholarship; learning; education; knowledge
生活を送る	セイカツヲオクル	7032	
抜群	バツグン	7033	outstanding; excellent; exceptional; distinguished; unrivaled; surpassing (e.g. beauty); beyond compare
距離を置く	キョリヲオク	7034	
下品	ゲヒン	7035	vulgar; indecent; coarse; crude
危険性	キケンセイ	7036	(degree of) risk; riskiness; danger
細長い	ホソナガイ	7037	long and narrow
定番	テイバン	7038	standard item; usual thing; (a) classic; go-to choice; staple; regular fixture; standard procedure; convention
痕	アト	7039	trace; tracks; mark; sign
演説	エンゼツ	7040	speech; address
指し示す	サシシメス	7041	to indicate; to show; to point to
プラン	プラン	7042	
四日	ヨッカ	7043	4th day of the month
和	ワ	7044	sum
退院	タイイン	7045	leaving hospital; discharge from hospital
耳を澄ます	ミミヲスマス	7046	
奉仕	ホウシ	7047	service; ministry; attendance; church work
明らかになる	アキラカニナル	7048	
出歩く	デアルク	7049	
コーナー	コーナー	7050	
年後	ネンゴ	7051	years later
更新	コウシン	7052	renewal; update; replacement; renovation; breaking (a record)
渋い	シブイ	7053	astringent; bitter; puckery; rough; harsh; tart
法則	ホウソク	7054	law; rule
サイト	サイト	7055	
圧迫	アッパク	7056	pressure
足首	アシクビ	7057	ankle
同い年	オナイドシ	7058	
お風呂に入る	オフロニハイル	7059	
束ねる	タバネル	7060	to tie up in a bundle (e.g. straw, hair, bills, letters); to bundle; to sheathe
先行	センコウ	7061	going ahead; going first
じりじり	ジリジリ	7062	
大層	タイソウ	7063	very; extremely; exceedingly; greatly; terribly
見舞う	ミマウ	7064	to visit and comfort or console; to go to see (e.g. someone in hospital); to ask after (e.g. someone's health); to inquire after
執拗	シツヨウ	7065	
補助	ホジョ	7066	assistance; support; help; aid
後回し	アトマワシ	7067	putting off; postponing
警戒心	ケイカイシン	7068	
近頃	チカゴロ	7069	lately; recently; nowadays
息をする	イキヲスル	7070	
匹敵	ヒッテキ	7071	to be a match for; to rival; to equal; to compare with; to be equivalent to
意図的	イトテキ	7072	intentional; on purpose
現金	ゲンキン	7073	cash; ready money; money on hand; currency
労働	ロウドウ	7074	labor; labour; work
浜	ハマ	7075	beach; seashore
抱え込む	カカエコム	7076	
効果的	コウカテキ	7077	effective; successful
スムーズ	スムーズ	7078	
驚くべき	オドロクベキ	7079	
持ち歩く	モチアルク	7080	
居心地	イゴコチ	7081	feeling of a house or a room
断じて	ダンジテ	7082	absolutely; positively; decidedly
軒	ケン	7083	eaves
稀	マレ	7084	rare; seldom
言葉をかける	コトバヲカケル	7085	
押しかける	オシカケル	7086	
まぶしい	マブシイ	7087	dazzling; radiant
はなれる	ハナレル	7088	to get free (from); to be freed; to be released
なびく	ナビク	7089	to bend; to flutter; to wave
うまくやる	ウマクヤル	7090	
大きすぎる	オオキスギル	7091	
ひねる	ヒネル	7092	to twist; to wrench; to turn (a tap, switch, etc.)
立ち上る	タチノボル	7093	
かすめる	カスメル	7094	
ざわめく	ザワメク	7095	to be noisy; to be astir; to rustle; to murmur
どん	ドン	7096	porcelain bowl
悔やむ	クヤム	7097	to mourn; to lament
正直なところ	ショウジキナトコロ	7098	
呼びかけ	ヨビカケ	7099	call; appeal
踏みつける	フミツケル	7100	
表	ヒョウ	7101	table; chart; list
その度	ソノタビ	7102	
形態	ケイタイ	7103	form; shape; figure
カット	カット	7104	flaring up; burning hotly; suddenly becoming bright
名目	メイモク	7105	name; title; appellation; (something) nominal
学習	ガクシュウ	7106	learning; study
競争	キョウソウ	7107	competition; contest; rivalry; race
有力	ユウリョク	7108	influential; prominent; leading
口に入る	クチニハイル	7109	
頭に浮かぶ	アタマニウカブ	7110	
速やか	スミヤカ	7111	quick; speedy; prompt; rapid; swift
視察	シサツ	7112	inspection; observation
物語る	モノガタル	7113	to tell (a story); to give an account of (an event, experience, etc.); to relate; to recount
プライベート	プライベート	7114	
往来	オウライ	7115	coming and going; traffic
隔てる	ヘダテル	7116	to separate (by distance, time, etc.); to isolate; to partition; to divide
弱気	ヨワキ	7117	timid; weak-kneed; fainthearted
それ以来	ソレイライ	7118	
巧み	タクミ	7119	skillful; adroit; dexterous; masterful; clever; ingenious; cunning
観測	カンソク	7120	observation; survey; measurement
周	シュウ	7121	state (of the US, Australia, India, Germany, etc.); province (e.g. of Canada); county (e.g. of the UK); region (e.g. of Italy); canton; oblast
こそこそ	コソコソ	7122	sneakily; secretly; stealthily; on the sly
窓際	マドギワ	7123	at the window; by the window; next to the window
だけしか	ダケシカ	7124	
前半	ゼンハン	7125	first half
報う	ムクウ	7126	
目で追う	メデオウ	7127	
拝見	ハイケン	7128	seeing; looking at
応用	オウヨウ	7129	(practical) application; putting to practical use
見当	ケントウ	7130	estimate; guess; conjecture; aim
現時点	ゲンジテン	7131	present point (i.e. in history); at the present time
長時間	チョウジカン	7132	long time; several hours; long spell
考え直す	カンガエナオス	7133	to reconsider; to rethink; to reassess
借り	カリ	7134	borrowing; debt; loan
関節	カンセツ	7135	joint
血を流す	チヲナガス	7136	
死後	シゴ	7137	after death
週末	シュウマツ	7138	weekend
言ったって	イッタッテ	7139	
人前で	ヒトマエデ	7140	
しばらくすると	シバラクスルト	7141	
腕前	ウデマエ	7142	ability; skill; facility
休息	キュウソク	7143	rest; relief; relaxation
製造	セイゾウ	7144	manufacture; production
追いやる	オイヤル	7145	
乗り切る	ノリキル	7146	to weather (a storm, rough seas); to ride across; to sail across
それ自体	ソレジタイ	7147	
集中力	シュウチュウリョク	7148	(powers of) concentration; ability to concentrate
募集	ボシュウ	7149	recruitment; invitation; selection; advertisement; taking applications
リラックス	リラックス	7150	
絶好	ゼッコウ	7151	best; ideal; perfect
勝る	マサル	7152	to excel; to surpass; to exceed; to have an edge; to be superior; to outrival
論	ロン	7153	
不服	フフク	7154	dissatisfaction; discontent; disapproval; objection; complaint; protest; disagreement
一日中	イチニチジュウ	7155	all day long; all the day; throughout the day
百年	ヒャクネン	7156	
何時	ナンジ	7157	what time; which hour
検証	ケンショウ	7158	verification; confirmation; substantiation
現役	ゲンエキ	7159	active duty; active service
警察官	ケイサツカン	7160	police officer; policeman; policewoman
心なしか	ココロナシカ	7161	
豪快	ゴウカイ	7162	hearty; tremendous; magnificent; glorious; splendid; heroic; stirring
葛藤	カットウ	7163	conflict; complication; troubles; discord
因縁	インネン	7164	fate; destiny
苦悩	クノウ	7165	(mental) agony; anguish; suffering; distress
花が咲く	ハナガサク	7166	
心情	シンジョウ	7167	sentiment; emotions; one's feelings; one's heart
容疑者	ヨウギシャ	7168	suspect
身勝手	ミガッテ	7169	
自在	ジザイ	7170	being able to do as one pleases; doing at will
見受ける	ミウケル	7171	to catch sight of; to see; to suppose; to assume from appearances
正気	セイキ	7172	century
休暇	キュウカ	7173	holiday; vacation; day off; time off; leave; furlough
必須	ヒッス	7174	indispensable; essential; requisite; required; compulsory; necessary
治安	チアン	7175	public order; public peace; public security; law and order
祝い	イワイ	7176	congratulation; congratulations; celebration; festival
失せる	ウセル	7177	
寝床	ネドコ	7178	bed; berth; crib; cot; bedroom
好きなように	スキナヨウニ	7179	
らな	ラナ	7180	
さんか	サンカ	7181	affiliated with; under jurisdiction of; under the umbrella
のむ	ノム	7182	to drink; to swallow; to take (medicine)
年月	トシツキ	7183	months and years
寝ぼける	ネボケル	7184	to be still half asleep; to be half awake; to be not yet quite awake
眠りにつく	ネムリニツク	7185	
ありとあらゆる	アリトアラユル	7186	every conceivable; every single; every possible; all kinds of
のめる	ノメル	7187	
がん	ガン	7188	cancer
ご案内	ゴアンナイ	7189	
気がつくと	キガツクト	7190	
ちっちゃい	チッチャイ	7191	
どういたしまして	ドウイタシマシテ	7192	you're welcome; don't mention it; not at all; my pleasure
よみがえる	ヨミガエル	7193	to be resurrected; to be resuscitated; to be rehabilitated; to be revived; to be refreshed; to be restored
成り行き	ナリユキ	7194	course (of events); development; progress; outcome; result
ずーっと	ズーット	7195	continuously; the whole time; all the way; throughout
おくれる	オクレル	7196	to be late; to be delayed; to fall behind schedule; to be overdue
食いつく	クイツク	7197	
ほのか	ホノカ	7198	faint; indistinct; dim; vague; subtle; delicate
押しのける	オシノケル	7199	
電話をかける	デンワヲカケル	7200	
反響	ハンキョウ	7202	echo; reverberation
一台	イチダイ	7203	one machine; one vehicle
に取って	ニトッテ	7204	to; for; from the standpoint of; as far as ... is concerned
健全	ケンゼン	7205	healthy; sound; wholesome
お越し	オコシ	7206	
弱	ジャク	7207	a little less than; a little under; slightly fewer than
詐欺	サギ	7208	fraud; swindle; graft; cheating; trick; scam
人通り	ヒトドオリ	7209	pedestrian traffic
すねる	スネル	7210	
好都合	コウツゴウ	7211	convenient; favorable; favourable; expedient; expedience
笑い出す	ワライダス	7212	
高貴	コウキ	7213	latter period; second half; late stage; third trimester; second semester
賞	ショウ	7214	prize; award
広める	ヒロメル	7215	to spread; to propagate; to popularize; to disseminate
見合う	ミアウ	7216	
権威	ケンイ	7217	authority; power; influence; prestige
降参	コウサン	7218	surrender; submission; capitulation
知人	チジン	7219	friend; acquaintance
定義	テイギ	7220	definition
お知らせ	オシラセ	7221	
早急	ソウキュウ	7222	immediate; prompt; quick; rapid; urgent; pressing
半端	ハンパ	7223	remnant; fragment; incomplete set; incompleteness
高らか	タカラカ	7224	loud; sonorous; ringing
遮断	シャダン	7225	isolation; cut off; blockade; quarantine; interception; deprivation
おやおや	オヤオヤ	7226	
報道	ホウドウ	7227	report (of news); reporting; news; information; (media) coverage
意向	イコウ	7228	intention; inclination; mind; idea; wish; view
待ち	マチ	7229	waiting; waiting time
召し上がる	メシアガル	7230	to eat; to drink
揺る	ユル	7231	to shake; to jolt; to rock (cradle); to swing
思い描く	オモイエガク	7232	to imagine; to picture; to figure; to see
自信満々	ジシンマンマン	7233	
群がる	ムラガル	7234	to swarm; to gather
革命	カクメイ	7235	revolution
生存	セイゾン	7236	existence; being; life; survival
呼ばわり	ヨバワリ	7237	
あとから	アトカラ	7238	after; later
好ましい	コノマシイ	7239	nice; likeable; desirable
拍子抜け	ヒョウシヌケ	7240	
行列	ギョウレツ	7241	line; queue; procession; parade
無料	ムリョウ	7242	free (of charge); gratuitous
日曜	ニチヨウ	7243	Sunday
に反して	ニハンシテ	7244	
支障	シショウ	7245	obstacle; hindrance; impediment; difficulty
芽生える	メバエル	7246	
犠牲者	ギセイシャ	7247	victim (esp. someone killed); casualty
大小	ダイショウ	7248	size
凝る	コル	7249	to become stiff (of muscles)
でよ	デヨ	7250	
自分勝手	ジブンカッテ	7251	
動向	ドウコウ	7252	trend; tendency; movement; attitude
明らかにする	アキラカニスル	7253	
週間	シュウカン	7254	week
暁	アカツキ	7255	dawn; daybreak
片付く	カタヅク	7256	to be put in order; to be put to rights
気安い	キヤスイ	7257	
害	ガイ	7258	injury; harm; evil influence; damage
孤立	コリツ	7259	isolation; being alone; being friendless
探し出す	サガシダス	7260	
お連れ	オツレ	7261	
公表	コウヒョウ	7262	official announcement; proclamation
逃げ場	ニゲバ	7263	
背伸び	セノビ	7264	
本能的	ホンノウテキ	7265	
万能	バンノウ	7266	all-purpose; utility; universal
ゆらゆら	ユラユラ	7267	swaying; swinging; rocking; shaking; wavering; flickering
犠牲になる	ギセイニナル	7268	
積み重ねる	ツミカサネル	7269	to pile up; to accumulate
品物	シナモノ	7270	article; item; thing; goods; wares
疑わしい	ウタガワシイ	7271	doubtful; questionable; uncertain; disputable; suspicious
朝早く	アサハヤク	7272	
くっきり	クッキリ	7273	clearly (standing out); distinctly; sharply; boldly; in sharp relief
いたって	イタッテ	7274	very much; exceedingly; extremely
リード	リード	7275	
一人前	イチニンマエ	7276	one portion; one serving; one person
研究者	ケンキュウシャ	7277	researcher
初耳	ハツミミ	7278	
社会的	シャカイテキ	7279	social; societal; societary
涙が出る	ナミダガデル	7280	
蓄積	チクセキ	7281	accumulation; accumulate; store
外国人	ガイコクジン	7282	foreigner; foreign citizen; foreign national; alien; non-Japanese
仕事中	シゴトチュウ	7283	at work; in the midst of work; working
直	ジキ	7284	soon; in a moment; before long; shortly
いつにない	イツニナイ	7285	
つながり	ツナガリ	7286	connection; link; relationship
ちと	チト	7287	
荒らす	アラス	7288	to lay waste; to devastate; to damage
目をつける	メヲツケル	7289	
ひっくり返る	ヒックリカエル	7290	to be overturned; to be reversed; to turn over; to capsize
良いこと	ヨイコト	7291	
お供	オトモ	7292	
すぐそば	スグソバ	7293	right beside; close to; nearby
あっけない	アッケナイ	7294	
までも	マデモ	7295	to (an extent); up to; so far as; even
つかう	ツカウ	7296	to use (a tool, method, etc.); to make use of; to put to use
引き込む	ヒキコム	7297	
決着をつける	ケッチャクヲツケル	7298	
長いこと	ナガイコト	7299	
いやがる	イヤガル	7300	to appear uncomfortable (with); to seem to hate; to express dislike
云々	ウンヌン	7303	and so on; and so forth; et cetera; and such; and the like
作者	サクシャ	7304	creator (of a work); author; writer; artist; composer; playwright; dramatist
手を入れる	テヲイレル	7305	
猶予	ユウヨ	7306	postponement; deferment; extension (of time)
荒々しい	アラアラシイ	7307	rough; wild; rude; harsh; gruff; violent
元通り	モトドオリ	7308	
白状	ハクジョウ	7309	confession
生々しい	ナマナマシイ	7310	vivid (memory, description, etc.); fresh; graphic; raw; true-to-life; first-hand (experience)
飛び交う	トビカウ	7311	to fly about; to flutter about; to flit about; to fly past each other
所持	ショジ	7312	possession; having (on one's person); carrying (with one)
援助	エンジョ	7313	assistance; aid; support
断定	ダンテイ	7314	conclusion; decision; judgement; declaration
差別	サベツ	7315	distinction; differentiation; discrimination
事項	ジコウ	7316	matter; item; facts
第三者	ダイサンシャ	7317	third party; third person; outsider; disinterested person
欠く	カク	7318	to chip; to nick; to break; to crack
選挙	センキョ	7319	election
沿い	ゾイ	7320	along (a river, coast, railway, etc.); on (e.g. a street)
律儀	リチギ	7321	
計	ケイ	7322	plan
危	キ	7323	spirit; mind; heart
中心とする	チュウシントスル	7324	
アウト	アウト	7325	
成分	セイブン	7326	ingredient; component; composition
有名人	ユウメイジン	7327	celebrity; famous person; public figure; big name
極力	キョクリョク	7328	to the utmost; to the best of one's ability
心理	シンリ	7329	state of mind; mentality; psychology
惑わす	マドワス	7330	to bewilder; to perplex; to puzzle; to delude; to mislead; to deceive
囲う	カコウ	7331	to enclose; to surround; to encircle; to fence; to wall in
人間関係	ニンゲンカンケイ	7332	human relations; personal relationships
採る	トル	7333	to adopt (a method, proposal, etc.); to take (a measure, course of action, etc.); to decide on
慰め	ナグサメ	7334	
すっぽり	スッポリ	7335	entirely; completely
おさまる	オサマル	7336	to die down (storm, anger, conflict, etc.); to calm down; to cool off; to abate; to be settled; to be brought under control
切り上げる	キリアゲル	7337	
主な	オモナ	7338	
恩人	オンジン	7339	benefactor; patron; person to whom one owes a great deal; person to whom one is (deeply) indebted
思い知らす	オモイシラス	7340	
建築	ケンチク	7341	construction; architecture (of buildings)
隠し事	カクシゴト	7342	
話題になる	ワダイニナル	7343	
畳む	タタム	7344	to fold (clothes, umbrella)
出張	シュッチョウ	7345	business trip; official trip
ずる	ズル	7346	
駆使	クシ	7347	using freely; making full use of; having a good command of
連なる	ツラナル	7348	to extend; to stretch out; to stand in a row
読み	ヨミ	7349	reading
後ろめたい	ウシロメタイ	7350	
独身	ドクシン	7351	unmarried; single
痛々しい	イタイタシイ	7352	
住居	ジュウキョ	7353	dwelling; house; residence; address
うろうろ	ウロウロ	7354	restlessly; aimlessly; without purpose
水分	スイブン	7355	water; liquid; fluid; moisture; humidity; sap; juice
短時間	タンジカン	7356	short time
焦点	ショウテン	7357	focus; focal point
原理	ゲンリ	7358	principle; theory; fundamental truth
仮定	カテイ	7359	assumption; supposition; hypothesis
放題	ホウダイ	7360	(doing) as one pleases; to one's heart's content; letting (something) go unchecked; leaving uncontrolled; leaving (something) to take its own course
衰える	オトロエル	7361	to become weak; to decline; to wear; to abate; to decay; to wither; to waste away
延長	エンチョウ	7362	extension; elongation; prolongation; lengthening
切り取る	キリトル	7363	
突き放す	ツキハナス	7364	
せねば	セネバ	7365	
しなやか	シナヤカ	7366	supple; flexible; elastic
言い合う	イイアウ	7367	
身を引く	ミヲヒク	7368	
当	トウ	7369	party (political)
割合	ワリアイ	7370	rate; ratio; percentage; proportion
手を合わせる	テヲアワセル	7371	
破棄	ハキ	7372	tearing up and discarding (e.g. documents); destruction
来客	ライキャク	7373	visitor; caller
両側	リョウガワ	7374	both sides
記述	キジュツ	7375	description; account
見解	ケンカイ	7376	opinion; point of view
合	ゴウ	7377	gō; traditional unit of volume, approx. 180 ml
席に着く	セキニツク	7378	
初めは	ハジメハ	7379	
罵倒	バトウ	7380	
を回って	ヲメグッテ	7381	
適する	テキスル	7382	to fit; to suit
仲がいい	ナカガイイ	7383	
持ちかける	モチカケル	7384	
ごちそうさま	ゴチソウサマ	7385	thank you (for the meal); that was a delicious meal
死ぬほど	シヌホド	7386	
お出かけ	オデカケ	7387	about to start out; just about to leave or go out
ためになる	タメニナル	7388	
まことに	マコトニ	7389	really; truly; very; extremely; exceedingly; sincerely
いいかい	イイカイ	7390	
第１	ダイイチ	7391	first; foremost; number one
かじる	カジル	7392	
のしかかる	ノシカカル	7393	
立ち入る	タチイル	7394	
聞きつける	キキツケル	7395	
お使い	オツカイ	7396	errand; mission; going on an errand
はる	ハル	7397	
そうかい	ソウカイ	7398	
取り巻く	トリマク	7399	to surround; to encircle; to enclose
納得がいく	ナットクガイク	7400	
入る	イル	7401	to enter; to go in; to get in; to come in
的	マト	7402	-ical; -ive; -al; -ic; -y
笑	ワラ	7404	laugh; laughter
しんどい	シンドイ	7405	tired; frazzled
関与	カンヨ	7406	participation; taking part in; participating in; being concerned in
謙遜	ケンソン	7407	modesty; humility; being humble
当面	トウメン	7408	current; urgent; pressing; impending
ぐっすり	グッスリ	7409	soundly (sleeping); fast (asleep)
足す	タス	7410	to add (numbers)
交わる	マジワル	7411	to cross; to intersect; to join; to meet
案じる	アンジル	7412	
寝不足	ネブソク	7413	lack of sleep; insufficient sleep
看病	カンビョウ	7414	nursing (a patient)
自動的	ジドウテキ	7415	automatic
危機感	キキカン	7416	
間柄	アイダガラ	7417	relationship; relation; terms (good, friendly, etc.)
偽る	イツワル	7418	to lie; to pretend; to feign; to falsify
すべ	スベ	7419	
分類	ブンルイ	7420	classification; categorization; sorting
特権	トッケン	7421	privilege; special right
委ねる	ユダネル	7422	to entrust (a matter) to; to leave to
規則	キソク	7423	rule; regulation
岸	キシ	7424	bank; coast; shore
定まる	サダマル	7425	to become settled; to be fixed
推す	オス	7426	to recommend; to endorse (e.g. a candidate); to nominate; to support; to back
連れ戻す	ツレモドス	7427	
少数	ショウスウ	7428	small number; few; minority
生前	セイゼン	7429	while alive; during one's lifetime
寝起き	ネオキ	7430	
次から次へと	ツギカラツギヘト	7431	
開き直る	ヒラキナオル	7432	to become defiant; to fight back; to turn upon; to take the offensive
恩恵	オンケイ	7433	grace; favor; favour; blessing; benefit
返し	カエシ	7434	
焦げる	コゲル	7435	to burn; to scorch; to char; to singe
空になる	カラニナル	7436	
付き添う	ツキソウ	7437	
支え	ササエ	7438	
規定	キテイ	7439	stipulation; prescription; provision; regulation; rule
競う	キソウ	7440	to compete; to contend; to vie; to contest
どっと	ドット	7441	bursting out (laughter); breaking out (applause); roaring; whooping
過ち	アヤマチ	7442	fault; error; indiscretion; faux pas
引き換え	ヒキカエ	7443	exchange; conversion
そそくさ	ソソクサ	7444	
格闘	カクトウ	7445	(hand-to-hand) fight; grapple; scuffle; tussle
つかまえる	ツカマエル	7446	to catch; to capture; to arrest; to seize; to restrain
思いがけない	オモイガケナイ	7447	unexpected; contrary to expectations; by chance; casual
脅し	オドシ	7448	threat
異論	イロン	7449	different opinion; objection
記載	キサイ	7450	mention (in a document); record; entry; statement; listing
清潔	セイケツ	7451	clean; hygienic; sanitary
占領	センリョウ	7452	occupying; having (an area) all to oneself
ポジション	ポジション	7453	
勤務	キンム	7454	service; duty; work
晴らす	ハラス	7455	to dispel; to clear away; to refresh (oneself)
大部分	ダイブブン	7456	most part; greater part; majority
損ねる	ソコネル	7457	to harm; to hurt; to injure; to wreck
うんと	ウント	7458	
徹する	テッスル	7459	to penetrate; to sink in
就く	ツク	7460	to take (seat, position, course, office, etc.); to assume; to be hired; to be employed
正真正銘	ショウシンショウメイ	7461	
こだわり	コダワリ	7462	
予告	ヨコク	7463	(advance) notice; preliminary announcement; warning
重苦しい	オモクルシイ	7464	heavy (feeling, etc.); gloomy (weather, etc.); oppressive (atmosphere, etc.); stifling; strained
鼻歌	ハナウタ	7465	
がかる	ガカル	7466	
見入る	ミイル	7467	to gaze (at); to stare intently (at); to look fixedly (at); to fix one's eyes (on)
著しい	イチジルシイ	7468	striking; remarkable; considerable
北海道	ホッカイドウ	7469	Hokkaido (island, prefectural-level administrative unit)
頂上	チョウジョウ	7470	top; summit; peak
踏まえる	フマエル	7471	to be based on; to take into account; to build upon; to have origin in
力を合わせる	チカラヲアワセル	7472	
入れ替える	イレカエル	7473	
臨時	リンジ	7474	temporary; provisional; interim
直接的	チョクセツテキ	7475	direct
見とれる	ミトレル	7476	
強がる	ツヨガル	7477	
かりる	カリル	7478	to borrow
たくましい	タクマシイ	7479	burly; strong; sturdy
よりによって	ヨリニヨッテ	7480	
とぶ	トブ	7481	to fly; to soar
どちらかというと	ドチラカトイウト	7482	if anything; if pushed I'd say; if I had to say
ちょうどよい	チョウドヨイ	7483	
ロシア	ロシア	7484	
のんき	ノンキ	7485	easy; easygoing; carefree; happy-go-lucky; optimistic; leisurely; careless; thoughtless
しかける	シカケル	7486	to start; to begin; to commence
そのうちに	ソノウチニ	7487	before very long; soon; someday; one of these days; sooner or later
はな	ハナ	7488	flower; blossom; bloom; petal
あげく	アゲク	7489	after (a long process); at the end of
せいにする	セイニスル	7490	
がかり	ガカリ	7491	
をおいて	ヲオイテ	7493	
打ち消す	ウチケス	7494	to deny; to contradict
ゆる	ユル	7495	
すくう	スクウ	7496	to scoop; to ladle out
仕方のない	シカタノナイ	7497	
申し込む	モウシコム	7498	to apply for; to make an application; to propose (marriage); to offer (mediation); to make an overture (of peace); to challenge; to lodge (objections); to request (an interview); to subscribe for; to book; to reserve
一息つく	ヒトイキツク	7499	
汗をかく	アセヲカク	7500	
家	ヤ	7501	house; residence; dwelling; home
色	ショク	7502	colour; color; hue; tint; tinge; shade
葬る	ホウムル	7504	to bury; to inter; to entomb
物足りない	モノタリナイ	7505	unsatisfied; unsatisfactory; insufficient in some way; lacking something
気を取られる	キヲトラレル	7506	
この通り	コノトオリ	7507	
憂い	ウレイ	7508	sorrow; grief; anguish; distress
影響力	エイキョウリョク	7509	influence; clout; leverage
顔見知り	カオミシリ	7510	acquaintance
強固	キョウコ	7511	firm; strong; solid; stable
ついて来る	ツイテクル	7512	to follow; to come along (with); to accompany; to tag along
お伺い	オウカガイ	7513	
背が高い	セガタカイ	7514	tall (of a person)
年代	ネンダイ	7515	age; era; period; date
参考	サンコウ	7516	reference; consultation
口を出す	クチヲダス	7517	
閉鎖	ヘイサ	7518	closing; closure
認定	ニンテイ	7519	authorization; authorisation; acknowledgment; acknowledgement; certification; recognition
公平	コウヘイ	7520	fairness; impartiality; justice; objectivity
やり過ごす	ヤリスゴス	7521	to let (something or someone) go past
政治的	セイジテキ	7522	political
アルコール	アルコール	7523	
明	メイ	7524	niece
写真を撮る	シャシンヲトル	7525	
項目	コウモク	7526	item; heading; category; clause
年生	ネンセイ	7527	nth-year student; nth-year pupil
図星	ズボシ	7528	
活気	カッキ	7529	energy; vigour; vigor; liveliness; spirit; life; animation
辛抱	シンボウ	7530	patience; endurance; perseverance
見破る	ミヤブル	7531	to see through (a plot, lie, etc.); to penetrate into; to discover; to find out
潔い	イサギヨイ	7532	gracious (defeat, apology, etc.); graceful; honourable (e.g. death); noble; gallant; brave; manly; sportsmanlike
細か	コマカ	7533	small; fine; detailed; stingy
今週	コンシュウ	7534	this week
事柄	コトガラ	7535	matter; thing; affair; circumstance
迅速	ジンソク	7536	(very) quick; rapid; swift; speedy; prompt; expeditious
代金	ダイキン	7537	price; cost; charge; payment; bill; fee
価格	カカク	7538	price; value; cost
無性に	ムショウニ	7539	very much; intensely; overwhelmingly; excessively; irresistibly; without any obvious reason
連れ込む	ツレコム	7540	
直ちに	タダチニ	7541	at once; immediately; right away; without delay
言葉遣い	コトバヅカイ	7542	speech; expression; wording; language
盛ん	サカン	7543	prosperous; flourishing; thriving; successful
単独	タンドク	7544	sole; single; solo
合理的	ゴウリテキ	7545	rational; reasonable; logical
判定	ハンテイ	7546	judgement; judgment; decision; ruling; finding; adjudication; verdict; call
人より	ヒトヨリ	7547	
旨	ムネ	7548	principle; aim; main purpose; central part; pillar
詮索	センサク	7549	
念を押す	ネンヲオス	7550	
片っ端から	カタッパシカラ	7551	
妥協	ダキョウ	7552	compromise; giving in
溶け込む	トケコム	7553	to melt into; to dissolve into; to merge into
所在	ショザイ	7554	location (of); position; whereabouts; place where one is
数年前	スウネンマエ	7555	a few years ago; some years back
安易	アンイ	7556	easy; simple
遂行	スイコウ	7557	accomplishment; execution
汲む	クム	7558	to draw (water); to ladle; to dip up; to scoop up; to pump
電源	デンゲン	7559	source of electricity; electrical power
店舗	テンポ	7560	shop; store; establishment; restaurant
責任を取る	セキニンヲトル	7561	
持て余す	モテアマス	7562	
かん	カン	7563	
安	ヤス	7564	
食い止める	クイトメル	7565	to check; to hold back; to keep at bay; to stop; to prevent; to stem; to curb; to halt
生死	セイシ	7566	life and death; life or death
恋しい	コイシイ	7567	yearned for; longed for; missed
素質	ソシツ	7568	makings (of); aptitude; talent; qualities
育ち	ソダチ	7569	growth; breeding
市内	シナイ	7570	in the city; within the city
延びる	ノビル	7571	to stretch; to extend; to lengthen; to grow (of hair, height, grass, etc.)
甲斐がある	カイガアル	7572	
溝	ミゾ	7573	ditch; drain; gutter; trench
誠意	セイイ	7574	sincerity; good faith
言い張る	イイハル	7575	
克服	コクフク	7576	conquest (of a difficulty, illness, crisis, etc.); overcoming; surmounting; bringing under control
つむ	ツム	7577	
ある種	アルシュ	7578	
休める	ヤスメル	7579	to rest; to suspend; to give relief
にわたって	ニワタッテ	7580	throughout; over a period of ...; over a span of ...
くら	クラ	7581	warehouse; storehouse; cellar; magazine; granary; godown; depository; treasury; elevator
ほかにも	ホカニモ	7582	furthermore; even more
あたかも	アタカモ	7583	as if; as it were; as though
近いうちに	チカイウチニ	7584	
ふさぐ	フサグ	7585	to stop up; to close up; to block (up); to plug up; to shut up; to cover (ears, eyes, etc.); to close (eyes, mouth)
かかわる	カカワル	7586	to be involved (in); to get involved (in); to concern oneself (with); to take part (in); to interfere (in)
またまた	マタマタ	7587	
売り上げ	ウリアゲ	7588	amount sold; sales; proceeds; takings; turnover
３時	サンジ	7589	3 o'clock
させていただく	サセテイタダク	7590	
しまい	シマイ	7591	sisters
たやすい	タヤスイ	7592	easy; simple; light
と言ってもいい	トイッテモイイ	7593	
実際のところ	ジッサイノトコロ	7594	
あいさつ	アイサツ	7595	greeting; greetings; salutation; salute; polite set phrase used when meeting or parting from someone
色とりどり	イロトリドリ	7596	
つぶる	ツブル	7597	to close (one's eyes); to shut
わけにはいきません	ワケニハイキマセン	7598	
道のり	ミチノリ	7599	distance; journey; itinerary
ねる	ネル	7600	to sleep (lying down)
移行	イコウ	7602	transition; changeover; switchover; shift
手先	テサキ	7603	
大手	オオテ	7604	major company; big company
見送り	ミオクリ	7605	seeing (someone) off; send-off
それはそれは	ソレハソレハ	7606	
賢明	ケンメイ	7607	wise; sensible; well-advised; intelligent; sagacious; prudent
健在	ケンザイ	7608	in good health; alive and well; going strong
ことにより	コトニヨリ	7609	by (means of); by doing; due to; via; through
この目で	コノメデ	7610	
面識	メンシキ	7611	acquaintance
乾燥	カンソウ	7612	dryness; aridity; drying (e.g. clothes); dehydration; desiccation
片足	カタアシ	7613	
冴える	サエル	7614	to be clear (of a sight, sound, colour, etc.); to be bright; to be vivid; to be crisp
適度	テキド	7615	moderate (degree); proper (amount); temperate; suitable
必然的	ヒツゼンテキ	7616	inevitable; necessary
心の準備	ココロノジュンビ	7617	
承認	ショウニン	7618	recognition; acknowledgement; acknowledgment; approval; consent; agreement
端から	ハシカラ	7619	
古びる	フルビル	7620	
気分が悪い	キブンガワルイ	7621	
最小限	サイショウゲン	7622	minimum; lowest; minimal; least
まいか	マイカ	7623	
同席	ドウセキ	7624	being present (at the same meeting, occasion, etc.); attendance (with); sitting with; sitting next to
安らか	ヤスラカ	7625	peaceful; tranquil; calm; restful
娯楽	ゴラク	7626	amusement; entertainment; recreation; pleasure; pastime; hobby
大統領	ダイトウリョウ	7627	president (of a country)
読み上げる	ヨミアゲル	7628	to read out; to read aloud; to call out
まんまと	マンマト	7629	
何千	ナンゼン	7630	many thousands
談笑	ダンショウ	7631	friendly chat; pleasant chat; lighthearted talk; friendly conversation
仕返し	シカエシ	7632	
毎度	マイド	7633	each time; every time; always; often
取り合う	トリアウ	7634	
子孫	シソン	7635	descendant; progeny; offspring
弱まる	ヨワマル	7636	to abate; to weaken; to be emaciated; to be dejected; to be perplexed
お見通し	オミトオシ	7637	
旅に出る	タビニデル	7638	
盛り上げる	モリアゲル	7639	to pile up; to heap up
思い通り	オモイドオリ	7640	
腹を立てる	ハラヲタテル	7641	
ごゆっくり	ゴユックリ	7642	
運用	ウンヨウ	7643	making use of; application; practical use; effective management (e.g. of funds)
簡潔	カンケツ	7644	concise; brief; succinct; compact (style)
満つ	ミツ	7645	
もち	モチ	7646	mochi; small rice cake made from glutinous rice
絶つ	タツ	7647	to sever; to cut off
追い返す	オイカエス	7648	
一様	イチヨウ	7649	uniform; equal; even; the same; identical
改良	カイリョウ	7650	improvement; reform
ベース	ベース	7651	
間際	マギワ	7652	the point just before ...; the point of (doing); the verge (of); the eve (of)
限度	ゲンド	7653	limit; bounds
何か用	ナンカヨウ	7654	
退散	タイサン	7655	
多大	タダイ	7656	great (quantity, amount, etc.); huge; enormous; serious
とどめる	トドメル	7657	to stop; to halt; to hold back; to cease
発覚	ハッカク	7658	detection (of a plot, fraud, etc.); discovery; coming to light; being uncovered
空想	クウソウ	7659	daydream; fantasy; fancy; vision
泊める	トメル	7660	to give shelter to; to lodge; to put up; to accommodate
語り合う	カタリアウ	7661	
手っ取り早い	テットリバヤイ	7662	
ガタガタ	ガタガタ	7663	rattling; clattering
懲りる	コリル	7664	to learn by experience; to learn one's lesson; to learn the hard way
自負	ジフ	7665	pride; self-confidence; thinking highly of oneself; being proud of one's abilities or achievements
どうやったら	ドウヤッタラ	7666	
お世辞	オセジ	7667	flattery; compliment
形跡	ケイセキ	7668	traces; evidence
依存	イゾン	7669	dependence; reliance
割く	サク	7670	to tear; to rip up
確立	カクリツ	7671	establishment; settlement
充満	ジュウマン	7672	being filled with; being full of; permeation
言い過ぎる	イイスギル	7673	
接点	セッテン	7674	point of tangency; point of contact
入れ	イレ	7675	
この上	コノウエ	7676	
数千	スウセン	7677	thousands; several thousand
業界	ギョウカイ	7678	business world; business circles; (the) industry
素朴	ソボク	7679	simple; artless; naive; unsophisticated
絶大	ゼツダイ	7680	tremendous; immense; enormous; colossal; stupendous; huge
勇敢	ユウカン	7681	brave; courageous; gallant; valiant; heroic
その下に	ソノシタニ	7682	
味がする	アジガスル	7683	
乗り気	ノリキ	7684	interest; eagerness; enthusiasm
さい	サイ	7685	difference; disparity; gap
おかげさまで	オカゲサマデ	7686	thankfully; fortunately; luckily; by God's grace; under the gods' shadow
自分のために	ジブンノタメニ	7687	
細かいこと	コマカイコト	7688	trifles; minor details
３	サン	7689	three; 3
早く	ハヤク	7690	early; soon
話し声	ハナシゴエ	7691	speaking voice; talking voice
そうとも	ソウトモ	7692	
想像がつく	ソウゾウガツク	7693	
次に	ツギニ	7694	
まったい	マッタイ	7695	
かす	カス	7696	to lend; to loan
３回	サンカイ	7697	three times
かわる	カワル	7698	to change; to be transformed; to be altered; to vary
踏みにじる	フミニジル	7699	
思いつき	オモイツキ	7700	idea; plan; fancy; impulse; thought; whim; suggestion
石	コク	7701	koku; traditional unit of volume, approx. 180.4 litres
対	ツイ	7702	pair; couple; set
悪気	ワルギ	7703	ill will; malice; evil intent
同一	ドウイツ	7704	identical; same; one and the same; equal
反映	ハンエイ	7705	reflection (of light)
注意深い	チュウイブカイ	7706	attentive; cautious; careful; watchful
隅々	スミズミ	7707	every corner; every nook and cranny; all the ins and outs
中間	チュウカン	7708	middle; midway; halfway; centre; center
解明	カイメイ	7709	elucidation; explication; explaining; unravelling; clarification; understanding
中学校	チュウガッコウ	7710	junior high school; middle school; lower secondary school
出産	シュッサン	7711	childbirth; (giving) birth; delivery; parturition
サッカー	サッカー	7712	
押し上げる	オシアゲル	7713	
郊外	コウガイ	7714	suburb; residential area on the outskirt of a city; commuter belt
親族	シンゾク	7715	relative; relation; kin
弁解	ベンカイ	7716	explanation (e.g. for one's actions); excuse; justification; defense; defence
不運	フウン	7717	misfortune; bad luck; ill luck; ill fortune
何時間	ナンジカン	7718	how many hours
審査	シンサ	7719	judging; inspection; examination; investigation; review
怖い顔	コワイカオ	7720	
強まる	ツヨマル	7721	to get strong; to gain strength
取り入れる	トリイレル	7722	to take in; to gather in
株	カブ	7723	stock; share
実質	ジッシツ	7724	substance; essence
小石	コイシ	7725	pebble; small stone
誠に	マコトニ	7726	really; truly; very; extremely; exceedingly; sincerely
臭	シュウ	7727	state (of the US, Australia, India, Germany, etc.); province (e.g. of Canada); county (e.g. of the UK); region (e.g. of Italy); canton; oblast
無知	ムチ	7728	ignorance; innocence; stupidity
人柄	ヒトガラ	7729	personality; character; personal appearance; gentility
見苦しい	ミグルシイ	7730	unsightly; ugly; unseemly; indecent; deplorable; disgraceful; shameful
名称	メイショウ	7731	name; title
漢字	カンジ	7732	kanji; Chinese character
次ぐ	ツグ	7733	to follow; to come after; to come next (to); to rank next (to); to rank second (to)
印刷	インサツ	7734	printing
活発	カッパツ	7735	lively; active; vigorous; animated; brisk
沿う	ソウ	7736	to run along; to run beside; to stick to (a line)
発明	ハツメイ	7737	invention
苦	ク	7738	section (i.e. of text); sentence; passage; paragraph
参考になる	サンコウニナル	7739	
制	セイ	7740	system; organization; organisation; imperial command; laws; regulation; control; government; suppression; restraint; holding back; establishment
過激	カゲキ	7741	extreme (measure, idea, etc.); radical; violent (language)
っぱ	ッパ	7742	
職務	ショクム	7743	professional duties
会合	カイゴウ	7744	meeting; assembly; gathering
暮れる	クレル	7745	to get dark; to grow dark
番目	バンメ	7746	the nth ...
表明	ヒョウメイ	7747	declaration; indication; representation; manifestation; demonstration; expression; announcement; assertion
無口	ムクチ	7748	taciturn; reticent; quiet; silent; untalkative
喜ばしい	ヨロコバシイ	7749	joyful (news, event, etc.); joyous; delightful (e.g. result); pleasing (e.g. sight); gratifying; welcome; good; happy; glad; pleased
センター	センター	7750	
数回	スウカイ	7751	several times; a few times
念入り	ネンイリ	7752	careful; scrupulous; thorough; conscientious; elaborate; deliberate; attentive
だるい	ダルイ	7753	sluggish; languid; listless; heavy (heart, legs, etc.); dull
消化	ショウカ	7754	digestion (of food)
間隔	カンカク	7755	space; interval
良好	リョウコウ	7756	good; fine; excellent; favorable; favourable; satisfactory
押し切る	オシキル	7757	to overcome (opposition); to push past; to force one's way
全面的	ゼンメンテキ	7758	total; complete; all-out; general; extensive; full-scale
蓄える	タクワエル	7759	to store; to save up; to stock up on; to lay in stock; to set aside
何物	ナニモノ	7760	who; what kind of person
強要	キョウヨウ	7761	coercion; extortion; compulsion; force
コミュニケーション	コミュニケーション	7762	
日中	ニッチュウ	7763	daytime; during the day
かる	カル	7764	to cut (grass, hair, etc.); to mow; to clip; to trim; to prune; to shear; to reap; to harvest
愛想	アイソ	7765	amiability; friendliness; affability; sociability
視野	シヤ	7766	field of vision; view
産	サン	7767	acid
辞退	ジタイ	7768	declining; refusal; nonacceptance; turning down; withdrawal (e.g. of candidacy); pulling out (e.g. of a race); excusing oneself
愛す	アイス	7769	to love
意義	イギ	7770	meaning; significance
過ぎ去る	スギサル	7771	
期限	キゲン	7772	term; period; time frame
早まる	ハヤマル	7773	to be brought forward (e.g. by three hours); to be moved up; to be advanced
参考にする	サンコウニスル	7774	
注意を払う	チュウイヲハラウ	7775	
範囲内	ハンイナイ	7776	
ギャップ	ギャップ	7777	
発行	ハッコウ	7778	publication (of a newspaper, magazine, book, etc.); issue
食後	ショクゴ	7779	after a meal
依然として	イゼントシテ	7780	still; as yet; as of old
その道	ソノミチ	7781	
か否か	カイナカ	7782	whether or not
主要	シュヨウ	7783	chief; main; principal; major
し始める	シハジメル	7784	
アプローチ	アプローチ	7785	
然	ゼン	7786	before; earlier
どころではない	ドコロデハナイ	7787	
目につく	メニツク	7788	
閉じこもる	トジコモル	7789	to seclude oneself; to shut oneself away
かわり	カワリ	7790	change; alteration
くの	クノ	7791	
際に	サイニ	7792	
身なり	ミナリ	7793	dress; attire; clothing; getup; outfit; personal appearance
そろえる	ソロエル	7794	to collect; to gather; to get together; to complete (a collection)
うつる	ウツル	7795	to move (to another place or state); to change (e.g. of state, affiliation, scenery, etc.); to be transferred
ふるう	フルウ	7796	to muster (e.g. one's courage); to call forth; to rouse up
たたえる	タタエル	7797	
ふだん	フダン	7798	constant; persistent; unremitting; ceaseless
年ぶり	ネンブリ	7799	
そのくせ	ソノクセ	7800	
行	ギョウ	7801	line (of text); row; verse
米	ベイ	7802	(United States of) America; USA
着用	チャクヨウ	7803	wearing (e.g. a uniform, seat belt, helmet); having on
前者	ゼンシャ	7804	the former; the first
待遇	タイグウ	7805	treatment; reception; service
乗客	ジョウキャク	7806	passenger
要領	ヨウリョウ	7807	point; gist; essentials; tenets; outline
復興	フッコウ	7808	revival; reconstruction; restoration; rebuilding; recovery; renaissance
日課	ニッカ	7809	daily routine; daily work; daily lesson
ステップ	ステップ	7810	
色彩	シキサイ	7811	colour; color; hue; tints
需要	ジュヨウ	7812	demand; need
打ち切る	ウチキル	7813	to stop; to abort; to discontinue; to close
元来	ガンライ	7814	originally; essentially; naturally; by nature; really; actually
衝撃的	ショウゲキテキ	7815	
乗り出す	ノリダス	7816	to set out; to set sail
を巡って	ヲメグッテ	7817	
写す	ウツス	7818	to copy; to duplicate; to reproduce; to trace; to transcribe
連日	レンジツ	7819	day after day; every day
一から	イチカラ	7820	
総合	ソウゴウ	7821	synthesis; combination; integration; putting together
出版	シュッパン	7822	publication
無関心	ムカンシン	7823	apathetic; indifferent; nonchalant; callous
主催	シュサイ	7824	sponsorship (i.e. conducting under one's auspices); promotion; organizing; organising; hosting; staging
一目見る	ヒトメミル	7825	
自分一人	ジブンヒトリ	7826	
打	ダ	7827	dozen
葬式	ソウシキ	7828	funeral
肉体的	ニクタイテキ	7829	bodily; physical; corporeal
につれ	ニツレ	7830	
仕立てる	シタテル	7831	to tailor; to make (clothing)
糧	カテ	7832	
乱れ	ミダレ	7833	disorder; disturbance; unrest
署名	ショメイ	7834	signature; autograph
就任	シュウニン	7835	assumption (of office); taking up (a post); inauguration; installation
見通し	ミトオシ	7836	unobstructed view; perspective; visibility; vista
縮まる	チヂマル	7837	to shorten; to narrow; to close; to shrink
見通す	ミトオス	7838	
順	ジュン	7839	order; turn; sorting
どうしてる	ドウシテル	7840	
夜が明ける	ヨガアケル	7841	
呼び名	ヨビナ	7842	popular name; common name; given name
一軒	イッケン	7843	one house
破綻	ハタン	7844	failure; collapse; breakdown; break-up; bankruptcy
長生き	ナガイキ	7845	longevity; long life
洗練	センレン	7846	refinement; polish
同居	ドウキョ	7847	living together; coexistence
終始	シュウシ	7848	beginning and end
そうでない	ソウデナイ	7849	
経歴	ケイレキ	7850	personal history; background; career
和らぐ	ヤワラグ	7851	to soften; to calm down; to be eased; to be mitigated; to subside; to abate
料金	リョウキン	7852	fee; charge; fare
減少	ゲンショウ	7853	decrease; reduction; decline
立ち上げる	タチアゲル	7854	to start (something); to start up; to launch (a business)
対話	タイワ	7855	dialogue; conversation; talk; discussion; communication
備わる	ソナワル	7856	to be furnished with; to be provided with; to be equipped with
オープン	オープン	7857	
路上	ロジョウ	7858	on the road; on the street; in the street
際立つ	キワダツ	7859	to be prominent; to be conspicuous; to stand out; to be outstanding; to be remarkable; to be striking; to be notable
分間	フンカン	7860	minutes (period of)
故障	コショウ	7861	fault; trouble; breakdown; failure; being out of order
投資	トウシ	7862	investment
安心感	アンシンカン	7863	sense of security
感情的	カンジョウテキ	7864	emotional; sentimental
共同	キョウドウ	7865	cooperation; collaboration; association; partnership; (acting in) unison
良心	リョウシン	7866	conscience
組み立てる	クミタテル	7867	to assemble; to put together; to set up; to construct; to build; to compose (a story, poem, etc.)
日間	ヒアイ	7868	sorrow; grief; sadness
古くから	フルクカラ	7869	
関東	カントウ	7870	Kantō (region comprising Tokyo and surrounding prefectures)
発売	ハツバイ	7871	sale; offering for sale; putting on sale; putting on the market; release (for sale)
夜遅く	ヨルオソク	7872	
悪者	ワルモノ	7873	bad guy; villain; evildoer; scoundrel
金銭	キンセン	7874	money; cash
災害	サイガイ	7875	calamity; disaster; misfortune
しく	シク	7876	to spread out (e.g. a futon); to lay out
まく	マク	7877	curtain
一端	イッタン	7878	one end; an end
困ったこと	コマッタコト	7879	
損なう	ソコナウ	7880	to harm; to hurt; to injure; to damage; to spoil; to mar; to ruin
すます	スマス	7881	to finish; to get it over with; to conclude
わきまえる	ワキマエル	7882	to discern (e.g. right from wrong); to discriminate; to distinguish
めったに	メッタニ	7883	rarely; seldom
結びつく	ムスビツク	7884	to be related; to be connected; to be joined together
うら	ウラ	7885	
結びつける	ムスビツケル	7886	
見当がつく	ケントウガツク	7887	
にあたり	ニアタリ	7888	
支払い	シハライ	7889	payment
かぶせる	カブセル	7890	to cover (with something)
ありのまま	アリノママ	7891	as it is; plain (truth); bare; undisguised; unvarnished; unexaggerated; honest; true; frank; candid
けが	ケガ	7892	injury; wound
手をつける	テヲツケル	7893	
あおる	アオル	7894	to fan (oneself, flames, etc.)
早すぎる	ハヤスギル	7895	
ばかりか	バカリカ	7896	not only
立ち会う	タチアウ	7897	
顧みる	カエリミル	7898	to look back on (the past); to reflect on; to reminisce about
このところ	コノトコロ	7899	
しかた	シカタ	7900	way; method; means; resource; course
次	ジ	7901	next; following; subsequent
各	オノオノ	7902	each
中にも	ナカニモ	7903	among (other things); especially; particularly; inter alia; above all (else)
不都合	フツゴウ	7904	inconvenient; inexpedient; unfavourable; troublesome; difficult
短期間	タンキカン	7905	short term; short time
気がある	キガアル	7906	
世話をする	セワヲスル	7907	
撤回	テッカイ	7908	withdrawal; retraction; revocation; repeal
半数	ハンスウ	7909	half the number; half (of an amount)
方向性	ホウコウセイ	7910	
後押し	アトオシ	7911	pushing; support; backing; supporter; backer
断固	ダンコ	7912	firm; determined; resolute; conclusive
収集	シュウシュウ	7913	collecting; accumulating; gathering
平日	ヘイジツ	7914	weekday; ordinary days (i.e. non-holiday)
軽快	ケイカイ	7915	light (of movements); nimble; sprightly; springy
実物	ジツブツ	7916	real thing; original; actual
想像力	ソウゾウリョク	7917	(power of) imagination
理想的	リソウテキ	7918	ideal
思う存分	オモウゾンブン	7919	to one's heart's content; to one's complete satisfaction; as much as one likes; heartily; thoroughly; without restraint; to the full
軸	ジク	7920	axis; shaft; axle
痛感	ツウカン	7921	feeling keenly; fully realizing
沖	オキ	7922	open sea
集	シュウ	7923	collection; compilation
改まる	アラタマル	7924	to be renewed; to change
注視	チュウシ	7925	interruption; discontinuance; suspension; stoppage
災難	サイナン	7926	calamity; misfortune; disaster
劇的	ゲキテキ	7927	dramatic; exciting; touching
効率的	コウリツテキ	7928	efficient
遅れ	オクレ	7929	delay; lag; falling behind
印象的	インショウテキ	7930	impressive; striking; memorable; impactful
身元	ミモト	7931	(one's) identity; background; upbringing; birth (and parentage)
中心部	チュウシンブ	7932	central part; heart (of a city, etc.)
負	フ	7933	negative; minus
に当たり	ニアタリ	7934	
政策	セイサク	7935	political measures; policy
直面	チョクメン	7936	confrontation
初めに	ハジメニ	7937	first; firstly; first of all; to begin with; in the beginning; at the beginning
料	リョウ	7938	fee; charge; rate
偏見	ヘンケン	7939	prejudice; bias; distorted view
歴史的	レキシテキ	7940	historical; traditional
設立	セツリツ	7941	establishment; founding
転じる	テンジル	7942	to turn; to shift; to switch; to change; to alter
ならでは	ナラデハ	7943	
格段	カクダン	7944	dramatic (improvement); remarkable (difference); marked; noticeable
繁栄	ハンエイ	7945	prosperity; thriving; flourishing
人気がある	ニンキガアル	7946	
事実上	ジジツジョウ	7947	as a matter of fact; actually; effectively; in reality; in effect
インタビュー	インタビュー	7948	
かかわらず	カカワラズ	7949	in spite of; despite; although
責任を持つ	セキニンヲモツ	7950	to be responsible for; to bear the responsibility of
混雑	コンザツ	7951	congestion; crush; crowding; jam
面積	メンセキ	7952	area (measurement); square measure; size (of land); floor space
代える	カエル	7953	to replace; to convert; to change
調	チョウ	7954	10^12; 1,000,000,000,000; trillion
催す	モヨオス	7955	to hold (an event); to give (a dinner, party, etc.)
導入	ドウニュウ	7956	introduction; bringing in; installation; setting up; importation
メーカー	メーカー	7957	
学生時代	ガクセイジダイ	7958	student days
南部	ナンブ	7959	southern part; the south (of a region)
不公平	フコウヘイ	7960	unfairness; injustice; partiality
に限らず	ニカギラズ	7961	
も一つ	モヒトツ	7962	
生き生き	イキイキ	7963	in a lively way; vividly; freshly; animatedly; actively; energetically
早める	ハヤメル	7964	to bring forward (e.g. by 3 hours); to advance; to hasten (e.g. one's death); to expedite; to precipitate
存続	ソンゾク	7965	continuance; survival; persistence; retention; duration
痛める	イタメル	7966	to hurt; to injure; to cause pain
このため	コノタメ	7967	because of this
と見られる	トミラレル	7968	
農家	ノウカ	7969	farmer; farming family
情勢	ジョウセイ	7970	state of things; state of affairs; situation; conditions; circumstances
いと	イト	7971	
たびたび	タビタビ	7972	often; again and again; over and over again; repeatedly; frequently
かれる	カレル	7973	to wither (of a plant); to be blasted; to die
ことし	コトシ	7974	this year
１万	イチマン	7975	10,000; ten thousand; 10^4
ふた	フタ	7976	cover; lid; cap
２週間	ニシュウカン	7977	
あさ	アサ	7978	morning
インド	インド	7979	
みずから	ミズカラ	7980	oneself
１０日	トオカ	7981	10th day of the month
ありあり	アリアリ	7982	
このように	コノヨウニ	7983	
かけ離れる	カケハナレル	7984	to be far apart (from); to be a long way off (from); to be remote; to be distant
さえない	サエナイ	7985	
１０時	ジュウジ	7986	cross; cross shape
なれる	ナレル	7987	to get used to; to grow accustomed to; to become familiar with
みなす	ミナス	7988	to regard (as); to consider (to be); to deem; to look upon (as); to think of (as)
５日	イツカ	7989	5th day of the month
またがる	マタガル	7990	to mount (a horse, bicycle, etc.); to straddle; to sit astride
４年	ヨネン	7991	another idea
とらわれる	トラワレル	7992	to be caught; to be captured; to be taken prisoner; to be arrested; to be apprehended
急に	キュウニ	7993	swiftly; rapidly; quickly; immediately; hastily; hurriedly
心がける	ココロガケル	7994	to keep in mind; to bear in mind; to try; to aim to do; to endeavor; to endeavour
はねる	ハネル	7995	to jump; to leap; to prance; to spring up; to bound; to hop
心身	シンシン	7996	mind and body
５	ゴ	7997	five; 5
４つ	ヨッツ	7998	four; 4
見なす	ミナス	7999	to regard (as); to consider (to be); to deem; to look upon (as); to think of (as)
しのぐ	シノグ	8000	to endure; to keep out (e.g. rain); to stave off (e.g. starvation)
末	マツ	8001	the end (of)
着	チャク	8002	arrival; arriving at ...
文書	ブンショ	8003	document; writing; letter; papers; notes; records; archives
尽力	ジンリョク	8004	efforts; exertion; endeavour; assistance; services
診断	シンダン	8005	diagnosis; medical examination
交互に	コウゴニ	8006	
日程	ニッテイ	8007	schedule; program; programme; agenda
請求	セイキュウ	8008	claim; demand; charge; application; request; billing (for a service)
毎日毎日	マイニチマイニチ	8009	
浸透	シントウ	8010	permeation (of thought, ideology, culture, etc.); infiltration (e.g. of ideas); spread; penetration (e.g. into a market); pervasion
省く	ハブク	8011	to omit; to leave out; to exclude; to eliminate
悩ます	ナヤマス	8012	to afflict; to torment; to harass; to molest
必要性	ヒツヨウセイ	8013	necessity; need
その一方	ソノイッポウ	8014	
妨げる	サマタゲル	8015	to disturb; to prevent; to obstruct; to hinder
便	ビン	8016	flight (e.g. airline flight); trip (e.g. train trip); sailing (e.g. ferry voyage); service
費	ヒ	8017	cost; expense
脱する	ダッスル	8018	to escape from; to get out
正午	ショウゴ	8019	noon; midday
典型的	テンケイテキ	8020	typical; representative; archetypal; quintessential; stereotypical; model
親しみ	シタシミ	8021	intimacy; affection; familiarity
容疑	ヨウギ	8022	suspicion; charge
営む	イトナム	8023	to run (a business); to operate; to conduct; to practice (law, medicine, etc.)
日常生活	ニチジョウセイカツ	8024	everyday life; daily life
実質的	ジッシツテキ	8025	substantial; real (as opposed to nominal)
手法	シュホウ	8026	technique; method
格別	カクベツ	8027	particular; special; exceptional; especial
適用	テキヨウ	8028	application (of a rule, law, method, etc.)
着実	チャクジツ	8029	steady; sound; solid; reliable; trustworthy
順序	ジュンジョ	8030	order; sequence
実態	ジッタイ	8031	true state; actual condition; reality
全体で	ゼンタイデ	8033	
改革	カイカク	8034	reform; reformation; reorganization
無条件	ムジョウケン	8035	unconditional
受け付ける	ウケツケル	8036	to accept; to receive (an application); to take up
付け	ツケ	8037	bill; bill of sale; payment invoice
転落	テンラク	8038	fall; tumble; spill; plunge; dive
措置	ソチ	8039	measure; step; action
歴代	レキダイ	8040	successive generations; successive emperors
毎月	マイツキ	8041	every month; each month; monthly
富む	トム	8042	to be rich (in); to abound (in); to be abundant (in); to be full (of)
極度	キョクド	8043	maximum; extreme; utmost
戦後	センゴ	8044	postwar period; period after Second World War
言い渡す	イイワタス	8045	to announce; to tell; to sentence; to order
従来	ジュウライ	8046	up to now; so far
試み	ココロミ	8047	attempt; trial; experiment
日常的	ニチジョウテキ	8048	
柔軟	ジュウナン	8049	flexible; lithe; soft; pliable
掲載	ケイサイ	8050	publication (e.g. of an article in a newspaper); carrying (e.g. a story); running (e.g. a serial); insertion (e.g. of an advertisement); printing; posting (e.g. on the web)
担当者	タントウシャ	8051	person in charge (of an area of work, etc.); person responsible; contact (person)
世界的	セカイテキ	8052	worldwide; global; international; universal
防止	ボウシ	8053	prevention; check
病気になる	ビョウキニナル	8054	
経済的	ケイザイテキ	8055	economic; financial
横浜	ヨコハマ	8056	Yokohama (city)
自分なり	ジブンナリ	8057	
発信	ハッシン	8058	dispatch; despatch; transmission; submission
言及	ゲンキュウ	8059	reference; allusion
県	ケン	8060	prefecture (of Japan); county (of China, Taiwan, Norway, etc.); department (of France); province (of Italy, Spain, etc.)
実施	ジッシ	8061	enforcement; implementation; putting into practice; carrying out; operation; working (e.g. working parameters); enactment
近年	キンネン	8062	recent years
普及	フキュウ	8063	diffusion; spread; popularization; promulgation; familiarization
原則	ゲンソク	8064	principle; general rule
訴え	ウッタエ	8065	lawsuit; complaint
進出	シンシュツ	8066	advance (into a new market, industry, etc.); expansion (into); launch (into); entering; making inroads (into)
住宅	ジュウタク	8067	residence; housing; residential building
携わる	タズサワル	8068	to engage in; to participate in; to take part in; to be involved in
インターネット	インターネット	8069	
転換	テンカン	8070	conversion; diversion; changeover; commutation; switchover
ビジネス	ビジネス	8071	
産業	サンギョウ	8072	industry
第一歩	ダイイッポ	8073	first step
自立	ジリツ	8074	independence; self-reliance
民間	ミンカン	8075	private; non-governmental; non-official; civilian; civil
定着	テイチャク	8076	sticking (in one place, position, etc.); settling; fixing; adherence
望ましい	ノゾマシイ	8077	desirable; hoped for; preferable; advisable
好	コウ	8078	marquis; second highest rank of the five ranks of nobility
長期	チョウキ	8079	long-term
不当	フトウ	8080	unfair; unjust; wrongful; improper; unreasonable; unwarranted; unjustified; undeserved; undue
影響を及ぼす	エイキョウヲオヨボス	8081	
厳格	ゲンカク	8082	strict; severe; stern; rigid; rigorous; tough
個別	コベツ	8083	individual; separate; personal; case-by-case
協議	キョウギ	8084	conference; consultation; discussion; negotiation
メディア	メディア	8085	
規制	キセイ	8086	regulation; (traffic) policing; control; restriction
４時	ヨジ	8087	four o'clock
５時	ゴジ	8088	misprint; misspelling; typo; typographical error; erratum
４月	シガツ	8089	April
ためる	タメル	8090	to amass; to accumulate; to store
当てはまる	アテハマル	8091	to apply (of a rule); to be applicable (of standards, lessons, ideas, etc.); to hold true (e.g. of a description); to fit; to be suitable (e.g. of a word); to meet (requirements); to fulfill (conditions); to come under (a heading)
８時	ハチジ	8092	
思いやり	オモイヤリ	8093	consideration; thoughtfulness; sympathy; compassion; feeling; kindness; understanding; regard; kindheartedness
はじめとする	ハジメトスル	8094	
４日	ヨッカ	8095	4th day of the month
ならう	ナラウ	8096	to take lessons in; to be taught; to learn (from a teacher); to study (under a teacher); to get training in
９時	クジ	8097	lottery; lot; raffle; draw
６時	ロクジ	8098	
７時	シチジ	8099	seven o'clock
つなげる	ツナゲル	8100	
合意	ゴウイ	8101	(coming to an) agreement; consent; mutual understanding; accord; consensus
観点	カンテン	8102	point of view; viewpoint; standpoint; perspective; angle
全般	ゼンパン	8103	(the) whole
教訓	キョウクン	8104	lesson; precept; teachings; moral
両国	リョウコク	8105	both countries
景気	ケイキ	8106	business conditions; the market; economic activity; economic climate
会見	カイケン	8107	interview; audience; meeting; (viewing) party
輸入	ユニュウ	8108	import; importation; introduction
意欲	イヨク	8109	will; desire; eagerness; interest; drive; motivation; urge; ambition
余儀なくされる	ヨギナクサレル	8110	to be forced to do or experience something (against one's will); to be forced to do something because one has no other choice
相次ぐ	アイツグ	8111	to follow in succession; to happen one after another
役割を果たす	ヤクワリヲハタス	8112	
国際	コクサイ	8113	international
緩和	カンワ	8114	relief; mitigation; alleviation; relaxation (of restrictions, tensions, etc.); easing; softening
不可欠	フカケツ	8115	indispensable; essential
先立つ	サキダツ	8116	
東京都	トウキョウト	8117	
打ち出す	ウチダス	8118	to emboss
幅広い	ハバヒロイ	8119	extensive; wide; broad
冒頭	ボウトウ	8120	beginning; opening; start; outset
平成	ヘイセイ	8121	Heisei era (1989.1.8-2019.4.30)
に基づいて	ニモトヅイテ	8122	
魔物	マモノ	8123	
俺達	オレタチ	8124	
殿下	デンカ	8125	Your Highness; His Highness; Her Highness
婚約者	コンヤクシャ	8126	fiance; fiancee
令嬢	レイジョウ	8127	(your) daughter; young woman
勇者	ユウシャ	8128	hero; the brave; man of valour (valor)
魔王	マオウ	8129	
陛下	ヘイカ	8130	Your Majesty; His Majesty; Her Majesty
スキル	スキル	8131	
隊長	タイチョウ	8132	commanding officer
魔術	マジュツ	8133	magic; sorcery; witchcraft
魔女	マジョ	8134	witch
国王	コクオウ	8135	king; queen; monarch; sovereign
王都	オウト	8136	vomiting; emesis
お姉	オネエ	8137	
結界	ケッカイ	8138	
帝国	テイコク	8139	empire
頰	ホオ	8140	cheek (of the face)
嬢	ジョウ	8141	unmarried woman
伯爵	ハクシャク	8142	count; earl
姉さん	ネエサン	8143	older sister; elder sister
精霊	セイレイ	8144	government ordinance; cabinet order
スマホ	スマホ	8145	
族	ゾク	8146	tribe; race; people; family
召喚	ショウカン	8147	summons; subpoena; citation
王族	オウゾク	8148	royalty; royal family
使用人	シヨウニン	8149	employee; servant
おっぱい	オッパイ	8150	boobs; boobies; breasts; tits
公爵	コウシャク	8151	prince; duke
王女	オウジョ	8152	princess
筈	ハズ	8153	should (be); bound (to be); expected (to be); must (be)
水着	ミズギ	8154	bathing suit; swimsuit; swimmers
ウチ	ウチ	8155	one's house; one's home; one's family; one's household
父上	チチウエ	8156	
刑事	ケイジ	8157	(police) detective
勿論	モチロン	8158	of course; certainly; naturally
魔法使い	マホウツカイ	8159	magician; wizard; sorcerer; witch; mage
声を掛ける	コエヲカケル	8160	
兵器	ヘイキ	8161	arms; weapon; ordnance
討伐	トウバツ	8162	
エッチ	エッチ	8163	H; h
クラスメイト	クラスメイト	8164	
将軍	ショウグン	8165	general
噓	ウソ	8166	lie; fib; falsehood; untruth
妖精	ヨウセイ	8167	fairy; sprite; elf
ボス	ボス	8168	
流石に	サスガニ	8169	
騎士団	キシダン	8170	
種族	シュゾク	8171	race; tribe; ethnic group
領地	リョウチ	8172	territory; dominion; grounds (e.g. school)
属性	ゾクセイ	8173	
リビング	リビング	8174	
寮	リョウ	8175	hostel; dormitory
兄様	ニイサマ	8176	
侍女	ジジョ	8177	lady attendant; female servant; lady's maid; waiting maid
冒険者	ボウケンシャ	8178	
貴女	キジョ	8179	you
王宮	オウキュウ	8180	royal palace
異世界	イセカイ	8181	
アイテム	アイテム	8182	
龍	リュウ	8183	dragon (esp. a Chinese dragon)
洞窟	ドウクツ	8184	cave; cavern; grotto
ランク	ランク	8185	
変身	ヘンシン	8186	metamorphosis; disguise; transformation; shapeshifting; morphing
アンタ	アンタ	8187	you
このうち	コノウチ	8188	among these; between these; of these
身につく	ミニツク	8189	
じゃねー	ジャネー	8190	
基づく	モトヅク	8191	to be based (on); to be founded (on); to be grounded (on); to be in accordance (with)
オレ	オレ	8192	I; me
アイツ	アイツ	8193	he; she; that guy
ボク	ボク	8194	I; me
３月	サンガツ	8195	March
キミ	キミ	8196	you; buddy; pal
はじめに	ハジメニ	8197	first; firstly; first of all; to begin with; in the beginning; at the beginning
ハァ	ハァ	8198	
そなた	ソナタ	8199	
きみ	キミ	8200	you; buddy; pal
石	セキ	8201	stone; rock; pebble
モンスター	モンスター	8202	
近付く	チカヅク	8203	to approach; to draw near; to get close
領	リョウ	8204	collar; lapel; neckband; neck
領主	リョウシュ	8205	
弾丸	ダンガン	8206	bullet; shot; shell
街道	カイドウ	8207	highway (esp. one existing from the Edo period); main road
双子	フタゴ	8208	twins; twin
嚙む	カム	8209	to bite
王様	オウサマ	8210	king
ドラゴン	ドラゴン	8211	
転移	テンイ	8212	moving (location, with the times, etc.); change; transition
ギルド	ギルド	8213	
当主	トウシュ	8214	party leader
執事	シツジ	8215	
魔術師	マジュツシ	8216	
○	マル	8217	circle
里	サト	8218	Japanese league; ri; old Japanese unit of distance, approx. 3.927 km or 2.44 miles
兄ちゃん	ニイチャン	8219	(one's) older brother
喰らう	クラウ	8220	to eat; to drink; to wolf; to knock back
皇帝	コウテイ	8221	emperor
王家	オウケ	8222	
相棒	アイボウ	8223	partner; pal; accomplice
お前さん	オマエサン	8224	
旦那様	ダンナサマ	8225	
狩る	カル	8226	to cut (grass, hair, etc.); to mow; to clip; to trim; to prune; to shear; to reap; to harvest
漆黒	シッコク	8227	pitch-black; jet-black
前世	ゼンセイ	8228	height of prosperity
摑む	ツカム	8229	to seize; to catch; to grasp; to grip; to grab; to clutch; to hold; to catch hold of; to lay one's hands on
ヒロイン	ヒロイン	8230	
暗殺	アンサツ	8231	assassination
祭	マツリ	8232	festival; feast; matsuri
エレベーター	エレベーター	8233	
お嬢	オジョウ	8234	
団長	ダンチョウ	8235	leader of a group
呻く	ウメク	8236	
飛行	ヒコウ	8237	flight; flying; aviation
店長	テンチョウ	8238	shop manager
王妃	オウヒ	8239	queen (consort); empress (consort)
生徒会	セイトカイ	8240	
聖女	セイジョ	8241	
神殿	シンデン	8242	temple; shrine; sanctuary
呟き	ツブヤキ	8243	
強張る	コワバル	8244	
姉ちゃん	ネエチャン	8245	
マント	マント	8246	
巨体	キョタイ	8247	huge body; large build
プレイ	プレイ	8248	
声音	セイオン	8249	
股間	コカン	8250	
鞘	サヤ	8251	
平民	ヘイミン	8252	
クッキー	クッキー	8253	
何処	ドコ	8254	where; what place
エリア	エリア	8255	
討つ	ウツ	8256	to attack; to destroy; to defeat; to conquer; to avenge
厨房	チュウボウ	8257	kitchen; galley
叩き込む	タタキコム	8258	
村人	ムラビト	8259	villager
つーか	ツーカ	8260	
云う	イウ	8261	to say; to utter; to declare
弾く	ハジク	8262	to flip; to snap; to flick
足下	アシモト	8263	"at one's feet; underfoot; one's step (as in ""watch your step"")"
侯爵	コウシャク	8264	marquis; marquess
屋台	ヤタイ	8265	cart (esp. a food cart); stall; stand
息を呑む	イキヲノム	8266	
加護	カゴ	8267	basket (shopping, etc.); hamper; cage
盗賊	トウゾク	8268	thief; robber; burglar; bandit
クリスマス	クリスマス	8269	
仕留める	シトメル	8270	
ねん	ネン	8271	
卿	キョウ	8272	Lord; Sir
探偵	タンテイ	8273	detective; investigator; sleuth
訊ねる	タズネル	8274	to ask; to enquire; to inquire
使者	シシャ	8275	messenger; envoy; emissary
激突	ゲキトツ	8276	crash; smashing (into); ramming; (violent) collision
細める	ホソメル	8277	
方が良い	ホウガイイ	8278	had better ...
ぬいぐるみ	ヌイグルミ	8279	
事はない	コトハナイ	8280	
コイツ	コイツ	8282	he; she; this fellow; this guy; this person
首をかしげる	クビヲカシゲル	8283	
アタシ	アタシ	8284	I; me
さー	サー	8285	come (on); come now; come along; here
ご主人様	ゴシュジンサマ	8286	master
ハア	ハア	8287	
パーティ	パーティ	8288	
うしろ	ウシロ	8289	back; behind; rear
ウサギ	ウサギ	8290	rabbit; hare; coney; cony; lagomorph (esp. leporids)
なにせ	ナニセ	8291	
アハハ	アハハ	8292	
気持	キモチ	8293	feeling; sensation; mood; state of mind
分る	ワカル	8294	to understand; to comprehend; to grasp; to see; to get; to follow
コレ	コレ	8295	this; this one
見やる	ミヤル	8296	
ううむ	ウウム	8297	yes; yeah; uh huh
仰る	オッシャル	8298	to say; to speak; to tell
おじいちゃん	オジイチャン	8299	
ぜんぜん	ゼンゼン	8300	(not) at all; (not) in the slightest
警官	ケイカン	8301	police officer; policeman; constable
唾液	ダエキ	8302	
ワンピース	ワンピース	8303	
薔薇	バラ	8304	rose
ロボット	ロボット	8305	
軍人	グンジン	8306	serviceman; servicewoman; soldier; member of the armed forces; military personnel
拳銃	ケンジュウ	8307	pistol; handgun
ピアノ	ピアノ	8308	
部員	ブイン	8309	staff; member (club, society, etc.)
握り締める	ニギリシメル	8310	to grasp tightly
蹴り	ケリ	8311	
病室	ビョウシツ	8312	sickroom; hospital room; ward
包帯	ホウタイ	8313	bandage; dressing
じゃろう	ジャロウ	8314	
従者	ジュウシャ	8315	
事にする	コトニスル	8316	to decide to
見張り	ミハリ	8317	watch; guard; lookout; surveillance; watchman; sentinel
乳首	チクビ	8318	nipple; teat
むむ	ムム	8319	
銃声	ジュウセイ	8320	sound of a gunshot; report of a gun
ちん	チン	8321	rare
躊躇う	タメラウ	8322	to hesitate; to waver
坊	ボウ	8323	certain; one
ロープ	ロープ	8324	
くすくす	クスクス	8325	
締め付ける	シメツケル	8326	
カフェ	カフェ	8327	
結晶	ケッショウ	8328	crystal; crystallization; crystallisation
広間	ヒロマ	8329	
ヶ	ヶ	8330	
砂漠	サバク	8331	desert
叔父	オジ	8332	uncle
巫女	ミコ	8333	miko; shrine maiden; young girl or woman (trad. an unmarried virgin) who assists priests at shrines
大将	タイショウ	8334	general; admiral
テント	テント	8335	
モニター	モニター	8336	
絶頂	ゼッチョウ	8337	top (of a mountain); summit
部室	ブシツ	8338	
潜入	センニュウ	8339	infiltration; sneaking in; going undercover
感知	カンチ	8340	(one's) concern; having (something) to do with
邪悪	ジャアク	8341	
お陰で	オカゲデ	8342	thanks to ...; owing to ...; because of ...
鋼	ハガネ	8343	steel
マイク	マイク	8344	
気持ち良い	キモチイイ	8345	pleasant (of a sensation); comfortable; nice
剣士	ケンシ	8346	swordsman; swordswoman; fencer
怯む	ヒルム	8347	
バイク	バイク	8348	
治癒	チユ	8349	healing; cure; recovery
ローブ	ローブ	8350	
蠢く	ウゴメク	8351	
庭園	テイエン	8352	garden; park
抱き締める	ダキシメル	8353	
解る	ワカル	8354	to understand; to comprehend; to grasp; to see; to get; to follow
フロア	フロア	8355	
檻	オリ	8356	cage; pen; (jail) cell
包囲	ホウイ	8357	siege; encirclement; envelopment; surrounding; besiegement
咆哮	ホウコウ	8358	live-in domestic service; live-in apprenticeship
乳房	チブサ	8359	breast; udder
ああん	アアン	8360	
推理	スイリ	8361	reasoning; inference; deduction
軋む	キシム	8362	
雫	シズク	8363	drop (e.g. of water); drip
如き	ゴトキ	8364	
胴体	ドウタイ	8365	trunk; torso; body
戦術	センジュツ	8366	tactics
閣下	カッカ	8367	your Excellency; his Excellency; her Excellency
男爵	ダンシャク	8368	baron
煙草	タバコ	8369	tobacco; cigarette; cigar
無傷	ムキズ	8370	unhurt; uninjured; unwounded; unscathed; unharmed
決闘	ケットウ	8371	formation of a (political) party
轟音	ゴウオン	8372	
突き立てる	ツキタテル	8373	
フード	フード	8374	
魔法陣	マホウジン	8375	
ぶっちゃける	ブッチャケル	8376	
体育館	タイイクカン	8377	gymnasium
耐性	タイセイ	8378	resistance (to heat, corrosion, etc.); tolerance (to a drug, pain, etc.)
長身	チョウシン	8379	tall figure; high stature
向う	ムカウ	8380	to face
ソファー	ソファー	8381	
はー	ハー	8382	
一ヶ月	イッカゲツ	8383	one month
凍りつく	コオリツク	8384	
灯り	アカリ	8385	light; glow; gleam
あははは	アハハハ	8386	
ネズミ	ネズミ	8387	mouse; rat
悲鳴をあげる	ヒメイヲアゲル	8388	
ツッコミ	ツッコミ	8389	
クズ	クズ	8390	kudzu (Pueraria montana); Japanese arrowroot
おっきい	オッキイ	8391	big; large; great
だいじょうぶ	ダイジョウブ	8392	safe; secure; sound; problem-free; without fear; all right; alright; OK; okay
デカい	デカイ	8393	huge; big; enormous
なにしろ	ナニシロ	8394	in any case; at any rate; anyhow; anyway; as you know; for you see; particularly
我らが	ワレラガ	8395	
間合い	マアイ	8396	
ふい	フイ	8397	sudden; abrupt; unexpected; unforeseen
ご主人	ゴシュジン	8398	your husband; her husband
あのう	アノウ	8399	say; well; um; er
あいだ	アイダ	8400	space (between); gap; interval; distance; stretch
炎	エン	8401	flame; blaze
真	シン	8402	truth; reality; genuineness
アイス	アイス	8403	to love
丁度	チョウド	8404	exactly; precisely; just; right; opportunely; fortunately
淹れる	イレル	8405	to put in; to let in; to take in; to bring in; to insert; to install (e.g. software); to set (a jewel, etc.); to ink in (e.g. tattoo)
中々	ナカナカ	8406	very; considerably; easily; readily; fairly; quite; highly; rather
激痛	ゲキツウ	8407	
崎	サキ	8408	small peninsula; cape; promontory; headland
同盟	ドウメイ	8409	alliance; union; league
執務室	シツムシツ	8410	
補給	ホキュウ	8411	supply; supplying; replenishment
チョコ	チョコ	8412	
折角	セッカク	8413	with trouble; at great pains
容易い	タヤスイ	8414	easy; simple; light
先代	センダイ	8415	previous generation (of a family); previous head of the family; one's (late) father
砦	トリデ	8416	
子供達	コドモタチ	8417	children; kids
薬草	ヤクソウ	8418	
護る	マモル	8419	to protect; to guard; to defend
突き上げる	ツキアゲル	8420	to push up; to thrust up; to stick up; to raise
習得	シュウトク	8421	learning; acquisition (of a skill, knowledge, etc.)
援護	エンゴ	8422	support; help; backing
担任	タンニン	8423	being in charge of (esp. a class or subject); taking charge of
追撃	ツイゲキ	8424	pursuit (of a fleeing enemy); chase; follow-up attack
視線を落とす	シセンヲオトス	8425	
お前達	オマエタチ	8426	
跳躍	チョウヤク	8427	jump; leap; skip; bound
迷宮	メイキュウ	8428	labyrinth; maze
触手	ショクシュ	8429	type of occupation; occupational category
温もり	ヌクモリ	8430	warmth
エプロン	エプロン	8431	
上級	ジョウキュウ	8432	upper level; upper grade; high rank; advanced level; senior level; upper class
壁際	カベギワ	8433	
事が出来る	コトガデキル	8434	to be able (to); to be possible (to)
祖母	ソボ	8435	grandmother
課	カ	8436	lesson
判る	ワカル	8437	to understand; to comprehend; to grasp; to see; to get; to follow
凛	リン	8438	one-hundredth; 0.3 mm (one-hundredth of a sun); 0.1 percent (one-hundredth of a wari); 0.0375 grams (one-hundredth of a monme)
酒場	サカバ	8439	bar; pub; tavern
変装	ヘンソウ	8440	sending back; return to sender
坊主	ボウズ	8441	Buddhist priest; bonze
迂闊	ウカツ	8442	
草原	ソウゲン	8443	grassy field; grassland; meadow
壊滅	カイメツ	8444	(complete) destruction; annihilation; devastation
汝	ナ	8445	
その辺り	ソノアタリ	8446	
有る	アル	8447	to be; to exist; to live
気合	キアイ	8448	(fighting) spirit; motivation; effort
閃光	センコウ	8449	going ahead; going first
筆頭	ヒットウ	8450	brush tip
決戦	ケッセン	8451	decisive battle; deciding match; play-off
チケット	チケット	8452	
精液	セイエキ	8453	semen; seminal fluid; sperm
ステータス	ステータス	8454	
混じり	マジリ	8455	mixed with; mingled with; interspersed with; dashed with; sprinkled with
ひょっとしたら	ヒョットシタラ	8456	possibly; by some possibility; perhaps
鑑定	カンテイ	8457	judgement; judgment; expert opinion; appraisal
辺境	ヘンキョウ	8458	remote region; outlying district; border district; frontier
無し	ナシ	8459	without
足止め	アシドメ	8460	preventing (someone) from leaving; confinement; keeping indoors; inducement to stay
繋がり	ツナガリ	8461	connection; link; relationship
列車	レッシャ	8462	train; railway train
斧	オノ	8463	
昨晩	サクバン	8464	last night
次期	ジキ	8465	next term; next period
無様	ブザマ	8466	
浄化	ジョウカ	8467	purification
傭兵	ヨウヘイ	8468	
凶悪	キョウアク	8469	atrocious; heinous; fiendish; brutal; vicious
エロい	エロイ	8470	
兄上	アニウエ	8471	
短剣	タンケン	8472	exploration; expedition
歩き始める	アルキハジメル	8473	
遺跡	イセキ	8474	(archeological) remains; ruins; relics
水晶	スイショウ	8475	(rock) crystal; high purity quartz
っつー	ッツー	8476	
殲滅	センメツ	8477	
邸	テイ	8478	residence; estate; grounds; premises; mansion
あの娘	アノコ	8479	
絡みつく	カラミツク	8480	
溜息	タメイキ	8481	sigh
まー	マー	8482	"just (e.g. ""just wait here""); come now; now, now"
思いだす	オモイダス	8483	to recall; to remember; to recollect
クマ	クマ	8484	bear (any mammal of family Ursidae)
殆ど	ホトンド	8485	almost; nearly; mostly; practically; virtually; basically; just about; all but
切り札	キリフダ	8486	trump; trump card
ゆう	ユウ	8487	existence
キレイ	キレイ	8488	pretty; lovely; beautiful; fair
太もも	フトモモ	8489	thigh
お主	オヌシ	8490	
あはははは	アハハハハ	8491	
つづく	ツヅク	8492	to continue; to last; to go on
ン	ン	8493	
はっはっは	ハッハッハ	8494	
ご存知	ゴゾンジ	8495	knowing; being aware (of)
裏切り者	ウラギリモノ	8496	betrayer; traitor; turncoat; informer
舞	マイ	8497	dancing; dance
飛びかかる	トビカカル	8498	
照れくさい	テレクサイ	8499	
すてき	ステキ	8500	lovely; wonderful; charming; enchanting; nice; great; splendid; marvellous (marvelous); fantastic; superb
絨毯	ジュウタン	8501	carpet; rug; runner
文化祭	ブンカサイ	8502	
ちょっぴり	チョッピリ	8503	a tiny bit; just a smidgin; a wee bit; very slightly
剣術	ケンジュツ	8504	
チョコレート	チョコレート	8505	
消失	ショウシツ	8506	
ぎょっと	ギョット	8507	being startled
蝶	チョウ	8508	butterfly
秘書	ヒショ	8509	(private) secretary
体育	タイイク	8510	physical education; PE; gym (class)
特訓	トックン	8511	special training; intensive training; crash course
嫁ぐ	トツグ	8512	to marry (of a woman); to become a bride; to marry into (a family)
ランプ	ランプ	8513	
一年生	イチネンセイ	8514	first-year student; first-year pupil
受け流す	ウケナガス	8515	
なんざ	ナンザ	8516	
江戸	エド	8517	Edo (shogunate capital; former name of Tokyo); Yedo
瞬く間に	マタタクマニ	8518	
腹部	フクブ	8519	abdomen; abdominal region; belly
配下	ハイカ	8520	
物資	ブッシ	8521	goods; materials; commodities; resources; supplies
宴	ウタゲ	8522	party; banquet; feast
帝	ミカド	8523	emperor (of Japan); mikado
妾	メカケ	8524	
三階	サンガイ	8525	
訳じゃない	ワケジャナイ	8526	it does not mean that ...; I don't mean that ...; it is not the case that
嘆息	タンソク	8527	sigh (of grief, disappointment, etc.); grieving; lamenting; deploring
制圧	セイアツ	8528	gaining total control (of people or counties); suppression; oppression; control; mastery; ascendancy; supremacy
パーセント	パーセント	8529	
蜜	ミツ	8530	nectar
妖怪	ヨウカイ	8531	ghost; apparition; phantom; spectre; specter; demon; monster; goblin; yōkai
その事	ソノコト	8532	
ダンジョン	ダンジョン	8533	
命中	メイチュウ	8534	(direct) hit; hitting the mark
てめぇ	テメェ	8535	
称号	ショウゴウ	8536	title; name; degree
助手	ジョシュ	8537	assistant; helper
侵入者	シンニュウシャ	8538	
ベルト	ベルト	8539	
恐い	コワイ	8540	scary; frightening; eerie; dreadful
回り込む	マワリコム	8541	
シャッター	シャッター	8542	
校内	コウナイ	8543	within a school
エルフ	エルフ	8544	
狐	キツネ	8545	fox (esp. the red fox, Vulpes vulpes)
セックス	セックス	8546	
看護師	カンゴシ	8547	(hospital) nurse; registered nurse; RN
きゅっと	キュット	8548	
恰好	カッコウ	8549	shape; form; figure; posture; pose
身に着ける	ミニツケル	8550	to learn; to acquire knowledge
革	カワ	8551	leather
スルー	スルー	8552	
詠唱	エイショウ	8553	
マスク	マスク	8554	
至近距離	シキンキョリ	8555	
料理人	リョウリニン	8556	cook; chef
唖然	アゼン	8557	
妃	ヒ	8558	princess; consort
火傷	ヤケド	8559	burn; scald
コンクリート	コンクリート	8560	
絵を描く	エヲカク	8561	to paint a picture; to draw a picture
虚空	コクウ	8562	empty space; empty sky
無敵	ムテキ	8563	invincible; unrivaled; unrivalled; matchless; unbeatable; undefeatable
図書室	トショシツ	8564	library (usu. single-room); small library
流石	サスガ	8565	as one would expect; just as you'd expect (from); just like (someone)
処	トコロ	8566	place; spot; scene; site
異国	イコク	8567	foreign country
必殺	ヒッサツ	8568	
之	コレ	8569	this; this one
亀裂	キレツ	8570	crack; crevice; fissure; chap; rift
幻覚	ゲンカク	8571	hallucination; illusion
蹂躙	ジュウリン	8572	
金貨	キンカ	8573	gold coin
役人	ヤクニン	8574	government official
燃え上がる	モエアガル	8575	to flare up; to burst into flames
為す	ナス	8576	to do; to commit; to carry out; to bring about
っしょ	ッショ	8577	
零れる	コボレル	8578	to spill; to fall out of; to overflow
射精	シャセイ	8579	ejaculation
もじもじ	モジモジ	8580	
片付け	カタヅケ	8581	
開閉	カイヘイ	8582	opening and shutting; opening and closing
距離を詰める	キョリヲツメル	8583	
すげぇ	スゲェ	8584	incredible; unbelievable; terrific; impressive
ぜんぶ	ゼンブ	8585	front part; fore; front
それより	ソレヨリ	8586	apart from that; other than that; leaving that aside; more importantly; more ... than that; but; however
ワシ	ワシ	8587	
友だち	トモダチ	8588	friend; companion
メガネ	メガネ	8589	glasses; eyeglasses; spectacles
やけど	ヤケド	8590	burn; scald
幼なじみ	オサナナジミ	8591	childhood friend; friend from infancy; old playmate
あした	アシタ	8592	tomorrow
ちょいと	チョイト	8593	a little; a bit; slightly
暫く	シバラク	8594	for a moment; for a minute
故に	ユエニ	8595	therefore; consequently
ぬう	ヌウ	8596	to sew; to stitch
幼馴染	オサナナジミ	8597	childhood friend; friend from infancy; old playmate
忌々しい	イマイマシイ	8598	
カバン	カバン	8599	bag; satchel; briefcase; basket
我が国	ワガクニ	8600	our country; our land; one's own country
教	キョウ	8601	imperial capital (esp. Kyoto)
浮遊	フユウ	8602	floating; drifting; suspension
電波	デンパ	8603	radio wave; reception; signal
渾身	コンシン	8604	friendship; intimacy
女房	ニョウボウ	8605	wife (esp. one's own wife)
装着	ソウチャク	8606	equipping; installing; fitting; mounting; putting on
守護	シュゴ	8607	subject
前線	ゼンセン	8608	(weather) front
迎撃	ゲイゲキ	8609	intercept; interception; counter-attack
俺様	オレサマ	8610	
訝しい	イブカシイ	8611	
個体	コタイ	8612	individual; specimen
研究室	ケンキュウシツ	8613	laboratory
郎	ロウ	8614	labor; labour; toil; trouble; pains; work; effort; striving
紋章	モンショウ	8615	crest; coat of arms
初心者	ショシンシャ	8616	beginner
奇襲	キシュウ	8617	surprise attack
民衆	ミンシュウ	8618	people; populace; masses
混沌	コントン	8619	
目を瞑る	メヲツブル	8620	
残骸	ザンガイ	8621	
顔を背ける	カオヲソムケル	8622	
羞恥	シュウチ	8623	common knowledge; being well-known; making (something) well-known
鼻で笑う	ハナデワラウ	8624	
鍛錬	タンレン	8625	tempering (metal); annealing; forging
園	ソノ	8626	garden; orchard; park
喘ぐ	アエグ	8627	
学院	ガクイン	8628	institute; academy
呪	ジュ	8629	
逢う	アウ	8630	to meet; to encounter; to see
跳ね上がる	ハネアガル	8631	to jump up; to spring up
接続	セツゾク	8632	connection; attachment; union; join; joint; link
戦慄	センリツ	8633	melody; tune
瞬く	シバタタク	8634	to twinkle (e.g. stars); to flicker; to waver
玉座	ギョクザ	8635	
恋人同士	コイビトドウシ	8636	
基地	キチ	8637	base (military, expedition, etc.)
こくり	コクリ	8638	
ジャンプ	ジャンプ	8639	
指揮官	シキカン	8640	
ブロック	ブロック	8641	
雑魚	ザコ	8642	
男達	オトコダテ	8643	men; males
またも	マタモ	8644	
致命傷	チメイショウ	8645	fatal wound
化ける	バケル	8646	to take the form of (esp. in ref. to a spirit, fox, raccoon dog, etc.); to assume the shape of; to turn oneself into; to transform oneself into
銃弾	ジュウダン	8647	bullet (from a rifle)
侍	サムライ	8648	warrior (esp. of military retainers of daimyos in the Edo period); samurai
髭	ヒゲ	8649	moustache; mustache; beard; whiskers; sideburns; facial hair
おめえ	オメエ	8650	
灯る	トモル	8651	
転生	テンセイ	8652	nature; natural constitution; innate disposition
愛人	アイジン	8653	lover; mistress
呑み込む	ノミコム	8654	to swallow; to gulp down
鱗	ウロコ	8655	scale (of fish, snake, etc.)
衆	シュウ	8656	great numbers (of people); numerical superiority; masses
手を繋ぐ	テヲツナグ	8657	
工房	コウボウ	8658	workshop; studio; atelier
壺	ツボ	8659	pot; jar; vase
スパイ	スパイ	8660	
白髪	シラガ	8661	white hair; grey hair; gray hair
客人	キャクジン	8662	
妹さん	イモウトサン	8663	
神話	シンワ	8664	myth; mythology
缶	カン	8665	can; tin
乗っ取る	ノットル	8666	to take possession of (forcibly); to take over (a company, account, etc.); to capture (a castle, enemy position, etc.); to seize; to occupy; to usurp
偵察	テイサツ	8667	scouting; reconnaissance
ぼーっと	ボーット	8668	in a daze; absent-mindedly; vacantly; abstractedly; blankly; idly
突っ伏す	ツップス	8669	
将	ショウ	8670	commander; general; leader
新作	シンサク	8671	new work; new production; new composition; new creation; new title
守	モリ	8672	babysitting; babysitter
噴く	フク	8673	to wipe; to dry
ゾンビ	ゾンビ	8674	
跪く	ヒザマズク	8675	to kneel (in respect); to genuflect
解	カイ	8676	low rank; lower position; subordinate position; lower order (e.g. byte)
占い	ウラナイ	8677	fortune-telling; divination
寝台	シンダイ	8678	bed; couch
案件	アンケン	8679	matter (to discuss); item (on the agenda); issue; topic; case
反転	ハンテン	8680	rolling over; turning over
言葉に詰まる	コトバニツマル	8681	
いままで	イママデ	8682	until now; till now; up to now; up to the present; so far
こみ上げる	コミアゲル	8683	
見つめ合う	ミツメアウ	8684	
口をつぐむ	クチヲツグム	8685	
おぞましい	オゾマシイ	8686	
けども	ケドモ	8687	but; however; although
メシ	メシ	8688	cooked rice
事ができる	コトガデキル	8689	to be able (to); to be possible (to)
ちくしょう	チクショウ	8690	damn it; damn; son of a bitch; for Christ's sake
冷ややか	ヒヤヤカ	8691	cold; chilly; cool
かれ	カレ	8692	he; him
やわらかい	ヤワラカイ	8693	soft; tender; supple; flexible; limber; limp
ワケ	ワケ	8694	division; splitting; classification
口ごもる	クチゴモル	8695	to hesitate to say; to mumble; to hem and haw; to falter
そのあたり	ソノアタリ	8696	
ふたたび	フタタビ	8697	again; once more; a second time
ため息を吐く	タメイキヲツク	8698	
ほお	ホオ	8699	cheek (of the face)
死神	シニガミ	8700	
クッション	クッション	8701	
暗黒	アンコク	8702	darkness
にも関わらず	ニモカカワラズ	8703	in spite of; despite; although
虚ろ	ウツロ	8704	
笛	フエ	8705	flute; fife; pipe; recorder; flageolet; shakuhachi; clarinet
商会	ショウカイ	8706	firm; company
羽目になる	ハメニナル	8707	
数名	スウメイ	8708	
羊	ヒツジ	8709	sheep (Ovis aries)
一万	イチマン	8710	10,000; ten thousand; 10^4
凶器	キョウキ	8711	dangerous weapon; lethal weapon; deadly weapon; murder weapon
生徒会長	セイトカイチョウ	8712	
吸血鬼	キュウケツキ	8713	vampire; bloodsucker
神々	カミガミ	8714	
奏でる	カナデル	8715	to play an instrument (esp. string instruments)
銃口	ジュウコウ	8716	profound; deep; grave; solid; dignified; stately; solemn; composed; substantial; massive
液	エキ	8717	liquid; fluid
理	リ	8718	reason; principle; logic
井戸	イド	8719	water well
女子生徒	ジョシセイト	8720	
何せ	ナニセ	8721	
絵本	エホン	8722	picture book
一団	イチダン	8723	body; group; party; gang; troupe; troop
城壁	ジョウヘキ	8724	
どする	ドスル	8725	
顔を歪める	カオヲユガメル	8726	
ストーカー	ストーカー	8727	
身体能力	シンタイノウリョク	8728	
虚しい	ムナシイ	8729	empty; void; vacant
サンドイッチ	サンドイッチ	8730	
手を挙げる	テヲアゲル	8731	
武士	ブシ	8732	samurai; warrior
王城	オウジョウ	8733	passing on to the next life
零す	コボス	8734	to spill; to drop; to shed (tears)
に付いて	ニツイテ	8735	about; on; regarding; concerning
駐車場	チュウシャジョウ	8736	parking lot; car park; carpark; parking garage
買い取る	カイトル	8737	
繫がる	ツナガル	8738	to be connected (to); to be joined together; to be linked; to be tied together; to lead (to)
幾つか	イクツカ	8739	(a) few; some; several
仕様	シヨウ	8740	way; method; means; resource; remedy
使い手	ツカイテ	8741	
暗がり	クラガリ	8742	
挿入	ソウニュウ	8743	insertion; interposition; interpolation; infixing; (sexual) penetration
装甲	ソウコウ	8744	armoring; armouring; armor; armour
尋問	ジンモン	8745	questioning; interrogation; examination (of a witness)
尾行	ビコウ	8746	shadow; tail; following
女子高生	ジョシコウセイ	8747	female high school student
兎	ウサギ	8748	rabbit; hare; coney; cony; lagomorph (esp. leporids)
君達	キミタチ	8749	you (plural); all of you; you all
眉を寄せる	マユヲヨセル	8750	
予定通り	ヨテイドオリ	8751	
彷徨う	サマヨウ	8752	to loiter; to putter; to prowl; to wander about; to roam about; to knock around
浴衣	ユカタ	8753	yukata; light cotton kimono worn in the summer or used as a bathrobe
魅了	ミリョウ	8754	charm; fascination
撃退	ゲキタイ	8755	
眼下	ガンカ	8756	ophthalmology
正座	セイザ	8757	seiza; kneeling with the tops of the feet flat on the floor, and sitting on the soles
炸裂	サクレツ	8758	violent explosion; bursting
校門	コウモン	8759	school gate
茂み	シゲミ	8760	
苦々しい	ニガニガシイ	8761	
ソース	ソース	8763	
浸かる	ツカル	8764	to be submerged; to be soaked
処女	ショジョ	8765	virgin (usu. female); maiden
純白	ジュンパク	8766	
彼女自身	カノジョジシン	8767	
脈	ミャク	8768	pulse
神官	シンカン	8769	(Shinto) priest
奥歯	オクバ	8770	
転校	テンコウ	8771	weather
宿屋	ヤドヤ	8772	inn
伊達	ダテ	8773	elegance; dandyism; sophistication; having style
魔獣	マジュウ	8774	
変換	ヘンカン	8775	change; conversion; transformation
駆け上がる	カケアガル	8776	
滅ぶ	ホロブ	8777	
押し黙る	オシダマル	8778	
射撃	シャゲキ	8779	firing; shooting; fire; gunshot; marksmanship
課長	カチョウ	8780	section manager; section chief
家出	イエデ	8781	running away from home; elopement
集落	シュウラク	8782	settlement; village; community; town
声を張り上げる	コエヲハリアゲル	8783	
リンゴ	リンゴ	8784	apple (fruit)
後ずさる	アトズサル	8785	
まぶた	マブタ	8786	eyelid
立ちあがる	タチアガル	8787	to stand up; to get up; to rise (to one's feet)
クラブ	クラブ	8788	
さわる	サワル	8789	to be harmful to; to hinder; to interfere with; to irritate
たずねる	タズネル	8790	to ask; to enquire; to inquire
つう	ツウ	8791	authority; expert; connoisseur; well-informed person
アハハハ	アハハハ	8792	
出入り口	デイリグチ	8793	exit and entrance
じいさん	ジイサン	8794	grandfather
くらう	クラウ	8795	to eat; to drink; to wolf; to knock back
訳ではない	ワケデハナイ	8796	it does not mean that ...; I don't mean that ...; it is not the case that ...
寄りかかる	ヨリカカル	8797	
けん	ケン	8798	matter; affair; case; item; subject
まとわりつく	マトワリツク	8799	
あいだに	アイダニ	8800	
土	ド	8801	earth; soil; dirt; clay; mud
ぶっ	ブッ	8802	
侵攻	シンコウ	8803	invasion
男子生徒	ダンシセイト	8804	
物凄い	モノスゴイ	8805	terrific; staggering; tremendous; incredible; extreme
一手	イッテ	8806	one move (in go, shogi, etc.)
無いと	ナイト	8807	
眼光	ガンコウ	8808	
宮殿	キュウデン	8809	palace
授業中	ジュギョウチュウ	8810	while in class
階段を上る	カイダンヲノボル	8811	
桃	モモ	8812	peach (Prunus persica)
玩具	オモチャ	8813	toy
瓦礫	ガレキ	8814	rubble; debris; wreckage; tiles and pebbles
目を凝らす	メヲコラス	8815	
きょろきょろ	キョロキョロ	8816	(looking around) restlessly; (looking) all around; goggling
先導	センドウ	8817	guidance; leadership; leading the way
口の端	クチノハ	8818	
砲	ホウ	8819	gun; cannon; artillery; ordnance
弄る	イジル	8820	to finger; to touch; to play with; to fiddle with; to toy with
書斎	ショサイ	8821	study; library; den; home office; reading room
監禁	カンキン	8822	confinement; imprisonment; incarceration
言葉通り	コトバドオリ	8823	
要塞	ヨウサイ	8824	(Western) dressmaking
全裸	ゼンラ	8825	
採取	サイシュ	8826	picking; collecting; harvesting; gathering
階層	カイソウ	8827	class; level; stratum; layer; hierarchy
僕達	ボクタチ	8828	we
紅い	アカイ	8829	red; crimson; scarlet; vermilion
木製	モクセイ	8830	wooden; made of wood
旅人	タビビト	8831	traveller; traveler; wayfarer; tourist
ラーメン	ラーメン	8832	ramen; Chinese-style noodles
八十	ハチジュウ	8833	eighty; 80
区画	クカク	8834	division; section; compartment; block; plot; lot; partition; boundary
レシピ	レシピ	8835	
射る	イル	8836	to shoot (arrow, bolt, dart)
重量	ジュウリョウ	8837	weight
側近	ソッキン	8838	close aide (of a powerful person); close associate; entourage; attendant; retainer
背筋を伸ばす	セスジヲノバス	8839	
子爵	シシャク	8840	
難易度	ナンイド	8841	
手を叩く	テヲタタク	8842	
力を抜く	チカラヲヌク	8843	
リアクション	リアクション	8844	
白衣	ハクイ	8845	white clothes; white robe
イエス	イエス	8846	
げっ	ゲッ	8847	
急かす	セカス	8848	to hurry (up); to urge on; to press; to rush
トンネル	トンネル	8849	
保健室	ホケンシツ	8850	
某	ボウ	8851	certain; one
バイバイ	バイバイ	8852	trade; buying and selling; trafficking (e.g. of humans, arms, drugs); dealing
正論	セイロン	8853	sound argument; fair argument; just reasoning
トラウマ	トラウマ	8854	
銀髪	ギンパツ	8855	
又	マタ	8856	again; once more; once again; another time; some other time
双	ソウ	8857	pair
反則	ハンソク	8858	foul; breaking the rules
同調	ドウチョウ	8859	conformity; alignment; agreement; sympathy; following suit
ぶんぶん	ブンブン	8860	
慈悲	ジヒ	8861	mercy; compassion; clemency; pity; charity; benevolence
彼等	カレラ	8862	they; them
爺	ジジ	8863	grandfather
ごくり	ゴクリ	8864	
命を奪う	イノチヲウバウ	8865	
シート	シート	8866	
撒く	マク	8867	to scatter; to sprinkle; to strew
宰相	サイショウ	8868	prime minister; premier; chancellor
大袈裟	オオゲサ	8869	exaggerated; overdone; overblown; hyperbolic; bombastic; grandiose
鬱陶しい	ウットウシイ	8870	gloomy (e.g. mood); depressing
胴	ドウ	8871	trunk; torso; body; abdomen; waist
イラスト	イラスト	8872	
殺し合う	コロシアウ	8873	
お嫁さん	オヨメサン	8874	
畜生	チクショウ	8875	damn it; damn; son of a bitch; for Christ's sake
苦悶	クモン	8876	
屍	シカバネ	8877	
プロポーズ	プロポーズ	8878	
遊園地	ユウエンチ	8879	amusement park
車両	シャリョウ	8880	(wheeled) vehicle; car; (railroad) car; (railway) carriage; rolling stock
攻撃力	コウゲキリョク	8881	
もどる	モドル	8882	to turn back (e.g. half-way)
すげー	スゲー	8883	incredible; unbelievable; terrific; impressive
オチ	オチ	8884	slip; omission
現われる	アラワレル	8885	to appear; to come in sight; to become visible; to come out; to embody; to materialize; to materialise
なになに	ナニナニ	8886	
ゴメン	ゴメン	8887	I'm sorry; my apologies; excuse me; pardon me
うなる	ウナル	8888	to groan; to moan
不意に	フイニ	8889	suddenly; abruptly; unexpectedly
へい	ヘイ	8890	yes; that is correct
にやにや	ニヤニヤ	8891	grinning; smirking
コラ	コラ	8892	
ゆうべ	ユウベ	8893	last night; yesterday evening
どのみち	ドノミチ	8894	
おじいさん	オジイサン	8895	grandfather
ぼろぼろ	ボロボロ	8896	worn-out; ragged; tattered; battered; scruffy
夕暮れ	ユウグレ	8897	evening; dusk; twilight
変る	カワル	8898	to change; to be transformed; to be altered; to vary
だれか	ダレカ	8899	someone; somebody
とたん	トタン	8900	just (now, at the moment, etc.); just as; in the act of; as soon as; at the moment that
原	ゲン	8901	field; plain; prairie; tundra; moor; wilderness
花嫁	ハナヨメ	8902	bride
羽根	ハネ	8903	feather; plume; down
風呂場	フロバ	8904	bathroom
捻る	ヒネル	8905	to twist; to wrench; to turn (a tap, switch, etc.)
物理	ブツリ	8906	laws of nature; physical laws
封	フウ	8907	seal
あんま	アンマ	8908	massage (esp. anma, a traditional form of Japanese massage)
真上	マウエ	8909	right above; just above; directly above; directly overhead
想定外	ソウテイガイ	8910	
ゲート	ゲート	8911	
本命	ホンメイ	8912	favorite (to win); favourite; likely winner
大男	オオオトコ	8913	big man; large man; tall man; giant
斬撃	ザンゲキ	8914	
羽ばたく	ハバタク	8915	
問答無用	モンドウムヨウ	8916	
軍勢	グンゼイ	8917	
言葉を紡ぐ	コトバヲツムグ	8918	
手帳	テチョウ	8919	notebook; memo pad; (pocket) diary
寝転がる	ネコロガル	8920	
寄越す	ヨコス	8921	to send; to forward
四月	シガツ	8922	April
千年	センネン	8923	absorption; giving undivided attention; devoting oneself (to)
仮説	カセツ	8924	hypothesis; supposition; assumption; tentative theory
威圧感	イアツカン	8925	
背中を向ける	セナカヲムケル	8926	
たじろぐ	タジログ	8927	
歌声	ウタゴエ	8928	singing voice; (sound of) singing
言葉を切る	コトバヲキル	8929	
恐るべき	オソルベキ	8930	terrible; terrifying; dreadful; horrible; horrifying; appalling
私服	シフク	8931	ordinary clothes (i.e. non-uniform); plain clothes; civilian clothes; casual wear; mufti
溢れ出す	アフレダス	8932	
ペニス	ペニス	8933	
会議室	カイギシツ	8934	conference room; council room
失踪	シッソウ	8935	disappearance; running away; going missing; absconding
裏口	ウラグチ	8936	backdoor; rear entrance; rear exit
水色	ミズイロ	8937	light blue; pale blue; aqua
信者	シンジャ	8938	believer; adherent; devotee; follower
連行	レンコウ	8939	taking (a suspect to the police); dragging (someone) away
シチュエーション	シチュエーション	8940	
ゲット	ゲット	8941	
膨れる	フクレル	8942	to swell (out); to expand; to be inflated; to distend; to bulge
部外者	ブガイシャ	8943	
水中	スイチュウ	8944	underwater
勧誘	カンユウ	8945	invitation; solicitation; canvassing; canvasing; inducement; persuasion; encouragement
王太子	オウタイシ	8946	
憶える	オボエル	8947	to memorize; to memorise; to commit to memory; to learn by heart; to bear in mind; to remember
罪人	ザイニン	8948	criminal; lawbreaker; wrongdoer; offender
脱がす	ヌガス	8949	
魔族	マゾク	8950	
紙袋	カミブクロ	8951	paper bag
しゃがみ込む	シャガミコム	8952	
顔を覆う	カオヲオオウ	8953	
ぼうっと	ボウット	8954	in a daze; absent-mindedly; vacantly; abstractedly; blankly; idly
鶏	ニワトリ	8955	chicken (Gallus gallus domesticus); domestic chicken
異形	イギョウ	8956	great achievement; great feat; great work; great undertaking
囮	オトリ	8957	
有	ユウ	8958	existence
収納	シュウノウ	8959	storage; putting away
っつう	ッツウ	8960	
体中	カラダジュウ	8961	
張り詰める	ハリツメル	8962	
女優	ジョユウ	8963	actress; female actor
獅子	シシ	8964	lion
ロビー	ロビー	8965	
尚	ナオ	8966	still; yet
降伏	コウフク	8967	surrender; capitulation; submission
見惚れる	ミトレル	8968	
水音	ミズオト	8969	
姫様	ヒメサマ	8970	
縋る	スガル	8971	to cling to; to hang onto
口に含む	クチニフクム	8972	
子犬	コイヌ	8973	puppy
引き留める	ヒキトメル	8974	to detain; to check; to restrain; to stop
回想	カイソウ	8975	recollection; retrospection; reflection; reminiscence
襲い掛かる	オソイカカル	8976	
たん	タン	8977	
大分	ダイブ	8978	considerably; greatly; a lot
花びら	ハナビラ	8979	petal
ぬぐう	ヌグウ	8980	to wipe; to mop up
腕組み	ウデグミ	8981	
まじ	マジ	8982	
切っ先	キッサキ	8983	
なにも	ナニモ	8984	(not) anything; (nothing) at all; (not) any; nothing
うわさ	ウワサ	8985	rumour; rumor; report; hearsay; gossip; common talk
クソッ	クソッ	8986	
見習い	ミナライ	8987	apprenticeship; probation; learning by observation
はずす	ハズス	8988	to remove; to take off; to detach; to unfasten; to undo
溜息をつく	タメイキヲツク	8989	
おそるおそる	オソルオソル	8990	fearfully; timidly; nervously; cautiously; gingerly
頑な	カタクナ	8991	obstinate; stubborn; mulish; die-hard; bigoted
かわいらしい	カワイラシイ	8992	lovely; sweet; pretty; cute; adorable
ウフフ	ウフフ	8993	
おにぎり	オニギリ	8994	onigiri; rice ball (often triangular, sometimes with a filling and wrapped in nori)
わるい	ワルイ	8995	bad; poor; undesirable
これぐらい	コレグライ	8996	
色合い	イロアイ	8997	colouring; coloring; shade (of colour); hue; tone; tinge; tint
おやつ	オヤツ	8998	between-meal snack
月明かり	ツキアカリ	8999	
バッチリ	バッチリ	9000	
聖	ヒジリ	9001	
羽	ワ	9002	counter for birds or rabbits
系統	ケイトウ	9004	system
勝者	ショウシャ	9005	winner; victor
四肢	シシ	9006	the (four) limbs; arms and legs
強敵	キョウテキ	9007	formidable enemy; strong enemy; tough enemy
脆い	モロイ	9008	brittle; fragile; weak; frail
謁見	エッケン	9009	going beyond authority; unauthorized; unauthorised; ultra vires
素手	スデ	9010	
お茶会	オチャカイ	9011	
分解	ブンカイ	9012	disassembly; dismantling; disaggregating; taking apart; breaking up; analysis; parsing
レア	レア	9013	
はしたない	ハシタナイ	9014	improper; immodest; disgraceful; shameful; vulgar; low
そんで	ソンデ	9015	
出力	シュツリョク	9016	output (electrical, signal, etc.)
プレイヤー	プレイヤー	9017	
初恋	ハツコイ	9018	first love; puppy love
程に	ホドニ	9019	
五月	ゴガツ	9020	May
咥える	クワエル	9021	to add; to add up; to sum up; to append; to annex
殺到	サットウ	9022	rush; flood; deluge
滴る	シタタル	9023	
孕む	ハラム	9024	to conceive; to become pregnant
細身	ホソミ	9025	
冷気	レイキ	9026	
凶暴	キョウボウ	9027	conspiracy; collusion; complicity
警護	ケイゴ	9028	bodyguard; escort
声色	コワイロ	9029	tone of voice
部品	ブヒン	9030	parts; accessories; components
肩を竦める	カタヲスクメル	9031	
機体	キタイ	9032	fuselage; airframe
逡巡	シュンジュン	9033	
着信音	チャクシンオン	9034	
出来るだけ	デキルダケ	9035	as much as one can; as much as possible; if at all possible
サラダ	サラダ	9036	
賊	ゾク	9037	layman (esp. as opposed to a Buddhist monk); laity; man of the world; the world
突き	ツキ	9038	thrust; stab; lunge; pass (in fencing)
悪役	アクヤク	9039	villain; baddie; the villain's part
己が	オノガ	9040	
傷を負う	キズヲオウ	9041	
噴水	フンスイ	9042	water fountain
小首を傾げる	コクビヲカシゲル	9043	
ライブ	ライブ	9044	
ラジオ	ラジオ	9045	
一際	ヒトキワ	9046	
オーケー	オーケー	9047	OK; okay
星空	ホシゾラ	9048	starry sky
消し去る	ケシサル	9049	
特化	トッカ	9050	
口説く	クドク	9051	
貫通	カンツウ	9052	passing through (of a tunnel, bullet, etc.); going (right) through; penetrating; piercing
ぼやく	ボヤク	9053	
膨れ上がる	フクレアガル	9054	
お喋り	オシャベリ	9055	chattering; talk; idle talk; chat; chitchat; gossip
捕獲	ホカク	9056	capture; seizure
愛撫	アイブ	9057	
創造	ソウゾウ	9058	creation
と言うか	トイウカ	9059	
躱す	カワス	9060	to exchange (messages, greetings, arguments, etc.)
蜘蛛	クモ	9061	spider
エスコート	エスコート	9062	
敵に回す	テキニマワス	9063	
耐えきれる	タエキレル	9064	
ガード	ガード	9065	
悶える	モダエル	9066	
相対	ソウタイ	9067	relativity
薪	マキ	9068	piece(s) of firewood (esp. chopped or split from logs)
粉砕	フンサイ	9069	pulverization; pulverisation
飛び立つ	トビタツ	9071	
お皿	オサラ	9072	
そういうことなら	ソウイウコトナラ	9073	
ぐちゃぐちゃ	グチャグチャ	9074	
生身	ナマミ	9075	
シルエット	シルエット	9076	
込み上げる	コミアゲル	9077	
早足	ハヤアシ	9078	
目玉	メダマ	9079	eyeball
身を起こす	ミヲオコス	9080	
コスプレ	コスプレ	9081	
引き締める	ヒキシメル	9082	to tighten; to stiffen; to brace; to strain
やない	ヤナイ	9083	
パンチ	パンチ	9084	
楽園	ラクエン	9085	paradise; Eden
着信	チャクシン	9086	
大人びる	オトナビル	9087	
おやじ	オヤジ	9088	one's father; one's old man; dad; pops
くれてやる	クレテヤル	9089	
おばちゃん	オバチャン	9090	
うめき声	ウメキゴエ	9091	
口づけ	クチヅケ	9092	
おおよそ	オオヨソ	9093	
あらわれる	アラワレル	9094	to appear; to come in sight; to become visible; to come out; to embody; to materialize; to materialise
なんだっけ	ナンダッケ	9095	
あてがう	アテガウ	9096	
ギュッと	ギュット	9097	tightly (hold, squeeze, etc.); firmly; forcefully (e.g. push); hard
さきほど	サキホド	9098	a short while ago; a moment ago; just now; some time ago
ズル	ズル	9099	
キャー	キャー	9100	
がっくり	ガックリ	9101	heartbroken; crestfallen; dejected; disappointed
悪党	アクトウ	9102	
旅館	リョカン	9103	ryokan; traditional Japanese inn
偽装	ギソウ	9104	camouflage; disguise
遂に	ツイニ	9105	finally; in the end; at last
得体の知れない	エタイノシレナイ	9106	
体型	タイケイ	9107	figure; body shape; build; physique; form
パジャマ	パジャマ	9108	
三月	サンガツ	9109	March
ひんやり	ヒンヤリ	9110	
手綱	タヅナ	9111	reins; bridle
シリーズ	シリーズ	9112	
皆殺し	ミナゴロシ	9113	
香	コウ	9114	aroma; fragrance; scent; smell
交差	コウサ	9115	crossing; intersection
梅	ウメ	9116	Japanese apricot (Prunus mume); Japanese plum; ume; Chinese plum
目をつぶる	メヲツブル	9117	
閃く	ヒラメク	9118	to flash (e.g. lightning); to flicker; to glitter; to sparkle; to gleam
変形	ヘンケイ	9119	transformation; variation; metamorphosis; modification; deformation; variety; deformity; monster
隊員	タイイン	9120	troops; group members; team members; SDF officials
幻影	ゲンエイ	9121	phantom; vision; illusion
給仕	キュウジ	9122	
無くす	ナクス	9123	to lose (something)
治める	オサメル	9124	to rule; to govern; to reign over; to administer; to manage (e.g. a household)
ロック	ロック	9125	
オリジナル	オリジナル	9126	
近衛	コノエ	9127	Imperial Guards
当然ながら	トウゼンナガラ	9128	
注ぎ込む	ソソギコム	9129	to pour in (liquids)
不能	フノウ	9130	impossible; incapable (of doing); unable (to do)
酸素	サンソ	9131	oxygen (O)
破壊力	ハカイリョク	9132	
即死	ソクシ	9133	instant death
か細い	カボソイ	9134	
刺繍	シシュウ	9135	embroidery
プリント	プリント	9136	
嫌悪感	ケンオカン	9137	(feeling of) hatred; (strong) dislike; disgust; aversion; revulsion; loathing; abhorrence
サンキュー	サンキュー	9138	
出掛ける	デカケル	9139	to go out (e.g. on an excursion or outing); to leave; to depart; to start; to set out
携える	タズサエル	9140	to carry in one's hand; to carry with one; to have on one's person; to bear
融合	ユウゴウ	9141	agglutination; adhesion; fusion; combination; blending; uniting
取得	シュトク	9142	obtaining (a qualification, right, object, etc.); acquisition (of land, property, etc.); gaining possession (of); getting; purchase
あご	アゴ	9143	jaw; chin
はて	ハテ	9144	end; extremity; limit
半身	ハンシン	9145	half the body; half length
ぴくり	ピクリ	9146	
ビクビク	ビクビク	9147	being afraid of; being fearful; being timid; being nervous
手の平	テノヒラ	9148	palm (of the hand)
廃墟	ハイキョ	9149	ruins (of a building, town, etc.); remains
祭壇	サイダン	9150	altar
片腕	カタウデ	9151	
数値	スウチ	9152	numerical value
道場	ドウジョウ	9153	dojo; hall used for martial arts training
創る	ツクル	9154	to make; to produce; to manufacture; to build; to construct
時間を稼ぐ	ジカンヲカセグ	9155	
死骸	シガイ	9156	outside the city; suburbs
馬鹿げる	バカゲル	9157	
封鎖	フウサ	9158	blockade; lockdown; sealing off (an area)
健気	ケナゲ	9159	admirable; commendable; praiseworthy; laudable; brave; heroic; noble; courageous
隣国	リンゴク	9160	neighbouring country; neighboring country; adjacent country
人体	ジンタイ	9161	human body
職員室	ショクインシツ	9162	
独り	ヒトリ	9163	one person
押し潰す	オシツブス	9164	
爺さん	ジイサン	9165	grandfather
対戦	タイセン	9166	fighting (against); taking on (an opponent); facing; confronting; competing (with); battle; fight; contest; match
自我	ジガ	9167	ego
興味津々	キョウミシンシン	9168	very interesting; of absorbing interest; having a keen interest (in); being immensely curious (about)
他ならない	ホカナラナイ	9169	
揉める	モメル	9170	to disagree; to dispute; to fight (over)
パーツ	パーツ	9171	
眼球	ガンキュウ	9172	
喉を鳴らす	ノドヲナラス	9173	
引き締まる	ヒキシマル	9174	to become tense; to be tightened; to become firm (e.g. body)
第五	ダイゴ	9175	
距離感	キョリカン	9176	
返信	ヘンシン	9177	reply (e.g. email, fax, letter); answer
するり	スルリ	9178	
脱力	ダツリョク	9179	
いじめ	イジメ	9180	bullying; teasing
コ	コ	9181	(an) individual; one person
かけら	カケラ	9182	fragment; broken piece; chip; splinter; shard
ソレ	ソレ	9183	that; it
ひとしきり	ヒトシキリ	9184	
よぎる	ヨギル	9185	
マネ	マネ	9186	imitating; copying; mimicry
むろん	ムロン	9187	of course; certainly; naturally
かたち	カタチ	9188	(physical) form; shape; figure
こんど	コンド	9189	this time; now
どいつもこいつも	ドイツモコイツモ	9190	
おんなじ	オンナジ	9191	same; identical; equal; alike; equivalent
名残惜しい	ナゴリオシイ	9192	reluctant (to part)
噛みしめる	カミシメル	9193	
まみれ	マミレ	9194	
そういや	ソウイヤ	9195	which reminds me ...; come to think of it ...; now that you mention it ...; on that subject ...; so, if you say ...
落ちつく	オチツク	9196	to calm down; to compose oneself; to regain presence of mind; to relax
かわりに	カワリニ	9197	
よける	ヨケル	9198	to avoid (physical contact with)
グッと	グット	9199	
口をつける	クチヲツケル	9200	
水	スイ	9201	water (esp. cool or cold)
側	ソバ	9202	(place) near by; (place) close by; (place) right next to; the side (of something); beside; vicinity; proximity; neighbourhood (neighborhood)
空く	スク	9203	to become less crowded; to thin out; to get empty
素	モト	9204	origin; source; beginning
宮廷	キュウテイ	9205	imperial court; royal court
砂浜	スナハマ	9206	sandy beach
棘	トゲ	9207	thorn; spine; prickle
細胞	サイボウ	9208	cell
攫う	サラウ	9209	to sweep away; to wash away; to dredge
死角	シカク	9210	quadrilateral; square
手持ち	テモチ	9211	in hand; on hand; on one; in stock; in store
グラウンド	グラウンド	9212	
勝敗	ショウハイ	9213	victory or defeat; outcome (of a game, battle, etc.)
階下	カイカ	9214	flowering; blooming; blossoming; coming into bloom
婚姻	コンイン	9215	marriage; matrimony
十歳	ジュッサイ	9216	
亀	カメ	9217	tortoise; turtle
校長	コウチョウ	9218	principal; head teacher; headmaster; headmistress
魔道	マドウ	9219	
両肩	リョウカタ	9220	
思い至る	オモイイタル	9221	
運び込む	ハコビコム	9222	
地形	チケイ	9223	terrain; geographical features; topography
勝ち目	カチメ	9224	
香水	コウスイ	9225	perfume; scent
刀身	トウシン	9226	body proportions
近隣	キンリン	9227	neighbourhood; neighborhood; vicinity
体を起こす	カラダヲオコス	9228	
一組	ヒトクミ	9229	
反	ハン	9230	anti-
不味い	マズイ	9231	bad(-tasting); unpalatable; unsavoury; unsavory; awful; terrible; unpleasant
懸ける	カケル	9232	to hang up (e.g. a coat, a picture on the wall); to let hang; to suspend (from); to hoist (e.g. sail); to raise (e.g. flag)
敬礼	ケイレイ	9233	
万一	マンイチ	9234	(unlikely event of) emergency; the worst(-case scenario); 10000 to 1
鷹	タカ	9235	hawk; falcon
組み込む	クミコム	9236	to insert; to include; to incorporate; to install; to embed
実体	ジッタイ	9237	substance; essence; entity; subject; content; reality; true form
優	ユウ	9238	existence
鼻息	ハナイキ	9239	nasal breathing; breathing through one's nose
呆ける	ボケル	9240	to grow senile; to be childish with age
怒声	ドセイ	9241	Saturn (planet)
連絡先	レンラクサキ	9242	contact information (address, phone number, etc.)
編む	アム	9243	to knit; to plait; to braid
判別	ハンベツ	9244	
思いきや	オモイキヤ	9245	
砕け散る	クダケチル	9246	
人混み	ヒトゴミ	9247	crowd of people
堪る	タマル	9248	to collect; to gather; to save; to accumulate; to pile up
目配せ	メクバセ	9249	
微動	ビドウ	9250	slight movement; slight tremor; quiver
兵隊	ヘイタイ	9251	armed forces; military; troops
波打つ	ナミウツ	9252	
しょんぼり	ションボリ	9253	downheartedly; dejectedly; dispiritedly; despondently
拡散	カクサン	9254	spreading; disseminating; scattering
応答	オウトウ	9255	reply; answer; response
微笑みかける	ホホエミカケル	9256	
勝ち誇る	カチホコル	9257	
御用	ゴヨウ	9258	
損傷	ソンショウ	9259	damage; injury
殿	トノ	9260	Mr.; Mrs.; Miss; Ms.
強度	キョウド	9261	strength; intensity
ぼやける	ボヤケル	9262	to become dim; to become blurred
視覚	シカク	9263	(sense of) sight; eyesight; vision
絹	キヌ	9264	silk
強者	キョウシャ	9265	strong person; the strong; the powerful
吊り上げる	ツリアゲル	9266	
衛兵	エイヘイ	9267	
毛皮	ケガワ	9268	fur; skin; pelt
洗脳	センノウ	9269	brainwashing
無残	ムザン	9270	cruel; merciless; atrocious; ruthless; cold-blooded
セクハラ	セクハラ	9271	
鈍感	ドンカン	9272	thickheaded; insensitive; dull; thick-skinned
別荘	ベッソウ	9273	holiday house; vacation home; villa
端末	タンマツ	9274	terminal; computer terminal
たった一つ	タッタヒトツ	9275	
両目	リョウメ	9276	
喚く	ワメク	9277	to shout; to cry (out); to yell; to scream; to clamour
路	ジ	9278	road; path; street; lane; passage
こぼれ落ちる	コボレオチル	9279	
引きこもる	ヒキコモル	9280	
先ほどから	サキホドカラ	9281	
１番	イチバン	9282	number one; first; first place
ははあ	ハハア	9283	
なにもない	ナニモナイ	9284	
これっぽっち	コレッポッチ	9285	
チラリ	チラリ	9286	fleeting (glimpse, glance, etc.)
あだ名	アダナ	9287	nickname
多め	オオメ	9288	somewhat larger (amount); quite a lot; a little more (than usual); a little extra
詫びる	ワビル	9289	to apologize; to apologise; to make an apology
ふつう	フツウ	9290	suspension; interruption; stoppage; tie-up; cessation
ムダ	ムダ	9291	futility; waste; uselessness; pointlessness; idleness
アア	アア	9292	ah!; oh!; alas!
ひらく	ヒラク	9293	to open; to undo; to unseal; to unpack
ひときわ	ヒトキワ	9294	
まじめ	マジメ	9295	serious; earnest; sober; grave
浮き上がる	ウキアガル	9296	
足手まとい	アシデマトイ	9297	
サラ	サラ	9298	plate; dish; platter; disc
かき消す	カキケス	9299	
この度	コノタビ	9300	
里	リ	9301	Japanese league; ri; old Japanese unit of distance, approx. 3.927 km or 2.44 miles
塾	ジュク	9302	cram school; private tutoring school; juku
軍団	グンダン	9303	army corps; corps
障壁	ショウヘキ	9304	enclosing wall; boundary fence
門番	モンバン	9305	
では無い	デハナイ	9306	is not; am not; are not
Ｔシャツ	ティーシャツ	9307	T-shirt; tee shirt
ジャケット	ジャケット	9308	
火照る	ホテル	9309	
打ち付ける	ウチツケル	9310	
即ち	スナワチ	9311	that is (to say); namely; i.e.
山道	ヤマミチ	9312	mountain road; mountain trail
恍惚	コウコツ	9313	
小指	コユビ	9314	little finger; pinky; fourth (occ. fifth) finger
極まりない	キワマリナイ	9315	
滑り込む	スベリコム	9316	
領土	リョウド	9317	territory; domain; dominion; possession
ジ	ジ	9318	character (esp. kanji); letter; written text
轟く	トドロク	9319	
付与	フヨ	9320	grant; allowance; endowment; bestowal; assignment; conferment
あっと	アット	9321	
世間話	セケンバナシ	9322	
重々しい	オモオモシイ	9323	
時間稼ぎ	ジカンカセギ	9324	
前置き	マエオキ	9325	preface; introduction; preamble
愚か者	オロカモノ	9326	
宙に浮く	チュウニウク	9327	
逝く	イク	9328	to go; to move (towards); to head (towards); to leave (for)
たま	タマ	9329	
場違い	バチガイ	9330	out-of-place; inappropriate; sticking out like a sore thumb
重傷	ジュウショウ	9331	serious wound; serious injury
首輪	クビワ	9332	
赤面	セキメン	9333	blushing; getting red in the face
ゴム	ゴム	9334	
村長	ソンチョウ	9335	village headman; village mayor
異質	イシツ	9336	different (quality, nature); heterogeneous
蒼い	アオイ	9337	blue; azure
伸びをする	ノビヲスル	9338	
辛うじて	カロウジテ	9339	barely; narrowly; only just; with difficulty
脱ぎ捨てる	ヌギステル	9340	
高位	コウイ	9341	dignity; eminent; high ranking
アクセサリー	アクセサリー	9342	
補佐	ホサ	9343	aid; help; assistance; assistant; counselor; counsellor; adviser; advisor
面接	メンセツ	9344	interview (e.g. for a job)
吐き気	ハキケ	9345	nausea; feeling like throwing up; feeling sick
剣を抜く	ツルギヲヌク	9346	
の様に	ノヨウニ	9347	
留学	リュウガク	9348	studying abroad
何処か	ドコカ	9349	somewhere
伝承	デンショウ	9350	handing down (information); legend; tradition; folklore; transmission
母ちゃん	カアチャン	9351	
隔離	カクリ	9352	isolation; segregation; separation; quarantine
お仕置き	オシオキ	9353	
石畳	イシダタミ	9354	
飛び回る	トビマワル	9355	
咳	セキ	9356	cough; coughing; tussis
授かる	サズカル	9357	to be awarded (e.g. a prize); to be given an award; to receive (e.g. a title)
ファイル	ファイル	9358	
援軍	エングン	9359	reinforcement
儀	ギ	9360	ceremony
子猫	コネコ	9361	kitten
飛び越える	トビコエル	9362	
目を見張る	メヲミハル	9363	
赤子	アカゴ	9364	
真下	マシタ	9365	
編集	ヘンシュウ	9366	editing; compilation
切り替わる	キリカワル	9367	
血が流れる	チガナガレル	9368	
迷子	マイゴ	9369	lost child; lost person; stray child; missing child
撃破	ゲキハ	9370	
躍る	オドル	9371	to dance (orig. a hopping dance)
継承	ケイショウ	9372	inheritance; succession; accession
だからと言って	ダカラトイッテ	9373	
舌を出す	シタヲダス	9374	
至急	シキュウ	9375	urgent; pressing; immediate; prompt; express
同胞	ドウホウ	9376	brethren; brothers; fellow countrymen; fellowman; compatriot
合宿	ガッシュク	9377	lodging together; training camp; boarding house
仇	アダ	9378	
騎	キ	9379	spirit; mind; heart
言葉を返す	コトバヲカエス	9380	
目尻	メジリ	9381	
腕力	ワンリョク	9382	strength in one's arms; physical strength; muscular strength
後継者	コウケイシャ	9383	
ハ	ハ	9384	feather; plume; down
ちっぽけ	チッポケ	9385	
ほー	ホー	9386	
結局のところ	ケッキョクノトコロ	9387	
２階	ニカイ	9388	second floor; upstairs
引き渡す	ヒキワタス	9389	to deliver; to extradite; to stretch across; to hand over
引き止める	ヒキトメル	9390	to detain; to check; to restrain; to stop
しかしながら	シカシナガラ	9391	
たどりつく	タドリツク	9392	to (finally) arrive at; to reach (at last); to (manage to) get to; to find one's way to
おまえら	オマエラ	9393	
呼び出し	ヨビダシ	9394	call; summons; paging; curtain call
ぎゃあ	ギャア	9395	
振りかぶる	フリカブル	9396	
はじく	ハジク	9397	to flip; to snap; to flick
モン	モン	9398	person
えっち	エッチ	9399	H; h
音をたてる	オトヲタテル	9400	
裏手	ウラテ	9401	
ずるずる	ズルズル	9402	(dragging a large or heavy item) slowly
丸ごと	マルゴト	9403	in its entirety; whole; wholly
軽	ケイ	9404	light (e.g. aircraft, truck)
立ち位置	タチイチ	9405	
二年生	ニネンセイ	9406	
各種	カクシュ	9407	every kind; all sorts
貪る	ムサボル	9408	to covet; to crave; to be greedy for; to hunger for; to lust insatiably for
心の声	ココロノコエ	9409	
突き抜ける	ツキヌケル	9410	to pierce through; to break through
開け放つ	アケハナツ	9411	
逃げ切る	ニゲキル	9412	to make good one's escape; to get away; to outrun
警備員	ケイビイン	9413	
態度を取る	タイドヲトル	9414	
まじまじ	マジマジ	9415	
地下室	チカシツ	9416	cellar; basement
老婆	ロウバ	9417	old woman
心当たりがある	ココロアタリガアル	9418	
進学	シンガク	9419	advancing to the next stage of education; going on to (high school, college, etc.)
論理	ロンリ	9420	logic
赤らめる	アカラメル	9421	
防具	ボウグ	9422	
四角い	シカクイ	9423	square; rectangular
特徴的	トクチョウテキ	9424	
感慨	カンガイ	9425	deep emotion; strong feelings
幾つも	イクツモ	9426	
もぐもぐ	モグモグ	9427	
名刺	メイシ	9428	business card
月光	ゲッコウ	9429	moonlight; moonbeam
トマト	トマト	9430	
ゴブリン	ゴブリン	9431	
諦め	アキラメ	9432	
様になる	ヨウニナル	9433	to reach the point where ...; to come to ...; to come to be that ...; to start to ...; to begin to ...
特製	トクセイ	9434	special make; deluxe
体当たり	タイアタリ	9435	
遺産	イサン	9436	inheritance; bequest; legacy; heritage
むっと	ムット	9437	to be offended; to get angry; to be annoyed; to be miffed; to be huffy; to be sullen; to be upset
駆け巡る	カケメグル	9438	
芸	ゲイ	9439	art; craft; accomplishment; artistic skill; technique; performance
お宅	オタク	9440	your house; your home; your family
暗殺者	アンサツシャ	9441	
冷酷	レイコク	9442	cruelty; coldheartedness; relentless; ruthless
ぐいぐい	グイグイ	9443	
子息	シソク	9444	(another's) son
殻	カラ	9445	shell; husk; hull; pod; chaff
遠巻き	トオマキ	9446	
コンビ	コンビ	9447	
儂	ワシ	9448	
哲学	テツガク	9449	philosophy
遠距離	エンキョリ	9450	long distance; long range
恨めしい	ウラメシイ	9451	
心外	シンガイ	9452	regrettable; vexing; upsetting
協力者	キョウリョクシャ	9453	
花束	ハナタバ	9454	bunch of flowers; bouquet
危惧	キグ	9455	apprehension; misgivings; uneasiness; fear; anxiety
空白	クウハク	9456	blank space (in a document)
背丈	セタケ	9457	stature; height
燃料	ネンリョウ	9458	fuel
静けさ	シズケサ	9459	stillness; silence; quiet; hush; calm; serenity
雑草	ザッソウ	9460	weed
ごろごろ	ゴロゴロ	9461	rumbling (of thunder, one's stomach, etc.); grumbling; growling; purring
狂	キョウ	9462	
牢	ロウ	9463	labor; labour; toil; trouble; pains; work; effort; striving
生気	セイキ	9464	century
真夜中	マヨナカ	9465	dead of night; midnight
野生	ヤセイ	9466	wild
可	カ	9467	acceptable; satisfactory; allowed; permitted
帝都	テイト	9468	
スピーカー	スピーカー	9469	
数歩	スウホ	9470	
診察	シンサツ	9471	medical examination; checkup; consultation
正門	セイモン	9472	main gate; main entrance
遡る	サカノボル	9473	to go upstream; to go up (a river)
堕ちる	オチル	9474	to fall; to drop; to come down; to crash; to collapse; to cave in; to give way
長ける	タケル	9475	
受話器	ジュワキ	9476	(telephone) receiver
陰謀	インボウ	9477	plot; intrigue; scheme
ままならない	ママナラナイ	9478	
敢えて	アエテ	9479	purposely (of something needless, unexpected or seemingly counterproductive, etc.); daringly (doing something); deliberately; intentionally
しょせん	ショセン	9480	after all; in the end; anyway
いっしょ	イッショ	9481	(doing) together
ゴロゴロ	ゴロゴロ	9482	rumbling (of thunder, one's stomach, etc.); grumbling; growling; purring
以て	モッテ	9483	with; by; by means of
フリをする	フリヲスル	9484	
びくびく	ビクビク	9485	being afraid of; being fearful; being timid; being nervous
マンガ	マンガ	9486	cartoon; comic; comic strip; manga
ピッタリ	ピッタリ	9487	tightly; closely
持ち物	モチモノ	9488	things one is carrying; things one has on one's person
ばらばら	バラバラ	9489	scattered; disperse; loose; disconnected; in pieces; in drops; rustling
手をつく	テヲツク	9490	
じい	ジイ	9491	
なぜだか	ナゼダカ	9492	
おもう	オモウ	9493	to think; to consider; to believe; to reckon
と言って	トイッテ	9494	
わき	ワキ	9495	armpit; under one's arm; side; flank
死にかける	シニカケル	9496	
こたえる	コタエル	9497	to respond; to answer; to meet (e.g. demands, expectations)
頃合い	コロアイ	9498	
いいとこ	イイトコ	9499	
だれも	ダレモ	9500	everyone; anyone
値	チ	9501	price; cost
頬を染める	ホオヲソメル	9502	
窮地	キュウチ	9503	dilemma; predicament
城内	ジョウナイ	9504	inside of a castle
亡霊	ボウレイ	9505	departed spirit; soul of the dead
恐らくは	オソラクハ	9506	
生命力	セイメイリョク	9507	vitality; (one's) life force
香りがする	カオリガスル	9508	
マスコミ	マスコミ	9509	
蹴散らす	ケチラス	9510	
ストーリー	ストーリー	9511	
行き交う	ユキカウ	9512	
コード	コード	9513	
気圧される	ケオサレル	9514	
部署	ブショ	9515	one's post; one's station; department; bureau; section
派閥	ハバツ	9516	clique; faction
ガンガン	ガンガン	9517	clanging; banging; booming; loudly
反乱	ハンラン	9518	insurrection; mutiny; rebellion; revolt; uprising
変貌	ヘンボウ	9519	transfiguration; transformation; change of appearance
マナー	マナー	9520	
実のところ	ジツノトコロ	9521	
大剣	タイケン	9522	(practical) experience; personal experience; hands-on experience; first-hand experience
オレンジ	オレンジ	9523	
手下	テシタ	9524	
大概	タイガイ	9525	generally; mainly; usually; normally; mostly; for the most part
小動物	ショウドウブツ	9526	
血筋	チスジ	9527	
文学	ブンガク	9528	literature
大歓迎	ダイカンゲイ	9529	big welcome; welcoming greatly; being very welcome
切り抜ける	キリヌケル	9530	
生成	セイセイ	9531	creation; generation; formation; derivation
不本意	フホンイ	9532	reluctant; unwilling; involuntary; unintentional; unintended; unlooked-for; disappointing
立て続け	タテツヅケ	9533	succession; continuation; series; sequence
キモイ	キモイ	9534	
経験値	ケイケンチ	9535	amount of experience; experience level
宿命	シュクメイ	9536	fate; destiny; predestination
ぽんぽん	ポンポン	9537	pompom; pompon; pom-pom; pom-pon
要	ヨウ	9538	pivot
家臣	カシン	9539	lower lip
シナリオ	シナリオ	9540	
御者	ギョシャ	9541	
九時	クジ	9542	lottery; lot; raffle; draw
役員	ヤクイン	9543	director; executive
劇場	ゲキジョウ	9544	theatre; theater; playhouse
極限	キョクゲン	9545	utmost limits; extremity
恐れ入る	オソレイル	9546	
家柄	イエガラ	9547	social standing of a family; lineage; parentage; pedigree
上層部	ジョウソウブ	9548	
カラオケ	カラオケ	9549	
無駄にする	ムダニスル	9550	
九十	キュウジュウ	9551	ninety; 90
保険	ホケン	9552	insurance
しっとり	シットリ	9553	
眩い	マバユイ	9554	
スライム	スライム	9555	
わっと	ワット	9556	
初代	ショダイ	9557	first generation; founder
舟	フネ	9558	ship; boat; watercraft; vessel; seaplane
視力	シリョク	9559	eyesight; vision; visual acuity
常人	ジョウジン	9560	
一人暮らし	ヒトリグラシ	9561	living by oneself; living alone
デスク	デスク	9562	
締まる	シマル	9563	to be shut; to close; to be closed
粒子	リュウシ	9564	particle; grain
三時	サンジ	9565	3 o'clock
悠然	ユウゼン	9566	
消え失せる	キエウセル	9567	
沸騰	フットウ	9568	boiling; seething
膣	チツ	9569	
ずらり	ズラリ	9570	in a row; in a line
陣取る	ジンドル	9571	
若き	ワカキ	9572	
握り返す	ニギリカエス	9573	
獣人	ジュウジン	9574	
陽光	ヨウコウ	9575	sunshine; sunlight
急所	キュウショ	9576	vital part (of the body); tender spot; weak point; vitals
桃色	モモイロ	9577	pink (colour, color); peach
部位	ブイ	9578	part (esp. of the body); region; site; cut (of meat)
びくりと	ビクリト	9579	
ちゅう	チュウ	9580	
見舞い	ミマイ	9581	visit (to someone affected by illness or misfortune); call; inquiry (about someone's health); expression of sympathy
スッキリ	スッキリ	9582	refreshingly; with a feeling of relief; pleasantly; (a weight) off one's shoulder
てっぺん	テッペン	9583	top; summit; apex; peak
終る	オワル	9584	to end; to come to an end; to finish; to close; to be over
おぬし	オヌシ	9585	
いい男	イイオトコ	9586	
あーん	アーン	9587	
こわばる	コワバル	9588	
われ	ワレ	9589	I; me
今日のところは	キョウノトコロハ	9590	
ステキ	ステキ	9591	lovely; wonderful; charming; enchanting; nice; great; splendid; marvellous (marvelous); fantastic; superb
ぬく	ヌク	9592	to pull out; to draw out; to extract; to unplug; to weed
思いきり	オモイキリ	9593	to one's heart's content; as much as one wants; as hard as one can; with all one's strength; to the best of one's ability; to the utmost; with determination; hard; heavily
手すり	テスリ	9594	handrail; railing; banister
さよう	サヨウ	9595	action; operation; process; agency; effect; function
言える	イエル	9596	
あれっ	アレッ	9597	
キョロキョロ	キョロキョロ	9598	(looking around) restlessly; (looking) all around; goggling
フラフラ	フラフラ	9599	unsteadily (e.g. on one's feet); shakily; staggering; tottering; reeling; dizzily; giddily
じゃあね	ジャアネ	9600	
行く手	ユクテ	9602	
悠長	ユウチョウ	9603	leisurely; slow; deliberate; easygoing
飛び跳ねる	トビハネル	9604	
ちょこん	チョコン	9605	
才	サイ	9606	... years old; age (of) ...
先方	センポウ	9607	other party; other side
話は別	ハナシハベツ	9608	
相談に乗る	ソウダンニノル	9609	
定か	サダカ	9610	definite; sure
ぞろぞろ	ゾロゾロ	9611	in a crowd; in droves; in a stream; in succession
競技	キョウギ	9612	game; match; contest; competition; sport; (sporting) event
養子	ヨウシ	9613	adopted child (usu. male); son-in-law
製作	セイサク	9614	manufacture; production
ぶつかり合う	ブツカリアウ	9615	
大いなる	オオイナル	9616	
縮む	チヂム	9617	to shrink; to contract; to diminish (in size)
淑女	シュクジョ	9618	lady
ちらっと	チラット	9619	at a glance; by accident
筒	ツツ	9620	pipe; tube; cylinder
頭が痛い	アタマガイタイ	9621	
分身	ブンシン	9622	other self; alter ego; part of oneself (in someone or something else); representation of oneself
生き残り	イキノコリ	9623	survival
朦朧	モウロウ	9624	
威圧	イアツ	9625	
許	モト	9626	under (guidance, supervision, rules, the law, etc.)
掲示板	ケイジバン	9627	bulletin board; display board; notice board
垣間見る	カイマミル	9628	to take a peep at; to catch a glimpse of
エロ	エロ	9629	
直視	チョクシ	9630	taking a straight look at something; looking someone in the eyes
洗濯物	センタクモノ	9631	laundry; the washing
食糧	ショクリョウ	9632	food (esp. staple food such as rice or wheat); provisions; rations; food supply
子供っぽい	コドモッポイ	9633	
様な	ヨウナ	9634	
校庭	コウテイ	9635	schoolyard; school playground; school grounds; campus
打ち砕く	ウチクダク	9636	
迷子になる	マイゴニナル	9637	
外套	ガイトウ	9638	street light; streetlamp
朗らか	ホガラカ	9639	cheerful; merry; sunny; melodious
寄り道	ヨリミチ	9640	dropping in on the way; stopping off at; making a side trip
静止	セイシ	9641	stillness; rest; being stationary; standing still; coming to a standstill
入力	ニュウリョク	9642	input; (data) entry; typing
無茶苦茶	ムチャクチャ	9643	nonsensical; unreasonable; absurd; unrealistic
枕元	マクラモト	9644	
口出し	クチダシ	9645	meddling (in); butting in; interference; poking one's nose into
エース	エース	9646	
オーナー	オーナー	9647	
球体	キュウタイ	9648	old state of affairs
クリーム	クリーム	9649	
巡回	ジュンカイ	9650	going around; patrol; round; tour
美術	ビジュツ	9651	art; fine arts
転送	テンソウ	9652	transfer (of a call, patient, etc.); forwarding (a letter, email, etc.); redirection
眉根を寄せる	マユネヲヨセル	9653	
ダッシュ	ダッシュ	9654	usurpation; taking back; dispossession
大喜び	オオヨロコビ	9655	great joy; delight; jubilation
今宵	コヨイ	9656	this evening; tonight
タコ	タコ	9657	kite
同期	ドウキ	9658	same period; corresponding period
裁く	サバク	9659	to judge; to try; to sit in judgement (on); to decide (on)
賞賛	ショウサン	9660	praise; admiration; commendation; approbation; applause
吹っ飛ばす	フットバス	9661	
緊急事態	キンキュウジタイ	9662	
小物	コモノ	9663	accessories; small articles
害する	ガイスル	9664	to injure; to damage; to harm; to hurt
輸送	ユソウ	9665	transport; transportation; transit; conveyance
湯船	ユブネ	9666	
支配者	シハイシャ	9667	
彫刻	チョウコク	9668	carving; engraving; sculpture
飛び乗る	トビノル	9669	
がっちり	ガッチリ	9670	solid; robust; well-built
心中	シンジュウ	9671	double suicide; lovers' suicide
ハマる	ハマル	9672	to fit; to get into; to go into; to be fitted with (e.g. door with a window)
ごきげんよう	ゴキゲンヨウ	9673	
もたれかかる	モタレカカル	9674	
奇怪	キカイ	9675	strange; wonderful; weird; outrageous; mysterious
引っ越し	ヒッコシ	9676	moving (dwelling, office, etc.); changing residence
おそろしい	オソロシイ	9677	terrible; dreadful; terrifying; frightening
ことば	コトバ	9678	language; dialect
ネコ	ネコ	9679	cat (esp. the domestic cat, Felis catus); feline
とろける	トロケル	9680	
ほぐす	ホグス	9681	
かすれる	カスレル	9682	
あん	アン	9683	hermitage; retreat
くだす	クダス	9684	to make a decision; to draw a conclusion
あとにする	アトニスル	9685	
窓ガラス	マドガラス	9686	
とたんに	トタンニ	9687	just as; right after; in the act of; as soon as; at that moment
降りかかる	フリカカル	9688	
口をきく	クチヲキク	9689	
ヘン	ヘン	9690	change
にこり	ニコリ	9691	sweetly (smiling); broadly (grinning)
言いだす	イイダス	9692	to begin to say; to start talking; to broach (a matter); to bring up; to come out with
ちがいない	チガイナイ	9693	sure; no mistaking it; for certain; without doubt
チラチラ	チラチラ	9694	falling lightly (e.g. snow, petals, confetti); fluttering
声かけ	コエカケ	9695	
ズレる	ズレル	9696	to slide; to slip off; to get dislocated; to be out of alignment; to get dislodged; to deviate; to shift (position); to be out of sync; to be slightly off; to be off-point
アッ	アッ	9697	ah; oh
おまけ	オマケ	9698	something thrown in (with a purchase); something extra; free gift; freebie; giveaway; premium; prize
じゃろ	ジャロ	9699	
席につく	セキニツク	9700	
ひょいと	ヒョイト	9701	
物陰	モノカゲ	9702	place hidden from view; cover; shelter; hiding place
泣き叫ぶ	ナキサケブ	9703	
結合	ケツゴウ	9704	combination; union; joining; linking; coupling
白銀	ハクギン	9705	
走り抜ける	ハシリヌケル	9706	
善意	ゼンイ	9707	virtuous mind
もやもや	モヤモヤ	9708	
三年生	サンネンセイ	9709	
火力	カリョク	9710	heating power; thermal power
点数	テンスウ	9711	marks; points; score; grade; runs (baseball)
幾度も	イクドモ	9712	
ネクタイ	ネクタイ	9713	
余程	ヨホド	9714	very; greatly; much; to a large extent; quite
手近	テヂカ	9715	
苛む	サイナム	9716	
仕組む	シクム	9717	
送信	ソウシン	9718	transmission; sending
地帯	チタイ	9719	zone; area; belt; region
専属	センゾク	9720	exclusive; attached to; specialist
ネックレス	ネックレス	9721	
腑に落ちる	フニオチル	9722	
あんな風に	アンナフウニ	9723	
縮こまる	チヂコマル	9724	
模する	モスル	9725	
機構	キコウ	9726	mechanism; machinery
呼応	コオウ	9727	hailing each other
柳	ヤナギ	9728	willow (any tree of genus Salix)
バター	バター	9729	
返り討ち	カエリウチ	9730	
脈打つ	ミャクウツ	9731	
靴下	クツシタ	9732	socks; sock; stockings; stocking
送り届ける	オクリトドケル	9734	
リング	リング	9735	
危害を加える	キガイヲクワエル	9736	
迎え撃つ	ムカエウツ	9737	to meet (the enemy) and attack; to engage (the approaching enemy); to confront; to intercept
差し入れ	サシイレ	9738	
口内	コウナイ	9739	within a school
死刑	シケイ	9740	death penalty; capital punishment
荷	ニ	9741	load; baggage; cargo; freight; goods
片目	カタメ	9742	one eye; one of one's eyes
大柄	オオガラ	9743	
楽勝	ラクショウ	9744	
ぶら下がる	ブラサガル	9745	to hang down (from); to dangle; to swing; to be suspended
怒号	ドゴウ	9746	angry roar; bellow
そうみたい	ソウミタイ	9747	
操縦	ソウジュウ	9748	steering; piloting; flying; control; operation; handling
爆発音	バクハツオン	9749	
士気	シキ	9750	morale (of troops, team, etc.); esprit de corps
直々	ジキジキ	9751	
商業	ショウギョウ	9752	commerce; trade; business
補足	ホソク	9753	supplement; complement
怪我人	ケガニン	9754	wounded person; injured person
弾き飛ばす	ハジキトバス	9755	
赤黒い	アカグロイ	9756	
一段落	イチダンラク	9757	reaching a stopping place; settling down (before the next stage); getting to a point where one can rest; completing the first stage (of the work)
陽	ヨウ	9758	(the) positive
漁る	アサル	9759	to look for; to search for; to hunt for; to scavenge; to scrounge; to look through; to rummage through
侵す	オカス	9760	to invade; to raid; to violate (airspace, etc.); to intrude; to trespass
連合	レンゴウ	9761	union; combination; alliance; confederation; coalition
廻る	マワル	9762	to turn; to rotate; to revolve; to spin
思い直す	オモイナオス	9763	to re-think; to think back upon; to change one's mind
資質	シシツ	9764	nature; disposition; temperament; qualities; attributes; talents
昼飯	ヒルメシ	9765	lunch; midday meal
音色	ネイロ	9766	tone color; tone colour; tone quality; timbre
家畜	カチク	9767	domestic animals; livestock; cattle
八時	ハチジ	9768	
顧問	コモン	9769	adviser; advisor; consultant; counselor
ぶるぶる	ブルブル	9770	trembling (with fear, anger, etc.); shivering (with cold); shaking; quivering
ほほう	ホホウ	9771	
お金持ち	オカネモチ	9772	rich person; wealthy person
軽口	カルクチ	9773	
不審者	フシンシャ	9774	
ぽっかり	ポッカリ	9775	
途方に暮れる	トホウニクレル	9776	
十九	ジュウキュウ	9777	nineteen; 19
チビ	チビ	9778	small child; pipsqueak; small fry; small, cute versions of manga, anime, etc. characters, typically with oversized heads
馬鹿馬鹿しい	バカバカシイ	9779	
二人して	フタリシテ	9780	
元凶	ゲンキョウ	9781	ringleader; main culprit
喪失	ソウシツ	9782	loss; forfeit
ハンバーグ	ハンバーグ	9783	
胸中	キョウチュウ	9784	one's heart; one's mind; one's intentions
ほどく	ホドク	9785	to undo; to untie; to unfasten; to unlace; to unravel; to loosen; to unpack
虹	ニジ	9786	second
精いっぱい	セイイッパイ	9787	the best one can do; one's best effort
ヒト	ヒト	9788	person; someone; somebody
なぞ	ナゾ	9789	riddle; puzzle; enigma; mystery
背もたれ	セモタレ	9790	back (of a chair); backrest
なにもかも	ナニモカモ	9791	
カエル	カエル	9792	frog
気がない	キガナイ	9793	
気がかり	キガカリ	9794	worry; anxiety; concern
ちい	チイ	9795	(social) position; status; standing
とかなんとか	トカナントカ	9796	
ワタシ	ワタシ	9797	I; me
むき出し	ムキダシ	9798	
ほどほど	ホドホド	9799	
もらす	モラス	9800	to let leak; to let out (e.g. light)
芝生	シバフ	9801	lawn; grass; turf
常連	ジョウレン	9802	regular customer; regular patron; regular visitor; frequenter
疲弊	ヒヘイ	9803	exhaustion; fatigue
十時	ジュウジ	9804	cross; cross shape
お祈り	オイノリ	9805	
水滴	スイテキ	9806	drop of water
ふむふむ	フムフム	9807	
戦況	センキョウ	9808	war situation; progress of a battle
オレンジ色	オレンジイロ	9809	orange (colour, color)
全い	マッタイ	9810	
埋め込む	ウメコム	9811	
容器	ヨウキ	9812	container; receptacle; vessel; packaging
張	チョウ	9813	10^12; 1,000,000,000,000; trillion
いやでも	イヤデモ	9814	
大国	タイコク	9815	large country; major nation; great power
禍々しい	マガマガシイ	9816	
簡素	カンソ	9817	simple; plain; modest
腕時計	ウデドケイ	9818	wristwatch; watch
義母	ギボ	9819	mother-in-law
侵略	シンリャク	9820	invasion (e.g. of a country); raid; aggression
だけでいい	ダケデイイ	9821	
一理	イチリ	9822	
踏ん張る	フンバル	9823	to brace one's legs; to stand firm; to plant one's feet (firmly on the ground)
突き破る	ツキヤブル	9824	
真横	マヨコ	9825	
さあて	サアテ	9826	
無線	ムセン	9827	radio (communication)
矢先	ヤサキ	9828	arrowhead
言葉を選ぶ	コトバヲエラブ	9829	
目を奪う	メヲウバウ	9830	
爆破	バクハ	9831	destructive blast; blowing up; explosion
行き着く	イキツク	9832	
黄	キ	9833	spirit; mind; heart
狙撃	ソゲキ	9834	
身を寄せる	ミヲヨセル	9836	
温か	アタタカ	9837	
西洋	セイヨウ	9838	the West; the Occident; Western countries
情け	ナサケ	9839	pity; sympathy; compassion; mercy
賢者	ケンジャ	9840	
マッサージ	マッサージ	9841	
先刻	センコク	9842	a short while ago; a moment ago; just now; some time ago
助け出す	タスケダス	9843	
数多	アマタ	9844	
昨年	サクネン	9845	last year
見返り	ミカエリ	9846	reward; compensation; repayment; something done or given in return
逸れる	ソレル	9847	to turn away; to bear off; to veer away; to swerve from; to miss (e.g. a target)
幼女	ヨウジョ	9848	
露わ	アラワ	9849	
気が引ける	キガヒケル	9850	
黒幕	クロマク	9851	black curtain
慣れ	ナレ	9852	practice; experience; habituation
真逆	マギャク	9853	by no means; never!; well, I never!; you don't say!; no way!
可能な限り	カノウナカギリ	9854	
混む	コム	9855	to be crowded; to be packed; to be congested; to be thronged (with)
上達	ジョウタツ	9856	improvement (e.g. in skill, ability); advance; progress
婿	ムコ	9857	husband; groom
更なる	サラナル	9858	
六時	ロクジ	9859	
奇遇	キグウ	9860	
身柄	ミガラ	9861	one's person
釘	クギ	9862	nail; spike; tack; rivet; brad; (pachinko) pin
二十五	ニジュウゴ	9863	
山々	ヤマヤマ	9864	(many) mountains
プリン	プリン	9865	
無垢	ムク	9866	
撒き散らす	マキチラス	9867	
やり遂げる	ヤリトゲル	9868	
目に映る	メニウツル	9869	
押し返す	オシカエス	9870	
艦	カン	9871	warship
歪	イビツ	9872	
胸の内	ムネノウチ	9873	
奥底	オクソコ	9874	
乗っかる	ノッカル	9875	
鮮血	センケツ	9876	deciding first; settling (a matter) first; first priority
大差	タイサ	9877	great difference; big difference; wide margin
長居	ナガイ	9878	long visit; overstaying
せめてもの	セメテモノ	9879	
札	フダ	9880	ticket; token; check; receipt
ナンパ	ナンパ	9881	seducer; smooth talker; ladies' man; playboy; playgirl
フリ	フリ	9882	swing; shake; sweep; wave; wag
もたれる	モタレル	9883	to lean against; to lean on; to recline on
こった	コッタ	9884	elaborate; exquisite; ornate; refined; sophisticated
ひとつひとつ	ヒトツヒトツ	9885	one-by-one; separately; in detail
よぶ	ヨブ	9886	to call out (to); to call; to invoke
なんとしても	ナントシテモ	9887	
建前	タテマエ	9888	face; official stance; public position or attitude (as opposed to private thoughts)
かなえる	カナエル	9889	to grant (request, wish); to answer (prayer); to make come true (e.g. a dream); to realize; to fulfill
どきどき	ドキドキ	9890	thump-thump; bang-bang; pit-a-pat; pitapat; pitter-patter
やっかい	ヤッカイ	9891	trouble; burden; nuisance; bother; worry
噛みつく	カミツク	9892	to bite (at); to snap at
スッと	スット	9893	straight; quickly; directly; all of a sudden
馴染み	ナジミ	9894	
ご用	ゴヨウ	9895	
よけい	ヨケイ	9896	extra; more; too much; too many; excessive; superfluous; spare; surplus
コト	コト	9897	koto (13-stringed Japanese zither)
ふたりとも	フタリトモ	9898	both (people); the two of them
数ヶ月	スウカゲツ	9899	several months
さみしい	サミシイ	9900	lonely; lonesome; solitary; desolate
その為	ソノタメ	9902	
編成	ヘンセイ	9903	composition; formation; organization; organisation; compilation
絡まる	カラマル	9904	
八月	ハチガツ	9905	August
染み	シミ	9906	stain; spot; smudge; blot; smear; blotch
張本人	チョウホンニン	9907	originator; ringleader; perpetrator; main culprit; person responsible
奢る	オゴル	9908	to treat (someone) to (something); to give (someone) a treat; to buy (someone a meal, drink, etc.)
仕込み	シコミ	9909	training; education; upbringing
圧	アツ	9910	
休み時間	ヤスミジカン	9911	
目を背ける	メヲソムケル	9912	
雄叫び	オタケビ	9913	
思い込み	オモイコミ	9914	
息子さん	ムスコサン	9915	
救い出す	スクイダス	9916	
作動	サドウ	9917	operation; functioning; running
号令	ゴウレイ	9918	order (esp. to a number of people); command
因果	インガ	9919	cause and effect; causality
飛	ヒ	9920	fire; flame; blaze
射程	シャテイ	9921	range (of a rifle, missile, etc.)
精鋭	セイエイ	9922	elite; best; pick; cream of the crop
陥れる	オトシイレル	9923	
滅亡	メツボウ	9924	downfall; ruin; collapse; destruction
雄	オス	9925	male (animal, plant)
愛液	アイエキ	9926	
気分転換	キブンテンカン	9927	change of pace; change of mood; (mental) break (e.g. going for a walk); refreshment
諸	ショ	9928	various; many; several
手が届く	テガトドク	9929	
満喫	マンキツ	9930	having one's fill (of food or drink); eating (drinking) to one's heart's content
びっしり	ビッシリ	9931	closely (packed, lined up, etc.); tightly; densely
酷	コク	9932	severe; harsh; stringent; rigorous; strict; unfair
高み	タカミ	9933	
鋼鉄	コウテツ	9934	steel
達人	タツジン	9935	master; expert
ふれる	フレル	9936	to touch; to feel
引っ掛かる	ヒッカカル	9937	to be caught in; to be stuck in
蒼白	ソウハク	9938	
画	エ	9939	picture; drawing; painting; sketch
うねる	ウネル	9940	to wind (of a road, river, etc.); to meander; to twist; to snake
中枢	チュウスウ	9941	centre; center; pivot; mainstay; nucleus; hub; backbone; central figure; pillar; key person
尚更	ナオサラ	9942	still more; even more; all the more
賑わう	ニギワウ	9943	to be crowded with people; to be bustling with
あたたかい	アタタカイ	9944	warm; mild; (pleasantly) hot
飼い主	カイヌシ	9945	(pet) owner; keeper
二分	ニブン	9946	halving; dividing (into two parts); bisection
被せる	カブセル	9947	to cover (with something)
心苦しい	ココログルシイ	9948	
ポスター	ポスター	9949	
はぐれる	ハグレル	9950	to lose sight of (one's companions); to stray from
トーン	トーン	9951	
議員	ギイン	9952	member of an assembly; member of the Diet; member of parliament; member of Congress
走り続ける	ハシリツヅケル	9953	
互角	ゴカク	9954	equal (in ability); even; evenly matched; well-matched; on par (with)
従順	ジュウジュン	9955	
１個	イッコ	9956	one (thing); one piece; one item
煮る	ニル	9957	to boil; to simmer; to stew; to seethe
ジャージ	ジャージ	9958	
押しつぶす	オシツブス	9959	
非常識	ヒジョウシキ	9960	lack of common sense; thoughtlessness; senselessness; irrationality; absurdity
膣内	チツナイ	9961	
強盗	ゴウトウ	9962	robber; mugger
霞む	カスム	9963	to become misty; to become hazy
ハードル	ハードル	9964	
斜面	シャメン	9965	slope; slanting surface; bevel
ウッ	ウッ	9966	
今日中に	キョウジュウニ	9967	
邪	ヨコシマ	9968	wicked; evil; wrong; bad
外壁	ガイヘキ	9969	outer wall
抑え込む	オサエコム	9970	
茶化す	チャカス	9971	
股	マタ	9972	groin; thigh; crotch; crutch
寝そべる	ネソベル	9973	
飛び出る	トビデル	9974	
小川	オガワ	9975	stream; brook; creek
二月	ニガツ	9976	February
身を任せる	ミヲマカセル	9977	
ぽつん	ポツン	9978	
望むところ	ノゾムトコロ	9979	
あむ	アム	9980	to knit; to plait; to braid
途方もない	トホウモナイ	9981	
ぶっきらぼう	ブッキラボウ	9982	curt; blunt; brusque
殴りつける	ナグリツケル	9983	
のばす	ノバス	9984	to grow long (e.g. hair, nails)
荒野	コウヤ	9985	wasteland; wilderness; deserted land; prairie; vast plain; wilds; desert; wild land
イタズラ	イタズラ	9986	mischief; prank; trick; practical joke
ではなさそう	デハナサソウ	9987	
弱み	ヨワミ	9988	(a) weakness; shortcoming; failing; sore point
ほん	ホン	9989	book; volume; script
首をひねる	クビヲヒネル	9990	
気をつけ	キヲツケ	9991	
引きつける	ヒキツケル	9992	to attract (to oneself, e.g. with bait or light); to draw close; to draw near
くち	クチ	9993	mouth
だまる	ダマル	9994	to be silent; to say nothing
ブツブツ	ブツブツ	9995	grunt; grumble; complaint; mutter
またもや	マタモヤ	9996	
ごちそう	ゴチソウ	9997	treat (esp. food and drink); entertainment; treating someone (to a meal); taking someone to dinner
まなざし	マナザシ	9998	(a) look; gaze
はぐらかす	ハグラカス	9999	
かます	カマス	10000	
