term	reading	rank	part_of_speech
の	ノ	1	助詞,格助詞,*,*,*,*
は	ハ	2	助詞,係助詞,*,*,*,*
に	ニ	3	助詞,格助詞,*,*,*,*
を	ヲ	4	助詞,格助詞,*,*,*,*
と	ト	5	助詞,格助詞,*,*,*,*
も	モ	6	助詞,係助詞,*,*,*,*
が	ガ	7	接続詞,*,*,*,*,*
で	デ	8	接続詞,*,*,*,*,*
から	カラ	9	接続詞,*,*,*,*,*
だ	ダ	10	助動詞,*,*,*,助動詞-ダ,終止形-一般
する	スル	11	動詞,非自立可能,*,*,サ行変格,終止形-一般
か	カ	12	助詞,終助詞,*,*,*,*
よ	ヨ	13	助詞,終助詞,*,*,*,*
ある	アル	14	動詞,非自立可能,*,*,五段-ラ行,終止形-一般
こと	コト	15	名詞,普通名詞,一般,*,*,*
なる	ナル	16	動詞,非自立可能,*,*,五段-ラ行,終止形-一般
それ	ソレ	17	代名詞,*,*,*,*,*
いる	イル	18	動詞,非自立可能,*,*,上一段-ア行,終止形-一般
ね	ネ	19	助詞,終助詞,*,*,*,*
思う	オモウ	20	動詞,一般,*,*,五段-ワア行,終止形-一般
この	コノ	21	連体詞,*,*,*,*,*
には	ニハ	22	助詞+助詞
でも	デモ	23	助詞+助詞
です	デス	24	助動詞,*,*,*,助動詞-デス,終止形-一般
その	ソノ	25	連体詞,*,*,*,*,*
な	ナ	26	助動詞,*,*,*,助動詞-ダ,連体形-一般
言う	イウ	27	動詞,一般,*,*,五段-ワア行,終止形-一般
って	ッテ	28	助詞,副助詞,*,*,*,*
ない	ナイ	29	形容詞,非自立可能,*,*,形容詞,終止形-一般
んだ	ンダ	30	助詞+助動詞
そう	ソウ	31	副詞,*,*,*,*,*
私	ワタシ	32	代名詞,*,*,*,*,*
いい	イイ	33	形容詞,非自立可能,*,*,形容詞,終止形-一般
これ	コレ	34	代名詞,*,*,*,*,*
だった	ダッタ	35	助動詞+助動詞
見る	ミル	36	動詞,非自立可能,*,*,上一段-マ行,終止形-一般
だけ	ダケ	37	助詞,副助詞,*,*,*,*
くる	クル	38	動詞,非自立可能,*,*,カ行変格,終止形-一般
さん	サン	39	接尾辞,名詞的,一般,*,*,*
くれる	クレル	40	動詞,非自立可能,*,*,下一段-ラ行,終止形-一般
やる	ヤル	41	動詞,非自立可能,*,*,五段-ラ行,終止形-一般
まで	マデ	42	感動詞+接続詞
もの	モノ	43	名詞,普通名詞,サ変可能,*,*,*
行く	イク	44	動詞,非自立可能,*,*,五段-カ行,終止形-一般
という	トイウ	45	助詞+動詞
もう	モウ	46	副詞,*,*,*,*,*
だから	ダカラ	47	助動詞+助詞
そんな	ソンナ	48	形状詞,一般,*,*,*,*
あの	アノ	49	連体詞,*,*,*,*,*
だろう	ダロウ	50	助動詞,*,*,*,助動詞-ダ,意志推量形
しまう	シマウ	52	動詞,非自立可能,*,*,五段-ワア行,終止形-一般
来る	クル	53	動詞,非自立可能,*,*,カ行変格,終止形-一般
ん	ン	54	感動詞,一般,*,*,*,*
人	ヒト	55	名詞,普通名詞,一般,*,*,*
ここ	ココ	56	代名詞,*,*,*,*,*
や	ヤ	57	形状詞,一般,*,*,*,*
し	シ	58	助動詞,*,*,*,文語助動詞-キ,連体形-一般
お	オ	59	接頭辞,*,*,*,*,*
とする	トスル	60	助詞+動詞
自分	ジブン	61	名詞,普通名詞,一般,*,*,*
じゃない	ジャナイ	62	助動詞+形容詞
知る	シル	63	動詞,一般,*,*,五段-ラ行,終止形-一般
なら	ナラ	64	助動詞,*,*,*,助動詞-ダ,仮定形-一般
いく	イク	65	動詞,非自立可能,*,*,五段-カ行,終止形-一般
わ	ワ	66	助詞,終助詞,*,*,*,*
今	イマ	67	名詞,普通名詞,副詞可能,*,*,*
聞く	キク	68	動詞,一般,*,*,五段-カ行,終止形-一般
へ	ヘ	69	助詞,格助詞,*,*,*,*
ような	ヨウナ	70	形状詞+助動詞
とは	トハ	71	助詞+助詞
何	ナニ	72	代名詞,*,*,*,*,*
前	マエ	73	名詞,普通名詞,副詞可能,*,*,*
出る	デル	74	動詞,一般,*,*,下一段-ダ行,終止形-一般
中	ナカ	75	名詞,普通名詞,副詞可能,*,*,*
にも	ニモ	76	助詞+助詞
ように	ヨウニ	77	形状詞+助動詞
顔	カオ	78	名詞,普通名詞,一般,*,*,*
である	デアル	79	接続詞+連体詞
んです	ンデス	80	助詞+助動詞
また	マタ	81	接続詞,*,*,*,*,*
ながら	ナガラ	82	助詞,接続助詞,*,*,*,*
なんて	ナンテ	83	助詞,副助詞,*,*,*,*
考える	カンガエル	84	動詞,一般,*,*,下一段-ア行,終止形-一般
どう	ドウ	85	副詞,*,*,*,*,*
いう	イウ	86	動詞,一般,*,*,五段-ワア行,終止形-一般
さ	サ	87	助詞,終助詞,*,*,*,*
そして	ソシテ	88	接続詞,*,*,*,*,*
ため	タメ	89	名詞,普通名詞,副詞可能,*,*,*
まだ	マダ	90	副詞,*,*,*,*,*
いや	イヤ	91	感動詞,一般,*,*,*,*
ちょっと	チョット	92	副詞,*,*,*,*,*
のに	ノニ	93	助詞+助詞
できる	デキル	94	動詞,非自立可能,*,*,上一段-カ行,終止形-一般
話	ハナシ	95	名詞,普通名詞,サ変可能,*,*,*
とか	トカ	96	助詞+助詞
ぞ	ゾ	97	助詞,終助詞,*,*,*,*
そこ	ソコ	98	代名詞,*,*,*,*,*
なの	ナノ	99	助動詞+助詞
ではない	デハナイ	100	助詞+助詞+形容詞
何	ナン	101	代名詞,*,*,*,*,*
待つ	マツ	102	動詞,一般,*,*,五段-タ行,終止形-一般
ので	ノデ	103	助詞+助動詞
ところ	トコロ	104	名詞,普通名詞,副詞可能,*,*,*
だって	ダッテ	105	助動詞+助詞
だが	ダガ	106	助動詞+助詞
たち	タチ	107	名詞,普通名詞,一般,*,*,*
こんな	コンナ	108	形状詞,一般,*,*,*,*
持つ	モツ	109	動詞,一般,*,*,五段-タ行,終止形-一般
みる	ミル	110	動詞,非自立可能,*,*,上一段-マ行,終止形-一般
声	コエ	111	名詞,普通名詞,一般,*,*,*
もらう	モラウ	112	動詞,非自立可能,*,*,五段-ワア行,終止形-一般
入る	ハイル	113	動詞,一般,*,*,五段-ラ行,終止形-一般
手	テ	114	名詞,普通名詞,助数詞可能,*,*,*
ですか	デスカ	115	助動詞+助詞
見える	ミエル	116	動詞,一般,*,*,下一段-ア行,終止形-一般
方	ホウ	117	名詞,普通名詞,一般,*,*,*
目	メ	118	名詞,普通名詞,一般,*,*,*
男	オトコ	119	名詞,普通名詞,一般,*,*,*
本当	ホントウ	120	名詞,普通名詞,一般,*,*,*
あなた	アナタ	121	代名詞,*,*,*,*,*
今日	キョウ	122	名詞,普通名詞,副詞可能,*,*,*
ほど	ホド	123	助詞,副助詞,*,*,*,*
言葉	コトバ	124	名詞,普通名詞,一般,*,*,*
らしい	ラシイ	125	助動詞,*,*,*,助動詞-ラシイ,終止形-一般
として	トシテ	126	助詞+動詞+助詞
など	ナド	127	助詞,副助詞,*,*,*,*
ただ	タダ	128	接続詞,*,*,*,*,*
しかし	シカシ	129	接続詞,*,*,*,*,*
かな	カナ	130	助詞+助詞
違う	チガウ	131	動詞,一般,*,*,五段-ワア行,終止形-一般
使う	ツカウ	132	動詞,一般,*,*,五段-ワア行,終止形-一般
少し	スコシ	133	副詞,*,*,*,*,*
より	ヨリ	134	副詞,*,*,*,*,*
時	トキ	135	名詞,普通名詞,副詞可能,*,*,*
家	イエ	136	名詞,普通名詞,一般,*,*,*
あれ	アレ	137	代名詞,*,*,*,*,*
彼	カレ	138	代名詞,*,*,*,*,*
よい	ヨイ	139	形容詞,非自立可能,*,*,形容詞,終止形-一般
人間	ニンゲン	140	名詞,普通名詞,一般,*,*,*
同じ	オナジ	141	形状詞,一般,*,*,*,*
上	ウエ	142	名詞,普通名詞,副詞可能,*,*,*
よく	ヨク	143	副詞,*,*,*,*,*
よう	ヨウ	144	副詞,*,*,*,*,*
とも	トモ	145	名詞,普通名詞,一般,*,*,*
でしょう	デショウ	146	助動詞,*,*,*,助動詞-デス,意志推量形
出す	ダス	147	動詞,非自立可能,*,*,五段-サ行,終止形-一般
どこ	ドコ	148	代名詞,*,*,*,*,*
しか	シカ	149	助詞,副助詞,*,*,*,*
悪い	ワルイ	150	形容詞,一般,*,*,形容詞,終止形-一般
なん	ナン	151	代名詞,*,*,*,*,*
時間	ジカン	152	名詞,普通名詞,助数詞可能,*,*,*
部屋	ヘヤ	153	名詞,普通名詞,一般,*,*,*
わけ	ワケ	154	名詞,普通名詞,一般,*,*,*
おく	オク	155	動詞,非自立可能,*,*,五段-カ行,終止形-一般
かもしれない	カモシレナイ	156	助詞+助詞+動詞+助動詞
作る	ツクル	157	動詞,一般,*,*,五段-ラ行,終止形-一般
まま	ママ	158	名詞,普通名詞,副詞可能,*,*,*
て	テ	159	接続詞,*,*,*,*,*
早い	ハヤイ	160	形容詞,一般,*,*,形容詞,終止形-一般
感じる	カンジル	161	動詞,一般,*,*,上一段-ザ行,終止形-一般
呼ぶ	ヨブ	162	動詞,一般,*,*,五段-バ行,終止形-一般
話す	ハナス	163	動詞,一般,*,*,五段-サ行,終止形-一般
何か	ナニカ	164	代名詞+助詞
のように	ノヨウニ	165	助詞+形状詞+助動詞
死ぬ	シヌ	166	動詞,一般,*,*,五段-ナ行,終止形-一般
姿	スガタ	167	名詞,普通名詞,一般,*,*,*
頭	アタマ	168	名詞,普通名詞,一般,*,*,*
強い	ツヨイ	169	形容詞,一般,*,*,形容詞,終止形-一般
こう	コウ	170	副詞,*,*,*,*,*
いつも	イツモ	171	名詞,普通名詞,副詞可能,*,*,*
会う	アウ	172	動詞,一般,*,*,五段-ワア行,終止形-一般
ばかり	バカリ	173	助詞,副助詞,*,*,*,*
一緒に	イッショニ	174	名詞+助詞
好き	スキ	175	形状詞,一般,*,*,*,*
相手	アイテ	176	名詞,普通名詞,一般,*,*,*
帰る	カエル	177	動詞,一般,*,*,五段-ラ行,終止形-一般
みんな	ミンナ	178	名詞,普通名詞,副詞可能,*,*,*
音	オト	179	名詞,普通名詞,一般,*,*,*
うち	ウチ	180	名詞,普通名詞,副詞可能,*,*,*
ずっと	ズット	181	副詞,*,*,*,*,*
のです	ノデス	182	助詞+助動詞
でした	デシタ	183	助動詞+助動詞
食べる	タベル	184	動詞,一般,*,*,下一段-バ行,終止形-一般
場所	バショ	185	名詞,普通名詞,一般,*,*,*
あと	アト	186	名詞,普通名詞,副詞可能,*,*,*
どうして	ドウシテ	187	副詞+動詞+助詞
もっと	モット	188	副詞,*,*,*,*,*
くらい	クライ	189	助詞,副助詞,*,*,*,*
世界	セカイ	190	名詞,普通名詞,一般,*,*,*
あげる	アゲル	191	動詞,非自立可能,*,*,下一段-ガ行,終止形-一般
戻る	モドル	192	動詞,一般,*,*,五段-ラ行,終止形-一般
力	チカラ	193	名詞,普通名詞,一般,*,*,*
仕事	シゴト	194	名詞,普通名詞,サ変可能,*,*,*
必要	ヒツヨウ	195	名詞,普通名詞,形状詞可能,*,*,*
続ける	ツヅケル	196	動詞,非自立可能,*,*,下一段-カ行,終止形-一般
つもり	ツモリ	197	名詞,普通名詞,一般,*,*,*
どんな	ドンナ	198	形状詞,一般,*,*,*,*
誰	ダレ	199	代名詞,*,*,*,*,*
による	ニヨル	200	助詞+動詞
次	ツギ	201	名詞,普通名詞,一般,*,*,*
かける	カケル	202	名詞,固有名詞,人名,名,*,*
見せる	ミセル	203	動詞,非自立可能,*,*,下一段-サ行,終止形-一般
動く	ウゴク	204	動詞,一般,*,*,五段-カ行,終止形-一般
となる	トナル	205	助詞+動詞
はず	ハズ	206	名詞,普通名詞,一般,*,*,*
子	コ	207	名詞,普通名詞,一般,*,*,*
歩く	アルク	208	動詞,一般,*,*,五段-カ行,終止形-一般
こちら	コチラ	209	代名詞,*,*,*,*,*
きっと	キット	210	副詞,*,*,*,*,*
意味	イミ	211	名詞,普通名詞,サ変可能,*,*,*
終わる	オワル	212	動詞,非自立可能,*,*,五段-ラ行,終止形-一般
変わる	カワル	213	動詞,一般,*,*,五段-ラ行,終止形-一般
すぐに	スグニ	214	副詞+助詞
とき	トキ	215	名詞,普通名詞,副詞可能,*,*,*
気持ち	キモチ	216	名詞,普通名詞,一般,*,*,*
始める	ハジメル	217	動詞,非自立可能,*,*,下一段-マ行,終止形-一般
大きい	オオキイ	218	形容詞,一般,*,*,形容詞,終止形-一般
ことになる	コトニナル	219	名詞+助詞+動詞
向かう	ムカウ	220	動詞,一般,*,*,五段-ワア行,終止形-一般
何も	ナニモ	221	代名詞+助詞
受ける	ウケル	222	動詞,一般,*,*,下一段-カ行,終止形-一般
日	ヒ	223	名詞,普通名詞,副詞可能,*,*,*
年	ネン	224	名詞,普通名詞,助数詞可能,*,*,*
心配	シンパイ	225	名詞,普通名詞,サ変形状詞可能,*,*,*
教える	オシエル	226	動詞,一般,*,*,下一段-ア行,終止形-一般
心	ココロ	227	名詞,普通名詞,サ変可能,*,*,*
立つ	タツ	228	動詞,一般,*,*,五段-タ行,終止形-一般
おる	オル	229	動詞,非自立可能,*,*,五段-ラ行,終止形-一般
やめる	ヤメル	230	動詞,一般,*,*,下一段-マ行,終止形-一般
外	ソト	231	名詞,普通名詞,一般,*,*,*
間	アイダ	232	名詞,普通名詞,助数詞可能,*,*,*
について	ニツイテ	233	助詞+動詞+助詞
よりも	ヨリモ	234	助詞+助詞
後	アト	235	名詞,普通名詞,副詞可能,*,*,*
様子	ヨウス	236	名詞,普通名詞,一般,*,*,*
忘れる	ワスレル	237	動詞,非自立可能,*,*,下一段-ラ行,終止形-一般
口	クチ	238	名詞,普通名詞,一般,*,*,*
にとって	ニトッテ	239	助詞+動詞+助詞
名前	ナマエ	240	名詞,普通名詞,一般,*,*,*
大きな	オオキナ	241	連体詞,*,*,*,*,*
信じる	シンジル	242	動詞,一般,*,*,上一段-ザ行,終止形-一般
すぎる	スギル	243	動詞,非自立可能,*,*,上一段-ガ行,連体形-一般
なのに	ナノニ	244	助動詞+助詞+助詞
生きる	イキル	245	動詞,一般,*,*,上一段-カ行,終止形-一般
問題	モンダイ	246	名詞,普通名詞,一般,*,*,*
理由	リユウ	247	名詞,普通名詞,一般,*,*,*
それでも	ソレデモ	248	代名詞+助詞+助詞
これから	コレカラ	249	代名詞+助詞
以上	イジョウ	250	名詞,普通名詞,副詞可能,*,*,*
逃げる	ニゲル	251	動詞,一般,*,*,下一段-ガ行,終止形-一般
多い	オオイ	252	形容詞,一般,*,*,形容詞,終止形-一般
そういう	ソウイウ	253	副詞+動詞
絶対	ゼッタイ	254	名詞,普通名詞,副詞可能,*,*,*
開く	ヒラク	255	動詞,一般,*,*,五段-カ行,終止形-一般
今度	コンド	256	名詞,普通名詞,副詞可能,*,*,*
最後	サイゴ	257	名詞,普通名詞,一般,*,*,*
最初	サイショ	258	名詞,普通名詞,副詞可能,*,*,*
こそ	コソ	259	助詞,係助詞,*,*,*,*
存在	ソンザイ	260	名詞,普通名詞,サ変可能,*,*,*
誰か	ダレカ	261	代名詞+助詞
初めて	ハジメテ	262	副詞,*,*,*,*,*
書く	カク	263	動詞,一般,*,*,五段-カ行,終止形-一般
取る	トル	264	動詞,一般,*,*,五段-ラ行,終止形-一般
高い	タカイ	265	形容詞,一般,*,*,形容詞,終止形-一般
もちろん	モチロン	266	副詞,*,*,*,*,*
かも	カモ	267	助詞+助詞
べき	ベキ	268	助動詞,*,*,*,文語助動詞-ベシ,連体形-一般
入れる	イレル	269	動詞,一般,*,*,下一段-ラ行,終止形-一般
体	カラダ	270	名詞,普通名詞,一般,*,*,*
答える	コタエル	271	動詞,一般,*,*,下一段-ア行,終止形-一般
そのまま	ソノママ	272	名詞,普通名詞,副詞可能,*,*,*
置く	オク	273	動詞,非自立可能,*,*,五段-カ行,終止形-一般
覚える	オボエル	274	動詞,一般,*,*,下一段-ア行,終止形-一般
あり	アリ	275	名詞,普通名詞,一般,*,*,*
無理	ムリ	276	名詞,普通名詞,形状詞可能,*,*,*
ご	ゴ	277	名詞,数詞,*,*,*,*
残る	ノコル	278	動詞,一般,*,*,五段-ラ行,終止形-一般
いけない	イケナイ	279	動詞+助動詞
長い	ナガイ	280	形容詞,一般,*,*,形容詞,終止形-一般
普通	フツウ	281	名詞,普通名詞,形状詞可能,*,*,*
どういう	ドウイウ	282	連体詞,*,*,*,*,*
守る	マモル	283	動詞,一般,*,*,五段-ラ行,終止形-一般
とても	トテモ	284	副詞,*,*,*,*,*
楽しい	タノシイ	285	形容詞,一般,*,*,形容詞,終止形-一般
どこか	ドコカ	286	代名詞+助詞
夜	ヨル	287	名詞,普通名詞,副詞可能,*,*,*
感じ	カンジ	288	名詞,普通名詞,一般,*,*,*
気	キ	289	名詞,普通名詞,一般,*,*,*
許す	ユルス	290	動詞,一般,*,*,五段-サ行,終止形-一般
もし	モシ	291	副詞,*,*,*,*,*
驚く	オドロク	292	動詞,一般,*,*,五段-カ行,終止形-一般
別に	ベツニ	293	名詞+助動詞
離れる	ハナレル	294	動詞,一般,*,*,下一段-ラ行,終止形-一般
いつ	イツ	295	代名詞,*,*,*,*,*
消える	キエル	296	動詞,一般,*,*,下一段-ア行,終止形-一般
助ける	タスケル	297	動詞,一般,*,*,下一段-カ行,終止形-一般
止める	トメル	298	動詞,一般,*,*,下一段-マ行,終止形-一般
困る	コマル	299	動詞,一般,*,*,五段-ラ行,終止形-一般
かかる	カカル	300	動詞,非自立可能,*,*,五段-ラ行,終止形-一般
人	ニン	302	名詞,普通名詞,一般,*,*,*
中	チュウ	303	名詞,普通名詞,副詞可能,*,*,*
方	カタ	304	名詞,普通名詞,一般,*,*,*
飲む	ノム	305	動詞,一般,*,*,五段-マ行,終止形-一般
走る	ハシル	306	動詞,一般,*,*,五段-ラ行,終止形-一般
以外	イガイ	307	名詞,普通名詞,副詞可能,*,*,*
下	シタ	308	名詞,普通名詞,一般,*,*,*
買う	カウ	309	動詞,一般,*,*,五段-ワア行,終止形-一般
足	アシ	310	名詞,普通名詞,一般,*,*,*
説明	セツメイ	311	名詞,普通名詞,サ変可能,*,*,*
読む	ヨム	312	動詞,一般,*,*,五段-マ行,終止形-一般
女性	ジョセイ	313	名詞,普通名詞,一般,*,*,*
落ちる	オチル	314	動詞,一般,*,*,上一段-タ行,連体形-一般
このまま	コノママ	315	連体詞+名詞
つける	ツケル	316	動詞,非自立可能,*,*,下一段-カ行,終止形-一般
起きる	オキル	317	動詞,一般,*,*,上一段-カ行,終止形-一般
あまり	アマリ	318	副詞,*,*,*,*,*
ことができる	コトガデキル	319	名詞+助詞+動詞
続く	ツヅク	320	動詞,非自立可能,*,*,五段-カ行,終止形-一般
すぐ	スグ	321	副詞,*,*,*,*,*
決める	キメル	322	動詞,一般,*,*,下一段-マ行,終止形-一般
でもない	デモナイ	323	助詞+助詞+形容詞
状況	ジョウキョウ	324	名詞,普通名詞,一般,*,*,*
関係	カンケイ	325	名詞,普通名詞,サ変可能,*,*,*
ことがある	コトガアル	326	名詞+助詞+動詞
いただく	イタダク	327	動詞,非自立可能,*,*,五段-カ行,終止形-一般
先	サキ	328	名詞,普通名詞,副詞可能,*,*,*
伝える	ツタエル	329	動詞,一般,*,*,下一段-ア行,終止形-一般
ようになる	ヨウニナル	330	形状詞+助動詞+動詞
先に	サキニ	331	名詞+助詞
夢	ユメ	332	名詞,普通名詞,一般,*,*,*
誰も	ダレモ	333	代名詞+助詞
小さい	チイサイ	334	形容詞,一般,*,*,形容詞,終止形-一般
選ぶ	エラブ	335	動詞,一般,*,*,五段-バ行,終止形-一般
こういう	コウイウ	336	副詞+動詞
理解	リカイ	337	名詞,普通名詞,サ変可能,*,*,*
ですが	デスガ	338	助動詞+助詞
場合	バアイ	339	名詞,普通名詞,副詞可能,*,*,*
得る	エル	340	動詞,非自立可能,*,*,下一段-ア行,終止形-一般
深い	フカイ	341	形容詞,一般,*,*,形容詞,終止形-一般
見つける	ミツケル	342	動詞,一般,*,*,下一段-カ行,終止形-一般
一度	イチド	343	名詞,普通名詞,副詞可能,*,*,*
ほしい	ホシイ	344	形容詞,非自立可能,*,*,形容詞,終止形-一般
なぜ	ナゼ	345	副詞,*,*,*,*,*
昔	ムカシ	346	名詞,普通名詞,副詞可能,*,*,*
水	ミズ	347	名詞,普通名詞,一般,*,*,*
近く	チカク	348	名詞,普通名詞,副詞可能,*,*,*
進む	ススム	349	動詞,一般,*,*,五段-マ行,終止形-一般
大変	タイヘン	350	形状詞,一般,*,*,*,*
としても	トシテモ	351	助詞+動詞+助詞+助詞
道	ミチ	352	名詞,普通名詞,一般,*,*,*
簡単	カンタン	353	形状詞,一般,*,*,*,*
変える	カエル	354	動詞,一般,*,*,下一段-ア行,終止形-一般
別	ベツ	355	名詞,普通名詞,形状詞可能,*,*,*
なので	ナノデ	356	助動詞+助詞+助動詞
本	ホン	357	名詞,普通名詞,一般,*,*,*
完全	カンゼン	358	形状詞,一般,*,*,*,*
状態	ジョウタイ	359	名詞,普通名詞,一般,*,*,*
しっかり	シッカリ	360	副詞,*,*,*,*,*
行う	オコナウ	361	動詞,一般,*,*,五段-ワア行,終止形-一般
送る	オクル	362	動詞,一般,*,*,五段-ラ行,終止形-一般
形	カタチ	363	名詞,普通名詞,一般,*,*,*
上げる	アゲル	364	動詞,非自立可能,*,*,下一段-ガ行,終止形-一般
近づく	チカヅク	365	動詞,一般,*,*,五段-カ行,終止形-一般
乗る	ノル	366	動詞,一般,*,*,五段-ラ行,終止形-一般
与える	アタエル	367	動詞,一般,*,*,下一段-ア行,終止形-一般
勝手	カッテ	368	名詞,普通名詞,形状詞可能,*,*,*
的	テキ	369	名詞,普通名詞,一般,*,*,*
結果	ケッカ	370	名詞,普通名詞,副詞可能,*,*,*
ために	タメニ	371	名詞+助詞
朝	アサ	372	名詞,普通名詞,副詞可能,*,*,*
新しい	アタラシイ	373	形容詞,一般,*,*,形容詞,終止形-一般
急	キュウ	374	名詞,普通名詞,形状詞可能,*,*,*
ようにする	ヨウニスル	375	形状詞+助動詞+動詞
自分で	ジブンデ	376	名詞+助動詞
元	モト	377	名詞,普通名詞,一般,*,*,*
最近	サイキン	378	名詞,普通名詞,副詞可能,*,*,*
大	ダイ	379	接頭辞,*,*,*,*,*
決まる	キマル	380	動詞,一般,*,*,五段-ラ行,終止形-一般
準備	ジュンビ	381	名詞,普通名詞,サ変可能,*,*,*
近い	チカイ	382	形容詞,一般,*,*,形容詞,終止形-一般
失う	ウシナウ	383	動詞,一般,*,*,五段-ワア行,終止形-一般
不安	フアン	384	名詞,普通名詞,形状詞可能,*,*,*
残す	ノコス	385	動詞,一般,*,*,五段-サ行,終止形-一般
安心	アンシン	386	名詞,普通名詞,サ変形状詞可能,*,*,*
大事	ダイジ	387	形状詞,一般,*,*,*,*
ほとんど	ホトンド	388	名詞,普通名詞,副詞可能,*,*,*
認める	ミトメル	389	動詞,一般,*,*,下一段-マ行,終止形-一般
特に	トクニ	390	副詞,*,*,*,*,*
求める	モトメル	391	動詞,一般,*,*,下一段-マ行,終止形-一般
用意	ヨウイ	392	名詞,普通名詞,サ変可能,*,*,*
少ない	スクナイ	393	形容詞,一般,*,*,形容詞,終止形-一般
まず	マズ	394	副詞,*,*,*,*,*
ことにする	コトニスル	395	名詞+助詞+動詞
始まる	ハジマル	396	動詞,一般,*,*,五段-ラ行,終止形-一般
家族	カゾク	397	名詞,普通名詞,一般,*,*,*
似る	ニル	398	動詞,一般,*,*,上一段-ナ行,連体形-一般
用	ヨウ	399	名詞,普通名詞,一般,*,*,*
元気	ゲンキ	400	名詞,普通名詞,形状詞可能,*,*,*
後	ゴ	401	名詞,普通名詞,副詞可能,*,*,*
に対して	ニタイシテ	402	助詞+動詞+助詞
生む	ウム	403	動詞,一般,*,*,五段-マ行,終止形-一般
思い	オモイ	404	名詞,普通名詞,一般,*,*,*
なかなか	ナカナカ	405	副詞,*,*,*,*,*
たくさん	タクサン	406	形状詞,一般,*,*,*,*
目的	モクテキ	407	名詞,普通名詞,一般,*,*,*
合う	アウ	408	動詞,非自立可能,*,*,五段-ワア行,終止形-一般
生活	セイカツ	409	名詞,普通名詞,サ変可能,*,*,*
方法	ホウホウ	410	名詞,普通名詞,一般,*,*,*
なくなる	ナクナル	411	動詞,一般,*,*,五段-ラ行,終止形-一般
切る	キル	412	動詞,非自立可能,*,*,五段-ラ行,終止形-一般
分	ブン	413	名詞,普通名詞,副詞可能,*,*,*
つく	ツク	414	動詞,非自立可能,*,*,五段-カ行,終止形-一般
としては	トシテハ	415	助詞+動詞+助詞+助詞
十分	ジュウブン	416	名詞+名詞
働く	ハタラク	417	動詞,一般,*,*,五段-カ行,終止形-一般
若い	ワカイ	418	形容詞,一般,*,*,形容詞,終止形-一般
歳	サイ	419	名詞,普通名詞,副詞可能,*,*,*
調べる	シラベル	420	動詞,一般,*,*,下一段-バ行,終止形-一般
急ぐ	イソグ	421	動詞,一般,*,*,五段-ガ行,終止形-一般
必ず	カナラズ	422	副詞,*,*,*,*,*
かどうか	カドウカ	423	助詞+副詞+助詞
途中	トチュウ	424	名詞,普通名詞,副詞可能,*,*,*
側	ガワ	425	名詞,普通名詞,一般,*,*,*
見つかる	ミツカル	426	動詞,一般,*,*,五段-ラ行,終止形-一般
重い	オモイ	427	形容詞,一般,*,*,形容詞,終止形-一般
期待	キタイ	428	名詞,普通名詞,サ変可能,*,*,*
集まる	アツマル	429	動詞,一般,*,*,五段-ラ行,終止形-一般
その後	ソノアト	430	名詞,普通名詞,副詞可能,*,*,*
とる	トル	431	助動詞,*,*,*,五段-ラ行,終止形-一般
ないと	ナイト	432	形容詞+助詞
考え	カンガエ	433	名詞,普通名詞,一般,*,*,*
住む	スム	434	動詞,一般,*,*,五段-マ行,終止形-一般
大切	タイセツ	435	形状詞,一般,*,*,*,*
毎日	マイニチ	436	名詞,普通名詞,副詞可能,*,*,*
広い	ヒロイ	437	形容詞,一般,*,*,形容詞,終止形-一般
やすい	ヤスイ	438	接尾辞,形容詞的,*,*,形容詞,終止形-一般
自由	ジユウ	439	名詞,普通名詞,形状詞可能,*,*,*
になると	ニナルト	440	助詞+動詞+助詞
ないか	ナイカ	441	形容詞+助詞
原因	ゲンイン	442	名詞,普通名詞,サ変可能,*,*,*
けど	ケド	443	接続詞,*,*,*,*,*
俺	オレ	444	代名詞,*,*,*,*,*
ああ	アア	445	感動詞,一般,*,*,*,*
はい	ハイ	446	感動詞,一般,*,*,*,*
じゃ	ジャ	447	接続詞,*,*,*,*,*
うん	ウン	448	感動詞,一般,*,*,*,*
お前	オマエ	449	代名詞,*,*,*,*,*
彼女	カノジョ	450	代名詞,*,*,*,*,*
みたい	ミタイ	451	形状詞,助動詞語幹,*,*,*,*
大丈夫	ダイジョウブ	452	形状詞,一般,*,*,*,*
ちゃん	チャン	453	接尾辞,名詞的,一般,*,*,*
よね	ヨネ	454	助詞+助詞
わかる	ワカル	455	動詞,一般,*,*,五段-ラ行,終止形-一般
え	エ	456	感動詞,フィラー,*,*,*,*
あっ	アッ	457	感動詞,一般,*,*,*,*
僕	ボク	458	代名詞,*,*,*,*,*
なんか	ナンカ	459	代名詞+助詞
ください	クダサイ	460	動詞,非自立可能,*,*,五段-ラ行,命令形
笑う	ワラウ	461	動詞,一般,*,*,五段-ワア行,終止形-一般
なんだ	ナンダ	462	代名詞+助動詞
じゃあ	ジャア	464	接続詞,*,*,*,*,*
分かる	ワカル	465	動詞,一般,*,*,五段-ラ行,終止形-一般
様	サマ	466	形状詞,助動詞語幹,*,*,*,*
まあ	マア	467	副詞,*,*,*,*,*
だろ	ダロ	468	助動詞,*,*,*,助動詞-ダ,意志推量形
ええ	エエ	469	感動詞,一般,*,*,*,*
女	オンナ	470	名詞,普通名詞,一般,*,*,*
君	キミ	471	代名詞,*,*,*,*,*
君	クン	472	代名詞,*,*,*,*,*
だけど	ダケド	473	助動詞+助詞
二人	フタリ	474	名詞,普通名詞,副詞可能,*,*,*
者	モノ	475	名詞,普通名詞,一般,*,*,*
やっぱり	ヤッパリ	476	副詞,*,*,*,*,*
でしょ	デショ	477	助動詞,*,*,*,助動詞-デス,意志推量形
えっ	エッ	478	感動詞,一般,*,*,*,*
ちゃんと	チャント	479	副詞,*,*,*,*,*
こっち	コッチ	480	代名詞,*,*,*,*,*
すごい	スゴイ	481	形容詞,一般,*,*,形容詞,終止形-一般
確かに	タシカニ	482	形状詞+助動詞
聞こえる	キコエル	483	動詞,一般,*,*,下一段-ア行,終止形-一般
なんで	ナンデ	484	代名詞+助詞
先生	センセイ	485	名詞,普通名詞,一般,*,*,*
だろうか	ダロウカ	486	助動詞+助詞
まさか	マサカ	487	副詞,*,*,*,*,*
ようだ	ヨウダ	488	形状詞+助動詞
ねえ	ネエ	489	感動詞,一般,*,*,*,*
そうだ	ソウダ	490	副詞+助動詞
なんです	ナンデス	491	助動詞+助詞+助動詞
けれど	ケレド	492	接続詞,*,*,*,*,*
なに	ナニ	493	代名詞,*,*,*,*,*
まるで	マルデ	494	副詞,*,*,*,*,*
他	ホカ	495	名詞,普通名詞,副詞可能,*,*,*
殺す	コロス	496	動詞,一般,*,*,五段-サ行,終止形-一般
事	コト	497	名詞,普通名詞,一般,*,*,*
じゃないか	ジャナイカ	498	助動詞+形容詞+助詞
胸	ムネ	499	名詞,普通名詞,一般,*,*,*
さっき	サッキ	500	名詞,普通名詞,副詞可能,*,*,*
思い出す	オモイダス	502	動詞,一般,*,*,五段-サ行,終止形-一般
へと	ヘト	503	助詞+助詞
あんた	アンタ	504	代名詞,*,*,*,*,*
おい	オイ	505	感動詞,一般,*,*,*,*
一番	イチバン	506	副詞,*,*,*,*,*
一人	ヒトリ	507	名詞,普通名詞,副詞可能,*,*,*
ありがとう	アリガトウ	508	感動詞,一般,*,*,*,*
そうか	ソウカ	509	副詞+助詞
頼む	タノム	510	動詞,一般,*,*,五段-マ行,終止形-一般
一つ	ヒトツ	511	名詞+接尾辞
表情	ヒョウジョウ	512	名詞,普通名詞,一般,*,*,*
ごめん	ゴメン	513	名詞,普通名詞,一般,*,*,*
怖い	コワイ	514	形容詞,一般,*,*,形容詞,終止形-一般
良い	ヨイ	515	形容詞,非自立可能,*,*,形容詞,終止形-一般
ゆっくり	ユックリ	516	副詞,*,*,*,*,*
つまり	ツマリ	517	副詞,*,*,*,*,*
だったら	ダッタラ	518	助動詞+助動詞
腕	ウデ	519	名詞,普通名詞,一般,*,*,*
それから	ソレカラ	520	代名詞+助詞
ほら	ホラ	521	感動詞,一般,*,*,*,*
あ	ア	522	感動詞,フィラー,*,*,*,*
欲しい	ホシイ	523	形容詞,非自立可能,*,*,形容詞,終止形-一般
やはり	ヤハリ	524	副詞,*,*,*,*,*
確認	カクニン	525	名詞,普通名詞,サ変可能,*,*,*
そうです	ソウデス	526	副詞+助動詞
全部	ゼンブ	527	名詞,普通名詞,副詞可能,*,*,*
何度	ナンド	528	名詞,普通名詞,一般,*,*,*
そんなに	ソンナニ	529	形状詞+助動詞
ほう	ホウ	530	感動詞,一般,*,*,*,*
子供	コドモ	531	名詞,普通名詞,一般,*,*,*
二	ニ	532	名詞,数詞,*,*,*,*
光	ヒカリ	533	名詞,普通名詞,一般,*,*,*
おかしい	オカシイ	534	形容詞,一般,*,*,形容詞,終止形-一般
寝る	ネル	535	動詞,一般,*,*,下一段-ナ行,終止形-一般
なのだ	ナノダ	536	助動詞+助詞+助動詞
なるほど	ナルホド	537	副詞,*,*,*,*,*
もん	モン	538	名詞,普通名詞,一般,*,*,*
小さな	チイサナ	539	連体詞,*,*,*,*,*
瞬間	シュンカン	540	名詞,普通名詞,副詞可能,*,*,*
気がする	キガスル	541	名詞+助詞+動詞
今まで	イママデ	542	名詞,普通名詞,副詞可能,*,*,*
優しい	ヤサシイ	543	形容詞,一般,*,*,形容詞,終止形-一般
嫌	イヤ	544	形状詞,一般,*,*,*,*
あいつ	アイツ	545	代名詞,*,*,*,*,*
ううん	ウウン	546	感動詞,一般,*,*,*,*
明日	アシタ	547	名詞,普通名詞,副詞可能,*,*,*
泣く	ナク	548	動詞,一般,*,*,五段-カ行,終止形-一般
頑張る	ガンバル	549	動詞,一般,*,*,五段-ラ行,終止形-一般
怒る	オコル	550	動詞,一般,*,*,五段-ラ行,終止形-一般
はずだ	ハズダ	551	名詞+助動詞
あんな	アンナ	552	形状詞,一般,*,*,*,*
娘	ムスメ	553	名詞,普通名詞,一般,*,*,*
今回	コンカイ	554	名詞,普通名詞,副詞可能,*,*,*
やつ	ヤツ	555	名詞,普通名詞,一般,*,*,*
昨日	キノウ	556	名詞,普通名詞,副詞可能,*,*,*
ですから	デスカラ	557	助動詞+助詞
かしら	カシラ	558	助詞,終助詞,*,*,*,*
変	ヘン	559	名詞,普通名詞,形状詞可能,*,*,*
探す	サガス	560	動詞,一般,*,*,五段-サ行,終止形-一般
しかも	シカモ	561	接続詞,*,*,*,*,*
返す	カエス	562	動詞,一般,*,*,五段-サ行,終止形-一般
国	クニ	563	名詞,普通名詞,一般,*,*,*
なあ	ナア	564	感動詞,一般,*,*,*,*
当然	トウゼン	565	形状詞,一般,*,*,*,*
座る	スワル	566	動詞,一般,*,*,五段-ラ行,終止形-一般
でしょうか	デショウカ	567	助動詞+助詞
つつ	ツツ	568	副詞,*,*,*,*,*
ではある	デハアル	569	助詞+助詞+動詞
黙る	ダマル	570	動詞,一般,*,*,五段-ラ行,終止形-一般
気づく	キヅク	571	動詞,一般,*,*,五段-カ行,終止形-一般
しばらく	シバラク	572	副詞,*,*,*,*,*
いえ	イエ	573	感動詞,一般,*,*,*,*
隠す	カクス	574	動詞,一般,*,*,五段-サ行,終止形-一般
気になる	キニナル	575	名詞+助詞+動詞
奥	オク	576	名詞,普通名詞,一般,*,*,*
向ける	ムケル	577	動詞,一般,*,*,下一段-カ行,終止形-一般
笑顔	エガオ	578	名詞,普通名詞,一般,*,*,*
かなり	カナリ	579	副詞,*,*,*,*,*
軽い	カルイ	580	形容詞,一般,*,*,形容詞,終止形-一般
目の前	メノマエ	581	名詞+助詞+名詞
お願い	オネガイ	582	名詞,普通名詞,サ変可能,*,*,*
開ける	アケル	583	動詞,一般,*,*,下一段-カ行,終止形-一般
せい	セイ	584	名詞,普通名詞,一般,*,*,*
まったく	マッタク	585	副詞,*,*,*,*,*
女の子	オンナノコ	586	名詞,普通名詞,一般,*,*,*
こんなに	コンナニ	587	形状詞+助動詞
しかない	シカナイ	588	助詞+形容詞
ならば	ナラバ	589	助動詞+助詞
とにかく	トニカク	590	副詞,*,*,*,*,*
ことはない	コトハナイ	591	名詞+助詞+形容詞
痛い	イタイ	592	形容詞,一般,*,*,形容詞,終止形-一般
敵	テキ	593	名詞,普通名詞,一般,*,*,*
一	イチ	594	名詞,数詞,*,*,*,*
実は	ジツハ	595	名詞+助詞
後ろ	ウシロ	596	名詞,普通名詞,一般,*,*,*
そこまで	ソコマデ	597	代名詞+助詞
物	モノ	598	名詞,普通名詞,サ変可能,*,*,*
さらに	サラニ	599	接続詞,*,*,*,*,*
髪	カミ	600	名詞,普通名詞,一般,*,*,*
一瞬	イッシュン	602	名詞,普通名詞,副詞可能,*,*,*
落ち着く	オチツク	603	動詞,一般,*,*,五段-カ行,終止形-一般
どうした	ドウシタ	604	副詞+動詞+助動詞
隣	トナリ	605	名詞,普通名詞,一般,*,*,*
不思議	フシギ	606	名詞,普通名詞,形状詞可能,*,*,*
戦う	タタカウ	607	動詞,一般,*,*,五段-ワア行,終止形-一般
さあ	サア	608	感動詞,一般,*,*,*,*
こいつ	コイツ	609	代名詞,*,*,*,*,*
現れる	アラワレル	610	動詞,一般,*,*,下一段-ラ行,終止形-一般
そろそろ	ソロソロ	611	副詞,*,*,*,*,*
私たち	ワタシタチ	612	代名詞,*,*,*,*,*
記憶	キオク	613	名詞,普通名詞,サ変可能,*,*,*
彼ら	カレラ	614	代名詞+接尾辞
すべて	スベテ	615	名詞,普通名詞,副詞可能,*,*,*
学校	ガッコウ	616	名詞,普通名詞,一般,*,*,*
さえ	サエ	617	助詞,副助詞,*,*,*,*
情報	ジョウホウ	618	名詞,普通名詞,一般,*,*,*
意識	イシキ	619	名詞,普通名詞,サ変可能,*,*,*
というのは	トイウノハ	620	助詞+動詞+助詞+助詞
肩	カタ	621	名詞,普通名詞,一般,*,*,*
色	イロ	622	名詞,普通名詞,一般,*,*,*
触れる	フレル	623	動詞,一般,*,*,下一段-ラ行,終止形-一般
勝つ	カツ	624	動詞,一般,*,*,五段-タ行,終止形-一般
結局	ケッキョク	625	名詞,普通名詞,副詞可能,*,*,*
三	サン	626	名詞,数詞,*,*,*,*
全然	ゼンゼン	627	副詞,*,*,*,*,*
上がる	アガル	628	動詞,一般,*,*,五段-ラ行,終止形-一般
げ	ゲ	629	接尾辞,形状詞的,*,*,*,*
動き	ウゴキ	630	名詞,普通名詞,一般,*,*,*
白い	シロイ	631	形容詞,一般,*,*,形容詞,終止形-一般
指	ユビ	632	名詞,普通名詞,一般,*,*,*
可能性	カノウセイ	633	名詞,普通名詞,一般,*,*,*
赤い	アカイ	634	形容詞,一般,*,*,形容詞,終止形-一般
失礼	シツレイ	635	名詞,普通名詞,サ変形状詞可能,*,*,*
幸せ	シアワセ	636	名詞,普通名詞,形状詞可能,*,*,*
負ける	マケル	637	動詞,一般,*,*,下一段-カ行,終止形-一般
背中	セナカ	638	名詞,普通名詞,一般,*,*,*
反応	ハンノウ	639	名詞,普通名詞,サ変可能,*,*,*
壁	カベ	640	名詞,普通名詞,一般,*,*,*
どうやら	ドウヤラ	641	副詞+助詞
いきなり	イキナリ	642	副詞,*,*,*,*,*
空	ソラ	643	名詞,普通名詞,一般,*,*,*
約束	ヤクソク	644	名詞,普通名詞,サ変可能,*,*,*
血	チ	645	名詞,普通名詞,一般,*,*,*
服	フク	646	名詞,普通名詞,一般,*,*,*
恥ずかしい	ハズカシイ	647	形容詞,一般,*,*,形容詞,終止形-一般
過ぎる	スギル	648	動詞,非自立可能,*,*,上一段-ガ行,連体形-一般
事実	ジジツ	649	名詞,普通名詞,副詞可能,*,*,*
静か	シズカ	650	形状詞,一般,*,*,*,*
すむ	スム	651	動詞,一般,*,*,五段-マ行,終止形-一般
行動	コウドウ	652	名詞,普通名詞,サ変可能,*,*,*
突然	トツゼン	653	副詞,*,*,*,*,*
友達	トモダチ	654	名詞,普通名詞,一般,*,*,*
喜ぶ	ヨロコブ	655	動詞,一般,*,*,五段-バ行,連体形-一般
止まる	トマル	656	動詞,一般,*,*,五段-ラ行,終止形-一般
命	イノチ	657	名詞,普通名詞,一般,*,*,*
自身	ジシン	658	名詞,普通名詞,副詞可能,*,*,*
想像	ソウゾウ	659	名詞,普通名詞,サ変可能,*,*,*
面白い	オモシロイ	660	形容詞,一般,*,*,形容詞,終止形-一般
父	チチ	661	名詞,普通名詞,一般,*,*,*
身	ミ	662	名詞,普通名詞,一般,*,*,*
渡す	ワタス	663	動詞,一般,*,*,五段-サ行,終止形-一般
名	ナ	664	名詞,普通名詞,一般,*,*,*
ようやく	ヨウヤク	665	副詞,*,*,*,*,*
全員	ゼンイン	666	名詞,普通名詞,副詞可能,*,*,*
頃	コロ	667	名詞,普通名詞,副詞可能,*,*,*
そもそも	ソモソモ	668	名詞,普通名詞,副詞可能,*,*,*
空気	クウキ	669	名詞,普通名詞,一般,*,*,*
再び	フタタビ	670	副詞,*,*,*,*,*
着る	キル	671	動詞,一般,*,*,上一段-カ行,終止形-一般
母	ハハ	672	名詞,普通名詞,一般,*,*,*
首	クビ	673	名詞,普通名詞,一般,*,*,*
美しい	ウツクシイ	674	形容詞,一般,*,*,形容詞,終止形-一般
一体	イッタイ	675	名詞,普通名詞,一般,*,*,*
店	ミセ	676	名詞,普通名詞,一般,*,*,*
程度	テイド	677	名詞,普通名詞,一般,*,*,*
届く	トドク	678	動詞,一般,*,*,五段-カ行,終止形-一般
さて	サテ	679	接続詞,*,*,*,*,*
難しい	ムズカシイ	680	形容詞,一般,*,*,形容詞,終止形-一般
向こう	ムコウ	681	名詞,普通名詞,一般,*,*,*
神	カミ	682	名詞,普通名詞,一般,*,*,*
気分	キブン	683	名詞,普通名詞,一般,*,*,*
耳	ミミ	684	名詞,普通名詞,一般,*,*,*
ごめんなさい	ゴメンナサイ	685	名詞+動詞
通り	トオリ	686	名詞,普通名詞,助数詞可能,*,*,*
ひどい	ヒドイ	687	形容詞,一般,*,*,形容詞,終止形-一般
むしろ	ムシロ	688	副詞,*,*,*,*,*
飛ぶ	トブ	689	動詞,一般,*,*,五段-バ行,終止形-一般
眠る	ネムル	690	動詞,一般,*,*,五段-ラ行,終止形-一般
仲間	ナカマ	691	名詞,普通名詞,一般,*,*,*
でない	デナイ	692	接続詞+形容詞
さすがに	サスガニ	693	副詞+助詞
山	ヤマ	694	名詞,普通名詞,一般,*,*,*
感情	カンジョウ	695	名詞,普通名詞,一般,*,*,*
ぐらい	グライ	696	助詞,副助詞,*,*,*,*
結構	ケッコウ	697	副詞,*,*,*,*,*
すら	スラ	698	助詞,副助詞,*,*,*,*
危険	キケン	699	名詞,普通名詞,形状詞可能,*,*,*
以前	イゼン	700	名詞,普通名詞,副詞可能,*,*,*
もう一度	モウイチド	703	副詞+名詞
ありがとうございます	アリガトウゴザイマス	704	感動詞+動詞+助動詞
どうぞ	ドウゾ	705	副詞,*,*,*,*,*
済む	スム	706	動詞,一般,*,*,五段-マ行,終止形-一般
とりあえず	トリアエズ	707	副詞,*,*,*,*,*
任せる	マカセル	708	動詞,一般,*,*,下一段-サ行,終止形-一般
遅い	オソイ	709	形容詞,一般,*,*,形容詞,終止形-一般
気にする	キニスル	710	名詞+助詞+動詞
いくら	イクラ	711	副詞,*,*,*,*,*
本気	ホンキ	712	名詞,普通名詞,形状詞可能,*,*,*
あら	アラ	713	感動詞,一般,*,*,*,*
正直	ショウジキ	714	副詞,*,*,*,*,*
動かす	ウゴカス	715	動詞,一般,*,*,五段-サ行,終止形-一般
事件	ジケン	716	名詞,普通名詞,一般,*,*,*
きる	キル	717	動詞,非自立可能,*,*,五段-ラ行,終止形-一般
そういえば	ソウイエバ	718	副詞+動詞+助詞
おりる	オリル	719	動詞,一般,*,*,上一段-ラ行,終止形-一般
起こす	オコス	720	動詞,一般,*,*,五段-サ行,終止形-一般
周囲	シュウイ	721	名詞,普通名詞,一般,*,*,*
海	ウミ	722	名詞,普通名詞,一般,*,*,*
すでに	スデニ	723	副詞,*,*,*,*,*
叫ぶ	サケブ	724	動詞,一般,*,*,五段-バ行,終止形-一般
引く	ヒク	725	動詞,一般,*,*,五段-カ行,終止形-一般
返事	ヘンジ	726	名詞,普通名詞,サ変可能,*,*,*
逆	ギャク	727	名詞,普通名詞,形状詞可能,*,*,*
捨てる	ステル	728	動詞,一般,*,*,下一段-タ行,終止形-一般
甘い	アマイ	729	形容詞,一般,*,*,形容詞,終止形-一般
窓	マド	730	名詞,普通名詞,一般,*,*,*
遊ぶ	アソブ	731	動詞,一般,*,*,五段-バ行,終止形-一般
結婚	ケッコン	732	名詞,普通名詞,サ変可能,*,*,*
おお	オオ	733	感動詞,一般,*,*,*,*
会話	カイワ	734	名詞,普通名詞,サ変可能,*,*,*
戻ってくる	モドッテクル	735	動詞+助詞+動詞
どうしたの	ドウシタノ	736	副詞+動詞+助動詞+助詞
邪魔	ジャマ	737	名詞,普通名詞,サ変形状詞可能,*,*,*
腰	コシ	738	名詞,普通名詞,一般,*,*,*
その時	ソノトキ	739	連体詞+名詞
うまい	ウマイ	740	形容詞,一般,*,*,形容詞,終止形-一般
握る	ニギル	741	動詞,一般,*,*,五段-ラ行,終止形-一般
確か	タシカ	742	形状詞,一般,*,*,*,*
いっぱい	イッパイ	743	名詞,普通名詞,形状詞可能,*,*,*
部分	ブブン	744	名詞,普通名詞,一般,*,*,*
無事	ブジ	745	形状詞,一般,*,*,*,*
せっかく	セッカク	746	副詞,*,*,*,*,*
風	カゼ	747	名詞,普通名詞,一般,*,*,*
起こる	オコル	748	動詞,一般,*,*,五段-ラ行,終止形-一般
であろう	デアロウ	749	助動詞+動詞
熱い	アツイ	750	形容詞,一般,*,*,形容詞,終止形-一般
意外	イガイ	751	形状詞,一般,*,*,*,*
これ以上	コレイジョウ	752	代名詞+名詞
間違いない	マチガイナイ	753	名詞+形容詞
流れる	ナガレル	754	動詞,一般,*,*,下一段-ラ行,終止形-一般
花	ハナ	755	名詞,普通名詞,一般,*,*,*
涙	ナミダ	756	名詞,普通名詞,サ変可能,*,*,*
やってくる	ヤッテクル	757	動詞+助詞+動詞
倒れる	タオレル	758	動詞,一般,*,*,下一段-ラ行,終止形-一般
人生	ジンセイ	759	名詞,普通名詞,一般,*,*,*
一人で	ヒトリデ	760	名詞+助詞
もう少し	モウスコシ	761	副詞+副詞
襲う	オソウ	762	動詞,一般,*,*,五段-ワア行,終止形-一般
所	トコロ	763	名詞,固有名詞,人名,姓,*,*
料理	リョウリ	764	名詞,普通名詞,サ変可能,*,*,*
決して	ケッシテ	765	副詞,*,*,*,*,*
愛する	アイスル	766	動詞,一般,*,*,サ行変格,終止形-一般
黒い	クロイ	767	形容詞,一般,*,*,形容詞,終止形-一般
冷たい	ツメタイ	768	形容詞,一般,*,*,形容詞,終止形-一般
合わせる	アワセル	769	動詞,一般,*,*,下一段-サ行,終止形-一般
楽しむ	タノシム	770	動詞,一般,*,*,五段-マ行,終止形-一般
自然	シゼン	771	名詞,普通名詞,一般,*,*,*
納得	ナットク	772	名詞,普通名詞,サ変可能,*,*,*
周り	マワリ	773	名詞,普通名詞,一般,*,*,*
どうも	ドウモ	774	副詞+助詞
珍しい	メズラシイ	775	形容詞,一般,*,*,形容詞,終止形-一般
いいから	イイカラ	776	形容詞+助詞
どうしても	ドウシテモ	777	副詞+動詞+助詞+助詞
疲れる	ツカレル	778	動詞,一般,*,*,下一段-ラ行,終止形-一般
必死	ヒッシ	779	形状詞,一般,*,*,*,*
前に	マエニ	780	名詞+助詞
内	ナイ	781	名詞,普通名詞,副詞可能,*,*,*
追う	オウ	782	動詞,一般,*,*,五段-ワア行,終止形-一般
激しい	ハゲシイ	783	形容詞,一般,*,*,形容詞,終止形-一般
場	バ	784	名詞,普通名詞,一般,*,*,*
食う	クウ	785	動詞,一般,*,*,五段-ワア行,終止形-一般
慣れる	ナレル	786	動詞,非自立可能,*,*,下一段-ラ行,終止形-一般
勢い	イキオイ	787	名詞,普通名詞,一般,*,*,*
答え	コタエ	788	名詞,普通名詞,一般,*,*,*
落とす	オトス	789	動詞,一般,*,*,五段-サ行,終止形-一般
同時に	ドウジニ	790	名詞+助詞
判断	ハンダン	791	名詞,普通名詞,サ変可能,*,*,*
横	ヨコ	792	名詞,普通名詞,一般,*,*,*
町	マチ	793	名詞,普通名詞,一般,*,*,*
報告	ホウコク	794	名詞,普通名詞,サ変可能,*,*,*
食事	ショクジ	795	名詞,普通名詞,サ変可能,*,*,*
緊張	キンチョウ	796	名詞,普通名詞,サ変可能,*,*,*
金	カネ	797	名詞,固有名詞,人名,姓,*,*
受け取る	ウケトル	798	動詞,一般,*,*,五段-ラ行,終止形-一般
まずは	マズハ	799	副詞+助詞
感謝	カンシャ	800	名詞,普通名詞,サ変可能,*,*,*
者	シャ	802	名詞,普通名詞,一般,*,*,*
日本	ニホン	803	名詞,固有名詞,地名,国,*,*
つい	ツイ	804	副詞,*,*,*,*,*
並ぶ	ナラブ	805	動詞,一般,*,*,五段-バ行,終止形-一般
避ける	サケル	806	動詞,一般,*,*,下一段-カ行,終止形-一般
連絡	レンラク	807	名詞,普通名詞,サ変可能,*,*,*
奪う	ウバウ	808	動詞,一般,*,*,五段-ワア行,終止形-一般
過ごす	スゴス	809	動詞,一般,*,*,五段-サ行,終止形-一般
狙う	ネラウ	810	動詞,一般,*,*,五段-ワア行,終止形-一般
向く	ムク	811	動詞,一般,*,*,五段-カ行,終止形-一般
諦める	アキラメル	812	動詞,一般,*,*,下一段-マ行,終止形-一般
足りる	タリル	813	動詞,一般,*,*,上一段-ラ行,終止形-一般
いろいろ	イロイロ	814	副詞,*,*,*,*,*
そうする	ソウスル	815	副詞+動詞
話をする	ハナシヲスル	816	名詞+助詞+動詞
望む	ノゾム	817	動詞,一般,*,*,五段-マ行,終止形-一般
一応	イチオウ	818	名詞,普通名詞,副詞可能,*,*,*
特別	トクベツ	819	形状詞,一般,*,*,*,*
救う	スクウ	820	動詞,一般,*,*,五段-ワア行,終止形-一般
帰ってくる	カエッテクル	821	動詞+助詞+動詞
時代	ジダイ	822	名詞,普通名詞,一般,*,*,*
いらっしゃる	イラッシャル	823	動詞,非自立可能,*,*,五段-ラ行,終止形-一般
いつか	イツカ	824	代名詞+助詞
終わり	オワリ	825	名詞,普通名詞,一般,*,*,*
語る	カタル	826	動詞,一般,*,*,五段-ラ行,終止形-一般
繰り返す	クリカエス	827	動詞,一般,*,*,五段-サ行,終止形-一般
助かる	タスカル	828	動詞,一般,*,*,五段-ラ行,終止形-一般
点	テン	829	名詞,普通名詞,助数詞可能,*,*,*
ところで	トコロデ	830	名詞+助詞
運ぶ	ハコブ	831	動詞,一般,*,*,五段-バ行,終止形-一般
素直	スナオ	832	形状詞,一般,*,*,*,*
よし	ヨシ	833	感動詞,一般,*,*,*,*
態度	タイド	834	名詞,普通名詞,一般,*,*,*
失敗	シッパイ	835	名詞,普通名詞,サ変可能,*,*,*
とこ	トコ	836	名詞,普通名詞,一般,*,*,*
全く	マッタク	837	副詞,*,*,*,*,*
木	キ	838	名詞,普通名詞,一般,*,*,*
それぞれ	ソレゾレ	839	名詞,普通名詞,副詞可能,*,*,*
内容	ナイヨウ	840	名詞,普通名詞,一般,*,*,*
と言われる	トイワレル	841	助詞+動詞+助動詞
示す	シメス	842	動詞,一般,*,*,五段-サ行,終止形-一般
妙	ミョウ	843	名詞,普通名詞,形状詞可能,*,*,*
あんまり	アンマリ	844	副詞,*,*,*,*,*
冗談	ジョウダン	845	名詞,普通名詞,一般,*,*,*
自ら	ミズカラ	846	名詞,普通名詞,副詞可能,*,*,*
低い	ヒクイ	847	形容詞,一般,*,*,形容詞,終止形-一般
わざわざ	ワザワザ	848	副詞,*,*,*,*,*
そっち	ソッチ	849	代名詞,*,*,*,*,*
雰囲気	フンイキ	850	名詞,普通名詞,一般,*,*,*
はっきり	ハッキリ	851	副詞,*,*,*,*,*
移動	イドウ	852	名詞,普通名詞,サ変可能,*,*,*
過去	カコ	853	名詞,普通名詞,副詞可能,*,*,*
手伝う	テツダウ	854	動詞,一般,*,*,五段-ワア行,終止形-一般
描く	エガク	855	動詞,一般,*,*,五段-カ行,終止形-一般
余裕	ヨユウ	856	名詞,普通名詞,一般,*,*,*
なんとか	ナントカ	857	代名詞+助詞+助詞
出会う	デアウ	858	動詞,一般,*,*,五段-ワア行,終止形-一般
と言う	トイウ	859	助詞+動詞
みせる	ミセル	860	動詞,非自立可能,*,*,下一段-サ行,終止形-一般
やっと	ヤット	861	副詞,*,*,*,*,*
嫌い	キライ	862	名詞,普通名詞,形状詞可能,*,*,*
質問	シツモン	863	名詞,普通名詞,サ変可能,*,*,*
人々	ヒトビト	864	名詞,普通名詞,一般,*,*,*
どれ	ドレ	865	代名詞,*,*,*,*,*
現実	ゲンジツ	866	名詞,普通名詞,一般,*,*,*
感覚	カンカク	867	名詞,普通名詞,サ変可能,*,*,*
正しい	タダシイ	868	形容詞,一般,*,*,形容詞,終止形-一般
未来	ミライ	869	名詞,普通名詞,一般,*,*,*
興味	キョウミ	870	名詞,普通名詞,一般,*,*,*
遠い	トオイ	871	形容詞,一般,*,*,形容詞,終止形-一般
ながらも	ナガラモ	872	助詞+助詞
本人	ホンニン	873	名詞,普通名詞,一般,*,*,*
能力	ノウリョク	874	名詞,普通名詞,一般,*,*,*
あの人	アノヒト	875	連体詞+名詞
っぽい	ッポイ	876	接尾辞,形容詞的,*,*,形容詞,終止形-一般
それでは	ソレデハ	877	代名詞+助詞+助詞
と言った	トイッタ	878	助詞+動詞+助動詞
その場	ソノバ	879	連体詞+名詞
事情	ジジョウ	880	名詞,普通名詞,一般,*,*,*
暗い	クライ	881	形容詞,一般,*,*,形容詞,終止形-一般
あそこ	アソコ	882	代名詞,*,*,*,*,*
んで	ンデ	883	接続詞,*,*,*,*,*
休む	ヤスム	884	動詞,一般,*,*,五段-マ行,終止形-一般
一緒	イッショ	885	名詞,普通名詞,サ変可能,*,*,*
おかげで	オカゲデ	886	名詞+助動詞
なさる	ナサル	887	動詞,非自立可能,*,*,五段-ラ行,終止形-一般
息	イキ	888	名詞,普通名詞,一般,*,*,*
これまで	コレマデ	889	代名詞+助詞
予定	ヨテイ	890	名詞,普通名詞,サ変可能,*,*,*
伝わる	ツタワル	891	動詞,一般,*,*,五段-ラ行,終止形-一般
距離	キョリ	892	名詞,普通名詞,一般,*,*,*
どうせ	ドウセ	893	副詞,*,*,*,*,*
多く	オオク	894	形容詞,一般,*,*,形容詞,連用形-一般
残念	ザンネン	895	形状詞,一般,*,*,*,*
ま	マ	896	感動詞,フィラー,*,*,*,*
終える	オエル	897	動詞,非自立可能,*,*,下一段-ア行,終止形-一般
覚悟	カクゴ	898	名詞,普通名詞,サ変可能,*,*,*
勉強	ベンキョウ	899	名詞,普通名詞,サ変可能,*,*,*
さすが	サスガ	900	副詞,*,*,*,*,*
上	ジョウ	901	名詞,普通名詞,副詞可能,*,*,*
分	フン	902	名詞,普通名詞,副詞可能,*,*,*
風	フウ	903	名詞,普通名詞,一般,*,*,*
だけに	ダケニ	905	助詞+助詞
自信	ジシン	906	名詞,普通名詞,サ変可能,*,*,*
我慢	ガマン	907	名詞,普通名詞,サ変可能,*,*,*
相談	ソウダン	908	名詞,普通名詞,サ変可能,*,*,*
死	シ	909	名詞,普通名詞,一般,*,*,*
増える	フエル	910	動詞,一般,*,*,下一段-ア行,終止形-一般
離す	ハナス	911	動詞,一般,*,*,五段-サ行,終止形-一般
半分	ハンブン	912	名詞,普通名詞,副詞可能,*,*,*
人物	ジンブツ	913	名詞,普通名詞,一般,*,*,*
回る	マワル	914	動詞,非自立可能,*,*,五段-ラ行,終止形-一般
親	オヤ	915	名詞,普通名詞,一般,*,*,*
弱い	ヨワイ	916	形容詞,一般,*,*,形容詞,終止形-一般
っけ	ッケ	917	助詞,終助詞,*,*,*,*
立てる	タテル	918	動詞,一般,*,*,下一段-タ行,終止形-一般
この人	コノヒト	919	連体詞+名詞
といった	トイッタ	920	助詞+動詞+助動詞
降りる	オリル	921	動詞,一般,*,*,上一段-ラ行,終止形-一般
打つ	ウツ	922	動詞,一般,*,*,五段-タ行,終止形-一般
席	セキ	923	名詞,普通名詞,一般,*,*,*
経験	ケイケン	924	名詞,普通名詞,サ変可能,*,*,*
よろしく	ヨロシク	925	副詞,*,*,*,*,*
すっかり	スッカリ	926	副詞,*,*,*,*,*
現在	ゲンザイ	927	名詞,普通名詞,副詞可能,*,*,*
広がる	ヒロガル	928	動詞,一般,*,*,五段-ラ行,終止形-一般
に対する	ニタイスル	929	助詞+動詞
振る	フル	930	動詞,一般,*,*,五段-ラ行,終止形-一般
集める	アツメル	931	動詞,一般,*,*,下一段-マ行,終止形-一般
当たる	アタル	932	動詞,一般,*,*,五段-ラ行,終止形-一般
直接	チョクセツ	933	名詞,普通名詞,サ変形状詞可能,*,*,*
数	カズ	934	名詞,普通名詞,一般,*,*,*
明るい	アカルイ	935	形容詞,一般,*,*,形容詞,終止形-一般
ということは	トイウコトハ	936	助詞+動詞+名詞+助詞
件	ケン	937	名詞,普通名詞,助数詞可能,*,*,*
当たり前	アタリマエ	938	形状詞,一般,*,*,*,*
お金	オカネ	939	名詞,普通名詞,一般,*,*,*
抱える	カカエル	940	動詞,一般,*,*,下一段-ア行,終止形-一般
連れる	ツレル	941	動詞,一般,*,*,下一段-ラ行,終止形-一般
他人	タニン	942	名詞,普通名詞,一般,*,*,*
母親	ハハオヤ	943	名詞,普通名詞,一般,*,*,*
忙しい	イソガシイ	944	形容詞,一般,*,*,形容詞,終止形-一般
寂しい	サビシイ	945	形容詞,一般,*,*,形容詞,終止形-一般
くださる	クダサル	946	動詞,非自立可能,*,*,五段-ラ行,終止形-一般
どうか	ドウカ	947	副詞+助詞
誘う	サソウ	948	動詞,一般,*,*,五段-ワア行,終止形-一般
いたす	イタス	949	動詞,非自立可能,*,*,五段-サ行,終止形-一般
立場	タチバ	950	名詞,普通名詞,一般,*,*,*
そのため	ソノタメ	951	連体詞+名詞
他に	ホカニ	952	名詞+助詞
大好き	ダイスキ	953	形状詞,一般,*,*,*,*
協力	キョウリョク	954	名詞,普通名詞,サ変可能,*,*,*
抜ける	ヌケル	955	動詞,非自立可能,*,*,下一段-カ行,終止形-一般
持ってくる	モッテクル	956	動詞+助詞+動詞
のみ	ノミ	957	助詞,副助詞,*,*,*,*
詳しい	クワシイ	958	形容詞,一般,*,*,形容詞,終止形-一般
押す	オス	959	動詞,一般,*,*,五段-サ行,終止形-一般
愛	アイ	960	名詞,普通名詞,一般,*,*,*
だす	ダス	961	動詞,非自立可能,*,*,五段-サ行,終止形-一般
もつ	モツ	962	名詞,普通名詞,一般,*,*,*
変化	ヘンカ	963	名詞,普通名詞,サ変可能,*,*,*
男性	ダンセイ	964	名詞,普通名詞,一般,*,*,*
ような気がする	ヨウナキガスル	965	形状詞+助動詞+名詞+助詞+動詞
車	クルマ	966	名詞,普通名詞,一般,*,*,*
断る	コトワル	967	動詞,一般,*,*,五段-ラ行,終止形-一般
利用	リヨウ	968	名詞,普通名詞,サ変可能,*,*,*
熱	ネツ	969	名詞,普通名詞,一般,*,*,*
というもの	トイウモノ	970	助詞+動詞+名詞
抱く	イダク	971	動詞,一般,*,*,五段-カ行,終止形-一般
苦しい	クルシイ	972	形容詞,一般,*,*,形容詞,終止形-一般
最高	サイコウ	973	名詞,普通名詞,形状詞可能,*,*,*
満足	マンゾク	974	名詞,普通名詞,サ変形状詞可能,*,*,*
無視	ムシ	975	名詞,普通名詞,サ変可能,*,*,*
余計	ヨケイ	976	形状詞,一般,*,*,*,*
一気に	イッキニ	977	名詞+助詞
どちら	ドチラ	978	代名詞,*,*,*,*,*
成功	セイコウ	979	名詞,普通名詞,サ変可能,*,*,*
限り	カギリ	980	名詞,普通名詞,副詞可能,*,*,*
代わりに	カワリニ	981	名詞+助詞
ではないか	デハナイカ	982	助詞+助詞+形容詞+助詞
父親	チチオヤ	983	名詞,普通名詞,一般,*,*,*
通る	トオル	984	動詞,一般,*,*,五段-ラ行,終止形-一般
暮らす	クラス	985	動詞,一般,*,*,五段-サ行,終止形-一般
わけではない	ワケデハナイ	986	名詞+助詞+助詞+形容詞
雨	アメ	987	名詞,普通名詞,一般,*,*,*
写真	シャシン	988	名詞,普通名詞,一般,*,*,*
火	ヒ	989	名詞,普通名詞,一般,*,*,*
否定	ヒテイ	990	名詞,普通名詞,サ変可能,*,*,*
借りる	カリル	991	動詞,一般,*,*,上一段-ラ行,終止形-一般
面倒	メンドウ	992	名詞,普通名詞,形状詞可能,*,*,*
人たち	ヒトタチ	993	名詞+接尾辞
厳しい	キビシイ	994	形容詞,一般,*,*,形容詞,終止形-一般
危ない	アブナイ	995	形容詞,一般,*,*,形容詞,終止形-一般
どっち	ドッチ	996	代名詞,*,*,*,*,*
どうやって	ドウヤッテ	997	副詞+動詞+助詞
ときに	トキニ	998	名詞+助詞
今から	イマカラ	999	名詞+助詞
参加	サンカ	1000	名詞,普通名詞,サ変可能,*,*,*
隠れる	カクレル	1003	動詞,一般,*,*,下一段-ラ行,終止形-一般
裏	ウラ	1004	名詞,普通名詞,一般,*,*,*
短い	ミジカイ	1005	形容詞,一般,*,*,形容詞,終止形-一般
ちょうど	チョウド	1006	副詞,*,*,*,*,*
機会	キカイ	1007	名詞,普通名詞,一般,*,*,*
恐ろしい	オソロシイ	1008	形容詞,一般,*,*,形容詞,終止形-一般
大人	オトナ	1009	名詞,普通名詞,一般,*,*,*
売る	ウル	1010	動詞,一般,*,*,五段-ラ行,終止形-一般
輝く	カガヤク	1011	動詞,一般,*,*,五段-カ行,連体形-一般
すぎ	スギ	1012	動詞,非自立可能,*,*,上一段-ガ行,連用形-一般
耐える	タエル	1013	動詞,一般,*,*,下一段-ア行,終止形-一般
悲しい	カナシイ	1014	形容詞,一般,*,*,形容詞,終止形-一般
たとえ	タトエ	1015	副詞,*,*,*,*,*
受け入れる	ウケイレル	1016	動詞,一般,*,*,下一段-ラ行,終止形-一般
どうしよう	ドウシヨウ	1017	副詞+動詞
味	アジ	1018	名詞,普通名詞,一般,*,*,*
迷う	マヨウ	1019	動詞,一般,*,*,五段-ワア行,終止形-一般
手に入れる	テニイレル	1020	名詞+助詞+動詞
どんどん	ドンドン	1021	副詞,*,*,*,*,*
関係ない	カンケイナイ	1022	名詞+形容詞
秘密	ヒミツ	1023	名詞,普通名詞,形状詞可能,*,*,*
部	ブ	1024	名詞,普通名詞,助数詞可能,*,*,*
例	レイ	1025	名詞,普通名詞,一般,*,*,*
いずれ	イズレ	1026	代名詞,*,*,*,*,*
それにしても	ソレニシテモ	1027	代名詞+助詞+動詞+助詞+助詞
包む	ツツム	1028	動詞,一般,*,*,五段-マ行,終止形-一般
川	カワ	1029	名詞,普通名詞,一般,*,*,*
着く	ツク	1030	動詞,一般,*,*,五段-カ行,終止形-一般
明らか	アキラカ	1031	形状詞,一般,*,*,*,*
そのもの	ソノモノ	1032	連体詞+名詞
地	チ	1033	名詞,普通名詞,一般,*,*,*
える	エル	1034	動詞,非自立可能,*,*,下一段-ア行,終止形-一般
願う	ネガウ	1035	動詞,非自立可能,*,*,五段-ワア行,終止形-一般
位置	イチ	1036	名詞,普通名詞,サ変可能,*,*,*
方向	ホウコウ	1037	名詞,普通名詞,一般,*,*,*
戻す	モドス	1038	動詞,一般,*,*,五段-サ行,終止形-一般
一部	イチブ	1039	名詞,普通名詞,副詞可能,*,*,*
客	キャク	1040	名詞,普通名詞,一般,*,*,*
薄い	ウスイ	1041	形容詞,一般,*,*,形容詞,終止形-一般
よろしい	ヨロシイ	1042	形容詞,一般,*,*,形容詞,終止形-一般
調子	チョウシ	1043	名詞,普通名詞,一般,*,*,*
迎える	ムカエル	1044	動詞,一般,*,*,下一段-ア行,終止形-一般
流す	ナガス	1045	動詞,一般,*,*,五段-サ行,終止形-一般
新た	アラタ	1046	形状詞,一般,*,*,*,*
平気	ヘイキ	1047	名詞,普通名詞,形状詞可能,*,*,*
外す	ハズス	1048	動詞,一般,*,*,五段-サ行,終止形-一般
かもしれません	カモシレマセン	1049	助詞+助詞+動詞+助動詞+助動詞
改めて	アラタメテ	1050	副詞,*,*,*,*,*
どれだけ	ドレダケ	1051	代名詞+助詞
進める	ススメル	1052	動詞,一般,*,*,下一段-マ行,終止形-一般
において	ニオイテ	1053	助詞+動詞+助詞
うるさい	ウルサイ	1054	形容詞,一般,*,*,形容詞,終止形-一般
去る	サル	1055	動詞,非自立可能,*,*,五段-ラ行,終止形-一般
腹	ハラ	1056	名詞,普通名詞,一般,*,*,*
それ以上	ソレイジョウ	1057	代名詞+名詞
くせに	クセニ	1058	名詞+助詞
たまに	タマニ	1059	副詞,*,*,*,*,*
と思われる	トオモワレル	1060	助詞+動詞+助動詞
間違う	マチガウ	1061	動詞,非自立可能,*,*,五段-ワア行,終止形-一般
実際	ジッサイ	1062	名詞,普通名詞,副詞可能,*,*,*
皆さん	ミナサン	1063	名詞+接尾辞
悩む	ナヤム	1064	動詞,一般,*,*,五段-マ行,連体形-一般
迫る	セマル	1065	動詞,一般,*,*,五段-ラ行,終止形-一般
まだまだ	マダマダ	1066	副詞,*,*,*,*,*
第一	ダイイチ	1067	接頭辞+名詞
友人	ユウジン	1068	名詞,普通名詞,一般,*,*,*
練習	レンシュウ	1069	名詞,普通名詞,サ変可能,*,*,*
と同時に	トドウジニ	1070	助詞+名詞+助詞
まさに	マサニ	1071	副詞,*,*,*,*,*
疑う	ウタガウ	1072	動詞,一般,*,*,五段-ワア行,終止形-一般
目指す	メザス	1073	動詞,一般,*,*,五段-サ行,終止形-一般
右	ミギ	1074	名詞,普通名詞,一般,*,*,*
消す	ケス	1075	動詞,一般,*,*,五段-サ行,終止形-一般
気に入る	キニイル	1076	名詞+助詞+動詞
払う	ハラウ	1077	動詞,一般,*,*,五段-ワア行,終止形-一般
性格	セイカク	1078	名詞,普通名詞,一般,*,*,*
それまで	ソレマデ	1079	代名詞+助詞
かつて	カツテ	1080	副詞,*,*,*,*,*
遠く	トオク	1081	形容詞,一般,*,*,形容詞,連用形-一般
今後	コンゴ	1082	名詞,普通名詞,副詞可能,*,*,*
発見	ハッケン	1083	名詞,普通名詞,サ変可能,*,*,*
ことがない	コトガナイ	1084	名詞+助詞+形容詞
同じよう	オナジヨウ	1085	連体詞+形状詞
希望	キボウ	1086	名詞,普通名詞,サ変可能,*,*,*
ついに	ツイニ	1087	副詞,*,*,*,*,*
集中	シュウチュウ	1088	名詞,普通名詞,サ変可能,*,*,*
万	マン	1089	名詞,数詞,*,*,*,*
効果	コウカ	1090	名詞,普通名詞,一般,*,*,*
意見	イケン	1091	名詞,普通名詞,サ変可能,*,*,*
何より	ナニヨリ	1092	代名詞+助詞
そのこと	ソノコト	1093	連体詞+名詞
息子	ムスコ	1094	名詞,普通名詞,一般,*,*,*
訪れる	オトズレル	1095	動詞,一般,*,*,下一段-ラ行,終止形-一般
であれば	デアレバ	1096	接続詞+動詞+助詞
証拠	ショウコ	1097	名詞,普通名詞,一般,*,*,*
一日	イチニチ	1098	名詞+名詞
月	ツキ	1099	名詞,普通名詞,助数詞可能,*,*,*
遠慮	エンリョ	1100	名詞,普通名詞,サ変可能,*,*,*
時	ジ	1101	名詞,普通名詞,副詞可能,*,*,*
名	メイ	1102	名詞,普通名詞,一般,*,*,*
数	スウ	1103	名詞,普通名詞,一般,*,*,*
実際に	ジッサイニ	1104	名詞+助詞
暇	ヒマ	1105	名詞,普通名詞,形状詞可能,*,*,*
影響	エイキョウ	1106	名詞,普通名詞,サ変可能,*,*,*
相当	ソウトウ	1107	名詞,普通名詞,サ変可能,*,*,*
なし	ナシ	1108	名詞,普通名詞,一般,*,*,*
のせいで	ノセイデ	1109	助詞+名詞+助動詞
建物	タテモノ	1110	名詞,普通名詞,一般,*,*,*
ほぼ	ホボ	1111	副詞,*,*,*,*,*
重要	ジュウヨウ	1112	形状詞,一般,*,*,*,*
せめて	セメテ	1113	副詞,*,*,*,*,*
後悔	コウカイ	1114	名詞,普通名詞,サ変可能,*,*,*
誰にも	ダレニモ	1115	代名詞+助詞+助詞
いなくなる	イナクナル	1116	動詞+助動詞+動詞
紹介	ショウカイ	1117	名詞,普通名詞,サ変可能,*,*,*
疑問	ギモン	1118	名詞,普通名詞,一般,*,*,*
速い	ハヤイ	1119	形容詞,一般,*,*,形容詞,終止形-一般
抜く	ヌク	1120	動詞,非自立可能,*,*,五段-カ行,終止形-一般
楽	ラク	1121	名詞,普通名詞,形状詞可能,*,*,*
予想	ヨソウ	1122	名詞,普通名詞,サ変可能,*,*,*
超える	コエル	1123	動詞,一般,*,*,下一段-ア行,終止形-一般
努力	ドリョク	1124	名詞,普通名詞,サ変可能,*,*,*
円	エン	1125	名詞,普通名詞,一般,*,*,*
立派	リッパ	1126	形状詞,一般,*,*,*,*
一方	イッポウ	1127	接続詞,*,*,*,*,*
確実	カクジツ	1128	形状詞,一般,*,*,*,*
当時	トウジ	1129	名詞,普通名詞,副詞可能,*,*,*
妻	ツマ	1130	名詞,普通名詞,一般,*,*,*
通う	カヨウ	1131	動詞,一般,*,*,五段-ワア行,終止形-一般
流れ	ナガレ	1132	名詞,普通名詞,一般,*,*,*
責任	セキニン	1133	名詞,普通名詞,一般,*,*,*
偶然	グウゼン	1134	副詞,*,*,*,*,*
作業	サギョウ	1135	名詞,普通名詞,サ変可能,*,*,*
運命	ウンメイ	1136	名詞,普通名詞,一般,*,*,*
どの	ドノ	1137	連体詞,*,*,*,*,*
伸びる	ノビル	1138	動詞,一般,*,*,上一段-バ行,終止形-一般
下がる	サガル	1139	動詞,一般,*,*,五段-ラ行,終止形-一般
気をつける	キヲツケル	1140	名詞+助詞+動詞
可能	カノウ	1141	形状詞,一般,*,*,*,*
支える	ササエル	1142	動詞,一般,*,*,下一段-ア行,終止形-一般
非常	ヒジョウ	1143	形状詞,一般,*,*,*,*
一歩	イッポ	1144	名詞,普通名詞,一般,*,*,*
最も	モットモ	1145	副詞,*,*,*,*,*
確かめる	タシカメル	1146	動詞,一般,*,*,下一段-マ行,終止形-一般
乗せる	ノセル	1147	動詞,一般,*,*,下一段-サ行,終止形-一般
お話	オハナシ	1148	接頭辞+名詞
常に	ツネニ	1149	名詞+助詞
通じる	ツウジル	1150	動詞,一般,*,*,上一段-ザ行,終止形-一般
得意	トクイ	1151	名詞,普通名詞,形状詞可能,*,*,*
二度と	ニドト	1152	名詞+名詞+助詞
関わる	カカワル	1153	動詞,一般,*,*,五段-ラ行,終止形-一般
あんなに	アンナニ	1154	形状詞+助動詞
成長	セイチョウ	1155	名詞,普通名詞,サ変可能,*,*,*
遅れる	オクレル	1156	動詞,非自立可能,*,*,下一段-ラ行,終止形-一般
本来	ホンライ	1157	名詞,普通名詞,副詞可能,*,*,*
きり	キリ	1158	助詞,副助詞,*,*,*,*
注意	チュウイ	1159	名詞,普通名詞,サ変可能,*,*,*
夏	ナツ	1160	名詞,普通名詞,副詞可能,*,*,*
取れる	トレル	1161	動詞,一般,*,*,下一段-ラ行,終止形-一般
計画	ケイカク	1162	名詞,普通名詞,サ変可能,*,*,*
直す	ナオス	1163	動詞,非自立可能,*,*,五段-サ行,終止形-一般
問う	トウ	1164	動詞,一般,*,*,五段-ワア行,終止形-一般
役	ヤク	1165	名詞,普通名詞,一般,*,*,*
その日	ソノヒ	1166	連体詞+名詞
にしても	ニシテモ	1167	助詞+動詞+助詞+助詞
解決	カイケツ	1168	名詞,普通名詞,サ変可能,*,*,*
扱う	アツカウ	1169	動詞,一般,*,*,五段-ワア行,終止形-一般
重ねる	カサネル	1170	動詞,一般,*,*,下一段-ナ行,連体形-一般
ものがある	モノガアル	1171	名詞+助詞+動詞
混乱	コンラン	1172	名詞,普通名詞,サ変可能,*,*,*
案内	アンナイ	1173	名詞,普通名詞,サ変可能,*,*,*
寒い	サムイ	1174	形容詞,一般,*,*,形容詞,終止形-一般
罪	ツミ	1175	名詞,普通名詞,一般,*,*,*
事態	ジタイ	1176	名詞,普通名詞,一般,*,*,*
行為	コウイ	1177	名詞,普通名詞,一般,*,*,*
とともに	トトモニ	1178	助詞+名詞+助詞
に向けて	ニムケテ	1179	助詞+動詞+助詞
いつまでも	イツマデモ	1180	代名詞+助詞+助詞
中心	チュウシン	1181	名詞,普通名詞,一般,*,*,*
条件	ジョウケン	1182	名詞,普通名詞,一般,*,*,*
屋	ヤ	1183	接尾辞,名詞的,一般,*,*,*
左	ヒダリ	1184	名詞,普通名詞,一般,*,*,*
型	カタ	1185	名詞,普通名詞,一般,*,*,*
展開	テンカイ	1186	名詞,普通名詞,サ変可能,*,*,*
残り	ノコリ	1187	名詞,普通名詞,一般,*,*,*
量	リョウ	1188	名詞,普通名詞,一般,*,*,*
その中	ソノナカ	1189	連体詞+名詞
一切	イッサイ	1190	名詞,普通名詞,副詞可能,*,*,*
迷惑	メイワク	1191	名詞,普通名詞,サ変形状詞可能,*,*,*
古い	フルイ	1192	形容詞,一般,*,*,形容詞,終止形-一般
結ぶ	ムスブ	1193	動詞,一般,*,*,五段-バ行,連体形-一般
別れる	ワカレル	1194	動詞,一般,*,*,下一段-ラ行,終止形-一般
というより	トイウヨリ	1195	助詞+動詞+助詞
抑える	オサエル	1196	動詞,一般,*,*,下一段-ア行,終止形-一般
といい	トイイ	1197	助詞+動詞
番	バン	1198	名詞,普通名詞,助数詞可能,*,*,*
楽しみ	タノシミ	1199	名詞,普通名詞,一般,*,*,*
日々	ヒビ	1200	名詞,普通名詞,副詞可能,*,*,*
年	トシ	1201	名詞,普通名詞,助数詞可能,*,*,*
間	カン	1202	名詞,普通名詞,助数詞可能,*,*,*
気	ゲ	1203	名詞,普通名詞,一般,*,*,*
下	モト	1204	名詞,普通名詞,一般,*,*,*
間違い	マチガイ	1205	名詞,普通名詞,一般,*,*,*
なお	ナオ	1206	接続詞,*,*,*,*,*
その人	ソノヒト	1207	連体詞+名詞
頼る	タヨル	1208	動詞,一般,*,*,五段-ラ行,終止形-一般
目立つ	メダツ	1209	動詞,一般,*,*,五段-タ行,終止形-一般
苦労	クロウ	1210	名詞,普通名詞,サ変形状詞可能,*,*,*
ごと	ゴト	1211	副詞,*,*,*,*,*
信用	シンヨウ	1212	名詞,普通名詞,サ変可能,*,*,*
唯一	ユイイツ	1213	名詞,普通名詞,副詞可能,*,*,*
寄る	ヨル	1214	動詞,一般,*,*,五段-ラ行,終止形-一般
減る	ヘル	1215	動詞,一般,*,*,五段-ラ行,終止形-一般
間に合う	マニアウ	1216	動詞,一般,*,*,五段-ワア行,終止形-一般
到着	トウチャク	1217	名詞,普通名詞,サ変可能,*,*,*
面	メン	1218	名詞,普通名詞,助数詞可能,*,*,*
差	サ	1219	名詞,普通名詞,一般,*,*,*
時には	トキニハ	1220	名詞+助詞+助詞
価値	カチ	1221	名詞,普通名詞,一般,*,*,*
対応	タイオウ	1222	名詞,普通名詞,サ変可能,*,*,*
額	ガク	1223	名詞,普通名詞,一般,*,*,*
含む	フクム	1224	動詞,一般,*,*,五段-マ行,終止形-一般
まとめる	マトメル	1225	動詞,一般,*,*,下一段-マ行,終止形-一般
すべき	スベキ	1226	動詞+助動詞
有名	ユウメイ	1227	形状詞,一般,*,*,*,*
反対	ハンタイ	1228	名詞,普通名詞,サ変形状詞可能,*,*,*
安全	アンゼン	1229	名詞,普通名詞,形状詞可能,*,*,*
でる	デル	1230	動詞,一般,*,*,下一段-ダ行,終止形-一般
ついてる	ツイテル	1231	動詞+助動詞
ぶり	ブリ	1232	接尾辞,名詞的,一般,*,*,*
午後	ゴゴ	1233	名詞,普通名詞,副詞可能,*,*,*
切れる	キレル	1234	動詞,非自立可能,*,*,下一段-ラ行,終止形-一般
活動	カツドウ	1235	名詞,普通名詞,サ変可能,*,*,*
時期	ジキ	1236	名詞,普通名詞,副詞可能,*,*,*
際	サイ	1237	名詞,普通名詞,副詞可能,*,*,*
正確	セイカク	1238	名詞,普通名詞,形状詞可能,*,*,*
以来	イライ	1239	名詞,普通名詞,副詞可能,*,*,*
大きくなる	オオキクナル	1240	形容詞+動詞
完成	カンセイ	1241	名詞,普通名詞,サ変可能,*,*,*
なり	ナリ	1242	助動詞,*,*,*,文語助動詞-ナリ-断定,終止形-一般
貸す	カス	1243	動詞,一般,*,*,五段-サ行,終止形-一般
新	シン	1244	名詞,普通名詞,一般,*,*,*
たった	タッタ	1245	副詞,*,*,*,*,*
降る	フル	1246	動詞,一般,*,*,五段-ラ行,終止形-一般
最後まで	サイゴマデ	1247	名詞+助詞
狭い	セマイ	1248	形容詞,一般,*,*,形容詞,終止形-一般
出かける	デカケル	1249	動詞,一般,*,*,下一段-カ行,終止形-一般
至る	イタル	1250	動詞,一般,*,*,五段-ラ行,終止形-一般
でもある	デモアル	1251	助詞+助詞+動詞
一生	イッショウ	1252	名詞,普通名詞,副詞可能,*,*,*
信頼	シンライ	1253	名詞,普通名詞,サ変可能,*,*,*
不満	フマン	1254	名詞,普通名詞,形状詞可能,*,*,*
といえば	トイエバ	1255	助詞+動詞+助詞
全体	ゼンタイ	1256	名詞,普通名詞,一般,*,*,*
よる	ヨル	1257	動詞,一般,*,*,五段-ラ行,終止形-一般
病気	ビョウキ	1258	名詞,普通名詞,サ変可能,*,*,*
複雑	フクザツ	1259	名詞,普通名詞,形状詞可能,*,*,*
代	ダイ	1260	名詞,普通名詞,助数詞可能,*,*,*
含める	フクメル	1261	動詞,一般,*,*,下一段-マ行,終止形-一般
違い	チガイ	1262	名詞,普通名詞,一般,*,*,*
ほか	ホカ	1263	名詞,普通名詞,副詞可能,*,*,*
育てる	ソダテル	1264	動詞,一般,*,*,下一段-タ行,終止形-一般
ままに	ママニ	1265	名詞+助詞
少しでも	スコシデモ	1266	副詞+助詞+助詞
にくい	ニクイ	1267	接尾辞,形容詞的,*,*,形容詞,終止形-一般
保つ	タモツ	1268	動詞,一般,*,*,五段-タ行,終止形-一般
回	カイ	1269	名詞,普通名詞,助数詞可能,*,*,*
通す	トオス	1270	動詞,非自立可能,*,*,五段-サ行,終止形-一般
役に立つ	ヤクニタツ	1271	名詞+助詞+動詞
学ぶ	マナブ	1272	動詞,一般,*,*,五段-バ行,終止形-一般
このよう	コノヨウ	1273	連体詞+形状詞
比べる	クラベル	1274	動詞,一般,*,*,下一段-バ行,終止形-一般
限る	カギル	1275	動詞,一般,*,*,五段-ラ行,終止形-一般
対象	タイショウ	1276	名詞,普通名詞,一般,*,*,*
度	ド	1277	名詞,普通名詞,助数詞可能,*,*,*
そのうち	ソノウチ	1278	連体詞+名詞
世の中	ヨノナカ	1279	名詞,普通名詞,一般,*,*,*
加える	クワエル	1280	動詞,一般,*,*,下一段-ア行,終止形-一般
亡くなる	ナクナル	1281	動詞,一般,*,*,五段-ラ行,終止形-一般
最大	サイダイ	1282	名詞,普通名詞,一般,*,*,*
人気	ニンキ	1283	名詞,普通名詞,一般,*,*,*
及ぶ	オヨブ	1284	動詞,一般,*,*,五段-バ行,終止形-一般
将来	ショウライ	1285	名詞,普通名詞,副詞可能,*,*,*
種類	シュルイ	1286	名詞,普通名詞,一般,*,*,*
半	ハン	1287	名詞,普通名詞,一般,*,*,*
苦しむ	クルシム	1288	動詞,一般,*,*,五段-マ行,終止形-一般
訴える	ウッタエル	1289	動詞,一般,*,*,下一段-ア行,終止形-一般
ずつ	ズツ	1290	助詞,副助詞,*,*,*,*
たつ	タツ	1291	動詞,一般,*,*,五段-タ行,終止形-一般
関する	カンスル	1292	動詞,一般,*,*,サ行変格,終止形-一般
決定	ケッテイ	1293	名詞,普通名詞,サ変可能,*,*,*
なくす	ナクス	1294	動詞,一般,*,*,五段-サ行,終止形-一般
分ける	ワケル	1295	動詞,一般,*,*,下一段-カ行,終止形-一般
いわゆる	イワユル	1296	連体詞,*,*,*,*,*
にかけて	ニカケテ	1297	助詞+動詞+助詞
よな	ヨナ	1298	名詞,固有名詞,人名,名,*,*
視線	シセン	1299	名詞,普通名詞,一般,*,*,*
嬉しい	ウレシイ	1300	形容詞,一般,*,*,形容詞,終止形-一般
出来る	デキル	1302	動詞,非自立可能,*,*,上一段-カ行,終止形-一般
ダメ	ダメ	1303	名詞,普通名詞,形状詞可能,*,*,*
見つめる	ミツメル	1304	動詞,一般,*,*,下一段-マ行,終止形-一般
全て	スベテ	1305	名詞,普通名詞,副詞可能,*,*,*
少女	ショウジョ	1306	名詞,普通名詞,一般,*,*,*
扉	トビラ	1307	名詞,普通名詞,一般,*,*,*
わたし	ワタシ	1308	代名詞,*,*,*,*,*
もしかして	モシカシテ	1309	副詞+助詞+動詞+助詞
俺たち	オレタチ	1310	代名詞+接尾辞
瞳	ヒトミ	1311	名詞,普通名詞,一般,*,*,*
先輩	センパイ	1312	名詞,普通名詞,一般,*,*,*
皆	ミンナ	1313	名詞,普通名詞,副詞可能,*,*,*
奴	ヤツ	1314	名詞,普通名詞,一般,*,*,*
はあ	ハア	1315	感動詞,一般,*,*,*,*
五	ゴ	1316	名詞,数詞,*,*,*,*
慌てる	アワテル	1317	動詞,一般,*,*,下一段-タ行,終止形-一般
街	マチ	1318	名詞,普通名詞,一般,*,*,*
達	タチ	1319	名詞,固有名詞,人名,名,*,*
というか	トイウカ	1320	助詞+動詞+助詞
なんだか	ナンダカ	1321	代名詞+助動詞+助詞
攻撃	コウゲキ	1322	名詞,普通名詞,サ変可能,*,*,*
なぁ	ナァ	1323	助詞,終助詞,*,*,*,*
妹	イモウト	1324	名詞,普通名詞,一般,*,*,*
じゃん	ジャン	1325	副詞,*,*,*,*,*
立ち上がる	タチアガル	1326	動詞,一般,*,*,五段-ラ行,終止形-一般
唇	クチビル	1327	名詞,普通名詞,一般,*,*,*
はっ	ハッ	1328	感動詞,一般,*,*,*,*
ねぇ	ネェ	1329	感動詞,一般,*,*,*,*
震える	フルエル	1330	動詞,一般,*,*,下一段-ア行,終止形-一般
浮かべる	ウカベル	1331	動詞,一般,*,*,下一段-バ行,終止形-一般
可愛い	カワイイ	1332	形容詞,一般,*,*,形容詞,終止形-一般
気付く	キヅク	1333	動詞,一般,*,*,五段-カ行,終止形-一般
あー	アー	1334	感動詞,フィラー,*,*,*,*
両手	リョウテ	1335	名詞,普通名詞,一般,*,*,*
んん	ンン	1336	助動詞+助動詞
身体	カラダ	1337	名詞,普通名詞,一般,*,*,*
すみません	スミマセン	1338	動詞+助動詞+助動詞
三人	サンニン	1339	名詞+接尾辞
お母さん	オカアサン	1340	名詞,普通名詞,一般,*,*,*
眺める	ナガメル	1341	動詞,一般,*,*,下一段-マ行,終止形-一般
何だ	ナンダ	1342	代名詞+助動詞
ドア	ドア	1343	名詞,普通名詞,一般,*,*,*
床	ユカ	1344	名詞,普通名詞,一般,*,*,*
かい	カイ	1345	名詞,普通名詞,一般,*,*,*
やがる	ヤガル	1346	助動詞,*,*,*,五段-ラ行,終止形-一般
ベッド	ベッド	1347	名詞,普通名詞,一般,*,*,*
少年	ショウネン	1348	名詞,普通名詞,一般,*,*,*
そりゃ	ソリャ	1349	代名詞,*,*,*,*,*
森	モリ	1350	名詞,固有名詞,人名,姓,*,*
わけじゃない	ワケジャナイ	1351	名詞+助動詞+形容詞
ひとつ	ヒトツ	1352	名詞+接尾辞
倒す	タオス	1353	動詞,一般,*,*,五段-サ行,終止形-一般
構う	カマウ	1354	動詞,一般,*,*,五段-ワア行,終止形-一般
響く	ヒビク	1355	動詞,一般,*,*,五段-カ行,終止形-一般
あの子	アノコ	1356	連体詞+名詞
笑み	エミ	1357	名詞,普通名詞,一般,*,*,*
謝る	アヤマル	1358	動詞,一般,*,*,五段-ラ行,終止形-一般
振り返る	フリカエル	1359	動詞,一般,*,*,五段-ラ行,終止形-一般
かよ	カヨ	1360	助詞+助詞
仕方ない	シカタナイ	1361	形容詞,一般,*,*,形容詞,終止形-一般
やがて	ヤガテ	1362	副詞,*,*,*,*,*
我々	ワレワレ	1363	代名詞,*,*,*,*,*
口にする	クチニスル	1364	名詞+助詞+動詞
バカ	バカ	1365	名詞,普通名詞,形状詞可能,*,*,*
ふと	フト	1366	副詞,*,*,*,*,*
肉	ニク	1367	名詞,普通名詞,一般,*,*,*
まい	マイ	1368	助動詞,*,*,*,助動詞-マイ,終止形-一般
地面	ジメン	1369	名詞,普通名詞,一般,*,*,*
えっと	エット	1370	感動詞,フィラー,*,*,*,*
何で	ナンデ	1371	代名詞+助詞
お父さん	オトウサン	1372	名詞,普通名詞,一般,*,*,*
叩く	タタク	1373	動詞,一般,*,*,五段-カ行,終止形-一般
そっか	ソッカ	1374	副詞+助詞
見上げる	ミアゲル	1375	動詞,一般,*,*,下一段-ガ行,終止形-一般
声をかける	コエヲカケル	1376	名詞+助詞+動詞
全身	ゼンシン	1377	名詞,普通名詞,一般,*,*,*
連中	レンチュウ	1378	名詞,普通名詞,一般,*,*,*
さま	サマ	1379	名詞,普通名詞,一般,*,*,*
戦い	タタカイ	1380	名詞,普通名詞,一般,*,*,*
告げる	ツゲル	1381	動詞,一般,*,*,下一段-ガ行,終止形-一般
気配	ケハイ	1382	名詞,普通名詞,一般,*,*,*
と共に	トトモニ	1383	助詞+名詞+助詞
そっと	ソット	1384	副詞,*,*,*,*,*
廊下	ロウカ	1385	名詞,普通名詞,一般,*,*,*
取り出す	トリダス	1386	動詞,一般,*,*,五段-サ行,終止形-一般
影	カゲ	1387	名詞,普通名詞,一般,*,*,*
色々	イロイロ	1388	副詞,*,*,*,*,*
噂	ウワサ	1389	名詞,普通名詞,サ変可能,*,*,*
四	ヨン	1390	名詞,数詞,*,*,*,*
兄	アニ	1391	名詞,普通名詞,一般,*,*,*
怒り	イカリ	1392	名詞,普通名詞,一般,*,*,*
嘘	ウソ	1393	名詞,普通名詞,一般,*,*,*
生徒	セイト	1394	名詞,普通名詞,一般,*,*,*
相変わらず	アイカワラズ	1395	名詞,普通名詞,副詞可能,*,*,*
浮かぶ	ウカブ	1396	動詞,一般,*,*,五段-バ行,終止形-一般
そうですね	ソウデスネ	1397	副詞+助動詞+助詞
傷	キズ	1398	名詞,普通名詞,一般,*,*,*
痛み	イタミ	1399	名詞,普通名詞,一般,*,*,*
放つ	ハナツ	1400	動詞,一般,*,*,五段-タ行,終止形-一般
体	タイ	1401	名詞,普通名詞,一般,*,*,*
なのです	ナノデス	1402	助動詞+助詞+助動詞
背後	ハイゴ	1403	名詞,普通名詞,一般,*,*,*
闇	ヤミ	1404	名詞,普通名詞,一般,*,*,*
おう	オウ	1405	感動詞,一般,*,*,*,*
普段	フダン	1406	名詞,普通名詞,副詞可能,*,*,*
綺麗	キレイ	1407	形状詞,一般,*,*,*,*
手紙	テガミ	1408	名詞,普通名詞,一般,*,*,*
下さる	クダサル	1409	動詞,非自立可能,*,*,五段-ラ行,終止形-一般
かのように	カノヨウニ	1410	連体詞+形状詞+助動詞
電話	デンワ	1411	名詞,普通名詞,サ変可能,*,*,*
じっと	ジット	1412	副詞,*,*,*,*,*
お願いします	オネガイシマス	1413	接頭辞+動詞+動詞+助動詞
だからこそ	ダカラコソ	1414	助動詞+助詞+助詞
挨拶	アイサツ	1415	名詞,普通名詞,サ変可能,*,*,*
テーブル	テーブル	1416	名詞,普通名詞,一般,*,*,*
かね	カネ	1417	助詞+助詞
無駄	ムダ	1418	名詞,普通名詞,形状詞可能,*,*,*
かわいい	カワイイ	1419	形容詞,一般,*,*,形容詞,終止形-一般
王	オウ	1420	名詞,普通名詞,一般,*,*,*
さっさ	サッサ	1421	副詞,*,*,*,*,*
２人	フタリ	1422	名詞,普通名詞,副詞可能,*,*,*
村	ムラ	1423	名詞,普通名詞,一般,*,*,*
触る	サワル	1424	動詞,一般,*,*,五段-ラ行,終止形-一般
六	ロク	1425	名詞,数詞,*,*,*,*
駄目	ダメ	1426	名詞,普通名詞,形状詞可能,*,*,*
巨大	キョダイ	1427	形状詞,一般,*,*,*,*
光景	コウケイ	1428	名詞,普通名詞,一般,*,*,*
多分	タブン	1429	副詞,*,*,*,*,*
黒	クロ	1430	名詞,普通名詞,一般,*,*,*
ござる	ゴザル	1431	動詞,非自立可能,*,*,五段-ラ行,終止形-一般
石	イシ	1432	名詞,普通名詞,一般,*,*,*
だよね	ダヨネ	1433	助動詞+助詞+助詞
おそらく	オソラク	1434	副詞,*,*,*,*,*
二つ	フタツ	1435	名詞+接尾辞
付き合う	ツキアウ	1436	動詞,一般,*,*,五段-ワア行,終止形-一般
肌	ハダ	1437	名詞,普通名詞,一般,*,*,*
武器	ブキ	1438	名詞,普通名詞,一般,*,*,*
当てる	アテル	1439	動詞,一般,*,*,下一段-タ行,終止形-一般
椅子	イス	1440	名詞,普通名詞,一般,*,*,*
そいつ	ソイツ	1441	代名詞,*,*,*,*,*
無い	ナイ	1442	形容詞,非自立可能,*,*,形容詞,終止形-一般
恐怖	キョウフ	1443	名詞,普通名詞,サ変可能,*,*,*
おいしい	オイシイ	1444	形容詞,一般,*,*,形容詞,終止形-一般
命令	メイレイ	1445	名詞,普通名詞,サ変可能,*,*,*
本当に	ホントウニ	1446	名詞+助詞
たぶん	タブン	1447	副詞,*,*,*,*,*
いったい	イッタイ	1448	副詞,*,*,*,*,*
す	ス	1449	助動詞,*,*,*,助動詞-デス,終止形-一般
マジ	マジ	1450	形状詞,一般,*,*,*,*
口を開く	クチヲヒラク	1451	名詞+助詞+動詞
匂い	ニオイ	1452	名詞,普通名詞,一般,*,*,*
格好	カッコウ	1453	名詞,普通名詞,一般,*,*,*
そうね	ソウネ	1454	副詞+助詞
頬	ホオ	1455	名詞,普通名詞,一般,*,*,*
っていう	ッテイウ	1456	助詞+動詞
クラス	クラス	1457	名詞,普通名詞,一般,*,*,*
いやいや	イヤイヤ	1458	感動詞,一般,*,*,*,*
それじゃ	ソレジャ	1459	代名詞+助詞
尋ねる	タズネル	1460	動詞,一般,*,*,下一段-ナ行,終止形-一般
うわ	ウワ	1461	感動詞,一般,*,*,*,*
犬	イヌ	1462	名詞,普通名詞,一般,*,*,*
もはや	モハヤ	1463	副詞,*,*,*,*,*
階段	カイダン	1464	名詞,普通名詞,一般,*,*,*
そう言う	ソウイウ	1465	副詞+動詞
いいえ	イイエ	1466	感動詞,一般,*,*,*,*
もしかしたら	モシカシタラ	1467	副詞+助詞+動詞+助動詞
机	ツクエ	1468	名詞,普通名詞,一般,*,*,*
先ほど	サキホド	1469	名詞,普通名詞,副詞可能,*,*,*
ゲーム	ゲーム	1470	名詞,普通名詞,一般,*,*,*
勝負	ショウブ	1471	名詞,普通名詞,サ変可能,*,*,*
そうそう	ソウソウ	1472	感動詞,一般,*,*,*,*
本物	ホンモノ	1473	名詞,普通名詞,一般,*,*,*
だめ	ダメ	1474	名詞,普通名詞,形状詞可能,*,*,*
レベル	レベル	1475	名詞,普通名詞,一般,*,*,*
真剣	シンケン	1476	名詞,普通名詞,形状詞可能,*,*,*
七	ナナ	1477	名詞,数詞,*,*,*,*
星	ホシ	1478	名詞,普通名詞,一般,*,*,*
まずい	マズイ	1479	形容詞,一般,*,*,形容詞,終止形-一般
教室	キョウシツ	1480	名詞,普通名詞,一般,*,*,*
いま	イマ	1481	名詞,普通名詞,副詞可能,*,*,*
そのとき	ソノトキ	1482	連体詞+名詞
鋭い	スルドイ	1483	形容詞,一般,*,*,形容詞,終止形-一般
あたり	アタリ	1484	名詞,普通名詞,副詞可能,*,*,*
口調	クチョウ	1485	名詞,普通名詞,一般,*,*,*
姉	アネ	1486	名詞,普通名詞,一般,*,*,*
似合う	ニアウ	1487	動詞,一般,*,*,五段-ワア行,終止形-一般
方がいい	ホウガイイ	1488	名詞+助詞+形容詞
ちなみに	チナミニ	1489	名詞+助詞
揺れる	ユレル	1490	動詞,一般,*,*,下一段-ラ行,終止形-一般
話しかける	ハナシカケル	1491	動詞,一般,*,*,下一段-カ行,終止形-一般
あるいは	アルイハ	1492	接続詞,*,*,*,*,*
視界	シカイ	1493	名詞,普通名詞,一般,*,*,*
そうだね	ソウダネ	1494	副詞+助動詞+助詞
限界	ゲンカイ	1495	名詞,普通名詞,一般,*,*,*
作戦	サクセン	1496	名詞,普通名詞,一般,*,*,*
頭を下げる	アタマヲサゲル	1497	名詞+助詞+動詞
申す	モウス	1498	動詞,一般,*,*,五段-サ行,終止形-一般
お互い	オタガイ	1499	接頭辞+名詞
なんじゃ	ナンジャ	1500	代名詞+助詞
家	ケ	1502	名詞,普通名詞,一般,*,*,*
既に	スデニ	1503	副詞,*,*,*,*,*
取り戻す	トリモドス	1504	動詞,一般,*,*,五段-サ行,終止形-一般
右手	ミギテ	1505	名詞,普通名詞,一般,*,*,*
女子	ジョシ	1506	名詞,普通名詞,一般,*,*,*
ばっかり	バッカリ	1507	助詞,副助詞,*,*,*,*
白	シロ	1508	名詞,普通名詞,一般,*,*,*
猫	ネコ	1509	名詞,普通名詞,一般,*,*,*
馬鹿	バカ	1510	名詞,普通名詞,形状詞可能,*,*,*
適当	テキトウ	1511	名詞,普通名詞,サ変形状詞可能,*,*,*
そば	ソバ	1512	名詞,普通名詞,一般,*,*,*
なんでも	ナンデモ	1513	代名詞+助詞+助詞
一言	ヒトコト	1514	名詞,普通名詞,一般,*,*,*
心臓	シンゾウ	1515	名詞,普通名詞,一般,*,*,*
なぜか	ナゼカ	1516	副詞+助詞
酒	サケ	1517	名詞,普通名詞,一般,*,*,*
いいか	イイカ	1518	形容詞+助詞
違いない	チガイナイ	1519	名詞+形容詞
魂	タマシイ	1520	名詞,普通名詞,一般,*,*,*
空間	クウカン	1521	名詞,普通名詞,一般,*,*,*
真面目	マジメ	1522	形状詞,一般,*,*,*,*
たる	タル	1523	助動詞,*,*,*,文語助動詞-タリ-断定,連体形-一般
お礼	オレイ	1524	名詞,普通名詞,一般,*,*,*
薬	クスリ	1525	名詞,普通名詞,一般,*,*,*
お茶	オチャ	1526	接頭辞+名詞
味方	ミカタ	1527	名詞,普通名詞,サ変可能,*,*,*
炎	ホノオ	1528	名詞,普通名詞,一般,*,*,*
タイミング	タイミング	1529	名詞,普通名詞,一般,*,*,*
両親	リョウシン	1530	名詞,普通名詞,一般,*,*,*
様に	ヨウニ	1531	形状詞+助動詞
荷物	ニモツ	1532	名詞,普通名詞,一般,*,*,*
それら	ソレラ	1533	代名詞+接尾辞
細い	ホソイ	1534	形容詞,一般,*,*,形容詞,終止形-一般
警戒	ケイカイ	1535	名詞,普通名詞,サ変可能,*,*,*
鍵	カギ	1536	名詞,普通名詞,一般,*,*,*
飛び出す	トビダス	1537	動詞,一般,*,*,五段-サ行,終止形-一般
膝	ヒザ	1538	名詞,普通名詞,一般,*,*,*
ほどに	ホドニ	1539	助詞+助詞
何とか	ナントカ	1540	代名詞+助詞+助詞
というのに	トイウノニ	1541	助詞+動詞+助詞+助詞
興奮	コウフン	1542	名詞,普通名詞,サ変可能,*,*,*
褒める	ホメル	1543	動詞,一般,*,*,下一段-マ行,終止形-一般
我が	ワガ	1544	連体詞,*,*,*,*,*
指示	シジ	1545	名詞,普通名詞,サ変可能,*,*,*
弟	オトウト	1546	名詞,普通名詞,一般,*,*,*
っていうか	ッテイウカ	1547	助詞+動詞+助詞
わずか	ワズカ	1548	形状詞,一般,*,*,*,*
十	ジュウ	1549	名詞,数詞,*,*,*,*
舌	シタ	1550	名詞,普通名詞,一般,*,*,*
鳴る	ナル	1551	動詞,一般,*,*,五段-ラ行,終止形-一般
穴	アナ	1552	名詞,普通名詞,一般,*,*,*
そちら	ソチラ	1553	代名詞,*,*,*,*,*
タイプ	タイプ	1554	名詞,普通名詞,一般,*,*,*
随分	ズイブン	1555	副詞,*,*,*,*,*
差し出す	サシダス	1556	動詞,一般,*,*,五段-サ行,終止形-一般
やら	ヤラ	1557	助詞,副助詞,*,*,*,*
八	ハチ	1558	名詞,数詞,*,*,*,*
ども	ドモ	1559	副詞+助詞
閉じる	トジル	1560	動詞,一般,*,*,上一段-ザ行,終止形-一般
光る	ヒカル	1561	動詞,一般,*,*,五段-ラ行,終止形-一般
勘違い	カンチガイ	1562	名詞,普通名詞,サ変可能,*,*,*
警察	ケイサツ	1563	名詞,普通名詞,一般,*,*,*
何でも	ナンデモ	1564	代名詞+助詞+助詞
伸ばす	ノバス	1565	動詞,一般,*,*,五段-サ行,終止形-一般
それに	ソレニ	1566	代名詞+助詞
冷静	レイセイ	1567	名詞,普通名詞,形状詞可能,*,*,*
第	ダイ	1568	名詞,普通名詞,一般,*,*,*
頂く	イタダク	1569	動詞,非自立可能,*,*,五段-カ行,終止形-一般
怪しい	アヤシイ	1570	形容詞,一般,*,*,形容詞,終止形-一般
馬	ウマ	1571	名詞,普通名詞,一般,*,*,*
衝撃	ショウゲキ	1572	名詞,普通名詞,一般,*,*,*
城	シロ	1573	名詞,普通名詞,一般,*,*,*
巻き込む	マキコム	1574	動詞,一般,*,*,五段-マ行,終止形-一般
多少	タショウ	1575	名詞,普通名詞,副詞可能,*,*,*
同士	ドウシ	1576	名詞,普通名詞,一般,*,*,*
って言う	ッテイウ	1577	助詞+動詞
そのよう	ソノヨウ	1578	連体詞+形状詞
恋人	コイビト	1579	名詞,普通名詞,一般,*,*,*
てる	テル	1580	助動詞,*,*,*,下一段-タ行,終止形-一般
気がつく	キガツク	1581	名詞+助詞+動詞
病院	ビョウイン	1582	名詞,普通名詞,一般,*,*,*
回す	マワス	1583	動詞,一般,*,*,五段-サ行,終止形-一般
わけない	ワケナイ	1584	名詞+形容詞
汗	アセ	1585	名詞,普通名詞,一般,*,*,*
開始	カイシ	1586	名詞,普通名詞,サ変可能,*,*,*
それで	ソレデ	1587	代名詞+助詞
まとも	マトモ	1588	形状詞,一般,*,*,*,*
青い	アオイ	1589	形容詞,一般,*,*,形容詞,終止形-一般
押さえる	オサエル	1590	動詞,一般,*,*,下一段-ア行,終止形-一般
超	チョウ	1591	接頭辞,*,*,*,*,*
ずいぶん	ズイブン	1592	副詞,*,*,*,*,*
提案	テイアン	1593	名詞,普通名詞,サ変可能,*,*,*
悔しい	クヤシイ	1594	形容詞,一般,*,*,形容詞,終止形-一般
一本	イッポン	1595	名詞+接尾辞
室	シツ	1596	名詞,普通名詞,一般,*,*,*
ってのは	ッテノハ	1597	助詞+助詞+助詞
ど	ド	1598	副詞,*,*,*,*,*
真実	シンジツ	1599	名詞,普通名詞,一般,*,*,*
研究	ケンキュウ	1600	名詞,普通名詞,サ変可能,*,*,*
人	ジン	1601	名詞,普通名詞,一般,*,*,*
身体	シンタイ	1603	名詞,普通名詞,一般,*,*,*
背	セ	1604	名詞,普通名詞,一般,*,*,*
いつの間にか	イツノマニカ	1605	代名詞+助詞+名詞+助詞+助詞
我	ワレ	1606	代名詞,*,*,*,*,*
扱い	アツカイ	1607	名詞,普通名詞,一般,*,*,*
回復	カイフク	1608	名詞,普通名詞,サ変可能,*,*,*
どうでもいい	ドウデモイイ	1609	副詞+助詞+助詞+形容詞
知識	チシキ	1610	名詞,普通名詞,一般,*,*,*
恋	コイ	1611	名詞,普通名詞,サ変可能,*,*,*
抵抗	テイコウ	1612	名詞,普通名詞,サ変可能,*,*,*
ぜ	ゼ	1613	助詞,終助詞,*,*,*,*
犯人	ハンニン	1614	名詞,普通名詞,一般,*,*,*
うれしい	ウレシイ	1615	形容詞,一般,*,*,形容詞,終止形-一般
天	テン	1616	名詞,普通名詞,一般,*,*,*
広げる	ヒロゲル	1617	動詞,一般,*,*,下一段-ガ行,終止形-一般
に関して	ニカンシテ	1618	助詞+動詞+助詞
付く	ツク	1619	動詞,非自立可能,*,*,五段-カ行,終止形-一般
文字	モジ	1620	名詞,普通名詞,一般,*,*,*
苦手	ニガテ	1621	名詞,普通名詞,形状詞可能,*,*,*
引っ張る	ヒッパル	1622	動詞,一般,*,*,五段-ラ行,終止形-一般
解放	カイホウ	1623	名詞,普通名詞,サ変可能,*,*,*
ともかく	トモカク	1624	副詞,*,*,*,*,*
箱	ハコ	1625	名詞,普通名詞,一般,*,*,*
追いかける	オイカケル	1626	動詞,一般,*,*,下一段-カ行,終止形-一般
真っ赤	マッカ	1627	形状詞,一般,*,*,*,*
見事	ミゴト	1628	形状詞,一般,*,*,*,*
ほんと	ホント	1629	名詞,普通名詞,一般,*,*,*
絵	エ	1630	名詞,普通名詞,一般,*,*,*
でございます	デゴザイマス	1631	助動詞+動詞+助動詞
あああ	アアア	1632	感動詞,一般,*,*,*,*
おはよう	オハヨウ	1633	感動詞,一般,*,*,*,*
嫌う	キラウ	1634	動詞,一般,*,*,五段-ワア行,終止形-一般
破壊	ハカイ	1635	名詞,普通名詞,サ変可能,*,*,*
壊れる	コワレル	1636	動詞,一般,*,*,下一段-ラ行,終止形-一般
拾う	ヒロウ	1637	動詞,一般,*,*,五段-ワア行,終止形-一般
今夜	コンヤ	1638	名詞,普通名詞,副詞可能,*,*,*
囲む	カコム	1639	動詞,一般,*,*,五段-マ行,終止形-一般
知り合い	シリアイ	1640	名詞,普通名詞,一般,*,*,*
単純	タンジュン	1641	形状詞,一般,*,*,*,*
船	フネ	1642	名詞,普通名詞,一般,*,*,*
中身	ナカミ	1643	名詞,普通名詞,一般,*,*,*
系	ケイ	1644	名詞,普通名詞,一般,*,*,*
とんでもない	トンデモナイ	1645	副詞+形容詞
なりに	ナリニ	1646	名詞+助詞
辺り	アタリ	1647	名詞,普通名詞,副詞可能,*,*,*
完璧	カンペキ	1648	名詞,普通名詞,形状詞可能,*,*,*
脱ぐ	ヌグ	1649	動詞,一般,*,*,五段-ガ行,終止形-一般
全力	ゼンリョク	1650	名詞,普通名詞,一般,*,*,*
無言	ムゴン	1651	名詞,普通名詞,一般,*,*,*
へえ	ヘエ	1652	感動詞,一般,*,*,*,*
門	モン	1653	名詞,普通名詞,一般,*,*,*
仲良く	ナカヨク	1654	副詞,*,*,*,*,*
技術	ギジュツ	1655	名詞,普通名詞,一般,*,*,*
それじゃあ	ソレジャア	1656	代名詞+助詞
殴る	ナグル	1657	動詞,一般,*,*,五段-ラ行,終止形-一般
大量	タイリョウ	1658	名詞,普通名詞,形状詞可能,*,*,*
沈黙	チンモク	1659	名詞,普通名詞,サ変可能,*,*,*
感触	カンショク	1660	名詞,普通名詞,一般,*,*,*
思考	シコウ	1661	名詞,普通名詞,サ変可能,*,*,*
どころか	ドコロカ	1662	助詞+助詞
試す	タメス	1663	動詞,一般,*,*,五段-サ行,終止形-一般
島	シマ	1664	名詞,普通名詞,一般,*,*,*
ということだ	トイウコトダ	1665	助詞+動詞+名詞+助動詞
言い方	イイカタ	1666	名詞,普通名詞,一般,*,*,*
会社	カイシャ	1667	名詞,普通名詞,一般,*,*,*
経つ	タツ	1668	動詞,一般,*,*,五段-タ行,終止形-一般
やっぱ	ヤッパ	1669	副詞,*,*,*,*,*
趣味	シュミ	1670	名詞,普通名詞,一般,*,*,*
張る	ハル	1671	動詞,一般,*,*,五段-ラ行,終止形-一般
主	ヌシ	1672	名詞,普通名詞,一般,*,*,*
紙	カミ	1673	名詞,普通名詞,一般,*,*,*
隙	スキ	1674	名詞,普通名詞,一般,*,*,*
何者	ナニモノ	1675	名詞,普通名詞,一般,*,*,*
ふん	フン	1676	感動詞,一般,*,*,*,*
いよいよ	イヨイヨ	1677	副詞,*,*,*,*,*
従う	シタガウ	1678	動詞,一般,*,*,五段-ワア行,終止形-一般
異常	イジョウ	1679	名詞,普通名詞,形状詞可能,*,*,*
中央	チュウオウ	1680	名詞,普通名詞,一般,*,*,*
久しぶり	ヒサシブリ	1681	名詞,普通名詞,一般,*,*,*
正体	ショウタイ	1682	名詞,普通名詞,一般,*,*,*
長	チョウ	1683	形容詞,一般,*,*,形容詞,語幹-一般
戦争	センソウ	1684	名詞,普通名詞,サ変可能,*,*,*
穏やか	オダヤカ	1685	形状詞,一般,*,*,*,*
なんとなく	ナントナク	1686	代名詞+助詞+形容詞
左右	サユウ	1687	名詞,普通名詞,サ変可能,*,*,*
吸う	スウ	1688	動詞,一般,*,*,五段-ワア行,終止形-一般
柔らかい	ヤワラカイ	1689	形容詞,一般,*,*,形容詞,終止形-一般
構える	カマエル	1690	動詞,一般,*,*,下一段-ア行,終止形-一般
ただし	タダシ	1691	接続詞,*,*,*,*,*
赤	アカ	1692	名詞,普通名詞,一般,*,*,*
授業	ジュギョウ	1693	名詞,普通名詞,サ変可能,*,*,*
ゆく	ユク	1694	動詞,非自立可能,*,*,五段-カ行,終止形-一般
式	シキ	1695	名詞,普通名詞,一般,*,*,*
何もない	ナニモナイ	1696	代名詞+助詞+形容詞
そんなもの	ソンナモノ	1697	連体詞+名詞
しれる	シレル	1698	動詞,一般,*,*,下一段-ラ行,終止形-一般
不可能	フカノウ	1699	名詞,普通名詞,形状詞可能,*,*,*
投げる	ナゲル	1700	動詞,一般,*,*,下一段-ガ行,終止形-一般
洗う	アラウ	1703	動詞,一般,*,*,五段-ワア行,終止形-一般
見守る	ミマモル	1704	動詞,一般,*,*,五段-ラ行,終止形-一般
焼く	ヤク	1705	動詞,一般,*,*,五段-カ行,終止形-一般
天井	テンジョウ	1706	名詞,普通名詞,一般,*,*,*
鳥	トリ	1707	名詞,普通名詞,一般,*,*,*
思いつく	オモイツク	1708	動詞,一般,*,*,五段-カ行,終止形-一般
あっさり	アッサリ	1709	副詞,*,*,*,*,*
男の子	オトコノコ	1710	名詞,普通名詞,一般,*,*,*
雪	ユキ	1711	名詞,普通名詞,一般,*,*,*
ふざける	フザケル	1712	動詞,一般,*,*,下一段-カ行,終止形-一般
確信	カクシン	1713	名詞,普通名詞,サ変可能,*,*,*
イメージ	イメージ	1714	名詞,普通名詞,サ変可能,*,*,*
わけにはいかない	ワケニハイカナイ	1715	名詞+助詞+助詞+動詞+助動詞
この世	コノヨ	1716	名詞,普通名詞,一般,*,*,*
悲鳴	ヒメイ	1717	名詞,普通名詞,一般,*,*,*
辛い	ツライ	1718	形容詞,一般,*,*,形容詞,終止形-一般
こ	コ	1719	名詞,普通名詞,一般,*,*,*
話題	ワダイ	1720	名詞,普通名詞,一般,*,*,*
認識	ニンシキ	1721	名詞,普通名詞,サ変可能,*,*,*
振り向く	フリムク	1722	動詞,一般,*,*,五段-カ行,終止形-一般
あまりにも	アマリニモ	1723	形状詞+助動詞+助詞
申し訳ない	モウシワケナイ	1724	名詞+形容詞
わあ	ワア	1725	感動詞,一般,*,*,*,*
化する	カスル	1726	動詞,一般,*,*,サ行変格,終止形-一般
焦る	アセル	1727	動詞,一般,*,*,五段-ラ行,終止形-一般
問題ない	モンダイナイ	1728	名詞+形容詞
突っ込む	ツッコム	1729	動詞,一般,*,*,五段-マ行,終止形-一般
制服	セイフク	1730	名詞,普通名詞,一般,*,*,*
やってみる	ヤッテミル	1731	動詞+助詞+動詞
もうすぐ	モウスグ	1732	副詞+副詞
驚き	オドロキ	1733	名詞,普通名詞,一般,*,*,*
許可	キョカ	1734	名詞,普通名詞,サ変可能,*,*,*
映る	ウツル	1735	動詞,一般,*,*,五段-ラ行,終止形-一般
壊す	コワス	1736	動詞,一般,*,*,五段-サ行,終止形-一般
きちんと	キチント	1737	副詞,*,*,*,*,*
あっち	アッチ	1738	代名詞,*,*,*,*,*
裏切る	ウラギル	1739	動詞,一般,*,*,五段-ラ行,終止形-一般
人形	ニンギョウ	1740	名詞,普通名詞,一般,*,*,*
鼻	ハナ	1741	名詞,普通名詞,一般,*,*,*
謎	ナゾ	1742	名詞,普通名詞,一般,*,*,*
その間	ソノアイダ	1743	連体詞+名詞
二十	ハタチ	1744	名詞,数詞,*,*,*,*
了解	リョウカイ	1745	名詞,普通名詞,サ変可能,*,*,*
発言	ハツゲン	1746	名詞,普通名詞,サ変可能,*,*,*
その手	ソノテ	1747	連体詞+名詞
大した	タイシタ	1748	連体詞,*,*,*,*,*
組む	クム	1749	動詞,一般,*,*,五段-マ行,終止形-一般
手段	シュダン	1750	名詞,普通名詞,一般,*,*,*
最悪	サイアク	1751	名詞,普通名詞,形状詞可能,*,*,*
呼び出す	ヨビダス	1752	動詞,一般,*,*,五段-サ行,終止形-一般
ありがたい	アリガタイ	1753	形容詞,一般,*,*,形容詞,終止形-一般
誤解	ゴカイ	1754	名詞,普通名詞,サ変可能,*,*,*
メートル	メートル	1755	名詞,普通名詞,助数詞可能,*,*,*
訳	ワケ	1756	名詞,普通名詞,一般,*,*,*
吐く	ハク	1757	動詞,一般,*,*,五段-カ行,終止形-一般
告白	コクハク	1758	名詞,普通名詞,サ変可能,*,*,*
喉	ノド	1759	名詞,普通名詞,一般,*,*,*
転がる	コロガル	1760	動詞,一般,*,*,五段-ラ行,終止形-一般
旅	タビ	1761	名詞,普通名詞,サ変可能,*,*,*
見た目	ミタメ	1762	名詞,普通名詞,一般,*,*,*
バレる	バレル	1763	動詞,一般,*,*,下一段-ラ行,終止形-一般
濡れる	ヌレル	1764	動詞,一般,*,*,下一段-ラ行,終止形-一般
呼吸	コキュウ	1765	名詞,普通名詞,サ変可能,*,*,*
素晴らしい	スバラシイ	1766	形容詞,一般,*,*,形容詞,終止形-一般
出来事	デキゴト	1767	名詞,普通名詞,一般,*,*,*
行ってくる	イッテクル	1768	動詞+助詞+動詞
同様	ドウヨウ	1769	形状詞,一般,*,*,*,*
受け止める	ウケトメル	1770	動詞,一般,*,*,下一段-マ行,終止形-一般
少しずつ	スコシズツ	1771	副詞+助詞
実に	ジツニ	1772	名詞+助詞
自覚	ジカク	1773	名詞,普通名詞,サ変可能,*,*,*
きれい	キレイ	1774	形状詞,一般,*,*,*,*
見送る	ミオクル	1775	動詞,一般,*,*,五段-ラ行,終止形-一般
参る	マイル	1776	動詞,非自立可能,*,*,五段-ラ行,終止形-一般
爆発	バクハツ	1777	名詞,普通名詞,サ変可能,*,*,*
動揺	ドウヨウ	1778	名詞,普通名詞,サ変可能,*,*,*
着替える	キガエル	1779	動詞,一般,*,*,下一段-ア行,終止形-一般
解く	トク	1780	動詞,一般,*,*,五段-カ行,終止形-一般
連れてくる	ツレテクル	1781	動詞+助詞+動詞
増す	マス	1782	動詞,一般,*,*,五段-サ行,終止形-一般
自体	ジタイ	1783	名詞,普通名詞,一般,*,*,*
東	ヒガシ	1784	名詞,普通名詞,一般,*,*,*
ぼんやり	ボンヤリ	1785	副詞,*,*,*,*,*
どうにか	ドウニカ	1786	副詞+助詞+助詞
となると	トナルト	1787	助詞+動詞+助詞
とはいえ	トハイエ	1788	助詞+助詞+動詞
精神	セイシン	1789	名詞,普通名詞,一般,*,*,*
さっきから	サッキカラ	1790	名詞+助詞
飛ばす	トバス	1791	動詞,一般,*,*,五段-サ行,終止形-一般
文句	モンク	1792	名詞,普通名詞,一般,*,*,*
踏む	フム	1793	動詞,一般,*,*,五段-マ行,終止形-一般
時点	ジテン	1794	名詞,普通名詞,一般,*,*,*
発生	ハッセイ	1795	名詞,普通名詞,サ変可能,*,*,*
あとで	アトデ	1796	名詞+助詞
付ける	ツケル	1797	動詞,非自立可能,*,*,下一段-カ行,終止形-一般
つかむ	ツカム	1798	動詞,一般,*,*,五段-マ行,終止形-一般
沈む	シズム	1799	動詞,一般,*,*,五段-マ行,終止形-一般
と同じように	トオナジヨウニ	1800	助詞+連体詞+形状詞+助動詞
内	ウチ	1801	名詞,普通名詞,副詞可能,*,*,*
抱く	ダク	1802	動詞,一般,*,*,五段-カ行,終止形-一般
傷つける	キズツケル	1803	動詞,一般,*,*,下一段-カ行,終止形-一般
掃除	ソウジ	1804	名詞,普通名詞,サ変可能,*,*,*
ころ	コロ	1805	名詞,普通名詞,副詞可能,*,*,*
二人とも	フタリトモ	1806	名詞+助詞+助詞
はじめる	ハジメル	1807	動詞,非自立可能,*,*,下一段-マ行,終止形-一般
道具	ドウグ	1808	名詞,普通名詞,一般,*,*,*
現場	ゲンバ	1809	名詞,普通名詞,一般,*,*,*
春	ハル	1810	名詞,普通名詞,副詞可能,*,*,*
歴史	レキシ	1811	名詞,普通名詞,一般,*,*,*
依頼	イライ	1812	名詞,普通名詞,サ変可能,*,*,*
足音	アシオト	1813	名詞,普通名詞,一般,*,*,*
術	ジュツ	1814	名詞,普通名詞,一般,*,*,*
全	ゼン	1815	名詞,固有名詞,人名,姓,*,*
たまる	タマル	1816	動詞,一般,*,*,五段-ラ行,終止形-一般
手にする	テニスル	1817	名詞+助詞+動詞
一枚	イチマイ	1818	名詞+接尾辞
チャンス	チャンス	1819	名詞,普通名詞,一般,*,*,*
第二	ダイニ	1820	接頭辞+名詞
ついでに	ツイデニ	1821	名詞+助詞
思い出	オモイデ	1822	名詞,普通名詞,一般,*,*,*
歌	ウタ	1823	名詞,普通名詞,一般,*,*,*
覆う	オオウ	1824	動詞,一般,*,*,五段-ワア行,終止形-一般
庭	ニワ	1825	名詞,普通名詞,一般,*,*,*
ただいま	タダイマ	1826	名詞,普通名詞,副詞可能,*,*,*
応える	コタエル	1827	動詞,一般,*,*,下一段-ア行,終止形-一般
だい	ダイ	1828	助動詞+助詞
ありがとうございました	アリガトウゴザイマシタ	1829	感動詞+動詞+助動詞+助動詞
恐れる	オソレル	1830	動詞,一般,*,*,下一段-ラ行,終止形-一般
毒	ドク	1831	名詞,普通名詞,一般,*,*,*
騒ぐ	サワグ	1832	動詞,一般,*,*,五段-ガ行,終止形-一般
背負う	セオウ	1833	動詞,一般,*,*,五段-ワア行,終止形-一般
あまりに	アマリニ	1834	形状詞+助動詞
大学	ダイガク	1835	名詞,普通名詞,一般,*,*,*
みな	ミナ	1836	名詞,普通名詞,副詞可能,*,*,*
底	ソコ	1837	名詞,普通名詞,一般,*,*,*
ぶつかる	ブツカル	1838	動詞,一般,*,*,五段-ラ行,終止形-一般
素敵	ステキ	1839	形状詞,一般,*,*,*,*
少々	ショウショウ	1840	名詞,普通名詞,副詞可能,*,*,*
がな	ガナ	1841	名詞,普通名詞,一般,*,*,*
微妙	ビミョウ	1842	形状詞,一般,*,*,*,*
担当	タントウ	1843	名詞,普通名詞,サ変可能,*,*,*
お店	オミセ	1844	名詞,普通名詞,一般,*,*,*
怪我	ケガ	1845	名詞,普通名詞,サ変可能,*,*,*
ひとり	ヒトリ	1846	名詞,普通名詞,副詞可能,*,*,*
同じく	オナジク	1847	副詞,*,*,*,*,*
例えば	タトエバ	1848	副詞,*,*,*,*,*
ほうがいい	ホウガイイ	1849	名詞+助詞+形容詞
三十	サンジュウ	1850	名詞,数詞,*,*,*,*
直後	チョクゴ	1851	名詞,普通名詞,副詞可能,*,*,*
調査	チョウサ	1852	名詞,普通名詞,サ変可能,*,*,*
今年	コトシ	1853	名詞,普通名詞,副詞可能,*,*,*
応援	オウエン	1854	名詞,普通名詞,サ変可能,*,*,*
使用	シヨウ	1855	名詞,普通名詞,サ変可能,*,*,*
言いながら	イイナガラ	1856	動詞+助詞
早速	サッソク	1857	副詞,*,*,*,*,*
玄関	ゲンカン	1858	名詞,普通名詞,一般,*,*,*
満ちる	ミチル	1859	動詞,一般,*,*,上一段-タ行,連体形-一般
予感	ヨカン	1860	名詞,普通名詞,サ変可能,*,*,*
心の中	ココロノナカ	1861	名詞+助詞+名詞
片手	カタテ	1862	名詞,普通名詞,一般,*,*,*
逃げ出す	ニゲダス	1863	動詞,一般,*,*,五段-サ行,終止形-一般
速度	ソクド	1864	名詞,普通名詞,一般,*,*,*
飛び込む	トビコム	1865	動詞,一般,*,*,五段-マ行,終止形-一般
探る	サグル	1866	動詞,一般,*,*,五段-ラ行,終止形-一般
こら	コラ	1867	代名詞,*,*,*,*,*
刺激	シゲキ	1868	名詞,普通名詞,サ変可能,*,*,*
物語	モノガタリ	1869	名詞,普通名詞,一般,*,*,*
男子	ダンシ	1870	名詞,普通名詞,一般,*,*,*
ありがと	アリガト	1871	感動詞,一般,*,*,*,*
もしも	モシモ	1872	副詞+助詞
いいや	イイヤ	1873	形容詞+助詞
硬い	カタイ	1874	形容詞,一般,*,*,形容詞,終止形-一般
かあ	カア	1875	助詞,終助詞,*,*,*,*
ひと	ヒト	1876	名詞,普通名詞,一般,*,*,*
印象	インショウ	1877	名詞,普通名詞,一般,*,*,*
感	カン	1878	名詞,普通名詞,一般,*,*,*
願い	ネガイ	1879	名詞,普通名詞,一般,*,*,*
いくつか	イクツカ	1880	名詞+助詞
にしては	ニシテハ	1881	助詞+動詞+助詞+助詞
夫	オット	1882	名詞,普通名詞,一般,*,*,*
意志	イシ	1883	名詞,普通名詞,一般,*,*,*
あくまで	アクマデ	1884	副詞,*,*,*,*,*
魚	サカナ	1885	名詞,普通名詞,一般,*,*,*
もともと	モトモト	1886	副詞,*,*,*,*,*
勝利	ショウリ	1887	名詞,普通名詞,サ変可能,*,*,*
意思	イシ	1888	名詞,普通名詞,一般,*,*,*
もっとも	モットモ	1889	接続詞,*,*,*,*,*
こうする	コウスル	1890	副詞+動詞
察する	サッスル	1891	動詞,一般,*,*,サ行変格,終止形-一般
太陽	タイヨウ	1892	名詞,普通名詞,一般,*,*,*
ますます	マスマス	1893	副詞,*,*,*,*,*
歌う	ウタウ	1894	動詞,一般,*,*,五段-ワア行,終止形-一般
大体	ダイタイ	1895	名詞,普通名詞,副詞可能,*,*,*
才能	サイノウ	1896	名詞,普通名詞,一般,*,*,*
と思ったら	トオモッタラ	1897	助詞+動詞+助動詞
はずがない	ハズガナイ	1898	名詞+助詞+形容詞
果たす	ハタス	1899	動詞,非自立可能,*,*,五段-サ行,終止形-一般
選択	センタク	1900	名詞,普通名詞,サ変可能,*,*,*
並べる	ナラベル	1901	動詞,一般,*,*,下一段-バ行,終止形-一般
とっても	トッテモ	1902	副詞,*,*,*,*,*
なか	ナカ	1903	名詞,普通名詞,副詞可能,*,*,*
名乗る	ナノル	1904	動詞,一般,*,*,五段-ラ行,終止形-一般
東京	トウキョウ	1905	名詞,固有名詞,地名,一般,*,*
味わう	アジワウ	1906	動詞,一般,*,*,五段-ワア行,終止形-一般
燃える	モエル	1907	動詞,一般,*,*,下一段-ア行,終止形-一般
自分でも	ジブンデモ	1908	名詞+助詞+助詞
真似	マネ	1909	名詞,普通名詞,サ変可能,*,*,*
越える	コエル	1910	動詞,一般,*,*,下一段-ア行,終止形-一般
左手	ヒダリテ	1911	名詞,普通名詞,一般,*,*,*
懐かしい	ナツカシイ	1912	形容詞,一般,*,*,形容詞,終止形-一般
パン	パン	1913	名詞,普通名詞,一般,*,*,*
入り口	イリグチ	1914	名詞,普通名詞,一般,*,*,*
部下	ブカ	1915	名詞,普通名詞,一般,*,*,*
間に	アイダニ	1916	名詞+助詞
鬼	オニ	1917	名詞,普通名詞,一般,*,*,*
幼い	オサナイ	1918	形容詞,一般,*,*,形容詞,終止形-一般
間違える	マチガエル	1919	動詞,非自立可能,*,*,下一段-ア行,終止形-一般
一度も	イチドモ	1920	名詞+助詞
組	クミ	1921	名詞,普通名詞,助数詞可能,*,*,*
ほんの	ホンノ	1922	連体詞,*,*,*,*,*
下げる	サゲル	1923	動詞,一般,*,*,下一段-ガ行,終止形-一般
偉い	エライ	1924	形容詞,一般,*,*,形容詞,終止形-一般
捕まえる	ツカマエル	1925	動詞,一般,*,*,下一段-ア行,終止形-一般
漂う	タダヨウ	1926	動詞,一般,*,*,五段-ワア行,終止形-一般
鏡	カガミ	1927	名詞,普通名詞,一般,*,*,*
笑い	ワライ	1928	名詞,普通名詞,一般,*,*,*
香り	カオリ	1929	名詞,普通名詞,一般,*,*,*
この前	コノマエ	1930	連体詞+名詞
優秀	ユウシュウ	1931	形状詞,一般,*,*,*,*
込める	コメル	1932	動詞,一般,*,*,下一段-マ行,終止形-一般
発する	ハッスル	1933	動詞,一般,*,*,サ行変格,終止形-一般
機	キ	1934	名詞,普通名詞,助数詞可能,*,*,*
はずです	ハズデス	1935	名詞+助動詞
会	カイ	1936	名詞,普通名詞,一般,*,*,*
あいつら	アイツラ	1937	代名詞+接尾辞
たっぷり	タップリ	1938	副詞,*,*,*,*,*
わざと	ワザト	1939	副詞,*,*,*,*,*
崩れる	クズレル	1940	動詞,一般,*,*,下一段-ラ行,終止形-一般
いいこと	イイコト	1941	形容詞+名詞
証明	ショウメイ	1942	名詞,普通名詞,サ変可能,*,*,*
支配	シハイ	1943	名詞,普通名詞,サ変可能,*,*,*
潰す	ツブス	1944	動詞,一般,*,*,五段-サ行,終止形-一般
様々	サマザマ	1945	形状詞,一般,*,*,*,*
感心	カンシン	1946	名詞,普通名詞,サ変可能,*,*,*
姿勢	シセイ	1947	名詞,普通名詞,一般,*,*,*
先日	センジツ	1948	名詞,普通名詞,副詞可能,*,*,*
今すぐ	イマスグ	1949	名詞+副詞
土地	トチ	1950	名詞,普通名詞,一般,*,*,*
神様	カミサマ	1951	名詞+接尾辞
あらゆる	アラユル	1952	連体詞,*,*,*,*,*
いろんな	イロンナ	1953	連体詞,*,*,*,*,*
地下	チカ	1954	名詞,普通名詞,一般,*,*,*
承知	ショウチ	1955	名詞,普通名詞,サ変可能,*,*,*
に置いて	ニオイテ	1956	助詞+動詞+助詞
挟む	ハサム	1957	動詞,一般,*,*,五段-マ行,終止形-一般
年齢	ネンレイ	1958	名詞,普通名詞,一般,*,*,*
とおり	トオリ	1959	名詞,普通名詞,助数詞可能,*,*,*
西	ニシ	1960	名詞,普通名詞,一般,*,*,*
事故	ジコ	1961	名詞,普通名詞,一般,*,*,*
やって来る	ヤッテクル	1962	動詞+助詞+動詞
訓練	クンレン	1963	名詞,普通名詞,サ変可能,*,*,*
学生	ガクセイ	1964	名詞,普通名詞,一般,*,*,*
用事	ヨウジ	1965	名詞,普通名詞,一般,*,*,*
一年	イチネン	1966	名詞+名詞
捜す	サガス	1967	動詞,一般,*,*,五段-サ行,終止形-一般
組織	ソシキ	1968	名詞,普通名詞,サ変可能,*,*,*
地上	チジョウ	1969	名詞,普通名詞,一般,*,*,*
責める	セメル	1970	動詞,一般,*,*,下一段-マ行,終止形-一般
わけがない	ワケガナイ	1971	名詞+助詞+形容詞
なす	ナス	1972	動詞,一般,*,*,五段-サ行,終止形-一般
固い	カタイ	1973	形容詞,一般,*,*,形容詞,終止形-一般
おいおい	オイオイ	1974	感動詞+感動詞
すっごい	スッゴイ	1975	形容詞,一般,*,*,形容詞,終止形-一般
防ぐ	フセグ	1976	動詞,一般,*,*,五段-ガ行,終止形-一般
祈る	イノル	1977	動詞,一般,*,*,五段-ラ行,終止形-一般
整える	トトノエル	1978	動詞,一般,*,*,下一段-ア行,終止形-一般
帰り	カエリ	1979	名詞,普通名詞,一般,*,*,*
温かい	アタタカイ	1980	形容詞,一般,*,*,形容詞,終止形-一般
把握	ハアク	1981	名詞,普通名詞,サ変可能,*,*,*
覗く	ノゾク	1982	動詞,一般,*,*,五段-カ行,終止形-一般
九	キュウ	1983	名詞,数詞,*,*,*,*
込む	コム	1984	動詞,非自立可能,*,*,五段-マ行,終止形-一般
笑い声	ワライゴエ	1985	名詞,普通名詞,一般,*,*,*
音がする	オトガスル	1986	名詞+助詞+動詞
効く	キク	1987	動詞,一般,*,*,五段-カ行,終止形-一般
冬	フユ	1988	名詞,普通名詞,副詞可能,*,*,*
ように言う	ヨウニイウ	1989	形状詞+助動詞+動詞
漏れる	モレル	1990	動詞,一般,*,*,下一段-ラ行,終止形-一般
勇気	ユウキ	1991	名詞,普通名詞,一般,*,*,*
預ける	アズケル	1992	動詞,一般,*,*,下一段-カ行,終止形-一般
仕方がない	シカタガナイ	1993	名詞+助詞+形容詞
表現	ヒョウゲン	1994	名詞,普通名詞,サ変可能,*,*,*
テレビ	テレビ	1995	名詞,普通名詞,一般,*,*,*
揃う	ソロウ	1996	動詞,一般,*,*,五段-ワア行,終止形-一般
記録	キロク	1997	名詞,普通名詞,サ変可能,*,*,*
育つ	ソダツ	1998	動詞,一般,*,*,五段-タ行,終止形-一般
まくる	マクル	1999	動詞,非自立可能,*,*,五段-ラ行,終止形-一般
好きになる	スキニナル	2000	形状詞+助動詞+動詞
金	キン	2002	名詞,固有名詞,人名,姓,*,*
宣言	センゲン	2004	名詞,普通名詞,サ変可能,*,*,*
体力	タイリョク	2005	名詞,普通名詞,一般,*,*,*
絶望	ゼツボウ	2006	名詞,普通名詞,サ変可能,*,*,*
まっすぐ	マッスグ	2007	副詞,*,*,*,*,*
よろしくお願いします	ヨロシクオネガイシマス	2008	副詞+接頭辞+動詞+動詞+助動詞
もうちょっと	モウチョット	2009	副詞+副詞
ご飯	ゴハン	2010	名詞,普通名詞,一般,*,*,*
秒	ビョウ	2011	名詞,普通名詞,助数詞可能,*,*,*
空く	アク	2012	動詞,一般,*,*,五段-カ行,終止形-一般
吹く	フク	2013	動詞,一般,*,*,五段-カ行,終止形-一般
強引	ゴウイン	2014	形状詞,一般,*,*,*,*
百	ヒャク	2015	名詞,数詞,*,*,*,*
平和	ヘイワ	2016	名詞,普通名詞,形状詞可能,*,*,*
甘える	アマエル	2017	動詞,一般,*,*,下一段-ア行,終止形-一般
だけでなく	ダケデナク	2018	助詞+助動詞+形容詞
数日	スウジツ	2019	名詞+接尾辞
骨	ホネ	2020	名詞,普通名詞,一般,*,*,*
だの	ダノ	2021	助動詞+助詞
情けない	ナサケナイ	2022	形容詞,一般,*,*,形容詞,終止形-一般
決意	ケツイ	2023	名詞,普通名詞,サ変可能,*,*,*
知れる	シレル	2024	動詞,一般,*,*,下一段-ラ行,終止形-一般
言い訳	イイワケ	2025	名詞,普通名詞,サ変可能,*,*,*
下りる	オリル	2026	動詞,一般,*,*,上一段-ラ行,連体形-一般
観察	カンサツ	2027	名詞,普通名詞,サ変可能,*,*,*
きつい	キツイ	2028	形容詞,一般,*,*,形容詞,終止形-一般
袋	フクロ	2029	名詞,普通名詞,助数詞可能,*,*,*
違和感	イワカン	2030	名詞,普通名詞,一般,*,*,*
おっしゃる	オッシャル	2031	動詞+助動詞
その通り	ソノトオリ	2032	連体詞+名詞
氷	コオリ	2033	名詞,普通名詞,一般,*,*,*
つらい	ツライ	2034	形容詞,一般,*,*,形容詞,終止形-一般
北	キタ	2035	名詞,普通名詞,一般,*,*,*
出て行く	デテイク	2036	動詞+助詞+動詞
寄せる	ヨセル	2037	動詞,一般,*,*,下一段-サ行,終止形-一般
しょうがない	ショウガナイ	2038	名詞+助詞+形容詞
端	ハシ	2039	名詞,普通名詞,一般,*,*,*
メンバー	メンバー	2040	名詞,普通名詞,一般,*,*,*
助け	タスケ	2041	動詞,一般,*,*,下一段-カ行,連用形-一般
布	ヌノ	2042	名詞,普通名詞,一般,*,*,*
どうしようもない	ドウシヨウモナイ	2043	副詞+名詞+助詞+形容詞
丁寧	テイネイ	2044	形状詞,一般,*,*,*,*
土	ツチ	2045	名詞,普通名詞,一般,*,*,*
たまたま	タマタマ	2046	副詞,*,*,*,*,*
だいぶ	ダイブ	2047	副詞,*,*,*,*,*
下手	ヘタ	2048	名詞,普通名詞,サ変形状詞可能,*,*,*
永遠	エイエン	2049	名詞,普通名詞,一般,*,*,*
評価	ヒョウカ	2050	名詞,普通名詞,サ変可能,*,*,*
景色	ケシキ	2051	名詞,普通名詞,一般,*,*,*
いくらでも	イクラデモ	2052	名詞+助詞+助詞
１人	ヒトリ	2053	名詞,普通名詞,副詞可能,*,*,*
びっくり	ビックリ	2054	名詞,普通名詞,サ変可能,*,*,*
掛ける	カケル	2055	動詞,非自立可能,*,*,下一段-カ行,終止形-一般
固まる	カタマル	2056	動詞,一般,*,*,五段-ラ行,終止形-一般
美人	ビジン	2057	名詞,普通名詞,一般,*,*,*
だらけ	ダラケ	2058	接尾辞,形状詞的,*,*,*,*
地獄	ジゴク	2059	名詞,普通名詞,一般,*,*,*
今に	イマニ	2060	名詞+助詞
この先	コノサキ	2061	名詞,普通名詞,副詞可能,*,*,*
外れる	ハズレル	2062	動詞,一般,*,*,下一段-ラ行,終止形-一般
翌日	ヨクジツ	2063	名詞,普通名詞,副詞可能,*,*,*
小	ショウ	2064	名詞,普通名詞,一般,*,*,*
埋める	ウメル	2065	動詞,一般,*,*,下一段-マ行,終止形-一般
動物	ドウブツ	2066	名詞,普通名詞,一般,*,*,*
隙間	スキマ	2067	名詞,普通名詞,一般,*,*,*
いかが	イカガ	2068	形状詞,一般,*,*,*,*
油断	ユダン	2069	名詞,普通名詞,サ変可能,*,*,*
貫く	ツラヌク	2070	動詞,一般,*,*,五段-カ行,連体形-一般
線	セン	2071	名詞,普通名詞,一般,*,*,*
申し訳ありません	モウシワケアリマセン	2072	名詞+動詞+助動詞+助動詞
続き	ツヅキ	2073	動詞,非自立可能,*,*,五段-カ行,連用形-一般
ついている	ツイテイル	2074	動詞+助詞+動詞
何だか	ナンダカ	2075	代名詞+助動詞+助詞
氏	シ	2076	名詞,普通名詞,一般,*,*,*
刺す	サス	2077	動詞,一般,*,*,五段-サ行,終止形-一般
見かける	ミカケル	2078	動詞,一般,*,*,下一段-カ行,終止形-一般
控える	ヒカエル	2079	動詞,一般,*,*,下一段-ア行,終止形-一般
靴	クツ	2080	名詞,普通名詞,一般,*,*,*
特殊	トクシュ	2081	形状詞,一般,*,*,*,*
主人	シュジン	2082	名詞,普通名詞,一般,*,*,*
つ	ツ	2083	助動詞,*,*,*,五段-ワア行,終止形-一般
目標	モクヒョウ	2084	名詞,普通名詞,一般,*,*,*
みたいです	ミタイデス	2085	形状詞+助動詞
やり方	ヤリカタ	2086	名詞,普通名詞,一般,*,*,*
傷つく	キズツク	2087	動詞,一般,*,*,五段-カ行,終止形-一般
教師	キョウシ	2088	名詞,普通名詞,一般,*,*,*
他にも	ホカニモ	2089	名詞+助詞+助詞
青	アオ	2090	名詞,普通名詞,一般,*,*,*
泳ぐ	オヨグ	2091	動詞,一般,*,*,五段-ガ行,終止形-一般
騒ぎ	サワギ	2092	名詞,普通名詞,一般,*,*,*
届ける	トドケル	2093	動詞,一般,*,*,下一段-カ行,終止形-一般
おかげ	オカゲ	2094	名詞,普通名詞,一般,*,*,*
派手	ハデ	2095	名詞,普通名詞,形状詞可能,*,*,*
崩す	クズス	2096	動詞,一般,*,*,五段-サ行,終止形-一般
仕掛ける	シカケル	2097	動詞,一般,*,*,下一段-カ行,終止形-一般
からこそ	カラコソ	2098	接続詞+助詞
本日	ホンジツ	2099	名詞,普通名詞,副詞可能,*,*,*
だいたい	ダイタイ	2100	名詞,普通名詞,副詞可能,*,*,*
力	リョク	2101	名詞,普通名詞,一般,*,*,*
実力	ジツリョク	2102	名詞,普通名詞,一般,*,*,*
踊る	オドル	2103	動詞,一般,*,*,五段-ラ行,終止形-一般
次第	シダイ	2104	名詞,普通名詞,副詞可能,*,*,*
雲	クモ	2105	名詞,普通名詞,一般,*,*,*
たびに	タビニ	2106	名詞+助詞
捕まる	ツカマル	2107	動詞,一般,*,*,五段-ラ行,終止形-一般
破る	ヤブル	2108	動詞,一般,*,*,五段-ラ行,終止形-一般
巻く	マク	2109	動詞,一般,*,*,五段-カ行,終止形-一般
もう一つ	モウヒトツ	2110	副詞+名詞+接尾辞
役目	ヤクメ	2111	名詞,普通名詞,一般,*,*,*
３人	サンニン	2112	名詞+接尾辞
自慢	ジマン	2113	名詞,普通名詞,サ変可能,*,*,*
今でも	イマデモ	2114	名詞+助詞+助詞
駅	エキ	2115	名詞,普通名詞,一般,*,*,*
要求	ヨウキュウ	2116	名詞,普通名詞,サ変可能,*,*,*
高校	コウコウ	2117	名詞,普通名詞,一般,*,*,*
手を出す	テヲダス	2118	名詞+助詞+動詞
そしたら	ソシタラ	2119	副詞+動詞+助動詞
ぶつける	ブツケル	2120	動詞,一般,*,*,下一段-カ行,終止形-一般
範囲	ハンイ	2121	名詞,普通名詞,一般,*,*,*
戦	セン	2122	名詞,普通名詞,一般,*,*,*
どっか	ドッカ	2123	代名詞+助詞
その上	ソノウエ	2124	連体詞+名詞
と言い	トイイ	2125	助詞+動詞
顔色	カオイロ	2126	名詞,普通名詞,一般,*,*,*
音楽	オンガク	2127	名詞,普通名詞,一般,*,*,*
映画	エイガ	2128	名詞,普通名詞,一般,*,*,*
仮に	カリニ	2129	名詞+助詞
鉄	テツ	2130	名詞,普通名詞,一般,*,*,*
今朝	ケサ	2131	名詞,普通名詞,副詞可能,*,*,*
プレゼント	プレゼント	2132	名詞,普通名詞,サ変可能,*,*,*
自分から	ジブンカラ	2133	名詞+助詞
ついてくる	ツイテクル	2134	動詞+助詞+動詞
あがる	アガル	2135	動詞,一般,*,*,五段-ラ行,終止形-一般
追いつく	オイツク	2136	動詞,一般,*,*,五段-カ行,終止形-一般
環境	カンキョウ	2137	名詞,普通名詞,一般,*,*,*
主張	シュチョウ	2138	名詞,普通名詞,サ変可能,*,*,*
染まる	ソマル	2139	動詞,一般,*,*,五段-ラ行,終止形-一般
注ぐ	ソソグ	2140	動詞,一般,*,*,五段-ガ行,終止形-一般
奇妙	キミョウ	2141	形状詞,一般,*,*,*,*
正解	セイカイ	2142	名詞,普通名詞,サ変可能,*,*,*
満たす	ミタス	2143	動詞,一般,*,*,五段-サ行,終止形-一般
暴れる	アバレル	2144	動詞,一般,*,*,下一段-ラ行,終止形-一般
宿	ヤド	2145	名詞,普通名詞,一般,*,*,*
つくる	ツクル	2146	動詞,一般,*,*,五段-ラ行,終止形-一般
慎重	シンチョウ	2147	名詞,普通名詞,形状詞可能,*,*,*
閉める	シメル	2148	動詞,一般,*,*,下一段-マ行,終止形-一般
表	オモテ	2149	名詞,普通名詞,一般,*,*,*
大勢	オオゼイ	2150	名詞,普通名詞,一般,*,*,*
促す	ウナガス	2151	動詞,一般,*,*,五段-サ行,終止形-一般
と言えば	トイエバ	2152	助詞+動詞+助詞
心から	ココロカラ	2153	名詞+助詞
暑い	アツイ	2154	形容詞,一般,*,*,形容詞,終止形-一般
持ち上げる	モチアゲル	2155	動詞,一般,*,*,下一段-ガ行,終止形-一般
蹴る	ケル	2156	動詞,一般,*,*,五段-ラ行,終止形-一般
折れる	オレル	2157	動詞,一般,*,*,下一段-ラ行,終止形-一般
終了	シュウリョウ	2158	名詞,普通名詞,サ変可能,*,*,*
台	ダイ	2159	名詞,普通名詞,助数詞可能,*,*,*
昼	ヒル	2160	名詞,普通名詞,副詞可能,*,*,*
いかにも	イカニモ	2161	副詞+助詞
安い	ヤスイ	2162	形容詞,一般,*,*,形容詞,終止形-一般
出発	シュッパツ	2163	名詞,普通名詞,サ変可能,*,*,*
機能	キノウ	2164	名詞,普通名詞,サ変可能,*,*,*
言い出す	イイダス	2165	動詞+動詞
南	ミナミ	2166	名詞,普通名詞,一般,*,*,*
管理	カンリ	2167	名詞,普通名詞,サ変可能,*,*,*
性	セイ	2168	名詞,普通名詞,一般,*,*,*
純粋	ジュンスイ	2169	形状詞,一般,*,*,*,*
こっそり	コッソリ	2170	副詞,*,*,*,*,*
草	クサ	2171	名詞,普通名詞,一般,*,*,*
卒業	ソツギョウ	2172	名詞,普通名詞,サ変可能,*,*,*
契約	ケイヤク	2173	名詞,普通名詞,サ変可能,*,*,*
基本的	キホンテキ	2174	名詞,普通名詞,形状詞可能,*,*,*
からかう	カラカウ	2175	動詞,一般,*,*,五段-ワア行,終止形-一般
作品	サクヒン	2176	名詞,普通名詞,一般,*,*,*
ふる	フル	2177	動詞,一般,*,*,五段-ラ行,終止形-一般
ショック	ショック	2178	名詞,普通名詞,形状詞可能,*,*,*
あう	アウ	2179	感動詞,一般,*,*,*,*
なんでもない	ナンデモナイ	2180	代名詞+助詞+助詞+形容詞
目覚める	メザメル	2181	動詞,一般,*,*,下一段-マ行,終止形-一般
夕方	ユウガタ	2182	名詞,普通名詞,副詞可能,*,*,*
爪	ツメ	2183	名詞,普通名詞,一般,*,*,*
確保	カクホ	2184	名詞,普通名詞,サ変可能,*,*,*
生き物	イキモノ	2185	名詞,普通名詞,一般,*,*,*
現状	ゲンジョウ	2186	名詞,普通名詞,一般,*,*,*
照らす	テラス	2187	動詞,一般,*,*,五段-サ行,終止形-一般
たら	タラ	2188	接続詞,*,*,*,*,*
糸	イト	2189	名詞,普通名詞,一般,*,*,*
時々	トキドキ	2190	名詞,普通名詞,副詞可能,*,*,*
幸い	サイワイ	2191	副詞,*,*,*,*,*
やあ	ヤア	2192	感動詞,一般,*,*,*,*
足元	アシモト	2193	名詞,普通名詞,一般,*,*,*
せいか	セイカ	2194	名詞+助詞
枚	マイ	2195	名詞,普通名詞,一般,*,*,*
連れて行く	ツレテイク	2196	動詞+助詞+動詞
緑	ミドリ	2197	名詞,普通名詞,一般,*,*,*
次々	ツギツギ	2198	副詞,*,*,*,*,*
社会	シャカイ	2199	名詞,普通名詞,一般,*,*,*
感動	カンドウ	2200	名詞,普通名詞,サ変可能,*,*,*
字	ジ	2201	名詞,普通名詞,一般,*,*,*
堂々	ドウドウ	2202	副詞,*,*,*,*,*
突く	ツク	2203	動詞,一般,*,*,五段-カ行,終止形-一般
トイレ	トイレ	2204	名詞,普通名詞,一般,*,*,*
といっても	トイッテモ	2205	助詞+動詞+助詞+助詞
収まる	オサマル	2206	動詞,一般,*,*,五段-ラ行,終止形-一般
濃い	コイ	2207	形容詞,一般,*,*,形容詞,終止形-一般
あえて	アエテ	2208	副詞,*,*,*,*,*
子ども	コドモ	2209	名詞,普通名詞,一般,*,*,*
命じる	メイジル	2210	動詞,一般,*,*,上一段-ザ行,終止形-一般
しゃべる	シャベル	2211	動詞,一般,*,*,五段-ラ行,終止形-一般
買い物	カイモノ	2212	名詞,普通名詞,サ変可能,*,*,*
あちこち	アチコチ	2213	代名詞,*,*,*,*,*
こんにちは	コンニチハ	2214	感動詞,一般,*,*,*,*
不幸	フコウ	2215	名詞,普通名詞,形状詞可能,*,*,*
虫	ムシ	2216	名詞,普通名詞,一般,*,*,*
ひたすら	ヒタスラ	2217	副詞,*,*,*,*,*
橋	ハシ	2218	名詞,普通名詞,一般,*,*,*
述べる	ノベル	2219	動詞,一般,*,*,下一段-バ行,終止形-一般
からって	カラッテ	2220	接続詞+助詞
具合	グアイ	2221	名詞,普通名詞,一般,*,*,*
おかしな	オカシナ	2222	連体詞,*,*,*,*,*
刻む	キザム	2223	動詞,一般,*,*,五段-マ行,終止形-一般
かく	カク	2224	副詞,*,*,*,*,*
舞台	ブタイ	2225	名詞,普通名詞,一般,*,*,*
教育	キョウイク	2226	名詞,普通名詞,サ変可能,*,*,*
生	ナマ	2227	名詞,普通名詞,形状詞可能,*,*,*
返る	カエル	2228	動詞,一般,*,*,五段-ラ行,終止形-一般
ものである	モノデアル	2229	名詞+助動詞+動詞
機械	キカイ	2230	名詞,普通名詞,一般,*,*,*
にて	ニテ	2231	助詞,格助詞,*,*,*,*
細かい	コマカイ	2232	形容詞,一般,*,*,形容詞,終止形-一般
ったら	ッタラ	2233	助詞,副助詞,*,*,*,*
だからって	ダカラッテ	2234	助動詞+助詞+助詞
徐々に	ジョジョニ	2235	名詞+助詞
田	タ	2236	名詞,普通名詞,一般,*,*,*
最低	サイテイ	2237	名詞,普通名詞,形状詞可能,*,*,*
発表	ハッピョウ	2238	名詞,普通名詞,サ変可能,*,*,*
施設	シセツ	2239	名詞,普通名詞,サ変可能,*,*,*
恋愛	レンアイ	2240	名詞,普通名詞,サ変可能,*,*,*
三つ	ミッツ	2241	名詞+接尾辞
品	ヒン	2242	名詞,普通名詞,助数詞可能,*,*,*
法	ホウ	2243	名詞,普通名詞,一般,*,*,*
集団	シュウダン	2244	名詞,普通名詞,一般,*,*,*
脳	ノウ	2245	名詞,普通名詞,一般,*,*,*
太い	フトイ	2246	形容詞,一般,*,*,形容詞,終止形-一般
夫婦	フウフ	2247	名詞,普通名詞,一般,*,*,*
浮く	ウク	2248	動詞,一般,*,*,五段-カ行,終止形-一般
顔を出す	カオヲダス	2249	名詞+助詞+動詞
おっと	オット	2250	感動詞,一般,*,*,*,*
千	セン	2251	名詞,固有名詞,人名,名,*,*
渡る	ワタル	2252	動詞,非自立可能,*,*,五段-ラ行,終止形-一般
かまう	カマウ	2253	動詞,一般,*,*,五段-ワア行,終止形-一般
指摘	シテキ	2254	名詞,普通名詞,サ変可能,*,*,*
隅	スミ	2255	名詞,普通名詞,一般,*,*,*
圧倒的	アットウテキ	2256	名詞,普通名詞,形状詞可能,*,*,*
招く	マネク	2257	動詞,一般,*,*,五段-カ行,終止形-一般
うまくいく	ウマクイク	2258	形容詞+動詞
具体的	グタイテキ	2259	名詞,普通名詞,形状詞可能,*,*,*
監視	カンシ	2260	名詞,普通名詞,サ変可能,*,*,*
喜び	ヨロコビ	2261	名詞,普通名詞,一般,*,*,*
ルール	ルール	2262	名詞,普通名詞,一般,*,*,*
生きていく	イキテイク	2263	動詞+助詞+動詞
声を出す	コエヲダス	2264	名詞+助詞+動詞
譲る	ユズル	2265	動詞,一般,*,*,五段-ラ行,終止形-一般
派	ハ	2266	名詞,普通名詞,一般,*,*,*
男女	ダンジョ	2267	名詞,普通名詞,一般,*,*,*
仲	ナカ	2268	名詞,普通名詞,一般,*,*,*
最中	サイチュウ	2269	名詞,普通名詞,副詞可能,*,*,*
交渉	コウショウ	2270	名詞,普通名詞,サ変可能,*,*,*
内部	ナイブ	2271	名詞,普通名詞,一般,*,*,*
時に	トキニ	2272	名詞+助詞
波	ナミ	2273	名詞,普通名詞,一般,*,*,*
実家	ジッカ	2274	名詞,普通名詞,一般,*,*,*
説得	セットク	2275	名詞,普通名詞,サ変可能,*,*,*
会場	カイジョウ	2276	名詞,普通名詞,一般,*,*,*
ある程度	アルテイド	2277	連体詞+名詞
１つ	ヒトツ	2278	名詞+接尾辞
結論	ケツロン	2279	名詞,普通名詞,サ変可能,*,*,*
被害	ヒガイ	2280	名詞,普通名詞,一般,*,*,*
逃がす	ニガス	2281	動詞,一般,*,*,五段-サ行,終止形-一般
素早い	スバヤイ	2282	形容詞,一般,*,*,形容詞,終止形-一般
間もない	マモナイ	2283	名詞+助詞+形容詞
とっくに	トックニ	2284	名詞+助詞
書類	ショルイ	2285	名詞,普通名詞,一般,*,*,*
必要ない	ヒツヨウナイ	2286	名詞+形容詞
共に	トモニ	2287	名詞+助詞
というのも	トイウノモ	2288	助詞+動詞+助詞+助詞
半ば	ナカバ	2289	名詞,普通名詞,副詞可能,*,*,*
何もかも	ナニモカモ	2290	代名詞+助詞+代名詞+助詞
浴びる	アビル	2291	動詞,一般,*,*,上一段-バ行,終止形-一般
望み	ノゾミ	2292	名詞,普通名詞,一般,*,*,*
生える	ハエル	2293	動詞,一般,*,*,下一段-ア行,終止形-一般
導く	ミチビク	2294	動詞,一般,*,*,五段-カ行,終止形-一般
個人	コジン	2295	名詞,普通名詞,一般,*,*,*
代表	ダイヒョウ	2296	名詞,普通名詞,サ変可能,*,*,*
放っておく	ホウッテオク	2297	動詞+助詞+動詞
治療	チリョウ	2298	名詞,普通名詞,サ変可能,*,*,*
直前	チョクゼン	2299	名詞,普通名詞,副詞可能,*,*,*
悟る	サトル	2300	動詞,一般,*,*,五段-ラ行,終止形-一般
操作	ソウサ	2302	名詞,普通名詞,サ変可能,*,*,*
ほっと	ホット	2303	副詞,*,*,*,*,*
岩	イワ	2304	名詞,普通名詞,一般,*,*,*
やる気	ヤルキ	2305	名詞,普通名詞,一般,*,*,*
単に	タンニ	2306	副詞,*,*,*,*,*
感想	カンソウ	2307	名詞,普通名詞,一般,*,*,*
割れる	ワレル	2308	動詞,一般,*,*,下一段-ラ行,終止形-一般
ものすごい	モノスゴイ	2309	形容詞,一般,*,*,形容詞,終止形-一般
狂う	クルウ	2310	動詞,一般,*,*,五段-ワア行,終止形-一般
下ろす	オロス	2311	動詞,一般,*,*,五段-サ行,終止形-一般
礼	レイ	2312	名詞,普通名詞,一般,*,*,*
積む	ツム	2313	動詞,一般,*,*,五段-マ行,終止形-一般
生み出す	ウミダス	2314	動詞,一般,*,*,五段-サ行,終止形-一般
容赦	ヨウシャ	2315	名詞,普通名詞,サ変可能,*,*,*
そうすれば	ソウスレバ	2316	副詞+動詞+助詞
お客さん	オキャクサン	2317	名詞,普通名詞,一般,*,*,*
あっという間に	アットイウマニ	2318	感動詞+助詞+動詞+名詞+助詞
整う	トトノウ	2319	動詞,一般,*,*,五段-ワア行,終止形-一般
稼ぐ	カセグ	2320	動詞,一般,*,*,五段-ガ行,終止形-一般
親しい	シタシイ	2321	形容詞,一般,*,*,形容詞,終止形-一般
とのこと	トノコト	2322	助詞+助詞+名詞
映像	エイゾウ	2323	名詞,普通名詞,一般,*,*,*
残念ながら	ザンネンナガラ	2324	形状詞+助詞
会議	カイギ	2325	名詞,普通名詞,サ変可能,*,*,*
持っていく	モッテイク	2326	動詞+助詞+動詞
去年	キョネン	2327	名詞,普通名詞,副詞可能,*,*,*
夢中	ムチュウ	2328	形状詞,一般,*,*,*,*
うえ	ウエ	2329	名詞,普通名詞,副詞可能,*,*,*
反省	ハンセイ	2330	名詞,普通名詞,サ変可能,*,*,*
よほど	ヨホド	2331	副詞,*,*,*,*,*
捉える	トラエル	2332	動詞,一般,*,*,下一段-ア行,終止形-一般
接する	セッスル	2333	動詞,一般,*,*,サ行変格,終止形-一般
資料	シリョウ	2334	名詞,普通名詞,一般,*,*,*
ときには	トキニハ	2335	名詞+助詞+助詞
正面	ショウメン	2336	名詞,普通名詞,一般,*,*,*
この間	コノアイダ	2337	連体詞+名詞
厄介	ヤッカイ	2338	名詞,普通名詞,形状詞可能,*,*,*
預かる	アズカル	2339	動詞,一般,*,*,五段-ラ行,終止形-一般
増やす	フヤス	2340	動詞,一般,*,*,五段-サ行,終止形-一般
時計	トケイ	2341	名詞,普通名詞,一般,*,*,*
鳴らす	ナラス	2342	動詞,一般,*,*,五段-サ行,終止形-一般
煙	ケムリ	2343	名詞,普通名詞,一般,*,*,*
交わす	カワス	2344	動詞,非自立可能,*,*,五段-サ行,終止形-一般
達する	タッスル	2345	動詞,一般,*,*,サ行変格,終止形-一般
どうにも	ドウニモ	2346	副詞+助詞+助詞
歯	ハ	2347	名詞,普通名詞,一般,*,*,*
だったり	ダッタリ	2348	助動詞+助詞
休み	ヤスミ	2349	名詞,普通名詞,一般,*,*,*
移す	ウツス	2350	動詞,一般,*,*,五段-サ行,終止形-一般
いかん	イカン	2351	動詞+助動詞
誓う	チカウ	2352	動詞,一般,*,*,五段-ワア行,終止形-一般
おいで	オイデ	2353	接頭辞+動詞
つながる	ツナガル	2354	動詞,一般,*,*,五段-ラ行,終止形-一般
に対し	ニタイシ	2355	助詞+動詞
久しぶりに	ヒサシブリニ	2356	名詞+助詞
休憩	キュウケイ	2357	名詞,普通名詞,サ変可能,*,*,*
重なる	カサナル	2358	動詞,一般,*,*,五段-ラ行,終止形-一般
異なる	コトナル	2359	動詞,一般,*,*,五段-ラ行,終止形-一般
段階	ダンカイ	2360	名詞,普通名詞,一般,*,*,*
逃れる	ノガレル	2361	動詞,一般,*,*,下一段-ラ行,終止形-一般
もういい	モウイイ	2362	副詞+形容詞
もと	モト	2363	名詞,普通名詞,一般,*,*,*
登場	トウジョウ	2364	名詞,普通名詞,サ変可能,*,*,*
伏せる	フセル	2365	動詞,一般,*,*,五段-ラ行,終止形-一般
周辺	シュウヘン	2366	名詞,普通名詞,一般,*,*,*
目を覚ます	メヲサマス	2367	名詞+助詞+動詞
人数	ニンズウ	2368	名詞,普通名詞,一般,*,*,*
移る	ウツル	2369	動詞,一般,*,*,五段-ラ行,終止形-一般
落ち込む	オチコム	2370	動詞,一般,*,*,五段-マ行,終止形-一般
気にしない	キニシナイ	2371	名詞+助詞+動詞+助動詞
設定	セッテイ	2372	名詞,普通名詞,サ変可能,*,*,*
一回	イッカイ	2373	名詞,普通名詞,一般,*,*,*
辞める	ヤメル	2374	動詞,一般,*,*,下一段-マ行,終止形-一般
侵入	シンニュウ	2375	名詞,普通名詞,サ変可能,*,*,*
世間	セケン	2376	名詞,普通名詞,一般,*,*,*
仕方	シカタ	2377	名詞,普通名詞,一般,*,*,*
居場所	イバショ	2378	名詞,普通名詞,一般,*,*,*
互いに	タガイニ	2379	名詞+助詞
盛り上がる	モリアガル	2380	動詞,一般,*,*,五段-ラ行,終止形-一般
発	ハツ	2381	接尾辞,名詞的,一般,*,*,*
都合	ツゴウ	2382	名詞,普通名詞,一般,*,*,*
だんだん	ダンダン	2383	副詞,*,*,*,*,*
おや	オヤ	2384	感動詞,一般,*,*,*,*
んな	ンナ	2385	連体詞,*,*,*,*,*
盗む	ヌスム	2386	動詞,一般,*,*,五段-マ行,終止形-一般
お世話になる	オセワニナル	2387	名詞+助詞+動詞
処理	ショリ	2388	名詞,普通名詞,サ変可能,*,*,*
絡む	カラム	2389	動詞,一般,*,*,五段-マ行,終止形-一般
号	ゴウ	2390	名詞,普通名詞,助数詞可能,*,*,*
内側	ウチガワ	2391	名詞,普通名詞,一般,*,*,*
もう一人	モウヒトリ	2392	副詞+名詞
無意識	ムイシキ	2393	名詞,普通名詞,形状詞可能,*,*,*
湧く	ワク	2394	動詞,一般,*,*,五段-カ行,終止形-一般
年間	ネンカン	2395	名詞,普通名詞,助数詞可能,*,*,*
奇跡	キセキ	2396	名詞,普通名詞,一般,*,*,*
こりゃ	コリャ	2397	代名詞,*,*,*,*,*
治る	ナオル	2398	動詞,一般,*,*,五段-ラ行,終止形-一般
医者	イシャ	2399	名詞,普通名詞,一般,*,*,*
手に入る	テニハイル	2400	名詞+助詞+動詞
強力	キョウリョク	2401	形状詞,一般,*,*,*,*
一時	イチジ	2402	名詞+名詞
一週間	イッシュウカン	2403	名詞+名詞
接触	セッショク	2404	名詞,普通名詞,サ変可能,*,*,*
お話し	オハナシ	2405	接頭辞+動詞
屋根	ヤネ	2406	名詞,普通名詞,一般,*,*,*
自分自身	ジブンジシン	2407	名詞,普通名詞,一般,*,*,*
各	カク	2408	接頭辞,*,*,*,*,*
個	コ	2409	名詞,普通名詞,一般,*,*,*
同意	ドウイ	2410	名詞,普通名詞,サ変可能,*,*,*
角	カド	2411	名詞,普通名詞,一般,*,*,*
覚え	オボエ	2412	動詞,一般,*,*,下一段-ア行,連用形-一般
実感	ジッカン	2413	名詞,普通名詞,サ変可能,*,*,*
公園	コウエン	2414	名詞,普通名詞,一般,*,*,*
無	ム	2415	名詞,普通名詞,一般,*,*,*
ですら	デスラ	2416	接続詞+助詞
かつ	カツ	2417	接続詞,*,*,*,*,*
計算	ケイサン	2418	名詞,普通名詞,サ変可能,*,*,*
いまだ	イマダ	2419	副詞,*,*,*,*,*
大声	オオゴエ	2420	名詞,普通名詞,一般,*,*,*
乱暴	ランボウ	2421	名詞,普通名詞,サ変形状詞可能,*,*,*
荒い	アライ	2422	形容詞,一般,*,*,形容詞,終止形-一般
基本	キホン	2423	名詞,普通名詞,一般,*,*,*
世	ヨ	2424	名詞,普通名詞,一般,*,*,*
縁	エン	2425	名詞,普通名詞,一般,*,*,*
なるべく	ナルベク	2426	副詞,*,*,*,*,*
詰まる	ツマル	2427	動詞,一般,*,*,五段-ラ行,終止形-一般
三日	ミッカ	2428	名詞+接尾辞
加わる	クワワル	2429	動詞,一般,*,*,五段-ラ行,終止形-一般
さっぱり	サッパリ	2430	形状詞,一般,*,*,*,*
縛る	シバル	2431	動詞,一般,*,*,五段-ラ行,終止形-一般
何年	ナンネン	2432	名詞+名詞
強化	キョウカ	2433	名詞,普通名詞,サ変可能,*,*,*
データ	データ	2434	名詞,普通名詞,一般,*,*,*
謝罪	シャザイ	2435	名詞,普通名詞,サ変可能,*,*,*
いちいち	イチイチ	2436	名詞,普通名詞,副詞可能,*,*,*
登る	ノボル	2437	動詞,一般,*,*,五段-ラ行,終止形-一般
一斉に	イッセイニ	2438	名詞+助詞
ぜひ	ゼヒ	2439	副詞,*,*,*,*,*
材料	ザイリョウ	2440	名詞,普通名詞,一般,*,*,*
しようとする	シヨウトスル	2441	動詞+助詞+動詞
ちょうだい	チョウダイ	2442	名詞,普通名詞,サ変可能,*,*,*
掲げる	カカゲル	2443	動詞,一般,*,*,下一段-ガ行,連体形-一般
常識	ジョウシキ	2444	名詞,普通名詞,一般,*,*,*
権利	ケンリ	2445	名詞,普通名詞,一般,*,*,*
昼間	ヒルマ	2446	名詞,普通名詞,副詞可能,*,*,*
合図	アイズ	2447	名詞,普通名詞,サ変可能,*,*,*
飾る	カザル	2448	動詞,一般,*,*,五段-ラ行,終止形-一般
ホテル	ホテル	2449	名詞,普通名詞,一般,*,*,*
誰でも	ダレデモ	2450	代名詞+助詞+助詞
だっけ	ダッケ	2451	助動詞+助詞
両	リョウ	2452	名詞,普通名詞,一般,*,*,*
意図	イト	2453	名詞,普通名詞,サ変可能,*,*,*
一生懸命	イッショウケンメイ	2454	名詞,普通名詞,一般,*,*,*
つまらない	ツマラナイ	2455	動詞+助動詞
溶ける	トケル	2456	動詞,一般,*,*,下一段-カ行,終止形-一般
運動	ウンドウ	2457	名詞,普通名詞,サ変可能,*,*,*
見逃す	ミノガス	2458	動詞,一般,*,*,五段-サ行,終止形-一般
もたらす	モタラス	2459	動詞,一般,*,*,五段-サ行,終止形-一般
負う	オウ	2460	動詞,一般,*,*,五段-ワア行,終止形-一般
正式	セイシキ	2461	形状詞,一般,*,*,*,*
どうかした	ドウカシタ	2462	副詞+助詞+動詞+助動詞
実	ジツ	2463	名詞,普通名詞,一般,*,*,*
何人	ナンニン	2464	名詞,普通名詞,一般,*,*,*
とうとう	トウトウ	2465	形状詞,タリ,*,*,*,*
市	シ	2466	名詞,普通名詞,一般,*,*,*
いくつも	イクツモ	2467	名詞+助詞
以下	イカ	2468	名詞,普通名詞,一般,*,*,*
貴重	キチョウ	2469	形状詞,一般,*,*,*,*
放す	ハナス	2470	動詞,一般,*,*,五段-サ行,終止形-一般
通常	ツウジョウ	2471	名詞,普通名詞,副詞可能,*,*,*
上る	ノボル	2472	動詞,一般,*,*,五段-ラ行,終止形-一般
禁止	キンシ	2473	名詞,普通名詞,サ変可能,*,*,*
実験	ジッケン	2474	名詞,普通名詞,サ変可能,*,*,*
約	ヤク	2475	接頭辞,*,*,*,*,*
してやる	シテヤル	2476	動詞+助詞+動詞
晴れる	ハレル	2477	動詞,一般,*,*,下一段-ラ行,終止形-一般
遊び	アソビ	2478	名詞,普通名詞,一般,*,*,*
連続	レンゾク	2479	名詞,普通名詞,サ変形状詞可能,*,*,*
狙い	ネライ	2480	名詞,普通名詞,一般,*,*,*
ページ	ページ	2481	名詞,普通名詞,助数詞可能,*,*,*
たとえば	タトエバ	2482	副詞,*,*,*,*,*
くだる	クダル	2483	動詞,一般,*,*,五段-ラ行,終止形-一般
産む	ウム	2484	動詞,一般,*,*,五段-マ行,終止形-一般
力強い	チカラヅヨイ	2485	形容詞,一般,*,*,形容詞,終止形-一般
注文	チュウモン	2486	名詞,普通名詞,サ変可能,*,*,*
どこにも	ドコニモ	2487	代名詞+助詞+助詞
とすると	トスルト	2488	助詞+動詞+助詞
倍	バイ	2489	名詞,普通名詞,助数詞可能,*,*,*
野	ノ	2490	名詞,普通名詞,一般,*,*,*
乗り込む	ノリコム	2491	動詞,一般,*,*,五段-マ行,終止形-一般
というと	トイウト	2492	助詞+動詞+助詞
同情	ドウジョウ	2493	名詞,普通名詞,サ変可能,*,*,*
楽しみにする	タノシミニスル	2494	名詞+助詞+動詞
こなす	コナス	2495	動詞,非自立可能,*,*,五段-サ行,終止形-一般
秋	アキ	2496	名詞,普通名詞,副詞可能,*,*,*
尊敬	ソンケイ	2497	名詞,普通名詞,サ変可能,*,*,*
復活	フッカツ	2498	名詞,普通名詞,サ変可能,*,*,*
上手	ジョウズ	2499	形状詞,一般,*,*,*,*
における	ニオケル	2500	助詞+動詞+助動詞
中	ジュウ	2501	名詞,普通名詞,副詞可能,*,*,*
大	オオ	2502	接頭辞,*,*,*,*,*
生	セイ	2503	名詞,普通名詞,形状詞可能,*,*,*
聴く	キク	2504	動詞,一般,*,*,五段-カ行,終止形-一般
ごく	ゴク	2505	副詞,*,*,*,*,*
解ける	トケル	2506	動詞,一般,*,*,下一段-カ行,終止形-一般
おとなしい	オトナシイ	2507	形容詞,一般,*,*,形容詞,終止形-一般
手足	テアシ	2508	名詞,普通名詞,一般,*,*,*
野菜	ヤサイ	2509	名詞,普通名詞,一般,*,*,*
だもの	ダモノ	2510	助動詞+助詞
となれば	トナレバ	2511	助詞+動詞+助詞
尽くす	ツクス	2512	動詞,非自立可能,*,*,五段-サ行,終止形-一般
整理	セイリ	2513	名詞,普通名詞,サ変可能,*,*,*
日常	ニチジョウ	2514	名詞,普通名詞,副詞可能,*,*,*
好み	コノミ	2515	名詞,普通名詞,一般,*,*,*
どこまでも	ドコマデモ	2516	代名詞+助詞+助詞
汚れる	ヨゴレル	2517	動詞,一般,*,*,下一段-ラ行,終止形-一般
泊まる	トマル	2518	動詞,一般,*,*,五段-ラ行,終止形-一般
放置	ホウチ	2519	名詞,普通名詞,サ変可能,*,*,*
対策	タイサク	2520	名詞,普通名詞,一般,*,*,*
食べ物	タベモノ	2521	名詞,普通名詞,一般,*,*,*
何でもない	ナンデモナイ	2522	代名詞+助詞+助詞+形容詞
いかに	イカニ	2523	副詞,*,*,*,*,*
ごとに	ゴトニ	2524	名詞+助詞
そっくり	ソックリ	2525	形状詞,一般,*,*,*,*
複数	フクスウ	2526	名詞,普通名詞,一般,*,*,*
いいね	イイネ	2527	形容詞+助詞
過ぎ	スギ	2528	動詞,非自立可能,*,*,上一段-ガ行,連用形-一般
浅い	アサイ	2529	形容詞,一般,*,*,形容詞,終止形-一般
若者	ワカモノ	2530	名詞,普通名詞,一般,*,*,*
呼びかける	ヨビカケル	2531	動詞,一般,*,*,下一段-カ行,終止形-一般
嫉妬	シット	2532	名詞,普通名詞,サ変可能,*,*,*
眠い	ネムイ	2533	形容詞,一般,*,*,形容詞,終止形-一般
拭く	フク	2534	動詞,一般,*,*,五段-カ行,終止形-一般
理想	リソウ	2535	名詞,普通名詞,一般,*,*,*
手前	テマエ	2536	名詞,普通名詞,一般,*,*,*
優先	ユウセン	2537	名詞,普通名詞,サ変可能,*,*,*
づらい	ヅライ	2538	接尾辞,形容詞的,*,*,形容詞,終止形-一般
活躍	カツヤク	2539	名詞,普通名詞,サ変可能,*,*,*
と言っても	トイッテモ	2540	助詞+動詞+助詞+助詞
発揮	ハッキ	2541	名詞,普通名詞,サ変可能,*,*,*
半年	ハントシ	2542	名詞,普通名詞,副詞可能,*,*,*
のんびり	ノンビリ	2543	副詞,*,*,*,*,*
話し合う	ハナシアウ	2544	動詞,一般,*,*,五段-ワア行,終止形-一般
交換	コウカン	2545	名詞,普通名詞,サ変可能,*,*,*
いったん	イッタン	2546	副詞,*,*,*,*,*
痛む	イタム	2547	動詞,一般,*,*,五段-マ行,終止形-一般
向き合う	ムキアウ	2548	動詞,一般,*,*,五段-ワア行,終止形-一般
近寄る	チカヨル	2549	動詞,一般,*,*,五段-ラ行,終止形-一般
開発	カイハツ	2550	名詞,普通名詞,サ変可能,*,*,*
逆らう	サカラウ	2551	動詞,一般,*,*,五段-ワア行,終止形-一般
拍手	ハクシュ	2552	名詞,普通名詞,サ変可能,*,*,*
柱	ハシラ	2553	名詞,普通名詞,一般,*,*,*
種	クサ	2554	名詞,普通名詞,助数詞可能,*,*,*
がたい	ガタイ	2555	名詞,普通名詞,一般,*,*,*
によると	ニヨルト	2556	助詞+動詞+助詞
その先	ソノサキ	2557	連体詞+名詞
単なる	タンナル	2558	連体詞,*,*,*,*,*
気味	キミ	2559	名詞,普通名詞,一般,*,*,*
でさえ	デサエ	2560	接続詞+助詞
犠牲	ギセイ	2561	名詞,普通名詞,一般,*,*,*
どおり	ドオリ	2562	名詞,普通名詞,助数詞可能,*,*,*
訪ねる	タズネル	2563	動詞,一般,*,*,下一段-ナ行,終止形-一般
引き受ける	ヒキウケル	2564	動詞,一般,*,*,下一段-カ行,終止形-一般
詰める	ツメル	2565	動詞,一般,*,*,下一段-マ行,終止形-一般
資格	シカク	2566	名詞,普通名詞,一般,*,*,*
チェック	チェック	2567	名詞,普通名詞,サ変可能,*,*,*
に似て	ニニテ	2568	助詞+動詞+助詞
ある日	アルヒ	2569	連体詞+名詞
玉	タマ	2570	名詞,普通名詞,助数詞可能,*,*,*
愚か	オロカ	2571	形状詞,一般,*,*,*,*
せいぜい	セイゼイ	2572	副詞,*,*,*,*,*
癖	クセ	2573	名詞,普通名詞,一般,*,*,*
散る	チル	2574	動詞,一般,*,*,五段-ラ行,終止形-一般
維持	イジ	2575	名詞,普通名詞,サ変可能,*,*,*
よっぽど	ヨッポド	2576	副詞,*,*,*,*,*
案外	アンガイ	2577	副詞,*,*,*,*,*
散歩	サンポ	2578	名詞,普通名詞,サ変可能,*,*,*
注目	チュウモク	2579	名詞,普通名詞,サ変可能,*,*,*
お互いに	オタガイニ	2580	接頭辞+名詞+助詞
時間がかかる	ジカンガカカル	2581	名詞+助詞+動詞
今のところ	イマノトコロ	2582	名詞+助詞+名詞
両方	リョウホウ	2583	名詞,普通名詞,一般,*,*,*
便利	ベンリ	2584	名詞,普通名詞,形状詞可能,*,*,*
きく	キク	2585	名詞,普通名詞,一般,*,*,*
かねない	カネナイ	2586	接尾辞+助動詞
代わる	カワル	2587	動詞,一般,*,*,五段-ラ行,終止形-一般
不自然	フシゼン	2588	名詞,普通名詞,形状詞可能,*,*,*
どのよう	ドノヨウ	2589	連体詞+形状詞
転ぶ	コロブ	2590	動詞,一般,*,*,五段-バ行,終止形-一般
恨む	ウラム	2591	動詞,一般,*,*,五段-マ行,終止形-一般
まいる	マイル	2592	動詞,非自立可能,*,*,五段-ラ行,終止形-一般
一般	イッパン	2593	名詞,普通名詞,一般,*,*,*
乱れる	ミダレル	2594	動詞,一般,*,*,下一段-ラ行,終止形-一般
前後	ゼンゴ	2595	名詞,普通名詞,副詞可能,*,*,*
どうしたん	ドウシタン	2596	副詞+動詞+助動詞+助詞
までもない	マデモナイ	2597	感動詞+助詞+助詞+形容詞
生じる	ショウジル	2598	動詞,一般,*,*,上一段-ザ行,終止形-一般
伺う	ウカガウ	2599	動詞,一般,*,*,五段-ワア行,終止形-一般
聞かす	キカス	2600	動詞,一般,*,*,五段-サ行,終止形-一般
以降	イコウ	2601	名詞,普通名詞,副詞可能,*,*,*
引きずる	ヒキズル	2602	動詞,一般,*,*,五段-ラ行,終止形-一般
びっくりした	ビックリシタ	2603	名詞+動詞+助動詞
兄弟	キョウダイ	2604	名詞,普通名詞,一般,*,*,*
体験	タイケン	2605	名詞,普通名詞,サ変可能,*,*,*
ものになる	モノニナル	2606	名詞+助詞+動詞
自宅	ジタク	2607	名詞,普通名詞,一般,*,*,*
強烈	キョウレツ	2608	形状詞,一般,*,*,*,*
なさそう	ナサソウ	2609	形容詞+形状詞
電車	デンシャ	2610	名詞,普通名詞,一般,*,*,*
所属	ショゾク	2611	名詞,普通名詞,サ変可能,*,*,*
今では	イマデハ	2612	名詞+助詞+助詞
たび	タビ	2613	名詞,普通名詞,助数詞可能,*,*,*
ところへ	トコロヘ	2614	名詞+助詞
応じる	オウジル	2615	動詞,一般,*,*,上一段-ザ行,終止形-一般
陥る	オチイル	2616	動詞,一般,*,*,五段-ラ行,終止形-一般
始末	シマツ	2617	名詞,普通名詞,サ変可能,*,*,*
乾く	カワク	2618	動詞,一般,*,*,五段-カ行,終止形-一般
真ん中	マンナカ	2619	名詞,普通名詞,一般,*,*,*
ポイント	ポイント	2620	名詞,普通名詞,助数詞可能,*,*,*
旅行	リョコウ	2621	名詞,普通名詞,サ変可能,*,*,*
でして	デシテ	2622	接続詞+動詞+助詞
退屈	タイクツ	2623	名詞,普通名詞,サ変形状詞可能,*,*,*
指す	サス	2624	動詞,一般,*,*,五段-サ行,終止形-一般
除く	ノゾク	2625	動詞,一般,*,*,五段-カ行,終止形-一般
生命	セイメイ	2626	名詞,普通名詞,一般,*,*,*
手伝い	テツダイ	2627	名詞,普通名詞,一般,*,*,*
飽きる	アキル	2628	動詞,一般,*,*,上一段-カ行,終止形-一般
かぶる	カブル	2629	動詞,一般,*,*,五段-ラ行,終止形-一般
そのあと	ソノアト	2630	連体詞+名詞
魅力	ミリョク	2631	名詞,普通名詞,一般,*,*,*
乗り越える	ノリコエル	2632	動詞,一般,*,*,下一段-ア行,終止形-一般
役割	ヤクワリ	2633	名詞,普通名詞,一般,*,*,*
飯	メシ	2634	名詞,普通名詞,一般,*,*,*
犯す	オカス	2635	動詞,一般,*,*,五段-サ行,終止形-一般
葉	ハ	2636	名詞,普通名詞,一般,*,*,*
持ち主	モチヌシ	2637	名詞,普通名詞,一般,*,*,*
根	ネ	2638	名詞,普通名詞,一般,*,*,*
きっかけ	キッカケ	2639	名詞,普通名詞,一般,*,*,*
苦痛	クツウ	2640	名詞,普通名詞,形状詞可能,*,*,*
悲しみ	カナシミ	2641	名詞,普通名詞,一般,*,*,*
丸	マル	2642	名詞,普通名詞,一般,*,*,*
これら	コレラ	2643	代名詞+接尾辞
方々	カタガタ	2644	名詞,普通名詞,一般,*,*,*
もったいない	モッタイナイ	2645	名詞+形容詞
疑い	ウタガイ	2646	名詞,普通名詞,一般,*,*,*
危機	キキ	2647	名詞,普通名詞,一般,*,*,*
選択肢	センタクシ	2648	名詞,普通名詞,一般,*,*,*
特徴	トクチョウ	2649	名詞,普通名詞,一般,*,*,*
汚い	キタナイ	2650	形容詞,一般,*,*,形容詞,終止形-一般
停止	テイシ	2651	名詞,普通名詞,サ変可能,*,*,*
一杯	イッパイ	2652	名詞+名詞
くっつく	クッツク	2653	動詞,一般,*,*,五段-カ行,終止形-一般
伴う	トモナウ	2654	動詞,一般,*,*,五段-ワア行,終止形-一般
変更	ヘンコウ	2655	名詞,普通名詞,サ変可能,*,*,*
に比べ	ニクラベ	2656	助詞+動詞
数える	カゾエル	2657	動詞,一般,*,*,下一段-ア行,終止形-一般
ゼロ	ゼロ	2658	名詞,数詞,*,*,*,*
等	トウ	2659	接尾辞,名詞的,一般,*,*,*
挙げる	アゲル	2660	動詞,非自立可能,*,*,下一段-ガ行,終止形-一般
勘弁	カンベン	2661	名詞,普通名詞,サ変可能,*,*,*
事前	ジゼン	2662	名詞,普通名詞,一般,*,*,*
いっそ	イッソ	2663	副詞,*,*,*,*,*
とう	トウ	2664	名詞,普通名詞,一般,*,*,*
証	アカシ	2665	名詞,普通名詞,一般,*,*,*
跡	アト	2666	名詞,普通名詞,一般,*,*,*
実行	ジッコウ	2667	名詞,普通名詞,サ変可能,*,*,*
抜け出す	ヌケダス	2668	動詞,一般,*,*,五段-サ行,終止形-一般
相手にする	アイテニスル	2669	名詞+助詞+動詞
次第に	シダイニ	2670	名詞+助詞
勝ち	カチ	2671	名詞,普通名詞,一般,*,*,*
化	カ	2672	動詞,一般,*,*,下一段-カ行,連用形-一般
対	タイ	2673	名詞,普通名詞,一般,*,*,*
一方的	イッポウテキ	2674	名詞,普通名詞,形状詞可能,*,*,*
酔う	ヨウ	2675	動詞,一般,*,*,五段-ワア行,終止形-一般
ふう	フウ	2676	感動詞,一般,*,*,*,*
商品	ショウヒン	2677	名詞,普通名詞,一般,*,*,*
上下	ジョウゲ	2678	名詞,普通名詞,サ変可能,*,*,*
惜しい	オシイ	2679	形容詞,一般,*,*,形容詞,終止形-一般
おめでとう	オメデトウ	2680	感動詞,一般,*,*,*,*
下る	クダル	2681	動詞,一般,*,*,五段-ラ行,終止形-一般
かと思うと	カトオモウト	2682	助詞+助詞+動詞+助詞
初	ハツ	2683	名詞,普通名詞,一般,*,*,*
順調	ジュンチョウ	2684	形状詞,一般,*,*,*,*
優れる	スグレル	2685	動詞,一般,*,*,下一段-ラ行,終止形-一般
誇る	ホコル	2686	動詞,一般,*,*,五段-ラ行,終止形-一般
調整	チョウセイ	2687	名詞,普通名詞,サ変可能,*,*,*
対処	タイショ	2688	名詞,普通名詞,サ変可能,*,*,*
夢を見る	ユメヲミル	2689	名詞+助詞+動詞
二度	ニド	2690	名詞+名詞
困難	コンナン	2691	名詞,普通名詞,形状詞可能,*,*,*
グループ	グループ	2692	名詞,普通名詞,一般,*,*,*
バランス	バランス	2693	名詞,普通名詞,サ変可能,*,*,*
追加	ツイカ	2694	名詞,普通名詞,サ変可能,*,*,*
割る	ワル	2695	動詞,一般,*,*,五段-ラ行,終止形-一般
雇う	ヤトウ	2696	動詞,一般,*,*,五段-ワア行,終止形-一般
愛情	アイジョウ	2697	名詞,普通名詞,一般,*,*,*
がち	ガチ	2698	接尾辞,形状詞的,*,*,*,*
服装	フクソウ	2699	名詞,普通名詞,一般,*,*,*
スピード	スピード	2700	名詞,普通名詞,一般,*,*,*
主に	オモニ	2702	副詞,*,*,*,*,*
べく	ベク	2703	助動詞,*,*,*,文語助動詞-ベシ,連用形-一般
豊か	ユタカ	2704	形状詞,一般,*,*,*,*
悩み	ナヤミ	2705	名詞,普通名詞,一般,*,*,*
棚	タナ	2706	名詞,普通名詞,一般,*,*,*
あたる	アタル	2707	動詞,一般,*,*,五段-ラ行,終止形-一般
感じがする	カンジガスル	2708	名詞+助詞+動詞
を通して	ヲトオシテ	2709	助詞+動詞+助詞
この手	コノテ	2710	連体詞+名詞
保証	ホショウ	2711	名詞,普通名詞,サ変可能,*,*,*
設置	セッチ	2712	名詞,普通名詞,サ変可能,*,*,*
近所	キンジョ	2713	名詞,普通名詞,一般,*,*,*
再開	サイカイ	2714	名詞,普通名詞,サ変可能,*,*,*
ぴったり	ピッタリ	2715	形状詞,一般,*,*,*,*
疲れ	ツカレ	2716	名詞,普通名詞,一般,*,*,*
体調	タイチョウ	2717	名詞,普通名詞,一般,*,*,*
かなう	カナウ	2718	動詞,一般,*,*,五段-ワア行,終止形-一般
対する	タイスル	2719	動詞,一般,*,*,サ行変格,終止形-一般
どちらも	ドチラモ	2720	代名詞+助詞
容易	ヨウイ	2721	形状詞,一般,*,*,*,*
できるだけ	デキルダケ	2722	副詞,*,*,*,*,*
頭から	アタマカラ	2723	名詞+助詞
用いる	モチイル	2724	動詞,一般,*,*,上一段-ア行,終止形-一般
付近	フキン	2725	名詞,普通名詞,一般,*,*,*
筋	スジ	2726	名詞,普通名詞,助数詞可能,*,*,*
数字	スウジ	2727	名詞,普通名詞,一般,*,*,*
務める	ツトメル	2728	動詞,一般,*,*,下一段-マ行,連体形-一般
追い出す	オイダス	2729	動詞,一般,*,*,五段-サ行,終止形-一般
施す	ホドコス	2730	動詞,一般,*,*,五段-サ行,終止形-一般
叱る	シカル	2731	動詞,一般,*,*,五段-ラ行,終止形-一般
にしておく	ニシテオク	2732	助詞+動詞+助詞+動詞
要素	ヨウソ	2733	名詞,普通名詞,一般,*,*,*
安定	アンテイ	2734	名詞,普通名詞,サ変形状詞可能,*,*,*
およそ	オヨソ	2735	副詞,*,*,*,*,*
アメリカ	アメリカ	2736	名詞,固有名詞,地名,国,*,*
場面	バメン	2737	名詞,普通名詞,一般,*,*,*
一種	イッシュ	2738	名詞,普通名詞,一般,*,*,*
季節	キセツ	2739	名詞,普通名詞,一般,*,*,*
こもる	コモル	2740	動詞,一般,*,*,五段-ラ行,終止形-一般
添える	ソエル	2741	動詞,一般,*,*,下一段-ア行,終止形-一般
にもかかわらず	ニモカカワラズ	2742	助詞+助詞+動詞+助動詞
風景	フウケイ	2743	名詞,普通名詞,一般,*,*,*
かねる	カネル	2744	接尾辞,動詞的,*,*,下一段-ナ行,連体形-一般
しつこい	シツコイ	2745	形容詞,一般,*,*,形容詞,終止形-一般
新聞	シンブン	2746	名詞,普通名詞,一般,*,*,*
不明	フメイ	2747	名詞,普通名詞,形状詞可能,*,*,*
今頃	イマゴロ	2748	名詞,普通名詞,副詞可能,*,*,*
かわいそう	カワイソウ	2749	形状詞,一般,*,*,*,*
憎む	ニクム	2750	動詞,一般,*,*,五段-マ行,終止形-一般
積極的	セッキョクテキ	2751	名詞,普通名詞,形状詞可能,*,*,*
前回	ゼンカイ	2752	名詞,普通名詞,副詞可能,*,*,*
真の	シンノ	2753	名詞+助詞
成果	セイカ	2754	名詞,普通名詞,一般,*,*,*
に従って	ニシタガッテ	2755	助詞+動詞+助詞
収める	オサメル	2756	動詞,一般,*,*,下一段-マ行,終止形-一般
必要とする	ヒツヨウトスル	2757	名詞+助詞+動詞
保護	ホゴ	2758	名詞,普通名詞,サ変可能,*,*,*
成立	セイリツ	2759	名詞,普通名詞,サ変可能,*,*,*
日本人	ニホンジン	2760	名詞,普通名詞,一般,*,*,*
下す	クダス	2761	動詞,一般,*,*,五段-サ行,終止形-一般
申し上げる	モウシアゲル	2762	動詞,一般,*,*,下一段-ガ行,終止形-一般
あちら	アチラ	2763	代名詞,*,*,*,*,*
評判	ヒョウバン	2764	名詞,普通名詞,一般,*,*,*
一面	イチメン	2765	名詞+名詞
関係者	カンケイシャ	2766	名詞,普通名詞,一般,*,*,*
ふさわしい	フサワシイ	2767	形容詞,一般,*,*,形容詞,終止形-一般
個人的	コジンテキ	2768	名詞,普通名詞,形状詞可能,*,*,*
うそ	ウソ	2769	名詞,普通名詞,一般,*,*,*
生かす	イカス	2770	動詞,一般,*,*,五段-サ行,終止形-一般
いつから	イツカラ	2771	代名詞+助詞
入り込む	ハイリコム	2772	動詞,一般,*,*,五段-マ行,終止形-一般
年上	トシウエ	2773	名詞,普通名詞,一般,*,*,*
最終的	サイシュウテキ	2774	名詞,普通名詞,形状詞可能,*,*,*
拒否	キョヒ	2775	名詞,普通名詞,サ変可能,*,*,*
セット	セット	2776	名詞,普通名詞,サ変可能,*,*,*
家庭	カテイ	2777	名詞,普通名詞,一般,*,*,*
明確	メイカク	2778	形状詞,一般,*,*,*,*
特定	トクテイ	2779	名詞,普通名詞,サ変可能,*,*,*
出てくる	デテクル	2780	動詞+助詞+動詞
はるか	ハルカ	2781	形状詞,一般,*,*,*,*
そういうもの	ソウイウモノ	2782	副詞+動詞+名詞
決断	ケツダン	2783	名詞,普通名詞,サ変可能,*,*,*
欠ける	カケル	2784	動詞,一般,*,*,下一段-カ行,終止形-一般
地位	チイ	2785	名詞,普通名詞,一般,*,*,*
想定	ソウテイ	2786	名詞,普通名詞,サ変可能,*,*,*
歓迎	カンゲイ	2787	名詞,普通名詞,サ変可能,*,*,*
曲がる	マガル	2788	動詞,一般,*,*,五段-ラ行,終止形-一般
たって	タッテ	2789	動詞+助詞
表面	ヒョウメン	2790	名詞,普通名詞,一般,*,*,*
不足	フソク	2791	名詞,普通名詞,サ変形状詞可能,*,*,*
でないと	デナイト	2792	接続詞+形容詞+助詞
２つ	フタツ	2793	名詞+接尾辞
近づける	チカヅケル	2794	動詞,一般,*,*,下一段-カ行,終止形-一般
提供	テイキョウ	2795	名詞,普通名詞,サ変可能,*,*,*
経過	ケイカ	2796	名詞,普通名詞,サ変可能,*,*,*
熱心	ネッシン	2797	形状詞,一般,*,*,*,*
出入り	デイリ	2798	名詞,普通名詞,サ変可能,*,*,*
処分	ショブン	2799	名詞,普通名詞,サ変可能,*,*,*
載る	ノル	2800	動詞,一般,*,*,五段-ラ行,終止形-一般
下	カ	2801	名詞,普通名詞,一般,*,*,*
載せる	ノセル	2803	動詞,一般,*,*,下一段-サ行,終止形-一般
規模	キボ	2804	名詞,普通名詞,一般,*,*,*
意味がある	イミガアル	2805	名詞+助詞+動詞
つまる	ツマル	2806	動詞,一般,*,*,五段-ラ行,終止形-一般
詳細	ショウサイ	2807	名詞,普通名詞,形状詞可能,*,*,*
何回	ナンカイ	2808	名詞,普通名詞,一般,*,*,*
うる	ウル	2809	動詞,非自立可能,*,*,下一段-ア行,終止形-一般
地域	チイキ	2810	名詞,普通名詞,一般,*,*,*
好む	コノム	2811	動詞,一般,*,*,五段-マ行,終止形-一般
悲しむ	カナシム	2812	動詞,一般,*,*,五段-マ行,終止形-一般
よす	ヨス	2813	動詞,一般,*,*,五段-サ行,終止形-一般
始まり	ハジマリ	2814	名詞,普通名詞,一般,*,*,*
親子	オヤコ	2815	名詞,普通名詞,一般,*,*,*
皮	カワ	2816	名詞,普通名詞,一般,*,*,*
備える	ソナエル	2817	動詞,一般,*,*,下一段-ア行,終止形-一般
持ち込む	モチコム	2818	動詞,一般,*,*,五段-マ行,終止形-一般
成績	セイセキ	2819	名詞,普通名詞,一般,*,*,*
指定	シテイ	2820	名詞,普通名詞,サ変可能,*,*,*
頼み	タノミ	2821	名詞,普通名詞,一般,*,*,*
中には	ナカニハ	2822	名詞+助詞+助詞
一見	イッケン	2823	名詞,普通名詞,サ変可能,*,*,*
固める	カタメル	2824	動詞,一般,*,*,下一段-マ行,終止形-一般
この中	コノナカ	2825	連体詞+名詞
地方	チホウ	2826	名詞,普通名詞,一般,*,*,*
世界中	セカイジュウ	2827	名詞,普通名詞,一般,*,*,*
念のため	ネンノタメ	2828	名詞+助詞+名詞
大事にする	ダイジニスル	2829	形状詞+助動詞+動詞
義務	ギム	2830	名詞,普通名詞,一般,*,*,*
世話	セワ	2831	名詞,普通名詞,サ変可能,*,*,*
肝心	カンジン	2832	形状詞,一般,*,*,*,*
見に行く	ミニイク	2833	動詞+助詞+動詞
塗る	ヌル	2834	動詞,一般,*,*,五段-ラ行,終止形-一般
なしに	ナシニ	2835	名詞+助詞
うっかり	ウッカリ	2836	名詞,普通名詞,副詞可能,*,*,*
対抗	タイコウ	2837	名詞,普通名詞,サ変可能,*,*,*
本格的	ホンカクテキ	2838	名詞,普通名詞,形状詞可能,*,*,*
身につける	ミニツケル	2839	名詞+助詞+動詞
模様	モヨウ	2840	名詞,普通名詞,一般,*,*,*
おしまい	オシマイ	2841	名詞,普通名詞,一般,*,*,*
発展	ハッテン	2842	名詞,普通名詞,サ変可能,*,*,*
キロ	キロ	2843	名詞,普通名詞,助数詞可能,*,*,*
記す	シルス	2844	動詞,一般,*,*,五段-サ行,終止形-一般
作り	ツクリ	2845	名詞,普通名詞,一般,*,*,*
ところから	トコロカラ	2846	名詞+助詞
性質	セイシツ	2847	名詞,普通名詞,一般,*,*,*
どうしたらいい	ドウシタライイ	2848	副詞+動詞+助動詞+形容詞
慰める	ナグサメル	2849	動詞,一般,*,*,下一段-マ行,終止形-一般
いざ	イザ	2850	感動詞,一般,*,*,*,*
分かれる	ワカレル	2851	動詞,一般,*,*,下一段-ラ行,終止形-一般
代わり	カワリ	2852	名詞,普通名詞,一般,*,*,*
出会い	デアイ	2853	名詞,普通名詞,一般,*,*,*
座	ザ	2854	名詞,普通名詞,一般,*,*,*
入り	イリ	2855	名詞,普通名詞,一般,*,*,*
出身	シュッシン	2856	名詞,普通名詞,一般,*,*,*
案	アン	2857	名詞,普通名詞,一般,*,*,*
当初	トウショ	2858	名詞,普通名詞,副詞可能,*,*,*
実現	ジツゲン	2859	名詞,普通名詞,サ変可能,*,*,*
文化	ブンカ	2860	名詞,普通名詞,一般,*,*,*
変わり	カワリ	2861	名詞,普通名詞,一般,*,*,*
一定	イッテイ	2862	名詞,普通名詞,サ変形状詞可能,*,*,*
目に見える	メニミエル	2863	名詞+助詞+動詞
したる	シタル	2864	動詞+助動詞
教わる	オソワル	2865	動詞,一般,*,*,五段-ラ行,終止形-一般
引き出す	ヒキダス	2866	動詞,一般,*,*,五段-サ行,終止形-一般
かえって	カエッテ	2867	副詞,*,*,*,*,*
指導	シドウ	2868	名詞,普通名詞,サ変可能,*,*,*
深刻	シンコク	2869	形状詞,一般,*,*,*,*
一般的	イッパンテキ	2870	名詞,普通名詞,形状詞可能,*,*,*
表す	アラワス	2871	動詞,一般,*,*,五段-サ行,終止形-一般
期間	キカン	2872	名詞,普通名詞,一般,*,*,*
じっくり	ジックリ	2873	副詞,*,*,*,*,*
築く	キズク	2874	動詞,一般,*,*,五段-カ行,終止形-一般
精神的	セイシンテキ	2875	名詞,普通名詞,形状詞可能,*,*,*
ほかに	ホカニ	2876	名詞+助詞
逃す	ノガス	2877	動詞,一般,*,*,五段-サ行,終止形-一般
極めて	キワメテ	2878	副詞,*,*,*,*,*
焼ける	ヤケル	2879	動詞,一般,*,*,下一段-カ行,終止形-一般
敷く	シク	2880	動詞,一般,*,*,五段-カ行,終止形-一般
負担	フタン	2881	名詞,普通名詞,サ変可能,*,*,*
方針	ホウシン	2882	名詞,普通名詞,一般,*,*,*
小学校	ショウガッコウ	2883	名詞,普通名詞,一般,*,*,*
争い	アラソイ	2884	名詞,普通名詞,一般,*,*,*
争う	アラソウ	2885	動詞,一般,*,*,五段-ワア行,終止形-一般
賛成	サンセイ	2886	名詞,普通名詞,サ変可能,*,*,*
経る	ヘル	2887	動詞,一般,*,*,下一段-ハ行,連体形-一般
姿を見せる	スガタヲミセル	2888	名詞+助詞+動詞
取り上げる	トリアゲル	2889	動詞,一般,*,*,下一段-ガ行,終止形-一般
というものは	トイウモノハ	2890	助詞+動詞+名詞+助詞
尽きる	ツキル	2891	動詞,一般,*,*,上一段-カ行,終止形-一般
新鮮	シンセン	2892	形状詞,一般,*,*,*,*
思い切る	オモイキル	2893	動詞,一般,*,*,五段-ラ行,終止形-一般
ものなら	モノナラ	2894	名詞+助動詞
持ち出す	モチダス	2895	動詞,一般,*,*,五段-サ行,終止形-一般
重大	ジュウダイ	2896	形状詞,一般,*,*,*,*
共有	キョウユウ	2897	名詞,普通名詞,サ変可能,*,*,*
勧める	ススメル	2898	動詞,一般,*,*,下一段-マ行,終止形-一般
いいところ	イイトコロ	2899	形容詞+名詞
暮らし	クラシ	2900	名詞,普通名詞,一般,*,*,*
日	ニチ	2901	名詞,普通名詞,副詞可能,*,*,*
外	ガイ	2902	名詞,普通名詞,一般,*,*,*
大切にする	タイセツニスル	2903	形状詞+助動詞+動詞
抗議	コウギ	2904	名詞,普通名詞,サ変可能,*,*,*
割	ワリ	2905	名詞,普通名詞,助数詞可能,*,*,*
解釈	カイシャク	2906	名詞,普通名詞,サ変可能,*,*,*
夜中	ヨナカ	2907	名詞,普通名詞,副詞可能,*,*,*
一致	イッチ	2908	名詞,普通名詞,サ変可能,*,*,*
健康	ケンコウ	2909	名詞,普通名詞,形状詞可能,*,*,*
大いに	オオイニ	2910	副詞,*,*,*,*,*
その他	ソノホカ	2911	連体詞+名詞
にやっ	ニヤッ	2912	副詞,*,*,*,*,*
余り	アマリ	2913	形状詞,一般,*,*,*,*
社	シャ	2914	名詞,普通名詞,助数詞可能,*,*,*
苦しみ	クルシミ	2915	名詞,普通名詞,一般,*,*,*
挑戦	チョウセン	2916	名詞,普通名詞,サ変可能,*,*,*
何十	ナンジュウ	2917	名詞,数詞,*,*,*,*
建てる	タテル	2918	動詞,一般,*,*,下一段-タ行,終止形-一般
高まる	タカマル	2919	動詞,一般,*,*,五段-ラ行,終止形-一般
よく言う	ヨクイウ	2920	副詞+動詞
毎年	マイトシ	2921	名詞,普通名詞,副詞可能,*,*,*
歩む	アユム	2922	動詞,一般,*,*,五段-マ行,終止形-一般
根拠	コンキョ	2923	名詞,普通名詞,一般,*,*,*
よそ	ヨソ	2924	名詞,普通名詞,一般,*,*,*
数々	カズカズ	2925	名詞,普通名詞,一般,*,*,*
午前	ゴゼン	2926	名詞,普通名詞,副詞可能,*,*,*
高める	タカメル	2927	動詞,一般,*,*,下一段-マ行,終止形-一般
余地	ヨチ	2928	名詞,普通名詞,一般,*,*,*
来年	ライネン	2929	名詞,普通名詞,副詞可能,*,*,*
足る	タル	2930	動詞,一般,*,*,五段-ラ行,終止形-一般
からには	カラニハ	2931	接続詞+助詞+助詞
利益	リエキ	2932	名詞,普通名詞,一般,*,*,*
つれる	ツレル	2933	動詞,一般,*,*,下一段-ラ行,終止形-一般
英語	エイゴ	2934	名詞,普通名詞,一般,*,*,*
最終	サイシュウ	2935	名詞,普通名詞,一般,*,*,*
中でも	ナカデモ	2936	名詞+助詞+助詞
厚い	アツイ	2937	形容詞,一般,*,*,形容詞,終止形-一般
改める	アラタメル	2938	動詞,一般,*,*,下一段-マ行,終止形-一般
ケース	ケース	2939	名詞,普通名詞,一般,*,*,*
悪くなる	ワルクナル	2940	形容詞+動詞
習う	ナラウ	2941	動詞,一般,*,*,五段-ワア行,終止形-一般
達成	タッセイ	2942	名詞,普通名詞,サ変可能,*,*,*
前提	ゼンテイ	2943	名詞,普通名詞,一般,*,*,*
帰す	カエス	2944	動詞,一般,*,*,五段-サ行,終止形-一般
減らす	ヘラス	2945	動詞,一般,*,*,五段-サ行,終止形-一般
つなぐ	ツナグ	2946	動詞,一般,*,*,五段-ガ行,終止形-一般
分析	ブンセキ	2947	名詞,普通名詞,サ変可能,*,*,*
ともに	トモニ	2948	名詞+助詞
役立つ	ヤクダツ	2949	動詞,一般,*,*,五段-タ行,終止形-一般
一時的	イチジテキ	2950	名詞,普通名詞,形状詞可能,*,*,*
長年	ナガネン	2951	名詞,普通名詞,副詞可能,*,*,*
よくある	ヨクアル	2952	副詞+動詞
生涯	ショウガイ	2953	名詞,普通名詞,副詞可能,*,*,*
大胆	ダイタン	2954	形状詞,一般,*,*,*,*
こうした	コウシタ	2955	副詞+動詞+助動詞
こだわる	コダワル	2956	動詞,一般,*,*,五段-ラ行,終止形-一般
共通	キョウツウ	2957	名詞,普通名詞,サ変形状詞可能,*,*,*
制限	セイゲン	2958	名詞,普通名詞,サ変可能,*,*,*
質	シツ	2959	名詞,普通名詞,一般,*,*,*
多数	タスウ	2960	名詞,普通名詞,副詞可能,*,*,*
さまざま	サマザマ	2961	形状詞,一般,*,*,*,*
定める	サダメル	2962	動詞,一般,*,*,下一段-マ行,終止形-一般
外出	ガイシュツ	2963	名詞,普通名詞,サ変可能,*,*,*
徹底的	テッテイテキ	2964	名詞,普通名詞,形状詞可能,*,*,*
比較的	ヒカクテキ	2965	名詞,普通名詞,形状詞可能,*,*,*
実際は	ジッサイハ	2966	名詞+助詞
まとまる	マトマル	2967	動詞,一般,*,*,五段-ラ行,終止形-一般
地元	ジモト	2968	名詞,普通名詞,一般,*,*,*
恵まれる	メグマレル	2969	動詞,一般,*,*,下一段-ラ行,終止形-一般
経営	ケイエイ	2970	名詞,普通名詞,サ変可能,*,*,*
中止	チュウシ	2971	名詞,普通名詞,サ変可能,*,*,*
検討	ケントウ	2972	名詞,普通名詞,サ変可能,*,*,*
働き	ハタラキ	2973	名詞,普通名詞,一般,*,*,*
引き上げる	ヒキアゲル	2974	動詞,一般,*,*,下一段-ガ行,終止形-一般
提出	テイシュツ	2975	名詞,普通名詞,サ変可能,*,*,*
非難	ヒナン	2976	名詞,普通名詞,サ変可能,*,*,*
数年	スウネン	2977	名詞+名詞
だく	ダク	2978	動詞,一般,*,*,五段-カ行,終止形-一般
よくなる	ヨクナル	2979	形容詞+動詞
強める	ツヨメル	2980	動詞,一般,*,*,下一段-マ行,終止形-一般
専門	センモン	2981	名詞,普通名詞,一般,*,*,*
海外	カイガイ	2982	名詞,普通名詞,一般,*,*,*
向け	ムケ	2983	動詞,一般,*,*,下一段-カ行,連用形-一般
行方	ユクエ	2984	名詞,普通名詞,一般,*,*,*
傾向	ケイコウ	2985	名詞,普通名詞,一般,*,*,*
ものにする	モノニスル	2986	名詞+助詞+動詞
以内	イナイ	2987	名詞,普通名詞,副詞可能,*,*,*
はじめ	ハジメ	2988	名詞,普通名詞,副詞可能,*,*,*
後半	コウハン	2989	名詞,普通名詞,副詞可能,*,*,*
関連	カンレン	2990	名詞,普通名詞,サ変可能,*,*,*
議論	ギロン	2991	名詞,普通名詞,サ変可能,*,*,*
拡大	カクダイ	2992	名詞,普通名詞,サ変可能,*,*,*
設ける	モウケル	2993	動詞,一般,*,*,下一段-カ行,終止形-一般
努める	ツトメル	2994	動詞,一般,*,*,下一段-マ行,終止形-一般
出席	シュッセキ	2995	名詞,普通名詞,サ変可能,*,*,*
全国	ゼンコク	2996	名詞,普通名詞,一般,*,*,*
背景	ハイケイ	2997	名詞,普通名詞,一般,*,*,*
基準	キジュン	2998	名詞,普通名詞,一般,*,*,*
どのように	ドノヨウニ	2999	連体詞+形状詞+助動詞
思うように	オモウヨウニ	3000	動詞+形状詞+助動詞
身近	ミヂカ	3002	形状詞,一般,*,*,*,*
幅	ハバ	3003	名詞,普通名詞,一般,*,*,*
強調	キョウチョウ	3004	名詞,普通名詞,サ変可能,*,*,*
見直す	ミナオス	3005	動詞,一般,*,*,五段-サ行,終止形-一般
占める	シメル	3006	動詞,一般,*,*,下一段-マ行,終止形-一般
はぁ	ハァ	3007	感動詞,一般,*,*,*,*
あたし	アタシ	3008	代名詞,*,*,*,*,*
魔法	マホウ	3009	名詞,普通名詞,一般,*,*,*
頷く	ウナズク	3010	動詞,一般,*,*,五段-カ行,終止形-一般
剣	ケン	3011	名詞,普通名詞,一般,*,*,*
呟く	ツブヤク	3012	動詞,一般,*,*,五段-カ行,終止形-一般
微笑む	ホホエム	3013	動詞,一般,*,*,五段-マ行,終止形-一般
ふふ	フフ	3014	感動詞,一般,*,*,*,*
撫でる	ナデル	3015	動詞,一般,*,*,下一段-ダ行,終止形-一般
貴様	キサマ	3016	代名詞,*,*,*,*,*
っす	ッス	3017	助動詞,*,*,*,助動詞-デス,終止形-一般
キス	キス	3018	名詞,普通名詞,サ変可能,*,*,*
眼	メ	3019	名詞,普通名詞,一般,*,*,*
屋敷	ヤシキ	3020	名詞,普通名詞,一般,*,*,*
居る	イル	3021	動詞,非自立可能,*,*,上一段-ア行,終止形-一般
美味しい	オイシイ	3022	形容詞,一般,*,*,形容詞,終止形-一般
貴族	キゾク	3023	名詞,普通名詞,一般,*,*,*
掴む	ツカム	3024	動詞,一般,*,*,五段-マ行,終止形-一般
すいません	スイマセン	3025	動詞+助動詞+助動詞
顔を上げる	カオヲアゲル	3026	名詞+助詞+動詞
戦闘	セントウ	3027	名詞,普通名詞,サ変可能,*,*,*
貰う	モラウ	3028	動詞,非自立可能,*,*,五段-ワア行,終止形-一般
騎士	キシ	3029	名詞,普通名詞,一般,*,*,*
よー	ヨー	3030	助詞,終助詞,*,*,*,*
魔	マ	3031	名詞,普通名詞,一般,*,*,*
軍	グン	3032	名詞,普通名詞,一般,*,*,*
魔力	マリョク	3033	名詞,普通名詞,一般,*,*,*
撃つ	ウツ	3034	動詞,一般,*,*,五段-タ行,終止形-一般
王子	オウジ	3035	名詞,普通名詞,一般,*,*,*
ああああ	アアアア	3036	感動詞+感動詞
凄い	スゴイ	3037	形容詞,一般,*,*,形容詞,終止形-一般
更に	サラニ	3038	接続詞,*,*,*,*,*
獣	ケモノ	3039	名詞,普通名詞,一般,*,*,*
苦笑	クショウ	3040	名詞,普通名詞,サ変可能,*,*,*
デート	デート	3041	名詞,普通名詞,サ変可能,*,*,*
呆れる	アキレル	3042	動詞,一般,*,*,下一段-ラ行,終止形-一般
手を伸ばす	テヲノバス	3043	名詞+助詞+動詞
己	オノレ	3044	代名詞,*,*,*,*,*
拳	コブシ	3045	名詞,普通名詞,一般,*,*,*
指先	ユビサキ	3046	名詞,普通名詞,一般,*,*,*
漏らす	モラス	3047	動詞,一般,*,*,五段-サ行,終止形-一般
喋る	シャベル	3048	動詞,一般,*,*,五段-ラ行,終止形-一般
悪魔	アクマ	3049	名詞,固有名詞,人名,名,*,*
わたくし	ワタクシ	3050	代名詞,*,*,*,*,*
睨む	ニラム	3051	動詞,一般,*,*,五段-マ行,終止形-一般
声を上げる	コエヲアゲル	3052	名詞+助詞+動詞
ふむ	フム	3053	感動詞,一般,*,*,*,*
見開く	ミヒラク	3054	動詞,一般,*,*,五段-カ行,終止形-一般
上手い	ウマイ	3055	形容詞,一般,*,*,形容詞,終止形-一般
お兄ちゃん	オニイチャン	3056	名詞,普通名詞,一般,*,*,*
御	ゴ	3057	名詞,普通名詞,一般,*,*,*
お腹	オナカ	3058	名詞,普通名詞,一般,*,*,*
何故	ナゼ	3059	副詞,*,*,*,*,*
溢れる	アフレル	3060	動詞,一般,*,*,下一段-ラ行,終止形-一般
見下ろす	ミオロス	3061	動詞,一般,*,*,五段-サ行,終止形-一般
はは	ハハ	3062	感動詞,一般,*,*,*,*
老人	ロウジン	3063	名詞,普通名詞,一般,*,*,*
一同	イチドウ	3064	名詞,普通名詞,一般,*,*,*
死体	シタイ	3065	名詞,普通名詞,一般,*,*,*
為	タメ	3066	名詞,普通名詞,副詞可能,*,*,*
青年	セイネン	3067	名詞,普通名詞,一般,*,*,*
学園	ガクエン	3068	名詞,普通名詞,一般,*,*,*
元々	モトモト	3069	副詞,*,*,*,*,*
口元	クチモト	3070	名詞,普通名詞,一般,*,*,*
舐める	ナメル	3071	動詞,一般,*,*,下一段-マ行,終止形-一般
戸惑う	トマドウ	3072	動詞,一般,*,*,五段-ワア行,終止形-一般
お姉ちゃん	オネエチャン	3073	名詞,普通名詞,一般,*,*,*
ママ	ママ	3074	名詞,普通名詞,一般,*,*,*
母さん	カアサン	3075	名詞,普通名詞,一般,*,*,*
携帯	ケイタイ	3076	名詞,普通名詞,サ変可能,*,*,*
音を立てる	オトヲタテル	3077	名詞+助詞+動詞
ははは	ハハハ	3078	感動詞,一般,*,*,*,*
姫	ヒメ	3079	名詞,普通名詞,一般,*,*,*
四人	ヨニン	3080	名詞+接尾辞
一撃	イチゲキ	3081	名詞,普通名詞,サ変可能,*,*,*
殿	ドノ	3082	名詞,普通名詞,一般,*,*,*
ヤツ	ヤツ	3083	名詞,普通名詞,一般,*,*,*
お前ら	オマエラ	3084	代名詞+接尾辞
うわっ	ウワッ	3085	感動詞,一般,*,*,*,*
おれ	オレ	3086	代名詞,*,*,*,*,*
抱きしめる	ダキシメル	3087	動詞,一般,*,*,下一段-マ行,終止形-一般
まぁ	マァ	3088	副詞,*,*,*,*,*
気持ちいい	キモチイイ	3089	名詞+形容詞
ある人	アルヒト	3090	連体詞+名詞
おおう	オオウ	3091	動詞,一般,*,*,五段-ワア行,終止形-一般
うわあ	ウワア	3092	感動詞,一般,*,*,*,*
わし	ワシ	3093	代名詞,*,*,*,*,*
うむ	ウム	3094	感動詞,一般,*,*,*,*
ねー	ネー	3095	助詞,終助詞,*,*,*,*
ホント	ホント	3096	名詞,普通名詞,一般,*,*,*
さぁ	サァ	3097	助詞,終助詞,*,*,*,*
うなずく	ウナズク	3098	動詞,一般,*,*,五段-カ行,終止形-一般
くん	クン	3099	動詞,非自立可能,*,*,下一段-ラ行,連用形-撥音便
おまえ	オマエ	3100	代名詞,*,*,*,*,*
震わせる	フルワセル	3102	動詞,一般,*,*,下一段-サ行,終止形-一般
首を振る	クビヲフル	3103	名詞+助詞+動詞
野郎	ヤロウ	3104	名詞,普通名詞,一般,*,*,*
肉体	ニクタイ	3105	名詞,普通名詞,一般,*,*,*
操る	アヤツル	3106	動詞,一般,*,*,五段-ラ行,終止形-一般
っち	ッチ	3107	名詞,普通名詞,一般,*,*,*
恐らく	オソラク	3108	副詞,*,*,*,*,*
想い	オモイ	3109	名詞,普通名詞,一般,*,*,*
フッ	フッ	3110	副詞,*,*,*,*,*
目を閉じる	メヲトジル	3111	名詞+助詞+動詞
ポケット	ポケット	3112	名詞,普通名詞,一般,*,*,*
馬車	バシャ	3113	名詞,普通名詞,一般,*,*,*
撮る	トル	3114	動詞,一般,*,*,五段-ラ行,終止形-一般
私達	ワタシタチ	3115	代名詞,*,*,*,*,*
ええっ	エエッ	3116	感動詞,一般,*,*,*,*
ナイフ	ナイフ	3117	名詞,普通名詞,一般,*,*,*
親父	オヤジ	3118	名詞,普通名詞,一般,*,*,*
ヤバい	ヤバイ	3119	形容詞,一般,*,*,形容詞,終止形-一般
兵士	ヘイシ	3120	名詞,普通名詞,一般,*,*,*
矢	ヤ	3121	名詞,普通名詞,一般,*,*,*
見回す	ミマワス	3122	動詞,一般,*,*,五段-サ行,終止形-一般
護衛	ゴエイ	3123	名詞,普通名詞,サ変可能,*,*,*
兵	ヘイ	3124	名詞,普通名詞,一般,*,*,*
ってば	ッテバ	3125	助詞+助詞
首を傾げる	クビヲカシゲル	3126	名詞+助詞+動詞
酷い	ヒドイ	3127	形容詞,一般,*,*,形容詞,終止形-一般
ちょっ	チョッ	3128	副詞,*,*,*,*,*
今更	イマサラ	3129	副詞,*,*,*,*,*
ドレス	ドレス	3130	名詞,普通名詞,一般,*,*,*
王国	オウコク	3131	名詞,普通名詞,一般,*,*,*
あはは	アハハ	3132	感動詞,一般,*,*,*,*
パパ	パパ	3133	名詞,普通名詞,一般,*,*,*
手を振る	テヲフル	3134	名詞+助詞+動詞
くそ	クソ	3135	感動詞,一般,*,*,*,*
怯える	オビエル	3136	動詞,一般,*,*,下一段-ア行,終止形-一般
飲み込む	ノミコム	3137	動詞,一般,*,*,五段-マ行,終止形-一般
程	ホド	3138	助詞,副助詞,*,*,*,*
照れる	テレル	3139	動詞,一般,*,*,下一段-ラ行,終止形-一般
ノック	ノック	3140	名詞,普通名詞,サ変可能,*,*,*
戦場	センジョウ	3141	名詞,普通名詞,一般,*,*,*
斬る	キル	3142	動詞,非自立可能,*,*,五段-ラ行,終止形-一般
内心	ナイシン	3143	名詞,普通名詞,副詞可能,*,*,*
脚	アシ	3144	名詞,普通名詞,一般,*,*,*
技	ワザ	3145	名詞,普通名詞,一般,*,*,*
スカート	スカート	3146	名詞,普通名詞,一般,*,*,*
安堵	アンド	3147	名詞,普通名詞,サ変可能,*,*,*
顎	アゴ	3148	名詞,普通名詞,一般,*,*,*
メール	メール	3149	名詞,普通名詞,サ変可能,*,*,*
最強	サイキョウ	3150	名詞,普通名詞,一般,*,*,*
貴方	アナタ	3151	代名詞,*,*,*,*,*
脇	ワキ	3152	名詞,普通名詞,一般,*,*,*
人類	ジンルイ	3153	名詞,普通名詞,一般,*,*,*
お姉さん	オネエサン	3154	名詞,普通名詞,一般,*,*,*
囁く	ササヤク	3155	動詞,一般,*,*,五段-カ行,終止形-一般
騙す	ダマス	3156	動詞,一般,*,*,五段-サ行,終止形-一般
とやら	トヤラ	3157	助詞+助詞
塊	カタマリ	3158	名詞,普通名詞,一般,*,*,*
呆然	ボウゼン	3159	形状詞,タリ,*,*,*,*
チーム	チーム	3160	名詞,普通名詞,一般,*,*,*
お菓子	オカシ	3161	名詞,普通名詞,一般,*,*,*
部隊	ブタイ	3162	名詞,普通名詞,一般,*,*,*
訊く	キク	3163	動詞,一般,*,*,五段-カ行,終止形-一般
発動	ハツドウ	3164	名詞,普通名詞,サ変可能,*,*,*
呪い	ノロイ	3165	名詞,普通名詞,一般,*,*,*
試合	シアイ	3166	名詞,普通名詞,サ変可能,*,*,*
でしたら	デシタラ	3167	助動詞+助動詞
槍	ヤリ	3168	名詞,普通名詞,一般,*,*,*
繋がる	ツナガル	3169	動詞,一般,*,*,五段-ラ行,終止形-一般
やれやれ	ヤレヤレ	3170	感動詞+感動詞
弾く	ヒク	3171	動詞,一般,*,*,五段-カ行,終止形-一般
僕たち	ボクタチ	3172	代名詞,*,*,*,*,*
みたいだ	ミタイダ	3173	形状詞+助動詞
なー	ナー	3174	助詞,終助詞,*,*,*,*
僕ら	ボクラ	3175	代名詞+接尾辞
ええと	エエト	3176	感動詞,フィラー,*,*,*,*
気持ちよい	キモチヨイ	3177	名詞+形容詞
ホントに	ホントニ	3178	名詞+助詞
ていうか	テイウカ	3179	助詞+動詞+助詞
たしかに	タシカニ	3180	形状詞+助動詞
おはようございます	オハヨウゴザイマス	3181	感動詞,一般,*,*,*,*
おじさん	オジサン	3182	名詞+接尾辞
お前たち	オマエタチ	3183	代名詞+接尾辞
奴ら	ヤツラ	3184	名詞+接尾辞
ほんとに	ホントニ	3185	名詞+助詞
君たち	キミタチ	3186	代名詞+接尾辞
ふたり	フタリ	3187	名詞,普通名詞,副詞可能,*,*,*
けれども	ケレドモ	3188	接続詞+助詞
ため息をつく	タメイキヲツク	3189	名詞+助詞+動詞
がんばる	ガンバル	3190	動詞,一般,*,*,五段-ラ行,終止形-一般
つぶやく	ツブヤク	3191	動詞,一般,*,*,五段-カ行,終止形-一般
立ち止まる	タチドマル	3192	動詞,一般,*,*,五段-ラ行,終止形-一般
ことが出来る	コトガデキル	3193	名詞+助詞+動詞
モノ	モノ	3194	名詞,普通名詞,サ変可能,*,*,*
ハッ	ハッ	3195	感動詞,一般,*,*,*,*
アレ	アレ	3196	代名詞,*,*,*,*,*
お嬢様	オジョウサマ	3197	名詞,普通名詞,一般,*,*,*
ため息	タメイキ	3198	名詞,普通名詞,一般,*,*,*
ぼく	ボク	3199	代名詞,*,*,*,*,*
かなあ	カナア	3200	助詞+助詞
城	ジョウ	3201	名詞,普通名詞,一般,*,*,*
伝説	デンセツ	3202	名詞,普通名詞,一般,*,*,*
銃	ジュウ	3203	名詞,普通名詞,一般,*,*,*
盾	タテ	3204	名詞,普通名詞,一般,*,*,*
駆け寄る	カケヨル	3205	動詞,一般,*,*,五段-ラ行,終止形-一般
無数	ムスウ	3206	形状詞,一般,*,*,*,*
喧嘩	ケンカ	3207	名詞,普通名詞,サ変可能,*,*,*
通路	ツウロ	3208	名詞,普通名詞,一般,*,*,*
父さん	トウサン	3209	名詞,普通名詞,一般,*,*,*
天使	テンシ	3210	名詞,普通名詞,一般,*,*,*
可愛らしい	カワイラシイ	3211	形容詞,一般,*,*,形容詞,終止形-一般
見渡す	ミワタス	3212	動詞,一般,*,*,五段-サ行,終止形-一般
地図	チズ	3213	名詞,普通名詞,一般,*,*,*
傍	ソバ	3214	名詞,普通名詞,一般,*,*,*
大人しい	オトナシイ	3215	形容詞,一般,*,*,形容詞,終止形-一般
揺らす	ユラス	3216	動詞,一般,*,*,五段-サ行,終止形-一般
困惑	コンワク	3217	名詞,普通名詞,サ変可能,*,*,*
隊	タイ	3218	名詞,普通名詞,一般,*,*,*
イベント	イベント	3219	名詞,普通名詞,一般,*,*,*
あのね	アノネ	3220	連体詞+助詞
吐き出す	ハキダス	3221	動詞,一般,*,*,五段-サ行,終止形-一般
目を向ける	メヲムケル	3222	名詞+助詞+動詞
昨夜	ユウベ	3223	名詞,普通名詞,副詞可能,*,*,*
刀	カタナ	3224	名詞,普通名詞,一般,*,*,*
気持ち悪い	キモチワルイ	3225	名詞+形容詞
回収	カイシュウ	3226	名詞,普通名詞,サ変可能,*,*,*
室内	シツナイ	3227	名詞,普通名詞,一般,*,*,*
脱出	ダッシュツ	3228	名詞,普通名詞,サ変可能,*,*,*
竜	リュウ	3229	名詞,普通名詞,一般,*,*,*
画面	ガメン	3230	名詞,普通名詞,一般,*,*,*
銀	ギン	3231	名詞,普通名詞,一般,*,*,*
無茶	ムチャ	3232	名詞,普通名詞,形状詞可能,*,*,*
舞う	マウ	3233	動詞,一般,*,*,五段-ワア行,終止形-一般
夕食	ユウショク	3234	名詞,普通名詞,一般,*,*,*
歪む	ユガム	3235	動詞,一般,*,*,五段-マ行,終止形-一般
不意	フイ	3236	名詞,普通名詞,形状詞可能,*,*,*
刃	ハ	3237	名詞,普通名詞,一般,*,*,*
布団	フトン	3238	名詞,普通名詞,一般,*,*,*
天才	テンサイ	3239	名詞,普通名詞,一般,*,*,*
唐突	トウトツ	3240	形状詞,一般,*,*,*,*
手に取る	テニトル	3241	名詞+助詞+動詞
らしき	ラシキ	3242	助動詞,*,*,*,文語助動詞-ラシ,連体形-一般
メイド	メイド	3243	名詞,普通名詞,一般,*,*,*
曲	キョク	3244	名詞,普通名詞,一般,*,*,*
親友	シンユウ	3245	名詞,普通名詞,一般,*,*,*
出現	シュツゲン	3246	名詞,普通名詞,サ変可能,*,*,*
風呂	フロ	3247	名詞,普通名詞,一般,*,*,*
任務	ニンム	3248	名詞,普通名詞,一般,*,*,*
ドキドキ	ドキドキ	3249	副詞,*,*,*,*,*
膨らむ	フクラム	3250	動詞,一般,*,*,五段-マ行,終止形-一般
下着	シタギ	3251	名詞,普通名詞,一般,*,*,*
奥さん	オクサン	3252	名詞,普通名詞,一般,*,*,*
人影	ヒトカゲ	3253	名詞,普通名詞,一般,*,*,*
翼	ツバサ	3254	名詞,固有名詞,人名,名,*,*
社長	シャチョウ	3255	名詞,普通名詞,一般,*,*,*
ダメージ	ダメージ	3256	名詞,普通名詞,一般,*,*,*
回避	カイヒ	3257	名詞,普通名詞,サ変可能,*,*,*
大地	ダイチ	3258	名詞,普通名詞,一般,*,*,*
染める	ソメル	3259	動詞,一般,*,*,下一段-マ行,終止形-一般
僅か	ワズカ	3260	形状詞,一般,*,*,*,*
頭上	ズジョウ	3261	名詞,普通名詞,一般,*,*,*
威力	イリョク	3262	名詞,普通名詞,一般,*,*,*
遮る	サエギル	3263	動詞,一般,*,*,五段-ラ行,終止形-一般
振り回す	フリマワス	3264	動詞,一般,*,*,五段-サ行,終止形-一般
ったく	ッタク	3265	副詞,*,*,*,*,*
言う通り	イウトオリ	3266	動詞+名詞
目を細める	メヲホソメル	3267	名詞+助詞+動詞
サイズ	サイズ	3268	名詞,普通名詞,一般,*,*,*
攻める	セメル	3269	動詞,一般,*,*,下一段-マ行,終止形-一般
試験	シケン	3270	名詞,普通名詞,サ変可能,*,*,*
不機嫌	フキゲン	3271	名詞,普通名詞,形状詞可能,*,*,*
鍛える	キタエル	3272	動詞,一般,*,*,下一段-ア行,終止形-一般
朝食	チョウショク	3273	名詞,普通名詞,一般,*,*,*
途端	トタン	3274	名詞,普通名詞,副詞可能,*,*,*
地球	チキュウ	3275	名詞,普通名詞,一般,*,*,*
かもしれん	カモシレン	3276	助詞+助詞+動詞+助動詞
食堂	ショクドウ	3277	名詞,普通名詞,一般,*,*,*
気が付く	キガツク	3278	名詞+助詞+動詞
店員	テンイン	3279	名詞,普通名詞,一般,*,*,*
カード	カード	3280	名詞,普通名詞,一般,*,*,*
もしもし	モシモシ	3281	感動詞,一般,*,*,*,*
ぎゅっと	ギュット	3282	副詞+助詞
一発	イッパツ	3283	名詞+接尾辞
うんうん	ウンウン	3284	感動詞+感動詞
教会	キョウカイ	3285	名詞,普通名詞,一般,*,*,*
やばい	ヤバイ	3286	形容詞,一般,*,*,形容詞,終止形-一般
フフ	フフ	3287	感動詞,一般,*,*,*,*
まえ	マエ	3288	感動詞+感動詞
お父様	オトウサマ	3289	名詞,普通名詞,一般,*,*,*
こいつら	コイツラ	3290	代名詞+接尾辞
子供たち	コドモタチ	3291	名詞,普通名詞,一般,*,*,*
かなぁ	カナァ	3292	助詞+助詞
問い	トイ	3293	名詞,普通名詞,一般,*,*,*
そりゃあ	ソリャア	3294	代名詞,*,*,*,*,*
ガキ	ガキ	3295	名詞,普通名詞,一般,*,*,*
コーヒー	コーヒー	3296	名詞,普通名詞,一般,*,*,*
ふふふ	フフフ	3297	感動詞,一般,*,*,*,*
なんだと	ナンダト	3298	代名詞+助動詞+助詞
あなたたち	アナタタチ	3299	代名詞+接尾辞
押しつける	オシツケル	3300	動詞,一般,*,*,下一段-カ行,終止形-一般
様	ザマ	3301	形状詞,助動詞語幹,*,*,*,*
小説	ショウセツ	3302	名詞,普通名詞,一般,*,*,*
眉	マユ	3303	名詞,普通名詞,一般,*,*,*
小声	コゴエ	3304	名詞,普通名詞,一般,*,*,*
拭う	ヌグウ	3305	動詞,一般,*,*,五段-ワア行,終止形-一般
防御	ボウギョ	3306	名詞,普通名詞,サ変可能,*,*,*
生き残る	イキノコル	3307	動詞,一般,*,*,五段-ラ行,終止形-一般
皿	サラ	3308	名詞,普通名詞,助数詞可能,*,*,*
五十	ゴジュウ	3309	名詞,数詞,*,*,*,*
バイト	バイト	3310	名詞,普通名詞,サ変可能,*,*,*
彼氏	カレシ	3311	名詞,普通名詞,一般,*,*,*
筋肉	キンニク	3312	名詞,普通名詞,一般,*,*,*
紅茶	コウチャ	3313	名詞,普通名詞,一般,*,*,*
衣装	イショウ	3314	名詞,普通名詞,一般,*,*,*
突き出す	ツキダス	3315	動詞,一般,*,*,五段-サ行,終止形-一般
罠	ワナ	3316	名詞,普通名詞,一般,*,*,*
片付ける	カタヅケル	3317	動詞,一般,*,*,下一段-カ行,終止形-一般
駆ける	カケル	3318	動詞,一般,*,*,下一段-カ行,終止形-一般
充分	ジュウブン	3319	副詞,*,*,*,*,*
被害者	ヒガイシャ	3320	名詞,普通名詞,一般,*,*,*
卵	タマゴ	3321	名詞,普通名詞,一般,*,*,*
何やら	ナニヤラ	3322	代名詞+助詞
カメラ	カメラ	3323	名詞,普通名詞,一般,*,*,*
混じる	マジル	3324	動詞,一般,*,*,上一段-ザ行,終止形-一般
空中	クウチュウ	3325	名詞,普通名詞,一般,*,*,*
匹	ヒキ	3326	接尾辞,名詞的,助数詞,*,*,*
生物	セイブツ	3327	名詞,普通名詞,一般,*,*,*
合流	ゴウリュウ	3328	名詞,普通名詞,サ変可能,*,*,*
足を止める	アシヲトメル	3329	名詞+助詞+動詞
いやあ	イヤア	3330	感動詞,一般,*,*,*,*
再会	サイカイ	3331	名詞,普通名詞,サ変可能,*,*,*
羨ましい	ウラヤマシイ	3332	形容詞,一般,*,*,形容詞,終止形-一般
二階	ニカイ	3333	名詞+名詞
仕草	シグサ	3334	名詞,普通名詞,一般,*,*,*
回転	カイテン	3335	名詞,普通名詞,サ変可能,*,*,*
師匠	シショウ	3336	名詞,普通名詞,一般,*,*,*
跳ねる	ハネル	3337	動詞,一般,*,*,下一段-ナ行,終止形-一般
お客様	オキャクサマ	3338	名詞,普通名詞,一般,*,*,*
待機	タイキ	3339	名詞,普通名詞,サ変可能,*,*,*
ほんの少し	ホンノスコシ	3340	連体詞+副詞
即座に	ソクザニ	3341	名詞+助詞
完了	カンリョウ	3342	名詞,普通名詞,サ変可能,*,*,*
手元	テモト	3343	名詞,普通名詞,一般,*,*,*
吸い込む	スイコム	3344	動詞,一般,*,*,五段-マ行,終止形-一般
パーティー	パーティー	3345	名詞,普通名詞,一般,*,*,*
誕生日	タンジョウビ	3346	名詞,普通名詞,一般,*,*,*
テスト	テスト	3347	名詞,普通名詞,サ変可能,*,*,*
動作	ドウサ	3348	名詞,普通名詞,サ変可能,*,*,*
てめえ	テメエ	3349	代名詞,*,*,*,*,*
暴走	ボウソウ	3350	名詞,普通名詞,サ変可能,*,*,*
お風呂	オフロ	3351	接頭辞+名詞
言い切る	イイキル	3352	動詞,一般,*,*,五段-ラ行,終止形-一般
気まずい	キマズイ	3353	形容詞,一般,*,*,形容詞,終止形-一般
挑む	イドム	3354	動詞,一般,*,*,五段-マ行,終止形-一般
枝	エダ	3355	名詞,普通名詞,一般,*,*,*
台詞	セリフ	3356	名詞,普通名詞,一般,*,*,*
帯びる	オビル	3357	動詞,一般,*,*,上一段-バ行,終止形-一般
女神	メガミ	3358	名詞,普通名詞,一般,*,*,*
片方	カタホウ	3359	名詞,普通名詞,一般,*,*,*
反論	ハンロン	3360	名詞,普通名詞,サ変可能,*,*,*
返答	ヘントウ	3361	名詞,普通名詞,サ変可能,*,*,*
黒髪	クロカミ	3362	名詞,普通名詞,一般,*,*,*
大会	タイカイ	3363	名詞,普通名詞,一般,*,*,*
互い	タガイ	3364	名詞,普通名詞,一般,*,*,*
鎧	ヨロイ	3365	名詞,普通名詞,一般,*,*,*
噛む	カム	3366	動詞,一般,*,*,五段-マ行,終止形-一般
ちらり	チラリ	3367	副詞,*,*,*,*,*
袖	ソデ	3368	名詞,普通名詞,一般,*,*,*
装備	ソウビ	3369	名詞,普通名詞,サ変可能,*,*,*
異様	イヨウ	3370	形状詞,一般,*,*,*,*
迷い	マヨイ	3371	名詞,普通名詞,一般,*,*,*
戦力	センリョク	3372	名詞,普通名詞,一般,*,*,*
体勢	タイセイ	3373	名詞,普通名詞,一般,*,*,*
後方	コウホウ	3374	名詞,普通名詞,一般,*,*,*
見覚え	ミオボエ	3375	名詞,普通名詞,一般,*,*,*
暗闇	クラヤミ	3376	名詞,普通名詞,一般,*,*,*
輝き	カガヤキ	3377	名詞,普通名詞,一般,*,*,*
背を向ける	セヲムケル	3378	名詞+助詞+動詞
屋上	オクジョウ	3379	名詞,普通名詞,一般,*,*,*
曖昧	アイマイ	3380	形状詞,一般,*,*,*,*
システム	システム	3381	名詞,普通名詞,一般,*,*,*
お尻	オシリ	3382	名詞,普通名詞,一般,*,*,*
わっ	ワッ	3383	感動詞,一般,*,*,*,*
のう	ノウ	3384	感動詞,一般,*,*,*,*
無理やり	ムリヤリ	3385	副詞,*,*,*,*,*
かすか	カスカ	3386	形状詞,一般,*,*,*,*
問いかける	トイカケル	3387	動詞,一般,*,*,下一段-カ行,終止形-一般
でござる	デゴザル	3388	接続詞+動詞
はいる	ハイル	3389	動詞,一般,*,*,五段-ラ行,終止形-一般
真っ白	マッシロ	3390	形状詞,一般,*,*,*,*
手のひら	テノヒラ	3391	名詞,普通名詞,一般,*,*,*
越し	ゴシ	3392	動詞,一般,*,*,五段-サ行,連用形-一般
すなわち	スナワチ	3393	接続詞,*,*,*,*,*
抱きつく	ダキツク	3394	動詞,一般,*,*,五段-カ行,終止形-一般
気のせい	キノセイ	3395	名詞+助詞+名詞
見合わせる	ミアワセル	3396	動詞,一般,*,*,下一段-サ行,終止形-一般
ボタン	ボタン	3397	名詞,普通名詞,一般,*,*,*
めちゃくちゃ	メチャクチャ	3398	副詞,*,*,*,*,*
イヤ	イヤ	3399	形状詞,一般,*,*,*,*
ふーん	フーン	3400	感動詞,一般,*,*,*,*
身分	ミブン	3402	名詞,普通名詞,一般,*,*,*
砂	スナ	3403	名詞,普通名詞,一般,*,*,*
都市	トシ	3404	名詞,普通名詞,一般,*,*,*
第三	ダイサン	3405	接頭辞+名詞
師	シ	3406	名詞,普通名詞,一般,*,*,*
旦那	ダンナ	3407	名詞,普通名詞,一般,*,*,*
不気味	ブキミ	3408	名詞,普通名詞,形状詞可能,*,*,*
美	ビ	3409	名詞,普通名詞,一般,*,*,*
眼差し	マナザシ	3410	名詞,普通名詞,一般,*,*,*
歓声	カンセイ	3411	名詞,普通名詞,一般,*,*,*
時刻	ジコク	3412	名詞,普通名詞,副詞可能,*,*,*
ケーキ	ケーキ	3413	名詞,普通名詞,一般,*,*,*
宙	チュウ	3414	名詞,普通名詞,一般,*,*,*
群れ	ムレ	3415	名詞,普通名詞,一般,*,*,*
霧	キリ	3416	名詞,普通名詞,一般,*,*,*
桜	サクラ	3417	名詞,普通名詞,一般,*,*,*
手首	テクビ	3418	名詞,普通名詞,一般,*,*,*
後にする	アトニスル	3419	名詞+助詞+動詞
素材	ソザイ	3420	名詞,普通名詞,一般,*,*,*
精一杯	セイイッパイ	3421	名詞,普通名詞,副詞可能,*,*,*
広場	ヒロバ	3422	名詞,普通名詞,一般,*,*,*
裾	スソ	3423	名詞,普通名詞,一般,*,*,*
叶う	カナウ	3424	動詞,一般,*,*,五段-ワア行,終止形-一般
何となく	ナントナク	3425	代名詞+助詞+形容詞
表示	ヒョウジ	3426	名詞,普通名詞,サ変可能,*,*,*
万が一	マンガイチ	3427	名詞,普通名詞,副詞可能,*,*,*
やけに	ヤケニ	3428	名詞+助詞
嵐	アラシ	3429	名詞,普通名詞,一般,*,*,*
明かり	アカリ	3430	名詞,普通名詞,一般,*,*,*
復讐	フクシュウ	3431	名詞,普通名詞,サ変可能,*,*,*
妄想	モウソウ	3432	名詞,普通名詞,サ変可能,*,*,*
変態	ヘンタイ	3433	名詞,普通名詞,サ変可能,*,*,*
宝石	ホウセキ	3434	名詞,普通名詞,一般,*,*,*
具	グ	3435	名詞,普通名詞,助数詞可能,*,*,*
追い詰める	オイツメル	3436	動詞,一般,*,*,下一段-マ行,終止形-一般
拘束	コウソク	3437	名詞,普通名詞,サ変可能,*,*,*
そんな風に	ソンナフウニ	3438	連体詞+名詞+助動詞
どうかな	ドウカナ	3439	副詞+助詞+助詞
踏み込む	フミコム	3440	動詞,一般,*,*,五段-マ行,終止形-一般
かも知れない	カモシレナイ	3441	助詞+助詞+動詞+助動詞
理屈	リクツ	3442	名詞,普通名詞,一般,*,*,*
滑る	スベル	3443	動詞,一般,*,*,五段-ラ行,終止形-一般
英雄	エイユウ	3444	名詞,普通名詞,一般,*,*,*
先端	センタン	3445	名詞,普通名詞,一般,*,*,*
まあまあ	マアマア	3446	副詞,*,*,*,*,*
ミス	ミス	3447	名詞,普通名詞,サ変可能,*,*,*
針	ハリ	3448	名詞,普通名詞,助数詞可能,*,*,*
前方	ゼンポウ	3449	名詞,普通名詞,一般,*,*,*
窺う	ウカガウ	3450	動詞,一般,*,*,五段-ワア行,終止形-一般
聖	セイ	3451	名詞,固有名詞,人名,名,*,*
一時間	イチジカン	3452	名詞+名詞
襲撃	シュウゲキ	3453	名詞,普通名詞,サ変可能,*,*,*
放課後	ホウカゴ	3454	名詞,普通名詞,一般,*,*,*
髪の毛	カミノケ	3455	名詞,普通名詞,一般,*,*,*
見捨てる	ミステル	3456	動詞,一般,*,*,下一段-タ行,終止形-一般
覗き込む	ノゾキコム	3457	動詞,一般,*,*,五段-マ行,終止形-一般
故郷	コキョウ	3458	名詞,普通名詞,一般,*,*,*
崩壊	ホウカイ	3459	名詞,普通名詞,サ変可能,*,*,*
嫌がる	イヤガル	3460	形状詞+接尾辞
めく	メク	3461	接尾辞,動詞的,*,*,五段-カ行,終止形-一般
背筋	セスジ	3462	名詞,普通名詞,一般,*,*,*
民	タミ	3463	名詞,普通名詞,一般,*,*,*
推測	スイソク	3464	名詞,普通名詞,サ変可能,*,*,*
選手	センシュ	3465	名詞,普通名詞,一般,*,*,*
じゃねぇ	ジャネェ	3466	接続詞+助詞
いつも通り	イツモドオリ	3467	名詞+名詞
予想外	ヨソウガイ	3468	名詞,普通名詞,一般,*,*,*
現象	ゲンショウ	3469	名詞,普通名詞,一般,*,*,*
無表情	ムヒョウジョウ	3470	名詞,普通名詞,形状詞可能,*,*,*
淡々	タンタン	3471	形状詞,タリ,*,*,*,*
声がする	コエガスル	3472	名詞+助詞+動詞
三年	サンネン	3473	名詞+名詞
陣	ジン	3474	名詞,普通名詞,一般,*,*,*
息を吐く	イキヲツク	3475	名詞+助詞+動詞
へぇ	ヘェ	3476	感動詞,一般,*,*,*,*
ひとまず	ヒトマズ	3477	副詞,*,*,*,*,*
ハハハ	ハハハ	3478	感動詞,一般,*,*,*,*
握りしめる	ニギリシメル	3479	動詞,一般,*,*,下一段-マ行,終止形-一般
立ち去る	タチサル	3480	動詞,一般,*,*,五段-ラ行,終止形-一般
ウソ	ウソ	3481	名詞,普通名詞,一般,*,*,*
いい加減	イイカゲン	3482	名詞,普通名詞,形状詞可能,*,*,*
かっ	カッ	3483	副詞,*,*,*,*,*
引っかかる	ヒッカカル	3484	動詞,一般,*,*,五段-ラ行,終止形-一般
言うとおり	イウトオリ	3485	動詞+名詞
クソ	クソ	3486	感動詞,一般,*,*,*,*
たどり着く	タドリツク	3487	動詞,一般,*,*,五段-カ行,終止形-一般
振るう	フルウ	3488	動詞,一般,*,*,五段-ワア行,終止形-一般
ちがう	チガウ	3489	動詞,一般,*,*,五段-ワア行,終止形-一般
いつもより	イツモヨリ	3490	名詞+助詞
おおい	オオイ	3491	感動詞,一般,*,*,*,*
今さら	イマサラ	3492	副詞,*,*,*,*,*
もしくは	モシクハ	3493	接続詞,*,*,*,*,*
指さす	ユビサス	3494	動詞,一般,*,*,五段-サ行,終止形-一般
ガラス	ガラス	3495	名詞,普通名詞,一般,*,*,*
果たして	ハタシテ	3496	副詞,*,*,*,*,*
ふうん	フウン	3497	感動詞,一般,*,*,*,*
やたら	ヤタラ	3498	副詞,*,*,*,*,*
なんとも	ナントモ	3499	代名詞+助詞+助詞
やり取り	ヤリトリ	3500	名詞,普通名詞,サ変可能,*,*,*
歳	トシ	3501	名詞,普通名詞,副詞可能,*,*,*
一旦	イッタン	3503	副詞,*,*,*,*,*
に過ぎない	ニスギナイ	3504	助詞+動詞+助動詞
メッセージ	メッセージ	3505	名詞,普通名詞,一般,*,*,*
寸前	スンゼン	3506	名詞,普通名詞,一般,*,*,*
その辺	ソノヘン	3507	連体詞+名詞
目にする	メニスル	3508	名詞+助詞+動詞
とて	トテ	3509	助詞,格助詞,*,*,*,*
四十	ヨンジュウ	3510	名詞,数詞,*,*,*,*
正義	セイギ	3511	名詞,固有名詞,人名,名,*,*
胸元	ムナモト	3512	名詞,普通名詞,一般,*,*,*
冷える	ヒエル	3513	動詞,一般,*,*,下一段-ア行,終止形-一般
裸	ハダカ	3514	名詞,普通名詞,一般,*,*,*
なぜなら	ナゼナラ	3515	副詞+助動詞
棒	ボウ	3516	名詞,普通名詞,一般,*,*,*
ビル	ビル	3517	名詞,普通名詞,一般,*,*,*
皮肉	ヒニク	3518	名詞,普通名詞,形状詞可能,*,*,*
巡る	メグル	3519	動詞,一般,*,*,五段-ラ行,終止形-一般
淡い	アワイ	3520	形容詞,一般,*,*,形容詞,終止形-一般
憧れる	アコガレル	3521	動詞,一般,*,*,下一段-ラ行,終止形-一般
杖	ツエ	3522	名詞,普通名詞,一般,*,*,*
事になる	コトニナル	3523	名詞+助詞+動詞
そこそこ	ソコソコ	3524	副詞,*,*,*,*,*
塞ぐ	フサグ	3525	動詞,一般,*,*,五段-ガ行,終止形-一般
本来なら	ホンライナラ	3526	名詞+助動詞
薄暗い	ウスグライ	3527	形容詞,一般,*,*,形容詞,終止形-一般
動き出す	ウゴキダス	3528	動詞+動詞
柄	ガラ	3529	名詞,普通名詞,一般,*,*,*
削る	ケズル	3530	動詞,一般,*,*,五段-ラ行,終止形-一般
幽霊	ユウレイ	3531	名詞,普通名詞,一般,*,*,*
かもね	カモネ	3532	助詞+助詞+助詞
お酒	オサケ	3533	接頭辞+名詞
封印	フウイン	3534	名詞,普通名詞,サ変可能,*,*,*
獲物	エモノ	3535	名詞,普通名詞,一般,*,*,*
若干	ジャッカン	3536	名詞,普通名詞,副詞可能,*,*,*
候補	コウホ	3537	名詞,普通名詞,一般,*,*,*
誤魔化す	ゴマカス	3538	動詞,一般,*,*,五段-サ行,終止形-一般
再生	サイセイ	3539	名詞,普通名詞,サ変可能,*,*,*
宿る	ヤドル	3540	動詞,一般,*,*,五段-ラ行,終止形-一般
ぐっと	グット	3541	副詞+助詞
ギリギリ	ギリギリ	3542	副詞,*,*,*,*,*
女王	ジョオウ	3543	名詞,普通名詞,一般,*,*,*
姿を消す	スガタヲケス	3544	名詞+助詞+動詞
シャツ	シャツ	3545	名詞,普通名詞,一般,*,*,*
継ぐ	ツグ	3546	動詞,一般,*,*,五段-ガ行,終止形-一般
キャラ	キャラ	3547	名詞,普通名詞,一般,*,*,*
途端に	トタンニ	3548	名詞+助詞
致す	イタス	3549	動詞,非自立可能,*,*,五段-サ行,終止形-一般
食らう	クラウ	3550	動詞,一般,*,*,五段-ワア行,終止形-一般
ネット	ネット	3551	名詞,普通名詞,一般,*,*,*
懐	フトコロ	3552	名詞,普通名詞,一般,*,*,*
蛇	ヘビ	3553	名詞,普通名詞,一般,*,*,*
要するに	ヨウスルニ	3554	動詞+助詞
走り出す	ハシリダス	3555	動詞+動詞
デザイン	デザイン	3556	名詞,普通名詞,サ変可能,*,*,*
向き直る	ムキナオル	3557	動詞,一般,*,*,五段-ラ行,終止形-一般
怪物	カイブツ	3558	名詞,普通名詞,一般,*,*,*
何人か	ナンニンカ	3559	名詞+助詞
ゆえ	ユエ	3560	名詞,普通名詞,副詞可能,*,*,*
腐る	クサル	3561	動詞,一般,*,*,五段-ラ行,終止形-一般
辿り着く	タドリツク	3562	動詞,一般,*,*,五段-カ行,終止形-一般
冷める	サメル	3563	動詞,一般,*,*,下一段-マ行,終止形-一般
はーい	ハーイ	3564	感動詞,一般,*,*,*,*
仮面	カメン	3565	名詞,普通名詞,一般,*,*,*
見据える	ミスエル	3566	動詞,一般,*,*,下一段-ア行,終止形-一般
唱える	トナエル	3567	動詞,一般,*,*,下一段-ア行,終止形-一般
通り過ぎる	トオリスギル	3568	動詞,一般,*,*,上一段-ガ行,連体形-一般
谷	タニ	3569	名詞,普通名詞,一般,*,*,*
何故か	ナゼカ	3570	副詞+助詞
宇宙	ウチュウ	3571	名詞,普通名詞,一般,*,*,*
金髪	キンパツ	3572	名詞,普通名詞,一般,*,*,*
主人公	シュジンコウ	3573	名詞,普通名詞,一般,*,*,*
鈍い	ニブイ	3574	形容詞,一般,*,*,形容詞,終止形-一般
叫び	サケビ	3575	名詞,普通名詞,一般,*,*,*
この辺り	コノアタリ	3576	連体詞+名詞
ルート	ルート	3577	名詞,普通名詞,一般,*,*,*
二日	フツカ	3578	名詞+接尾辞
犯罪	ハンザイ	3579	名詞,普通名詞,一般,*,*,*
首を横に振る	クビヲヨコニフル	3580	名詞+助詞+名詞+助詞+動詞
外見	ガイケン	3581	名詞,普通名詞,一般,*,*,*
売れる	ウレル	3582	動詞,一般,*,*,下一段-ラ行,終止形-一般
雷	カミナリ	3583	名詞,普通名詞,一般,*,*,*
接近	セッキン	3584	名詞,普通名詞,サ変可能,*,*,*
演技	エンギ	3585	名詞,普通名詞,サ変可能,*,*,*
真っ直ぐ	マッスグ	3586	形状詞,一般,*,*,*,*
ばっか	バッカ	3587	助詞,副助詞,*,*,*,*
しばし	シバシ	3588	副詞,*,*,*,*,*
んち	ンチ	3589	助詞+名詞
しがみつく	シガミツク	3590	動詞,一般,*,*,五段-カ行,終止形-一般
引き寄せる	ヒキヨセル	3591	動詞,一般,*,*,下一段-サ行,終止形-一般
それどころか	ソレドコロカ	3592	代名詞+助詞+助詞
化け物	バケモノ	3593	名詞,普通名詞,一般,*,*,*
セリフ	セリフ	3594	名詞,普通名詞,一般,*,*,*
叩きつける	タタキツケル	3595	動詞,一般,*,*,下一段-カ行,終止形-一般
なんだって	ナンダッテ	3596	代名詞+助動詞+助詞
付き	ツキ	3597	動詞,非自立可能,*,*,五段-カ行,連用形-一般
とある	トアル	3598	連体詞,*,*,*,*,*
マシ	マシ	3599	形状詞,一般,*,*,*,*
さっそく	サッソク	3600	副詞,*,*,*,*,*
戦	イクサ	3601	名詞,普通名詞,一般,*,*,*
解除	カイジョ	3602	名詞,普通名詞,サ変可能,*,*,*
危うい	アヤウイ	3603	形容詞,一般,*,*,形容詞,終止形-一般
地味	ジミ	3604	形状詞,一般,*,*,*,*
兄さん	ニイサン	3605	名詞,普通名詞,一般,*,*,*
自殺	ジサツ	3606	名詞,普通名詞,サ変可能,*,*,*
ソファ	ソファ	3607	名詞,普通名詞,一般,*,*,*
灰色	ハイイロ	3608	名詞,普通名詞,一般,*,*,*
吹き飛ばす	フキトバス	3609	動詞,一般,*,*,五段-サ行,終止形-一般
倉庫	ソウコ	3610	名詞,普通名詞,一般,*,*,*
金色	キンイロ	3611	名詞,普通名詞,一般,*,*,*
幸福	コウフク	3612	名詞,普通名詞,形状詞可能,*,*,*
押し付ける	オシツケル	3613	動詞,一般,*,*,下一段-カ行,終止形-一般
考え込む	カンガエコム	3614	動詞,一般,*,*,五段-マ行,終止形-一般
治す	ナオス	3615	動詞,非自立可能,*,*,五段-サ行,終止形-一般
夏休み	ナツヤスミ	3616	名詞,普通名詞,一般,*,*,*
正面から	ショウメンカラ	3617	名詞+助詞
儀式	ギシキ	3618	名詞,普通名詞,一般,*,*,*
舌打ち	シタウチ	3619	名詞,普通名詞,サ変可能,*,*,*
中学	チュウガク	3620	名詞,普通名詞,一般,*,*,*
本心	ホンシン	3621	名詞,普通名詞,一般,*,*,*
折る	オル	3622	動詞,一般,*,*,五段-ラ行,終止形-一般
尻尾	シッポ	3623	名詞,普通名詞,一般,*,*,*
消滅	ショウメツ	3624	名詞,普通名詞,サ変可能,*,*,*
耳元	ミミモト	3625	名詞,普通名詞,一般,*,*,*
ファン	ファン	3626	名詞,普通名詞,一般,*,*,*
狼	オオカミ	3627	名詞,普通名詞,一般,*,*,*
本音	ホンネ	3628	名詞,普通名詞,一般,*,*,*
リーダー	リーダー	3629	名詞,普通名詞,一般,*,*,*
姿を現す	スガタヲアラワス	3630	名詞+助詞+動詞
一族	イチゾク	3631	名詞,普通名詞,一般,*,*,*
ちっ	チッ	3632	助動詞,*,*,*,五段-ワア行,連用形-促音便
ゆえに	ユエニ	3633	名詞+助詞
エネルギー	エネルギー	3634	名詞,普通名詞,一般,*,*,*
欲望	ヨクボウ	3635	名詞,普通名詞,一般,*,*,*
配置	ハイチ	3636	名詞,普通名詞,サ変可能,*,*,*
お兄さん	オニイサン	3637	名詞,普通名詞,一般,*,*,*
田舎	イナカ	3638	名詞,普通名詞,一般,*,*,*
会長	カイチョウ	3639	名詞,普通名詞,一般,*,*,*
この辺	コノヘン	3640	連体詞+名詞
小学生	ショウガクセイ	3641	名詞,普通名詞,一般,*,*,*
十五	ジュウゴ	3642	名詞,数詞,*,*,*,*
お疲れ	オツカレ	3643	接頭辞+名詞
てっきり	テッキリ	3644	副詞,*,*,*,*,*
負け	マケ	3645	名詞,普通名詞,一般,*,*,*
部長	ブチョウ	3646	名詞,普通名詞,一般,*,*,*
手渡す	テワタス	3647	動詞,一般,*,*,五段-サ行,終止形-一般
眼鏡	メガネ	3648	名詞,普通名詞,一般,*,*,*
キラキラ	キラキラ	3649	副詞,*,*,*,*,*
堪える	コラエル	3650	動詞,一般,*,*,下一段-ア行,終止形-一般
吐息	トイキ	3651	名詞,普通名詞,一般,*,*,*
目が覚める	メガサメル	3652	名詞+助詞+動詞
でかい	デカイ	3653	形容詞,一般,*,*,形容詞,終止形-一般
雑誌	ザッシ	3654	名詞,普通名詞,一般,*,*,*
帽子	ボウシ	3655	名詞,普通名詞,一般,*,*,*
警備	ケイビ	3656	名詞,普通名詞,サ変可能,*,*,*
器用	キヨウ	3657	形状詞,一般,*,*,*,*
校舎	コウシャ	3658	名詞,普通名詞,一般,*,*,*
どく	ドク	3659	副詞,*,*,*,*,*
両腕	リョウウデ	3660	名詞,普通名詞,一般,*,*,*
商売	ショウバイ	3661	名詞,普通名詞,サ変可能,*,*,*
突破	トッパ	3662	名詞,普通名詞,サ変可能,*,*,*
身長	シンチョウ	3663	名詞,普通名詞,一般,*,*,*
気を付ける	キヲツケル	3664	名詞+助詞+動詞
お嬢さん	オジョウサン	3665	名詞,普通名詞,一般,*,*,*
戦士	センシ	3666	名詞,普通名詞,一般,*,*,*
漫画	マンガ	3667	名詞,普通名詞,一般,*,*,*
姉妹	シマイ	3668	名詞,普通名詞,一般,*,*,*
金属	キンゾク	3669	名詞,普通名詞,一般,*,*,*
言い聞かせる	イイキカセル	3670	動詞,一般,*,*,下一段-サ行,終止形-一般
指輪	ユビワ	3671	名詞,普通名詞,一般,*,*,*
閉じ込める	トジコメル	3672	動詞,一般,*,*,下一段-マ行,終止形-一般
足取り	アシドリ	3673	名詞,普通名詞,一般,*,*,*
目が合う	メガアウ	3674	名詞+助詞+動詞
商人	ショウニン	3675	名詞,普通名詞,一般,*,*,*
奴隷	ドレイ	3676	名詞,普通名詞,一般,*,*,*
塔	トウ	3677	名詞,普通名詞,一般,*,*,*
羽	ハネ	3678	名詞,普通名詞,一般,*,*,*
ぽい	ポイ	3679	副詞,*,*,*,*,*
起き上がる	オキアガル	3680	動詞,一般,*,*,五段-ラ行,終止形-一般
俯く	ウツムク	3681	動詞,一般,*,*,五段-カ行,終止形-一般
１人で	ヒトリデ	3682	名詞+助詞
響き	ヒビキ	3683	名詞,普通名詞,一般,*,*,*
ご存じ	ゴゾンジ	3684	名詞,普通名詞,一般,*,*,*
ごとく	ゴトク	3685	助動詞,*,*,*,文語助動詞-ゴトシ,連用形-一般
ノ	ノ	3686	助詞,格助詞,*,*,*,*
すぐさま	スグサマ	3687	副詞,*,*,*,*,*
ちょうどいい	チョウドイイ	3688	副詞+形容詞
おー	オー	3689	感動詞,フィラー,*,*,*,*
ありえない	アリエナイ	3690	動詞+動詞+助動詞
ごとき	ゴトキ	3691	助動詞,*,*,*,文語助動詞-ゴトシ,連体形-一般
こぼれる	コボレル	3692	動詞,一般,*,*,下一段-ラ行,終止形-一般
ごまかす	ゴマカス	3693	動詞,一般,*,*,五段-サ行,終止形-一般
こぼす	コボス	3694	動詞,一般,*,*,五段-サ行,終止形-一般
えーと	エート	3695	感動詞,フィラー,*,*,*,*
連れていく	ツレテイク	3696	動詞+助詞+動詞
お疲れさま	オツカレサマ	3697	名詞,普通名詞,形状詞可能,*,*,*
えらい	エライ	3698	形容詞,一般,*,*,形容詞,終止形-一般
思いっきり	オモイッキリ	3699	名詞,普通名詞,副詞可能,*,*,*
はじめて	ハジメテ	3700	副詞,*,*,*,*,*
書	ショ	3701	名詞,普通名詞,一般,*,*,*
捧げる	ササゲル	3702	動詞,一般,*,*,下一段-ガ行,終止形-一般
素人	シロウト	3703	名詞,普通名詞,一般,*,*,*
快感	カイカン	3704	名詞,普通名詞,一般,*,*,*
無論	ムロン	3705	副詞,*,*,*,*,*
患者	カンジャ	3706	名詞,普通名詞,一般,*,*,*
神経	シンケイ	3707	名詞,普通名詞,一般,*,*,*
級	キュウ	3708	名詞,普通名詞,一般,*,*,*
ひょっとして	ヒョットシテ	3709	副詞+動詞+助詞
見慣れる	ミナレル	3710	動詞+動詞
叶える	カナエル	3711	動詞,一般,*,*,下一段-ア行,終止形-一般
怒鳴る	ドナル	3712	動詞,一般,*,*,五段-ラ行,終止形-一般
ノート	ノート	3713	名詞,普通名詞,サ変可能,*,*,*
幻	マボロシ	3714	名詞,普通名詞,一般,*,*,*
這う	ハウ	3715	動詞,一般,*,*,五段-ワア行,終止形-一般
二本	ニホン	3716	名詞+接尾辞
遭遇	ソウグウ	3717	名詞,普通名詞,サ変可能,*,*,*
メニュー	メニュー	3718	名詞,普通名詞,一般,*,*,*
断言	ダンゲン	3719	名詞,普通名詞,サ変可能,*,*,*
乙女	オトメ	3720	名詞,普通名詞,一般,*,*,*
仕える	ツカエル	3721	動詞,一般,*,*,下一段-ア行,終止形-一般
制御	セイギョ	3722	名詞,普通名詞,サ変可能,*,*,*
大半	タイハン	3723	名詞,普通名詞,一般,*,*,*
さえも	サエモ	3724	助詞+助詞
値段	ネダン	3725	名詞,普通名詞,一般,*,*,*
兄貴	アニキ	3726	名詞,普通名詞,一般,*,*,*
手を引く	テヲヒク	3727	名詞+助詞+動詞
階	カイ	3728	名詞,普通名詞,助数詞可能,*,*,*
力になる	チカラニナル	3729	名詞+助詞+動詞
すげえ	スゲエ	3730	形容詞,一般,*,*,形容詞,終止形-一般
見知る	ミシル	3731	動詞,一般,*,*,五段-ラ行,終止形-一般
プロ	プロ	3732	名詞,普通名詞,一般,*,*,*
微笑	ビショウ	3733	名詞,普通名詞,サ変可能,*,*,*
毛	ケ	3734	名詞,普通名詞,一般,*,*,*
そうなんです	ソウナンデス	3735	副詞+助動詞+助詞+助動詞
尻	シリ	3736	名詞,普通名詞,一般,*,*,*
想う	オモウ	3737	動詞,一般,*,*,五段-ワア行,終止形-一般
丸い	マルイ	3738	形容詞,一般,*,*,形容詞,終止形-一般
落下	ラッカ	3739	名詞,普通名詞,サ変可能,*,*,*
どう見ても	ドウミテモ	3740	副詞+動詞+助詞+助詞
後輩	コウハイ	3741	名詞,普通名詞,一般,*,*,*
理性	リセイ	3742	名詞,普通名詞,一般,*,*,*
策	サク	3743	名詞,普通名詞,一般,*,*,*
カップ	カップ	3744	名詞,普通名詞,一般,*,*,*
部活	ブカツ	3745	名詞,普通名詞,一般,*,*,*
出口	デグチ	3746	名詞,普通名詞,一般,*,*,*
驚愕	キョウガク	3747	名詞,普通名詞,サ変可能,*,*,*
お昼	オヒル	3748	接頭辞+名詞
えへへ	エヘヘ	3749	感動詞,一般,*,*,*,*
そうなると	ソウナルト	3750	副詞+動詞+助詞
であります	デアリマス	3751	助動詞+動詞+助動詞
引き抜く	ヒキヌク	3752	動詞,一般,*,*,五段-カ行,終止形-一般
加速	カソク	3753	名詞,普通名詞,サ変可能,*,*,*
封じる	フウジル	3754	動詞,一般,*,*,上一段-ザ行,終止形-一般
類	ルイ	3755	名詞,普通名詞,一般,*,*,*
なき	ナキ	3756	形容詞,非自立可能,*,*,文語形容詞-ク,連体形-一般
横たわる	ヨコタワル	3757	動詞,一般,*,*,五段-ラ行,終止形-一般
へへ	ヘヘ	3758	助詞+助詞
目を丸くする	メヲマルクスル	3759	名詞+助詞+形容詞+動詞
微か	カスカ	3760	形状詞,一般,*,*,*,*
服を着る	フクヲキル	3761	名詞+助詞+動詞
数人	スウニン	3762	名詞,固有名詞,人名,名,*,*
高校生	コウコウセイ	3763	名詞,普通名詞,一般,*,*,*
十年	ジュウネン	3764	名詞+名詞
逸らす	ソラス	3765	動詞,一般,*,*,五段-サ行,終止形-一般
一口	ヒトクチ	3766	名詞,普通名詞,一般,*,*,*
液体	エキタイ	3767	名詞,普通名詞,一般,*,*,*
排除	ハイジョ	3768	名詞,普通名詞,サ変可能,*,*,*
閉まる	シマル	3769	動詞,一般,*,*,五段-ラ行,終止形-一般
池	イケ	3770	名詞,普通名詞,一般,*,*,*
見抜く	ミヌク	3771	動詞,一般,*,*,五段-カ行,終止形-一般
疲労	ヒロウ	3772	名詞,普通名詞,サ変可能,*,*,*
士	シ	3773	名詞,普通名詞,一般,*,*,*
祝福	シュクフク	3774	名詞,普通名詞,サ変可能,*,*,*
手放す	テバナス	3775	動詞,一般,*,*,五段-サ行,終止形-一般
咲く	サク	3776	動詞,一般,*,*,五段-カ行,終止形-一般
団	ダン	3777	名詞,普通名詞,一般,*,*,*
故	ユエ	3778	接頭辞,*,*,*,*,*
これくらい	コレクライ	3779	代名詞+助詞
睨みつける	ニラミツケル	3780	動詞,一般,*,*,下一段-カ行,終止形-一般
意味がない	イミガナイ	3781	名詞+助詞+形容詞
気はない	キハナイ	3782	名詞+助詞+形容詞
わたしたち	ワタシタチ	3783	代名詞,*,*,*,*,*
時折	トキオリ	3784	副詞,*,*,*,*,*
いつだって	イツダッテ	3785	代名詞+助動詞+助詞
声をあげる	コエヲアゲル	3786	名詞+助詞+動詞
ひとりで	ヒトリデ	3787	名詞+助詞
ばか	バカ	3788	名詞,普通名詞,形状詞可能,*,*,*
はしゃぐ	ハシャグ	3789	動詞,一般,*,*,五段-ガ行,終止形-一般
ずるい	ズルイ	3790	形容詞,一般,*,*,形容詞,終止形-一般
その代わり	ソノカワリ	3791	連体詞+名詞
フフフ	フフフ	3792	感動詞,一般,*,*,*,*
少なくとも	スクナクトモ	3793	形容詞+助詞
俺ら	オレラ	3794	代名詞+接尾辞
はあっ	ハアッ	3795	感動詞,一般,*,*,*,*
使い	ツカイ	3796	名詞,普通名詞,一般,*,*,*
やだ	ヤダ	3797	形状詞+助動詞
まつ	マツ	3798	名詞,固有名詞,人名,名,*,*
１年	イチネン	3799	名詞+名詞
見せつける	ミセツケル	3800	動詞,一般,*,*,下一段-カ行,終止形-一般
フォロー	フォロー	3801	名詞,普通名詞,サ変可能,*,*,*
絞る	シボル	3802	動詞,一般,*,*,五段-ラ行,終止形-一般
好きにする	スキニスル	3803	形状詞+助動詞+動詞
いえいえ	イエイエ	3804	感動詞+感動詞
固定	コテイ	3805	名詞,普通名詞,サ変可能,*,*,*
戸	ト	3806	名詞,普通名詞,一般,*,*,*
嫁	ヨメ	3807	名詞,普通名詞,一般,*,*,*
不審	フシン	3808	名詞,普通名詞,形状詞可能,*,*,*
同行	ドウコウ	3809	名詞,普通名詞,サ変可能,*,*,*
鞄	カバン	3810	名詞,普通名詞,一般,*,*,*
飼う	カウ	3811	動詞,一般,*,*,五段-ワア行,終止形-一般
要る	イル	3812	動詞,一般,*,*,五段-ラ行,終止形-一般
センチ	センチ	3813	形状詞,一般,*,*,*,*
畑	ハタケ	3814	名詞,普通名詞,一般,*,*,*
電気	デンキ	3815	名詞,普通名詞,一般,*,*,*
孤独	コドク	3816	名詞,普通名詞,形状詞可能,*,*,*
婚約	コンヤク	3817	名詞,普通名詞,サ変可能,*,*,*
予測	ヨソク	3818	名詞,普通名詞,サ変可能,*,*,*
肯定	コウテイ	3819	名詞,普通名詞,サ変可能,*,*,*
そうなんですか	ソウナンデスカ	3820	副詞+助動詞+助詞+助動詞+助詞
上空	ジョウクウ	3821	名詞,普通名詞,一般,*,*,*
カウンター	カウンター	3822	名詞,普通名詞,一般,*,*,*
被る	カブル	3823	動詞,一般,*,*,五段-ラ行,終止形-一般
先程	サキホド	3824	名詞,普通名詞,副詞可能,*,*,*
グラス	グラス	3825	名詞,普通名詞,一般,*,*,*
っきり	ッキリ	3826	助詞,副助詞,*,*,*,*
一匹	イッピキ	3827	名詞+接尾辞
状	ジョウ	3828	接尾辞,名詞的,一般,*,*,*
柔らか	ヤワラカ	3829	形状詞,一般,*,*,*,*
住人	ジュウニン	3830	名詞,普通名詞,一般,*,*,*
平然	ヘイゼン	3831	形状詞,タリ,*,*,*,*
心底	シンソコ	3832	名詞,普通名詞,副詞可能,*,*,*
拒絶	キョゼツ	3833	名詞,普通名詞,サ変可能,*,*,*
男の人	オトコノヒト	3834	名詞+助詞+名詞
横顔	ヨコガオ	3835	名詞,普通名詞,一般,*,*,*
孫	マゴ	3836	名詞,普通名詞,一般,*,*,*
きっちり	キッチリ	3837	副詞,*,*,*,*,*
牙	キバ	3838	名詞,普通名詞,一般,*,*,*
散々	サンザン	3839	形状詞,一般,*,*,*,*
目撃	モクゲキ	3840	名詞,普通名詞,サ変可能,*,*,*
ボール	ボール	3841	名詞,普通名詞,一般,*,*,*
躊躇	チュウチョ	3842	名詞,普通名詞,サ変可能,*,*,*
滲む	ニジム	3843	動詞,一般,*,*,五段-マ行,終止形-一般
悲鳴を上げる	ヒメイヲアゲル	3844	名詞+助詞+動詞
捜査	ソウサ	3845	名詞,普通名詞,サ変可能,*,*,*
本能	ホンノウ	3846	名詞,普通名詞,一般,*,*,*
木々	キギ	3847	名詞,普通名詞,一般,*,*,*
指差す	ユビサス	3848	動詞,一般,*,*,五段-サ行,終止形-一般
国家	コッカ	3849	名詞,普通名詞,一般,*,*,*
購入	コウニュウ	3850	名詞,普通名詞,サ変可能,*,*,*
賭ける	カケル	3851	動詞,非自立可能,*,*,下一段-カ行,終止形-一般
皆様	ミナサマ	3852	名詞+接尾辞
無邪気	ムジャキ	3853	名詞,普通名詞,形状詞可能,*,*,*
幸運	コウウン	3854	名詞,普通名詞,形状詞可能,*,*,*
帰って来る	カエッテクル	3855	動詞+助詞+動詞
友	トモ	3856	名詞,普通名詞,一般,*,*,*
見張る	ミハル	3857	動詞,一般,*,*,五段-ラ行,終止形-一般
報酬	ホウシュウ	3858	名詞,普通名詞,一般,*,*,*
深呼吸	シンコキュウ	3859	名詞,普通名詞,サ変可能,*,*,*
大人になる	オトナニナル	3860	名詞+助詞+動詞
ただでさえ	タダデサエ	3861	名詞+助動詞+助詞
作り出す	ツクリダス	3862	動詞,一般,*,*,五段-サ行,終止形-一般
餌	エサ	3863	名詞,普通名詞,一般,*,*,*
間近	マヂカ	3864	形状詞,一般,*,*,*,*
着替え	キガエ	3865	動詞,一般,*,*,下一段-ア行,連用形-一般
お帰り	オカエリ	3866	接頭辞+動詞
微笑み	ホホエミ	3867	動詞,一般,*,*,五段-マ行,連用形-一般
使い方	ツカイカタ	3868	名詞,普通名詞,一般,*,*,*
鳴く	ナク	3869	動詞,一般,*,*,五段-カ行,終止形-一般
途切れる	トギレル	3870	動詞,一般,*,*,下一段-ラ行,終止形-一般
出迎える	デムカエル	3871	動詞,一般,*,*,下一段-ア行,終止形-一般
器	ウツワ	3872	名詞,普通名詞,一般,*,*,*
高	コウ	3873	名詞,固有名詞,人名,姓,*,*
マスター	マスター	3874	名詞,普通名詞,サ変可能,*,*,*
利く	キク	3875	動詞,一般,*,*,五段-カ行,終止形-一般
右腕	ミギウデ	3876	名詞,普通名詞,一般,*,*,*
めくる	メクル	3877	動詞,一般,*,*,五段-ラ行,終止形-一般
単語	タンゴ	3878	名詞,普通名詞,一般,*,*,*
だろうに	ダロウニ	3879	助動詞+助詞
ある意味	アルイミ	3880	連体詞+名詞
胸を張る	ムネヲハル	3881	名詞+助詞+動詞
纏う	マトウ	3882	動詞,一般,*,*,五段-ワア行,終止形-一般
早々	ソウソウ	3883	副詞,*,*,*,*,*
いじめる	イジメル	3884	動詞,一般,*,*,下一段-マ行,終止形-一般
溜まる	タマル	3885	動詞,一般,*,*,五段-ラ行,終止形-一般
っぱなし	ッパナシ	3886	接尾辞,形状詞的,*,*,*,*
腰を下ろす	コシヲオロス	3887	名詞+助詞+動詞
駆けつける	カケツケル	3888	動詞,一般,*,*,下一段-カ行,終止形-一般
早め	ハヤメ	3889	形状詞,一般,*,*,*,*
けっこう	ケッコウ	3890	副詞,*,*,*,*,*
たしか	タシカ	3891	形状詞,一般,*,*,*,*
かしこまる	カシコマル	3892	動詞,一般,*,*,五段-ラ行,終止形-一般
飲み物	ノミモノ	3893	名詞,普通名詞,一般,*,*,*
いつの間に	イツノマニ	3894	代名詞+助詞+名詞+助詞
のあまり	ノアマリ	3895	助詞+形状詞
ゴミ	ゴミ	3896	名詞,普通名詞,一般,*,*,*
同じくらい	オナジクライ	3897	連体詞+助詞
捕らえる	トラエル	3898	動詞,一般,*,*,下一段-ア行,終止形-一般
ちっとも	チットモ	3899	副詞,*,*,*,*,*
アホ	アホ	3900	名詞,普通名詞,形状詞可能,*,*,*
暖かい	アタタカイ	3901	形容詞,一般,*,*,形容詞,終止形-一般
忠告	チュウコク	3902	名詞,普通名詞,サ変可能,*,*,*
無意味	ムイミ	3903	名詞,普通名詞,形状詞可能,*,*,*
騒がしい	サワガシイ	3904	形容詞,一般,*,*,形容詞,終止形-一般
脳裏	ノウリ	3905	名詞,普通名詞,一般,*,*,*
悪	アク	3906	形容詞,一般,*,*,形容詞,語幹-一般
透明	トウメイ	3907	形状詞,一般,*,*,*,*
響き渡る	ヒビキワタル	3908	動詞+動詞
傾く	カタムク	3909	動詞,一般,*,*,五段-カ行,終止形-一般
仰ぐ	アオグ	3910	動詞,一般,*,*,五段-ガ行,終止形-一般
暴力	ボウリョク	3911	名詞,普通名詞,一般,*,*,*
晩	バン	3912	名詞,普通名詞,副詞可能,*,*,*
お邪魔	オジャマ	3913	名詞,普通名詞,サ変可能,*,*,*
領域	リョウイキ	3914	名詞,普通名詞,一般,*,*,*
小柄	コガラ	3915	名詞,普通名詞,形状詞可能,*,*,*
お弁当	オベントウ	3916	接頭辞+名詞
お休み	オヤスミ	3917	接頭辞+動詞
看板	カンバン	3918	名詞,普通名詞,一般,*,*,*
感じ取る	カンジトル	3919	動詞,一般,*,*,五段-ラ行,終止形-一般
そう言えば	ソウイエバ	3920	副詞+動詞+助詞
是非	ゼヒ	3921	名詞,普通名詞,サ変可能,*,*,*
カーテン	カーテン	3922	名詞,普通名詞,一般,*,*,*
メモ	メモ	3923	名詞,普通名詞,サ変可能,*,*,*
勘	カン	3924	名詞,普通名詞,一般,*,*,*
大抵	タイテイ	3925	副詞,*,*,*,*,*
数十	スウジュウ	3926	名詞,数詞,*,*,*,*
方面	ホウメン	3927	名詞,普通名詞,一般,*,*,*
植物	ショクブツ	3928	名詞,普通名詞,一般,*,*,*
確率	カクリツ	3929	名詞,普通名詞,一般,*,*,*
例外	レイガイ	3930	名詞,普通名詞,一般,*,*,*
支度	シタク	3931	名詞,普通名詞,サ変可能,*,*,*
罰	バツ	3932	名詞,普通名詞,一般,*,*,*
こちらこそ	コチラコソ	3933	代名詞+助詞
演じる	エンジル	3934	動詞,一般,*,*,上一段-ザ行,終止形-一般
造る	ツクル	3935	動詞,一般,*,*,五段-ラ行,終止形-一般
避難	ヒナン	3936	名詞,普通名詞,サ変可能,*,*,*
入学	ニュウガク	3937	名詞,普通名詞,サ変可能,*,*,*
お手伝い	オテツダイ	3938	接頭辞+名詞
美少女	ビショウジョ	3939	名詞,普通名詞,一般,*,*,*
誇り	ホコリ	3940	名詞,普通名詞,一般,*,*,*
丘	オカ	3941	名詞,普通名詞,一般,*,*,*
突き刺さる	ツキササル	3942	動詞,一般,*,*,五段-ラ行,終止形-一般
首筋	クビスジ	3943	名詞,普通名詞,一般,*,*,*
口に出す	クチニダス	3944	名詞+助詞+動詞
興味深い	キョウミブカイ	3945	名詞+形容詞
弟子	デシ	3946	名詞,普通名詞,一般,*,*,*
見当たる	ミアタル	3947	動詞,一般,*,*,五段-ラ行,終止形-一般
板	イタ	3948	名詞,普通名詞,一般,*,*,*
反撃	ハンゲキ	3949	名詞,普通名詞,サ変可能,*,*,*
心の底	ココロノソコ	3950	名詞+助詞+名詞
唸る	ウナル	3951	動詞,一般,*,*,五段-ラ行,終止形-一般
トラブル	トラブル	3952	名詞,普通名詞,一般,*,*,*
しめる	シメル	3953	助動詞,*,*,*,下一段-マ行,終止形-一般
所詮	ショセン	3954	副詞,*,*,*,*,*
撮影	サツエイ	3955	名詞,普通名詞,サ変可能,*,*,*
一点	イッテン	3956	名詞+名詞
呪う	ノロウ	3957	動詞,一般,*,*,五段-ワア行,終止形-一般
小屋	コヤ	3958	名詞,普通名詞,一般,*,*,*
汚す	ヨゴス	3959	動詞,一般,*,*,五段-サ行,終止形-一般
その頃	ソノコロ	3960	連体詞+名詞
うふふ	ウフフ	3961	感動詞,一般,*,*,*,*
それはそれで	ソレハソレデ	3963	代名詞+助詞+代名詞+助詞
くそっ	クソッ	3964	感動詞,一般,*,*,*,*
誘い	サソイ	3965	名詞,普通名詞,一般,*,*,*
浮かび上がる	ウカビアガル	3966	動詞,一般,*,*,五段-ラ行,終止形-一般
遠ざかる	トオザカル	3967	動詞,一般,*,*,五段-ラ行,終止形-一般
文句を言う	モンクヲイウ	3968	名詞+助詞+動詞
店内	テンナイ	3969	名詞,普通名詞,一般,*,*,*
はっと	ハット	3970	副詞,*,*,*,*,*
通信	ツウシン	3971	名詞,普通名詞,サ変可能,*,*,*
悪意	アクイ	3972	名詞,普通名詞,一般,*,*,*
通用	ツウヨウ	3973	名詞,普通名詞,サ変可能,*,*,*
構成	コウセイ	3974	名詞,普通名詞,サ変可能,*,*,*
押し込む	オシコム	3975	動詞,一般,*,*,五段-マ行,終止形-一般
当日	トウジツ	3976	名詞,普通名詞,副詞可能,*,*,*
贈る	オクル	3977	動詞,一般,*,*,五段-ラ行,終止形-一般
説教	セッキョウ	3978	名詞,普通名詞,サ変可能,*,*,*
つる	ツル	3979	名詞,普通名詞,一般,*,*,*
あく	アク	3980	動詞,一般,*,*,文語四段-カ行,連体形-一般
好く	スク	3981	形容詞,非自立可能,*,*,形容詞,連用形-一般
襲いかかる	オソイカカル	3982	動詞,一般,*,*,五段-ラ行,終止形-一般
鳴き声	ナキゴエ	3983	名詞,普通名詞,一般,*,*,*
いい子	イイコ	3984	形容詞+名詞
おもしろい	オモシロイ	3985	形容詞,一般,*,*,形容詞,終止形-一般
引き取る	ヒキトル	3986	動詞,一般,*,*,五段-ラ行,終止形-一般
あのさ	アノサ	3987	連体詞+助詞
ケンカ	ケンカ	3988	名詞,普通名詞,サ変可能,*,*,*
顔をしかめる	カオヲシカメル	3989	名詞+助詞+動詞
どれくらい	ドレクライ	3990	代名詞+助詞
おまけに	オマケニ	3991	名詞+助詞
のぞく	ノゾク	3992	動詞,一般,*,*,五段-カ行,終止形-一般
ハハ	ハハ	3993	感動詞,一般,*,*,*,*
手をかける	テヲカケル	3994	名詞+助詞+動詞
１回	イッカイ	3995	名詞+名詞
だからといって	ダカラトイッテ	3996	助動詞+助詞+助詞+動詞+助詞
突きつける	ツキツケル	3997	動詞,一般,*,*,下一段-カ行,終止形-一般
さすがは	サスガハ	3998	副詞+助詞
あり得ない	アリエナイ	3999	動詞+動詞+助動詞
何らか	ナンラカ	4000	代名詞+接尾辞+助詞
歩み寄る	アユミヨル	4001	動詞,一般,*,*,五段-ラ行,終止形-一般
等しい	ヒトシイ	4002	形容詞,一般,*,*,形容詞,終止形-一般
垂れる	タレル	4003	動詞,一般,*,*,下一段-ラ行,終止形-一般
敏感	ビンカン	4004	名詞,普通名詞,形状詞可能,*,*,*
深夜	シンヤ	4005	名詞,普通名詞,副詞可能,*,*,*
輪	ワ	4006	名詞,普通名詞,一般,*,*,*
鍋	ナベ	4007	名詞,普通名詞,一般,*,*,*
この後	コノアト	4008	連体詞+名詞
装う	ヨソオウ	4009	動詞,一般,*,*,五段-ワア行,終止形-一般
攻略	コウリャク	4010	名詞,普通名詞,サ変可能,*,*,*
億	オク	4011	名詞,数詞,*,*,*,*
不快	フカイ	4012	名詞,普通名詞,形状詞可能,*,*,*
体重	タイジュウ	4013	名詞,普通名詞,一般,*,*,*
専用	センヨウ	4014	名詞,普通名詞,サ変可能,*,*,*
眉間	ミケン	4015	名詞,普通名詞,一般,*,*,*
付き合い	ツキアイ	4016	名詞,普通名詞,一般,*,*,*
昇る	ノボル	4017	動詞,一般,*,*,五段-ラ行,終止形-一般
湯	ユ	4018	名詞,普通名詞,一般,*,*,*
晒す	サラス	4019	動詞,一般,*,*,五段-サ行,終止形-一般
残酷	ザンコク	4020	名詞,普通名詞,形状詞可能,*,*,*
放る	ホウル	4021	動詞,一般,*,*,五段-ラ行,終止形-一般
歩	ホ	4022	名詞,固有名詞,人名,名,*,*
錯覚	サッカク	4023	名詞,普通名詞,サ変可能,*,*,*
誘導	ユウドウ	4024	名詞,普通名詞,サ変可能,*,*,*
救い	スクイ	4025	名詞,普通名詞,一般,*,*,*
優雅	ユウガ	4026	名詞,普通名詞,形状詞可能,*,*,*
切り替える	キリカエル	4027	動詞,一般,*,*,下一段-ア行,終止形-一般
罪悪感	ザイアクカン	4028	名詞,普通名詞,一般,*,*,*
気絶	キゼツ	4029	名詞,普通名詞,サ変可能,*,*,*
理不尽	リフジン	4030	名詞+名詞
好意	コウイ	4031	名詞,普通名詞,一般,*,*,*
沢山	タクサン	4032	形状詞,一般,*,*,*,*
国民	コクミン	4033	名詞,普通名詞,一般,*,*,*
財布	サイフ	4034	名詞,普通名詞,一般,*,*,*
事務所	ジムショ	4035	名詞,普通名詞,一般,*,*,*
ああいう	アアイウ	4036	副詞+動詞
憧れ	アコガレ	4037	名詞,普通名詞,一般,*,*,*
魅力的	ミリョクテキ	4038	名詞,普通名詞,形状詞可能,*,*,*
人質	ヒトジチ	4039	名詞,普通名詞,一般,*,*,*
列	レツ	4040	名詞,普通名詞,一般,*,*,*
臭い	クサイ	4041	形容詞,一般,*,*,形容詞,終止形-一般
修行	シュギョウ	4042	名詞,普通名詞,サ変可能,*,*,*
率いる	ヒキイル	4043	動詞,一般,*,*,上一段-ア行,連体形-一般
怪訝	ケゲン	4044	形状詞,一般,*,*,*,*
盛大	セイダイ	4045	形状詞,一般,*,*,*,*
職業	ショクギョウ	4046	名詞,普通名詞,一般,*,*,*
同然	ドウゼン	4047	名詞,普通名詞,形状詞可能,*,*,*
腕を組む	ウデヲクム	4048	名詞+助詞+動詞
容姿	ヨウシ	4049	名詞,普通名詞,一般,*,*,*
鎖	クサリ	4050	名詞,普通名詞,一般,*,*,*
締める	シメル	4051	動詞,一般,*,*,下一段-マ行,終止形-一般
内緒	ナイショ	4052	名詞,普通名詞,一般,*,*,*
反射的	ハンシャテキ	4053	名詞,普通名詞,形状詞可能,*,*,*
パターン	パターン	4054	名詞,普通名詞,一般,*,*,*
到達	トウタツ	4055	名詞,普通名詞,サ変可能,*,*,*
一件	イッケン	4056	名詞+名詞
どう考えても	ドウカンガエテモ	4057	副詞+動詞+助詞+助詞
いい人	イイヒト	4058	形容詞+名詞
装置	ソウチ	4059	名詞,普通名詞,サ変可能,*,*,*
教授	キョウジュ	4060	名詞,普通名詞,サ変可能,*,*,*
包み込む	ツツミコム	4061	動詞,一般,*,*,五段-マ行,終止形-一般
衝動	ショウドウ	4062	名詞,普通名詞,サ変可能,*,*,*
尖る	トガル	4063	動詞,一般,*,*,五段-ラ行,終止形-一般
親切	シンセツ	4064	名詞,普通名詞,形状詞可能,*,*,*
目に入る	メニハイル	4065	名詞+助詞+動詞
ベンチ	ベンチ	4066	名詞,普通名詞,一般,*,*,*
埋まる	ウマル	4067	動詞,一般,*,*,五段-ラ行,終止形-一般
礼を言う	レイヲイウ	4068	名詞+助詞+動詞
弾	タマ	4069	名詞,普通名詞,一般,*,*,*
ニュース	ニュース	4070	名詞,普通名詞,一般,*,*,*
パンツ	パンツ	4071	名詞,普通名詞,一般,*,*,*
緩む	ユルム	4072	動詞,一般,*,*,五段-マ行,終止形-一般
潜む	ヒソム	4073	動詞,一般,*,*,五段-マ行,終止形-一般
はっきり言う	ハッキリイウ	4074	副詞+動詞
再度	サイド	4075	名詞,普通名詞,副詞可能,*,*,*
そうじゃなくて	ソウジャナクテ	4076	副詞+助動詞+形容詞+助詞
逮捕	タイホ	4077	名詞,普通名詞,サ変可能,*,*,*
傍ら	カタワラ	4078	名詞,普通名詞,副詞可能,*,*,*
タオル	タオル	4079	名詞,普通名詞,一般,*,*,*
名誉	メイヨ	4080	名詞,普通名詞,形状詞可能,*,*,*
配る	クバル	4081	動詞,一般,*,*,五段-ラ行,終止形-一般
食	ショク	4082	名詞,普通名詞,助数詞可能,*,*,*
どうするか	ドウスルカ	4083	副詞+動詞+助詞
横目	ヨコメ	4084	名詞,普通名詞,一般,*,*,*
何とも	ナントモ	4085	代名詞+助詞+助詞
医師	イシ	4086	名詞,普通名詞,一般,*,*,*
界	カイ	4087	名詞,普通名詞,一般,*,*,*
肩をすくめる	カタヲスクメル	4088	名詞+助詞+動詞
大げさ	オオゲサ	4089	形状詞,一般,*,*,*,*
おばさん	オバサン	4090	名詞+接尾辞
心地よい	ココチヨイ	4091	形容詞,一般,*,*,形容詞,終止形-一般
やりとり	ヤリトリ	4092	名詞,普通名詞,サ変可能,*,*,*
あふれる	アフレル	4093	動詞,一般,*,*,下一段-ラ行,終止形-一般
あくまでも	アクマデモ	4094	副詞+助詞
そんなふうに	ソンナフウニ	4095	連体詞+名詞+助動詞
おかえり	オカエリ	4096	感動詞,一般,*,*,*,*
滅ぼす	ホロボス	4097	動詞,一般,*,*,五段-サ行,終止形-一般
凄まじい	スサマジイ	4098	形容詞,一般,*,*,形容詞,終止形-一般
燃やす	モヤス	4099	動詞,一般,*,*,五段-サ行,終止形-一般
そうだよね	ソウダヨネ	4100	副詞+助動詞+助詞+助詞
額	ヒタイ	4101	名詞,普通名詞,一般,*,*,*
入口	イリグチ	4102	名詞,普通名詞,一般,*,*,*
文章	ブンショウ	4103	名詞,普通名詞,一般,*,*,*
手を取る	テヲトル	4104	名詞+助詞+動詞
我に返る	ワレニカエル	4105	代名詞+助詞+動詞
茶	チャ	4106	名詞,普通名詞,一般,*,*,*
顔立ち	カオダチ	4107	名詞,普通名詞,一般,*,*,*
その分	ソノブン	4108	連体詞+名詞
鼓動	コドウ	4109	名詞,普通名詞,サ変可能,*,*,*
貼る	ハル	4110	動詞,一般,*,*,五段-ラ行,終止形-一般
頭を抱える	アタマヲカカエル	4111	名詞+助詞+動詞
台所	ダイドコロ	4112	名詞,普通名詞,一般,*,*,*
相応しい	フサワシイ	4113	形容詞,一般,*,*,形容詞,終止形-一般
人達	ヒトタチ	4114	名詞+接尾辞
現代	ゲンダイ	4115	名詞,普通名詞,副詞可能,*,*,*
ネタ	ネタ	4116	名詞,普通名詞,一般,*,*,*
掌	テノヒラ	4117	名詞,普通名詞,一般,*,*,*
弁当	ベントウ	4118	名詞,普通名詞,一般,*,*,*
顔面	ガンメン	4119	名詞,普通名詞,一般,*,*,*
流	リュウ	4120	名詞,普通名詞,一般,*,*,*
何にも	ナンニモ	4121	代名詞+助詞
お母様	オカアサマ	4122	名詞,普通名詞,一般,*,*,*
目線	メセン	4123	名詞,普通名詞,一般,*,*,*
権力	ケンリョク	4124	名詞,普通名詞,一般,*,*,*
突入	トツニュウ	4125	名詞,普通名詞,サ変可能,*,*,*
昼食	チュウショク	4126	名詞,普通名詞,一般,*,*,*
十二	ジュウニ	4127	名詞,数詞,*,*,*,*
なのである	ナノデアル	4128	助動詞+助詞+助動詞+動詞
事がある	コトガアル	4129	名詞+助詞+動詞
気遣う	キヅカウ	4130	動詞,一般,*,*,五段-ワア行,終止形-一般
ズボン	ズボン	4131	名詞,普通名詞,一般,*,*,*
苦い	ニガイ	4132	形容詞,一般,*,*,形容詞,終止形-一般
覚悟を決める	カクゴヲキメル	4133	名詞+助詞+動詞
思い込む	オモイコム	4134	動詞,一般,*,*,五段-マ行,終止形-一般
親戚	シンセキ	4135	名詞,普通名詞,一般,*,*,*
意地悪	イジワル	4136	名詞,普通名詞,形状詞可能,*,*,*
遥か	ハルカ	4137	形状詞,一般,*,*,*,*
大陸	タイリク	4138	名詞,普通名詞,一般,*,*,*
お湯	オユ	4139	接頭辞+名詞
加減	カゲン	4140	名詞,普通名詞,サ変可能,*,*,*
物音	モノオト	4141	名詞,普通名詞,一般,*,*,*
祖父	ソフ	4142	名詞,普通名詞,一般,*,*,*
発想	ハッソウ	4143	名詞,普通名詞,サ変可能,*,*,*
ハンカチ	ハンカチ	4144	名詞,普通名詞,一般,*,*,*
敗北	ハイボク	4145	名詞,普通名詞,サ変可能,*,*,*
シンプル	シンプル	4146	形状詞,一般,*,*,*,*
モデル	モデル	4147	名詞,普通名詞,一般,*,*,*
深々	フカブカ	4148	副詞,*,*,*,*,*
無限	ムゲン	4149	名詞,普通名詞,形状詞可能,*,*,*
足を踏み入れる	アシヲフミイレル	4150	名詞+助詞+動詞
見失う	ミウシナウ	4151	動詞,一般,*,*,五段-ワア行,終止形-一般
お任せ	オマカセ	4152	名詞,普通名詞,一般,*,*,*
潰れる	ツブレル	4153	動詞,一般,*,*,下一段-ラ行,終止形-一般
食料	ショクリョウ	4154	名詞,普通名詞,一般,*,*,*
数秒	スウビョウ	4155	名詞+名詞
バラバラ	バラバラ	4156	形状詞,一般,*,*,*,*
テンション	テンション	4157	名詞,普通名詞,一般,*,*,*
上昇	ジョウショウ	4158	名詞,普通名詞,サ変可能,*,*,*
消費	ショウヒ	4159	名詞,普通名詞,サ変可能,*,*,*
言	ゲン	4160	名詞,普通名詞,一般,*,*,*
脅す	オドス	4161	動詞,一般,*,*,五段-サ行,終止形-一般
帰れ	カエレ	4162	動詞,一般,*,*,五段-ラ行,命令形
記事	キジ	4163	名詞,普通名詞,一般,*,*,*
顔を合わせる	カオヲアワセル	4164	名詞+助詞+動詞
混ぜる	マゼル	4165	動詞,一般,*,*,下一段-ザ行,終止形-一般
係	カカリ	4166	名詞,普通名詞,一般,*,*,*
伝う	ツタウ	4167	動詞,一般,*,*,五段-ワア行,終止形-一般
叫び声	サケビゴエ	4168	名詞,普通名詞,一般,*,*,*
未だ	マダ	4169	副詞,*,*,*,*,*
寝室	シンシツ	4170	名詞,普通名詞,一般,*,*,*
夫人	フジン	4171	名詞,普通名詞,一般,*,*,*
無理矢理	ムリヤリ	4172	副詞,*,*,*,*,*
らっしゃる	ラッシャル	4173	動詞,非自立可能,*,*,五段-ラ行,終止形-一般
高級	コウキュウ	4174	名詞,普通名詞,形状詞可能,*,*,*
脅威	キョウイ	4175	名詞,普通名詞,一般,*,*,*
緩める	ユルメル	4176	動詞,一般,*,*,下一段-マ行,終止形-一般
すく	スク	4177	動詞,一般,*,*,五段-カ行,終止形-一般
上司	ジョウシ	4178	名詞,普通名詞,一般,*,*,*
用件	ヨウケン	4179	名詞,普通名詞,一般,*,*,*
調子に乗る	チョウシニノル	4180	名詞+助詞+動詞
遅刻	チコク	4181	名詞,普通名詞,サ変可能,*,*,*
食材	ショクザイ	4182	名詞,普通名詞,一般,*,*,*
試みる	ココロミル	4183	動詞,一般,*,*,上一段-マ行,終止形-一般
横になる	ヨコニナル	4184	名詞+助詞+動詞
つきあう	ツキアウ	4185	動詞,一般,*,*,五段-ワア行,終止形-一般
取引	トリヒキ	4186	名詞,普通名詞,サ変可能,*,*,*
何かしら	ナニカシラ	4187	代名詞+助詞
３年	サンネン	4188	名詞+名詞
かた	カタ	4189	名詞,普通名詞,助数詞可能,*,*,*
おなか	オナカ	4190	名詞,普通名詞,一般,*,*,*
あける	アケル	4191	動詞,一般,*,*,下一段-カ行,終止形-一般
ホッと	ホット	4192	副詞,*,*,*,*,*
言いかける	イイカケル	4193	動詞,一般,*,*,下一段-カ行,終止形-一般
たたく	タタク	4194	動詞,一般,*,*,五段-カ行,終止形-一般
顔つき	カオツキ	4195	名詞,普通名詞,一般,*,*,*
鮮やか	アザヤカ	4196	形状詞,一般,*,*,*,*
そろう	ソロウ	4197	動詞,一般,*,*,五段-ワア行,終止形-一般
お言葉	オコトバ	4198	接頭辞+名詞
いちばん	イチバン	4199	副詞,*,*,*,*,*
そんなもん	ソンナモン	4200	連体詞+名詞
度	タビ	4202	名詞,普通名詞,助数詞可能,*,*,*
街	ガイ	4203	名詞,普通名詞,一般,*,*,*
刃	ヤイバ	4205	名詞,普通名詞,一般,*,*,*
恨み	ウラミ	4206	名詞,普通名詞,一般,*,*,*
曲げる	マゲル	4207	動詞,一般,*,*,下一段-ガ行,終止形-一般
いじる	イジル	4208	動詞,一般,*,*,五段-ラ行,終止形-一般
差す	サス	4209	動詞,一般,*,*,五段-サ行,終止形-一般
到底	トウテイ	4210	副詞,*,*,*,*,*
繋ぐ	ツナグ	4211	動詞,一般,*,*,五段-ガ行,終止形-一般
プライド	プライド	4212	名詞,普通名詞,一般,*,*,*
職人	ショクニン	4213	名詞,普通名詞,一般,*,*,*
像	ゾウ	4214	名詞,普通名詞,一般,*,*,*
枕	マクラ	4215	名詞,普通名詞,一般,*,*,*
差し込む	サシコム	4216	動詞,一般,*,*,五段-マ行,終止形-一般
図書館	トショカン	4217	名詞,普通名詞,一般,*,*,*
可能性が高い	カノウセイガタカイ	4218	名詞+助詞+形容詞
同時	ドウジ	4219	名詞,普通名詞,一般,*,*,*
弱点	ジャクテン	4220	名詞,普通名詞,一般,*,*,*
おっさん	オッサン	4221	名詞+接尾辞
政府	セイフ	4222	名詞,普通名詞,一般,*,*,*
確定	カクテイ	4223	名詞,普通名詞,サ変可能,*,*,*
矛盾	ムジュン	4224	名詞,普通名詞,サ変可能,*,*,*
泣き声	ナキゴエ	4225	名詞,普通名詞,一般,*,*,*
振動	シンドウ	4226	名詞,普通名詞,サ変可能,*,*,*
真っ先に	マッサキニ	4227	名詞+助詞
自転車	ジテンシャ	4228	名詞,普通名詞,一般,*,*,*
耳にする	ミミニスル	4229	名詞+助詞+動詞
帰宅	キタク	4230	名詞,普通名詞,サ変可能,*,*,*
目的地	モクテキチ	4231	名詞,普通名詞,一般,*,*,*
再現	サイゲン	4232	名詞,普通名詞,サ変可能,*,*,*
拒む	コバム	4233	動詞,一般,*,*,五段-マ行,終止形-一般
無力	ムリョク	4234	名詞,普通名詞,形状詞可能,*,*,*
林	ハヤシ	4235	名詞,普通名詞,一般,*,*,*
愉快	ユカイ	4236	名詞,普通名詞,形状詞可能,*,*,*
言い放つ	イイハナツ	4237	動詞,一般,*,*,五段-タ行,終止形-一般
値	アタイ	4238	名詞,普通名詞,サ変可能,*,*,*
揃える	ソロエル	4239	動詞,一般,*,*,下一段-ア行,終止形-一般
死亡	シボウ	4240	名詞,普通名詞,サ変可能,*,*,*
苦笑い	ニガワライ	4241	名詞,普通名詞,サ変可能,*,*,*
任す	マカス	4242	動詞,一般,*,*,五段-サ行,終止形-一般
ふっと	フット	4243	副詞+助詞
塩	シオ	4244	名詞,普通名詞,一般,*,*,*
ボロボロ	ボロボロ	4245	形状詞,一般,*,*,*,*
賢い	カシコイ	4246	形容詞,一般,*,*,形容詞,終止形-一般
あの頃	アノコロ	4247	連体詞+名詞
銀色	ギンイロ	4248	名詞,普通名詞,一般,*,*,*
磨く	ミガク	4249	動詞,一般,*,*,五段-カ行,終止形-一般
静寂	セイジャク	4250	名詞,普通名詞,形状詞可能,*,*,*
夜空	ヨゾラ	4251	名詞,普通名詞,一般,*,*,*
眩しい	マブシイ	4252	形容詞,一般,*,*,形容詞,終止形-一般
自己紹介	ジコショウカイ	4253	名詞+名詞
構造	コウゾウ	4254	名詞,普通名詞,一般,*,*,*
にっこり	ニッコリ	4255	副詞,*,*,*,*,*
大型	オオガタ	4256	名詞,普通名詞,形状詞可能,*,*,*
工場	コウジョウ	4257	名詞,普通名詞,一般,*,*,*
手配	テハイ	4258	名詞,普通名詞,サ変可能,*,*,*
切り裂く	キリサク	4259	動詞,一般,*,*,五段-カ行,終止形-一般
黄金	オウゴン	4260	名詞,普通名詞,一般,*,*,*
先頭	セントウ	4261	名詞,普通名詞,一般,*,*,*
サイン	サイン	4262	名詞,普通名詞,サ変可能,*,*,*
有効	ユウコウ	4263	形状詞,一般,*,*,*,*
女の人	オンナノヒト	4264	名詞+助詞+名詞
砕ける	クダケル	4265	動詞,一般,*,*,下一段-カ行,終止形-一般
何事	ナニゴト	4266	名詞,普通名詞,一般,*,*,*
弓	ユミ	4267	名詞,普通名詞,一般,*,*,*
光栄	コウエイ	4268	名詞,普通名詞,形状詞可能,*,*,*
バス	バス	4269	名詞,普通名詞,一般,*,*,*
リスク	リスク	4270	名詞,普通名詞,一般,*,*,*
ようこそ	ヨウコソ	4271	感動詞,一般,*,*,*,*
押し寄せる	オシヨセル	4272	動詞,一般,*,*,下一段-サ行,終止形-一般
こむ	コム	4273	動詞,非自立可能,*,*,五段-マ行,終止形-一般
出番	デバン	4274	名詞,普通名詞,一般,*,*,*
皮膚	ヒフ	4275	名詞,普通名詞,一般,*,*,*
二回	ニカイ	4276	名詞+名詞
牛	ウシ	4277	名詞,普通名詞,一般,*,*,*
砕く	クダク	4278	動詞,一般,*,*,五段-カ行,終止形-一般
支援	シエン	4279	名詞,普通名詞,サ変可能,*,*,*
湖	ミズウミ	4280	名詞,普通名詞,一般,*,*,*
さも	サモ	4281	副詞,*,*,*,*,*
班	ハン	4282	名詞,普通名詞,一般,*,*,*
別れ	ワカレ	4283	名詞,普通名詞,一般,*,*,*
慕う	シタウ	4284	動詞,一般,*,*,五段-ワア行,終止形-一般
めっちゃ	メッチャ	4285	副詞,*,*,*,*,*
進行	シンコウ	4286	名詞,普通名詞,サ変可能,*,*,*
番号	バンゴウ	4287	名詞,普通名詞,一般,*,*,*
掛かる	カカル	4288	動詞,非自立可能,*,*,五段-ラ行,終止形-一般
人差し指	ヒトサシユビ	4289	名詞,普通名詞,一般,*,*,*
済み	ズミ	4290	名詞,普通名詞,一般,*,*,*
持ち	モチ	4291	動詞,一般,*,*,五段-タ行,連用形-一般
祭り	マツリ	4292	名詞,普通名詞,一般,*,*,*
ハッと	ハット	4293	副詞,*,*,*,*,*
そのとおり	ソノトオリ	4294	連体詞+名詞
というところ	トイウトコロ	4295	助詞+動詞+名詞
なにより	ナニヨリ	4296	代名詞+助詞
たちまち	タチマチ	4297	副詞,*,*,*,*,*
つづける	ツヅケル	4298	動詞,非自立可能,*,*,下一段-カ行,終止形-一般
おやすみ	オヤスミ	4299	感動詞,一般,*,*,*,*
っこ	ッコ	4300	接尾辞,名詞的,一般,*,*,*
店	テン	4301	名詞,普通名詞,一般,*,*,*
種	タネ	4302	名詞,普通名詞,助数詞可能,*,*,*
角度	カクド	4303	名詞,普通名詞,一般,*,*,*
振り払う	フリハラウ	4304	動詞,一般,*,*,五段-ワア行,終止形-一般
三度	サンド	4305	名詞+名詞
絶叫	ゼッキョウ	4306	名詞,普通名詞,サ変可能,*,*,*
課題	カダイ	4307	名詞,普通名詞,一般,*,*,*
本番	ホンバン	4308	名詞,普通名詞,一般,*,*,*
温泉	オンセン	4309	名詞,普通名詞,一般,*,*,*
ライン	ライン	4310	名詞,普通名詞,一般,*,*,*
外部	ガイブ	4311	名詞,普通名詞,一般,*,*,*
子供の頃	コドモノコロ	4312	名詞+助詞+名詞
言動	ゲンドウ	4313	名詞,普通名詞,一般,*,*,*
向き	ムキ	4314	名詞,普通名詞,一般,*,*,*
坂	サカ	4315	名詞,普通名詞,一般,*,*,*
知り合う	シリアウ	4316	動詞,一般,*,*,五段-ワア行,終止形-一般
崩れ落ちる	クズレオチル	4317	動詞,一般,*,*,上一段-タ行,連体形-一般
ふりをする	フリヲスル	4318	名詞+助詞+動詞
せん	セン	4319	名詞,普通名詞,一般,*,*,*
胃	イ	4320	名詞,普通名詞,一般,*,*,*
経緯	イキサツ	4321	名詞,普通名詞,一般,*,*,*
自室	ジシツ	4322	名詞,普通名詞,一般,*,*,*
爆弾	バクダン	4323	名詞,普通名詞,一般,*,*,*
見届ける	ミトドケル	4324	動詞,一般,*,*,下一段-カ行,終止形-一般
とっとと	トットト	4325	副詞,*,*,*,*,*
馬鹿にする	バカニスル	4326	名詞+助動詞+動詞
こんな風に	コンナフウニ	4327	連体詞+名詞+助動詞
絆	キズナ	4328	名詞,普通名詞,一般,*,*,*
豪華	ゴウカ	4329	名詞,普通名詞,形状詞可能,*,*,*
仕業	シワザ	4330	名詞,普通名詞,一般,*,*,*
硬直	コウチョク	4331	名詞,普通名詞,サ変可能,*,*,*
病	ヤマイ	4332	名詞,普通名詞,一般,*,*,*
高度	コウド	4333	形状詞,一般,*,*,*,*
霊	レイ	4334	名詞,普通名詞,一般,*,*,*
振り下ろす	フリオロス	4335	動詞,一般,*,*,五段-サ行,終止形-一般
頼もしい	タノモシイ	4336	形容詞,一般,*,*,形容詞,終止形-一般
捜索	ソウサク	4337	名詞,普通名詞,サ変可能,*,*,*
意	イ	4338	名詞,普通名詞,一般,*,*,*
好奇心	コウキシン	4339	名詞,普通名詞,一般,*,*,*
言い返す	イイカエス	4340	動詞,一般,*,*,五段-サ行,終止形-一般
戻って来る	モドッテクル	4341	動詞+助詞+動詞
未だに	イマダニ	4342	副詞+助詞
スープ	スープ	4343	名詞,普通名詞,一般,*,*,*
蘇る	ヨミガエル	4344	動詞,一般,*,*,五段-ラ行,終止形-一般
お方	オカタ	4345	接頭辞+名詞
マンション	マンション	4346	名詞,普通名詞,一般,*,*,*
哀れ	アワレ	4347	名詞,普通名詞,形状詞可能,*,*,*
駆け出す	カケダス	4348	動詞,一般,*,*,五段-サ行,終止形-一般
別人	ベツジン	4349	名詞,普通名詞,一般,*,*,*
博士	ハカセ	4350	名詞,普通名詞,一般,*,*,*
派遣	ハケン	4351	名詞,普通名詞,サ変可能,*,*,*
咄嗟に	トッサニ	4352	名詞+助詞
あれこれ	アレコレ	4353	名詞,普通名詞,副詞可能,*,*,*
トップ	トップ	4354	名詞,普通名詞,一般,*,*,*
弱る	ヨワル	4355	動詞,一般,*,*,五段-ラ行,終止形-一般
掘る	ホル	4356	動詞,一般,*,*,五段-ラ行,終止形-一般
身内	ミウチ	4357	名詞,普通名詞,一般,*,*,*
体内	タイナイ	4358	名詞,普通名詞,一般,*,*,*
独特	ドクトク	4359	形状詞,一般,*,*,*,*
励ます	ハゲマス	4360	動詞,一般,*,*,五段-サ行,終止形-一般
反対側	ハンタイガワ	4361	名詞+名詞
体温	タイオン	4362	名詞,普通名詞,一般,*,*,*
お返し	オカエシ	4363	接頭辞+名詞
座り込む	スワリコム	4364	動詞,一般,*,*,五段-マ行,終止形-一般
気楽	キラク	4365	形状詞,一般,*,*,*,*
入院	ニュウイン	4366	名詞,普通名詞,サ変可能,*,*,*
運	ウン	4367	名詞,普通名詞,一般,*,*,*
腰掛ける	コシカケル	4368	動詞,一般,*,*,下一段-カ行,終止形-一般
生意気	ナマイキ	4369	名詞,普通名詞,形状詞可能,*,*,*
ステージ	ステージ	4370	名詞,普通名詞,一般,*,*,*
美味い	ウマイ	4371	形容詞,一般,*,*,形容詞,終止形-一般
寄り添う	ヨリソウ	4372	動詞,一般,*,*,五段-ワア行,終止形-一般
偉大	イダイ	4373	形状詞,一般,*,*,*,*
目つき	メツキ	4374	名詞,普通名詞,一般,*,*,*
住民	ジュウミン	4375	名詞,普通名詞,一般,*,*,*
都	ト	4376	名詞,普通名詞,一般,*,*,*
よいしょ	ヨイショ	4377	感動詞,一般,*,*,*,*
携帯電話	ケイタイデンワ	4378	名詞,普通名詞,一般,*,*,*
コート	コート	4379	名詞,普通名詞,一般,*,*,*
風邪	カゼ	4380	名詞,普通名詞,一般,*,*,*
力を込める	チカラヲコメル	4381	名詞+助詞+動詞
あてる	アテル	4382	動詞,一般,*,*,下一段-タ行,終止形-一般
狩り	カリ	4383	名詞,普通名詞,一般,*,*,*
ことによって	コトニヨッテ	4384	名詞+助詞+動詞+助詞
なんという	ナントイウ	4385	代名詞+助詞+動詞
やつら	ヤツラ	4386	名詞+接尾辞
わがまま	ワガママ	4387	名詞,普通名詞,形状詞可能,*,*,*
うつむく	ウツムク	4388	動詞,一般,*,*,五段-カ行,終止形-一般
４人	ヨニン	4389	名詞+接尾辞
なしで	ナシデ	4390	名詞+助動詞
うつ	ウツ	4391	名詞,普通名詞,一般,*,*,*
うかがう	ウカガウ	4392	動詞,一般,*,*,五段-ワア行,終止形-一般
かぎり	カギリ	4393	名詞,普通名詞,副詞可能,*,*,*
今のうち	イマノウチ	4394	名詞+助詞+名詞
チッ	チッ	4395	副詞,*,*,*,*,*
話し合い	ハナシアイ	4396	名詞,普通名詞,一般,*,*,*
振る舞う	フルマウ	4397	動詞,一般,*,*,五段-ワア行,終止形-一般
うっすら	ウッスラ	4398	副詞,*,*,*,*,*
向こう側	ムコウガワ	4399	名詞,普通名詞,一般,*,*,*
さほど	サホド	4400	副詞,*,*,*,*,*
心	シン	4401	名詞,普通名詞,サ変可能,*,*,*
場	ジョウ	4402	名詞,普通名詞,一般,*,*,*
取り囲む	トリカコム	4403	動詞,一般,*,*,五段-マ行,終止形-一般
観念	カンネン	4404	名詞,普通名詞,サ変可能,*,*,*
登録	トウロク	4405	名詞,普通名詞,サ変可能,*,*,*
スイッチ	スイッチ	4406	名詞,普通名詞,サ変可能,*,*,*
殺人	サツジン	4407	名詞,普通名詞,一般,*,*,*
道路	ドウロ	4408	名詞,普通名詞,一般,*,*,*
殺し	コロシ	4409	名詞,普通名詞,一般,*,*,*
サービス	サービス	4410	名詞,普通名詞,サ変可能,*,*,*
気を遣う	キヲツカウ	4411	名詞+助詞+動詞
次々に	ツギツギニ	4412	副詞+助詞
斜め	ナナメ	4413	名詞,普通名詞,一般,*,*,*
懸命	ケンメイ	4414	形状詞,一般,*,*,*,*
中庭	ナカニワ	4415	名詞,普通名詞,一般,*,*,*
有利	ユウリ	4416	形状詞,一般,*,*,*,*
夕飯	ユウハン	4417	名詞,普通名詞,一般,*,*,*
探索	タンサク	4418	名詞,普通名詞,サ変可能,*,*,*
刺さる	ササル	4419	動詞,一般,*,*,五段-ラ行,終止形-一般
揉む	モム	4420	動詞,一般,*,*,五段-マ行,終止形-一般
ぐるぐる	グルグル	4421	副詞,*,*,*,*,*
履く	ハク	4422	動詞,一般,*,*,五段-カ行,終止形-一般
呪文	ジュモン	4423	名詞,普通名詞,一般,*,*,*
恐る恐る	オソルオソル	4424	副詞,*,*,*,*,*
決まり	キマリ	4425	名詞,普通名詞,一般,*,*,*
誕生	タンジョウ	4426	名詞,普通名詞,サ変可能,*,*,*
贅沢	ゼイタク	4427	名詞,普通名詞,サ変形状詞可能,*,*,*
監督	カントク	4428	名詞,普通名詞,サ変可能,*,*,*
しょ	ショ	4429	名詞,普通名詞,一般,*,*,*
すっと	スット	4430	副詞+助詞
職員	ショクイン	4431	名詞,普通名詞,一般,*,*,*
釣る	ツル	4432	動詞,一般,*,*,五段-ラ行,終止形-一般
手間	テマ	4433	名詞,普通名詞,一般,*,*,*
庇う	カバウ	4434	動詞,一般,*,*,五段-ワア行,終止形-一般
ポーズ	ポーズ	4435	名詞,普通名詞,一般,*,*,*
シーン	シーン	4436	名詞,普通名詞,一般,*,*,*
破れる	ヤブレル	4437	動詞,一般,*,*,下一段-ラ行,終止形-一般
スタイル	スタイル	4438	名詞,普通名詞,一般,*,*,*
ふわふわ	フワフワ	4439	副詞,*,*,*,*,*
上位	ジョウイ	4440	名詞,普通名詞,一般,*,*,*
なんぞ	ナンゾ	4441	助詞,副助詞,*,*,*,*
降り注ぐ	フリソソグ	4442	動詞,一般,*,*,五段-ガ行,終止形-一般
色んな	イロンナ	4443	連体詞,*,*,*,*,*
目を逸らす	メヲソラス	4444	名詞+助詞+動詞
新人	シンジン	4445	名詞,普通名詞,一般,*,*,*
気力	キリョク	4446	名詞,普通名詞,一般,*,*,*
赤ちゃん	アカチャン	4447	名詞,普通名詞,一般,*,*,*
突撃	トツゲキ	4448	名詞,普通名詞,サ変可能,*,*,*
死者	シシャ	4449	名詞,普通名詞,一般,*,*,*
ペース	ペース	4450	名詞,普通名詞,一般,*,*,*
判明	ハンメイ	4451	名詞,普通名詞,サ変可能,*,*,*
明かす	アカス	4452	動詞,一般,*,*,五段-サ行,終止形-一般
観る	ミル	4453	動詞,非自立可能,*,*,上一段-マ行,終止形-一般
人目	ヒトメ	4454	名詞,普通名詞,一般,*,*,*
証言	ショウゲン	4455	名詞,普通名詞,サ変可能,*,*,*
どころ	ドコロ	4456	助詞,副助詞,*,*,*,*
なあに	ナアニ	4457	代名詞,*,*,*,*,*
勢力	セイリョク	4458	名詞,普通名詞,一般,*,*,*
中学生	チュウガクセイ	4459	名詞,普通名詞,一般,*,*,*
醜い	ミニクイ	4460	形容詞,一般,*,*,形容詞,終止形-一般
蓋	フタ	4461	名詞,普通名詞,一般,*,*,*
思い浮かべる	オモイウカベル	4462	動詞,一般,*,*,下一段-バ行,連体形-一般
制する	セイスル	4463	動詞,一般,*,*,サ行変格,終止形-一般
人格	ジンカク	4464	名詞,普通名詞,一般,*,*,*
涙を流す	ナミダヲナガス	4465	名詞+助詞+動詞
まさしく	マサシク	4466	副詞,*,*,*,*,*
兼ねる	カネル	4467	動詞,一般,*,*,下一段-ナ行,終止形-一般
からすれば	カラスレバ	4468	接続詞+動詞+助詞
曇る	クモル	4469	動詞,一般,*,*,五段-ラ行,終止形-一般
上着	ウワギ	4470	名詞,普通名詞,一般,*,*,*
五分	ゴブ	4471	名詞+名詞
中途半端	チュウトハンパ	4472	名詞,普通名詞,形状詞可能,*,*,*
緊急	キンキュウ	4473	名詞,普通名詞,形状詞可能,*,*,*
決心	ケッシン	4474	名詞,普通名詞,サ変可能,*,*,*
念	ネン	4475	名詞,普通名詞,一般,*,*,*
検査	ケンサ	4476	名詞,普通名詞,サ変可能,*,*,*
運転	ウンテン	4477	名詞,普通名詞,サ変可能,*,*,*
解散	カイサン	4478	名詞,普通名詞,サ変可能,*,*,*
不利	フリ	4479	名詞,普通名詞,形状詞可能,*,*,*
スペース	スペース	4480	名詞,普通名詞,一般,*,*,*
凝視	ギョウシ	4481	名詞,普通名詞,サ変可能,*,*,*
何かと	ナニカト	4482	代名詞+助詞+助詞
象徴	ショウチョウ	4483	名詞,普通名詞,サ変可能,*,*,*
支払う	シハラウ	4484	動詞,一般,*,*,五段-ワア行,終止形-一般
焦り	アセリ	4485	名詞,普通名詞,一般,*,*,*
絶える	タエル	4486	動詞,一般,*,*,下一段-ア行,終止形-一般
横から	ヨコカラ	4487	名詞+助詞
かわす	カワス	4488	動詞,一般,*,*,五段-サ行,終止形-一般
いっしょに	イッショニ	4489	名詞+助詞
迷惑をかける	メイワクヲカケル	4490	名詞+助詞+動詞
あきらめる	アキラメル	4491	動詞,一般,*,*,下一段-マ行,終止形-一般
１日	イチニチ	4492	名詞+名詞
よーし	ヨーシ	4493	感動詞,一般,*,*,*,*
というわけだ	トイウワケダ	4494	助詞+動詞+名詞+助動詞
まわり	マワリ	4495	名詞,普通名詞,一般,*,*,*
いやらしい	イヤラシイ	4496	形容詞,一般,*,*,形容詞,終止形-一般
よこす	ヨコス	4497	動詞,一般,*,*,五段-サ行,終止形-一般
嘘をつく	ウソヲツク	4498	名詞+助詞+動詞
なんとかなる	ナントカナル	4499	代名詞+助詞+助詞+動詞
打ち合わせ	ウチアワセ	4500	名詞,普通名詞,サ変可能,*,*,*
一	ヒト	4501	名詞,数詞,*,*,*,*
公	コウ	4503	名詞,普通名詞,一般,*,*,*
飛び降りる	トビオリル	4504	動詞,一般,*,*,上一段-ラ行,終止形-一般
顔を覗く	カオヲノゾク	4505	名詞+助詞+動詞
挑発	チョウハツ	4506	名詞,普通名詞,サ変可能,*,*,*
帰還	キカン	4507	名詞,普通名詞,サ変可能,*,*,*
欠片	カケラ	4508	名詞,普通名詞,一般,*,*,*
否	イイエ	4509	感動詞,一般,*,*,*,*
コンビニ	コンビニ	4510	名詞,普通名詞,一般,*,*,*
秘める	ヒメル	4511	動詞,一般,*,*,下一段-マ行,終止形-一般
反射	ハンシャ	4512	名詞,普通名詞,サ変可能,*,*,*
本部	ホンブ	4513	名詞,普通名詞,一般,*,*,*
泥	ドロ	4514	名詞,普通名詞,一般,*,*,*
化粧	ケショウ	4515	名詞,普通名詞,サ変可能,*,*,*
惚れる	ホレル	4516	動詞,一般,*,*,下一段-ラ行,終止形-一般
踏み出す	フミダス	4517	動詞,一般,*,*,五段-サ行,終止形-一般
くぐる	クグル	4518	動詞,一般,*,*,五段-ラ行,終止形-一般
可哀想	カワイソウ	4519	形状詞,一般,*,*,*,*
目に遭う	メニアウ	4520	名詞+助詞+動詞
世話になる	セワニナル	4521	名詞+助詞+動詞
機嫌	キゲン	4522	名詞,普通名詞,一般,*,*,*
分厚い	ブアツイ	4523	形容詞,一般,*,*,形容詞,終止形-一般
無関係	ムカンケイ	4524	名詞,普通名詞,形状詞可能,*,*,*
昼休み	ヒルヤスミ	4525	名詞,普通名詞,副詞可能,*,*,*
そんな中	ソンナナカ	4526	連体詞+名詞
何一つ	ナニヒトツ	4527	代名詞+名詞+接尾辞
切ない	セツナイ	4528	形容詞,一般,*,*,形容詞,終止形-一般
すらも	スラモ	4529	助詞+助詞
政治	セイジ	4530	名詞,普通名詞,一般,*,*,*
ダンス	ダンス	4531	名詞,普通名詞,サ変可能,*,*,*
層	ソウ	4532	名詞,普通名詞,一般,*,*,*
警告	ケイコク	4533	名詞,普通名詞,サ変可能,*,*,*
着地	チャクチ	4534	名詞,普通名詞,サ変可能,*,*,*
旧	キュウ	4535	名詞,普通名詞,一般,*,*,*
アピール	アピール	4536	名詞,普通名詞,サ変可能,*,*,*
満面	マンメン	4537	名詞,普通名詞,一般,*,*,*
嗅ぐ	カグ	4538	動詞,一般,*,*,五段-ガ行,終止形-一般
方角	ホウガク	4539	名詞,普通名詞,一般,*,*,*
息をつく	イキヲツク	4540	名詞+助詞+動詞
温度	オンド	4541	名詞,普通名詞,一般,*,*,*
投げ出す	ナゲダス	4542	動詞,一般,*,*,五段-サ行,終止形-一般
独り言	ヒトリゴト	4543	名詞,普通名詞,一般,*,*,*
悪夢	アクム	4544	名詞,普通名詞,一般,*,*,*
位	クライ	4545	名詞,普通名詞,副詞可能,*,*,*
傘	カサ	4546	名詞,普通名詞,一般,*,*,*
カレー	カレー	4547	名詞,普通名詞,一般,*,*,*
もう一回	モウイッカイ	4548	副詞+名詞
苦しめる	クルシメル	4549	動詞,一般,*,*,下一段-マ行,終止形-一般
ぽつり	ポツリ	4550	副詞,*,*,*,*,*
異変	イヘン	4551	名詞,普通名詞,一般,*,*,*
市民	シミン	4552	名詞,普通名詞,一般,*,*,*
在る	アル	4553	動詞,非自立可能,*,*,五段-ラ行,終止形-一般
陰	カゲ	4554	名詞,普通名詞,一般,*,*,*
眼前	ガンゼン	4555	名詞,普通名詞,一般,*,*,*
迎えに来る	ムカエニクル	4556	動詞+助詞+動詞
説	セツ	4557	名詞,普通名詞,一般,*,*,*
職	ショク	4558	名詞,普通名詞,一般,*,*,*
こする	コスル	4559	動詞,一般,*,*,五段-ラ行,終止形-一般
合格	ゴウカク	4560	名詞,普通名詞,サ変可能,*,*,*
クリア	クリア	4561	名詞,普通名詞,サ変形状詞可能,*,*,*
敷地	シキチ	4562	名詞,普通名詞,一般,*,*,*
限定	ゲンテイ	4563	名詞,普通名詞,サ変可能,*,*,*
喰う	クウ	4564	動詞,一般,*,*,五段-ワア行,終止形-一般
一角	イッカク	4565	名詞,普通名詞,一般,*,*,*
取り込む	トリコム	4566	動詞,一般,*,*,五段-マ行,終止形-一般
思い返す	オモイカエス	4567	動詞,一般,*,*,五段-サ行,終止形-一般
じみる	ジミル	4568	接尾辞,動詞的,*,*,上一段-マ行,終止形-一般
お疲れ様	オツカレサマ	4569	名詞,普通名詞,形状詞可能,*,*,*
力を入れる	チカラヲイレル	4570	名詞+助詞+動詞
意地	イジ	4571	名詞,普通名詞,一般,*,*,*
あるらしい	アルラシイ	4572	動詞+助動詞
紫	ムラサキ	4573	名詞,普通名詞,一般,*,*,*
使命	シメイ	4574	名詞,普通名詞,一般,*,*,*
追い込む	オイコム	4575	動詞,一般,*,*,五段-マ行,終止形-一般
あからさま	アカラサマ	4576	形状詞,一般,*,*,*,*
興味を持つ	キョウミヲモツ	4577	名詞+助詞+動詞
結婚式	ケッコンシキ	4578	名詞,普通名詞,一般,*,*,*
におい	ニオイ	4579	名詞,普通名詞,一般,*,*,*
引き返す	ヒキカエス	4580	動詞,一般,*,*,五段-サ行,終止形-一般
お断り	オコトワリ	4581	接頭辞+動詞
ただただ	タダタダ	4582	副詞,*,*,*,*,*
わかりやすい	ワカリヤスイ	4583	動詞+接尾辞
こらえる	コラエル	4584	動詞,一般,*,*,下一段-ア行,終止形-一般
かう	カウ	4585	副詞,*,*,*,*,*
もしや	モシヤ	4586	副詞+助詞
いわば	イワバ	4587	副詞,*,*,*,*,*
やさしい	ヤサシイ	4588	形容詞,一般,*,*,形容詞,終止形-一般
まわる	マワル	4589	動詞,非自立可能,*,*,五段-ラ行,終止形-一般
ひく	ヒク	4590	動詞,一般,*,*,五段-カ行,終止形-一般
いでる	イデル	4591	動詞,一般,*,*,下一段-ダ行,終止形-一般
あの方	アノカタ	4592	連体詞+名詞
こととなる	コトトナル	4593	名詞+助詞+動詞
ばれる	バレル	4594	動詞,一般,*,*,下一段-ラ行,終止形-一般
真っ暗	マックラ	4595	形状詞,一般,*,*,*,*
うわー	ウワー	4596	感動詞,一般,*,*,*,*
どなた	ドナタ	4597	代名詞,*,*,*,*,*
多すぎる	オオスギル	4598	形容詞+動詞
子たち	コタチ	4599	名詞+接尾辞
マズイ	マズイ	4600	形容詞,一般,*,*,形容詞,終止形-一般
臭い	ニオイ	4601	形容詞,一般,*,*,形容詞,終止形-一般
お待たせしました	オマタセシマシタ	4602	接頭辞+動詞+助動詞+動詞+助動詞+助動詞
熊	クマ	4603	名詞,普通名詞,一般,*,*,*
放棄	ホウキ	4604	名詞,普通名詞,サ変可能,*,*,*
芝居	シバイ	4605	名詞,普通名詞,サ変可能,*,*,*
水面	スイメン	4606	名詞,普通名詞,一般,*,*,*
お別れ	オワカレ	4607	接頭辞+名詞
無くなる	ナクナル	4608	動詞,一般,*,*,五段-ラ行,終止形-一般
群	グン	4609	名詞,普通名詞,一般,*,*,*
振り	フリ	4610	名詞,普通名詞,助数詞可能,*,*,*
損	ソン	4611	名詞,普通名詞,一般,*,*,*
匂いがする	ニオイガスル	4612	名詞+助詞+動詞
高速	コウソク	4613	名詞,普通名詞,形状詞可能,*,*,*
瓶	ビン	4614	名詞,普通名詞,一般,*,*,*
お気に入り	オキニイリ	4615	名詞,普通名詞,一般,*,*,*
吸収	キュウシュウ	4616	名詞,普通名詞,サ変可能,*,*,*
一個	イッコ	4617	名詞+接尾辞
段	ダン	4618	名詞,普通名詞,助数詞可能,*,*,*
憎い	ニクイ	4619	形容詞,一般,*,*,形容詞,終止形-一般
進化	シンカ	4620	名詞,普通名詞,サ変可能,*,*,*
ふわり	フワリ	4621	副詞,*,*,*,*,*
乱す	ミダス	4622	動詞,一般,*,*,五段-サ行,終止形-一般
集合	シュウゴウ	4623	名詞,普通名詞,サ変可能,*,*,*
抜き	ヌキ	4624	名詞,普通名詞,一般,*,*,*
息を吐く	イキヲハク	4625	名詞+助詞+動詞
煽る	アオル	4626	動詞,一般,*,*,五段-ラ行,終止形-一般
油	アブラ	4627	名詞,普通名詞,一般,*,*,*
瞼	マブタ	4628	名詞,普通名詞,一般,*,*,*
混ざる	マザル	4629	動詞,一般,*,*,五段-ラ行,終止形-一般
繰り出す	クリダス	4630	動詞,一般,*,*,五段-サ行,終止形-一般
年下	トシシタ	4631	名詞,普通名詞,一般,*,*,*
初対面	ショタイメン	4632	名詞,普通名詞,一般,*,*,*
同僚	ドウリョウ	4633	名詞,普通名詞,一般,*,*,*
神社	ジンジャ	4634	名詞,普通名詞,一般,*,*,*
に限って	ニカギッテ	4635	助詞+動詞+助詞
緊張感	キンチョウカン	4636	名詞,普通名詞,一般,*,*,*
敵意	テキイ	4637	名詞,普通名詞,一般,*,*,*
墓	ハカ	4638	名詞,普通名詞,一般,*,*,*
前に進む	マエニススム	4639	名詞+助詞+動詞
指揮	シキ	4640	名詞,普通名詞,サ変可能,*,*,*
解消	カイショウ	4641	名詞,普通名詞,サ変可能,*,*,*
劣る	オトル	4642	動詞,一般,*,*,五段-ラ行,終止形-一般
頭部	トウブ	4643	名詞,普通名詞,一般,*,*,*
泡	アワ	4644	名詞,普通名詞,一般,*,*,*
潜る	モグル	4645	動詞,一般,*,*,五段-ラ行,終止形-一般
スタート	スタート	4646	名詞,普通名詞,サ変可能,*,*,*
休日	キュウジツ	4647	名詞,普通名詞,副詞可能,*,*,*
持って行く	モッテイク	4648	動詞+助詞+動詞
涼しい	スズシイ	4649	形容詞,一般,*,*,形容詞,終止形-一般
頼り	タヨリ	4650	名詞,普通名詞,一般,*,*,*
閉ざす	トザス	4651	動詞,一般,*,*,五段-サ行,終止形-一般
披露	ヒロウ	4652	名詞,普通名詞,サ変可能,*,*,*
きょとん	キョトン	4653	副詞,*,*,*,*,*
優しくする	ヤサシクスル	4654	形容詞+動詞
卑怯	ヒキョウ	4655	名詞,普通名詞,形状詞可能,*,*,*
干渉	カンショウ	4656	名詞,普通名詞,サ変可能,*,*,*
スタッフ	スタッフ	4657	名詞,普通名詞,一般,*,*,*
一階	イッカイ	4658	名詞+名詞
冒険	ボウケン	4659	名詞,普通名詞,サ変可能,*,*,*
親指	オヤユビ	4660	名詞,普通名詞,一般,*,*,*
肘	ヒジ	4661	名詞,普通名詞,一般,*,*,*
立ち尽くす	タチツクス	4662	動詞,一般,*,*,五段-サ行,終止形-一般
何事も	ナニゴトモ	4663	名詞+助詞
騒動	ソウドウ	4664	名詞,普通名詞,サ変可能,*,*,*
切り出す	キリダス	4665	動詞,一般,*,*,五段-サ行,終止形-一般
起動	キドウ	4666	名詞,普通名詞,サ変可能,*,*,*
目当て	メアテ	4667	名詞,普通名詞,一般,*,*,*
繊細	センサイ	4668	名詞,普通名詞,形状詞可能,*,*,*
なめる	ナメル	4669	動詞,一般,*,*,下一段-マ行,終止形-一般
パソコン	パソコン	4670	名詞,普通名詞,一般,*,*,*
衝突	ショウトツ	4671	名詞,普通名詞,サ変可能,*,*,*
誰だって	ダレダッテ	4672	代名詞+助動詞+助詞
身を乗り出す	ミヲノリダス	4673	名詞+助詞+動詞
打ち明ける	ウチアケル	4674	動詞,一般,*,*,下一段-カ行,終止形-一般
自己	ジコ	4675	名詞,普通名詞,一般,*,*,*
思惑	オモワク	4676	名詞,普通名詞,一般,*,*,*
そうかもしれない	ソウカモシレナイ	4677	副詞+助詞+助詞+動詞+助動詞
対峙	タイジ	4678	名詞,普通名詞,サ変可能,*,*,*
借金	シャッキン	4679	名詞,普通名詞,サ変可能,*,*,*
遺体	イタイ	4680	名詞,普通名詞,一般,*,*,*
紐	ヒモ	4681	名詞,普通名詞,一般,*,*,*
惹く	ヒク	4682	動詞,一般,*,*,五段-カ行,終止形-一般
同	ドウ	4683	名詞,普通名詞,一般,*,*,*
手続き	テツヅキ	4684	名詞,普通名詞,サ変可能,*,*,*
すれ違う	スレチガウ	4685	動詞,一般,*,*,五段-ワア行,終止形-一般
くすぐったい	クスグッタイ	4686	形容詞,一般,*,*,形容詞,終止形-一般
ほとんどない	ホトンドナイ	4687	名詞+形容詞
とっさに	トッサニ	4688	名詞+助詞
こわい	コワイ	4689	形容詞,一般,*,*,形容詞,終止形-一般
上手くいく	ウマクイク	4690	形容詞+動詞
お久しぶり	オヒサシブリ	4691	接頭辞+名詞
さらす	サラス	4692	動詞,一般,*,*,五段-サ行,終止形-一般
おばあちゃん	オバアチャン	4693	接頭辞+名詞+接尾辞
といわれる	トイワレル	4694	助詞+動詞+助動詞
噴き出す	フキダス	4695	動詞,一般,*,*,五段-サ行,終止形-一般
手がかり	テガカリ	4696	名詞,普通名詞,一般,*,*,*
心当たり	ココロアタリ	4697	名詞,普通名詞,一般,*,*,*
面倒くさい	メンドウクサイ	4698	形容詞,一般,*,*,形容詞,終止形-一般
すばらしい	スバラシイ	4699	形容詞,一般,*,*,形容詞,終止形-一般
いたい	イタイ	4700	動詞+助動詞
高	タカ	4702	名詞,固有名詞,人名,姓,*,*
概念	ガイネン	4703	名詞,普通名詞,一般,*,*,*
に決まっている	ニキマッテイル	4704	助詞+動詞+助詞+動詞
日本語	ニホンゴ	4705	名詞,普通名詞,一般,*,*,*
余	ヨ	4706	代名詞,*,*,*,*,*
潤む	ウルム	4707	動詞,一般,*,*,五段-マ行,終止形-一般
嘆く	ナゲク	4708	動詞,一般,*,*,五段-カ行,終止形-一般
力が抜ける	チカラガヌケル	4709	名詞+助詞+動詞
幼い頃	オサナイコロ	4710	形容詞+名詞
殺害	サツガイ	4711	名詞,普通名詞,サ変可能,*,*,*
招待	ショウタイ	4712	名詞,普通名詞,サ変可能,*,*,*
決着	ケッチャク	4713	名詞,普通名詞,サ変可能,*,*,*
放り込む	ホウリコム	4714	動詞,一般,*,*,五段-マ行,終止形-一般
振り上げる	フリアゲル	4715	動詞,一般,*,*,下一段-ガ行,終止形-一般
黄色い	キイロイ	4716	形容詞,一般,*,*,形容詞,終止形-一般
尾	オ	4717	名詞,普通名詞,一般,*,*,*
お姫様	オヒメサマ	4718	接頭辞+名詞+接尾辞
ペン	ペン	4719	名詞,普通名詞,一般,*,*,*
非	ヒ	4720	名詞,普通名詞,一般,*,*,*
不安定	フアンテイ	4721	名詞,普通名詞,形状詞可能,*,*,*
カップル	カップル	4722	名詞,普通名詞,一般,*,*,*
快楽	カイラク	4723	名詞,普通名詞,一般,*,*,*
受け継ぐ	ウケツグ	4724	動詞,一般,*,*,五段-ガ行,終止形-一般
撤退	テッタイ	4725	名詞,普通名詞,サ変可能,*,*,*
相性	アイショウ	4726	名詞,普通名詞,一般,*,*,*
遭う	アウ	4727	動詞,一般,*,*,五段-ワア行,終止形-一般
一度だけ	イチドダケ	4728	名詞+助詞
最期	サイゴ	4729	名詞,普通名詞,副詞可能,*,*,*
スーツ	スーツ	4730	名詞,普通名詞,一般,*,*,*
なくても	ナクテモ	4731	形容詞+助詞+助詞
決定的	ケッテイテキ	4732	名詞,普通名詞,形状詞可能,*,*,*
要請	ヨウセイ	4733	名詞,普通名詞,サ変可能,*,*,*
配慮	ハイリョ	4734	名詞,普通名詞,サ変可能,*,*,*
員	イン	4735	接尾辞,名詞的,一般,*,*,*
義理	ギリ	4736	名詞,普通名詞,一般,*,*,*
理論	リロン	4737	名詞,普通名詞,一般,*,*,*
ぶる	ブル	4738	接尾辞,動詞的,*,*,五段-ラ行,終止形-一般
まして	マシテ	4739	副詞,*,*,*,*,*
物騒	ブッソウ	4740	形状詞,一般,*,*,*,*
連れ出す	ツレダス	4741	動詞,一般,*,*,五段-サ行,終止形-一般
一晩	ヒトバン	4742	名詞+名詞
ぎこちない	ギコチナイ	4743	形容詞,一般,*,*,形容詞,終止形-一般
鳴り響く	ナリヒビク	4744	動詞,一般,*,*,五段-カ行,終止形-一般
友情	ユウジョウ	4745	名詞,普通名詞,一般,*,*,*
ライバル	ライバル	4746	名詞,普通名詞,一般,*,*,*
緑色	ミドリイロ	4747	名詞,普通名詞,一般,*,*,*
留守	ルス	4748	名詞,普通名詞,サ変可能,*,*,*
二度目	ニドメ	4749	名詞+接尾辞
如く	ゴトク	4750	助動詞,*,*,*,文語助動詞-ゴトシ,連用形-一般
さっと	サット	4751	副詞+助詞
見に来る	ミニクル	4752	動詞+助詞+動詞
ＯＫ	オッケー	4753	名詞,普通名詞,サ変可能,*,*,*
アドバイス	アドバイス	4754	名詞,普通名詞,サ変可能,*,*,*
冷蔵庫	レイゾウコ	4755	名詞,普通名詞,一般,*,*,*
優勝	ユウショウ	4756	名詞,普通名詞,サ変可能,*,*,*
気遣い	キヅカイ	4757	名詞,普通名詞,一般,*,*,*
不要	フヨウ	4758	形状詞,一般,*,*,*,*
青ざめる	アオザメル	4759	動詞,一般,*,*,下一段-マ行,終止形-一般
章	ショウ	4760	名詞,普通名詞,一般,*,*,*
現に	ゲンニ	4761	副詞,*,*,*,*,*
凍る	コオル	4762	動詞,一般,*,*,五段-ラ行,終止形-一般
吹き飛ぶ	フキトブ	4763	動詞,一般,*,*,五段-バ行,終止形-一般
気にしないで	キニシナイデ	4764	名詞+助詞+動詞+助動詞+助詞
覚醒	カクセイ	4765	名詞,普通名詞,サ変可能,*,*,*
サポート	サポート	4766	名詞,普通名詞,サ変可能,*,*,*
裂く	サク	4767	動詞,一般,*,*,五段-カ行,終止形-一般
止む	ヤム	4768	動詞,一般,*,*,五段-マ行,終止形-一般
たった一人	タッタヒトリ	4769	副詞+名詞
着ける	ツケル	4770	動詞,非自立可能,*,*,下一段-カ行,終止形-一般
退く	シリゾク	4771	動詞,一般,*,*,五段-カ行,終止形-一般
本体	ホンタイ	4772	名詞,普通名詞,一般,*,*,*
地点	チテン	4773	名詞,普通名詞,一般,*,*,*
素振り	ソブリ	4774	名詞,普通名詞,サ変可能,*,*,*
きっぱり	キッパリ	4775	副詞,*,*,*,*,*
大騒ぎ	オオサワギ	4776	名詞,普通名詞,サ変可能,*,*,*
存じる	ゾンジル	4777	動詞,一般,*,*,上一段-ザ行,終止形-一般
初日	ショニチ	4778	名詞,普通名詞,副詞可能,*,*,*
年頃	トシゴロ	4779	名詞,普通名詞,一般,*,*,*
持って来る	モッテクル	4780	動詞+助詞+動詞
独立	ドクリツ	4781	名詞,普通名詞,サ変形状詞可能,*,*,*
効率	コウリツ	4782	名詞,普通名詞,一般,*,*,*
陽	ヒ	4783	名詞,普通名詞,副詞可能,*,*,*
さる	サル	4785	連体詞,*,*,*,*,*
そこで	ソコデ	4786	代名詞+助詞
弱々しい	ヨワヨワシイ	4787	形容詞,一般,*,*,形容詞,終止形-一般
やむ	ヤム	4788	動詞,一般,*,*,五段-マ行,終止形-一般
投げつける	ナゲツケル	4789	動詞,一般,*,*,下一段-カ行,終止形-一般
絶対に	ゼッタイニ	4790	名詞+助詞
死に	シニ	4791	名詞+助詞
考えてみれば	カンガエテミレバ	4792	動詞+助詞+動詞+助詞
いい感じ	イイカンジ	4793	形容詞+名詞
まとう	マトウ	4794	動詞,一般,*,*,五段-ワア行,終止形-一般
あるだけ	アルダケ	4795	動詞+助詞
ケガ	ケガ	4796	名詞,普通名詞,サ変可能,*,*,*
ご迷惑	ゴメイワク	4797	接頭辞+名詞
眉をひそめる	マユヲヒソメル	4798	名詞+助詞+動詞
こん	コン	4799	代名詞,*,*,*,*,*
なんというか	ナントイウカ	4800	代名詞+助詞+動詞+助詞
物体	ブッタイ	4801	名詞,普通名詞,一般,*,*,*
差し上げる	サシアゲル	4802	動詞,一般,*,*,下一段-ガ行,終止形-一般
交流	コウリュウ	4803	名詞,普通名詞,サ変可能,*,*,*
仕込む	シコム	4804	動詞,一般,*,*,五段-マ行,終止形-一般
なぞる	ナゾル	4805	動詞,一般,*,*,五段-ラ行,終止形-一般
収穫	シュウカク	4806	名詞,普通名詞,サ変可能,*,*,*
直撃	チョクゲキ	4807	名詞,普通名詞,サ変可能,*,*,*
各地	カクチ	4808	名詞,普通名詞,一般,*,*,*
拠点	キョテン	4809	名詞,普通名詞,一般,*,*,*
四つ	ヨッツ	4810	名詞+接尾辞
アイドル	アイドル	4811	名詞,普通名詞,一般,*,*,*
急速	キュウソク	4812	形状詞,一般,*,*,*,*
キッチン	キッチン	4813	名詞,普通名詞,一般,*,*,*
欲	ヨク	4814	名詞,普通名詞,一般,*,*,*
最低限	サイテイゲン	4815	名詞,普通名詞,一般,*,*,*
へん	ヘン	4816	名詞,普通名詞,一般,*,*,*
久々	ヒサビサ	4817	名詞,普通名詞,一般,*,*,*
国内	コクナイ	4818	名詞,普通名詞,一般,*,*,*
樹	キ	4819	名詞,普通名詞,一般,*,*,*
無防備	ムボウビ	4820	名詞,普通名詞,形状詞可能,*,*,*
兄妹	ケイマイ	4821	名詞,普通名詞,一般,*,*,*
浮気	ウワキ	4822	名詞,普通名詞,サ変形状詞可能,*,*,*
すっきり	スッキリ	4823	副詞,*,*,*,*,*
眠り	ネムリ	4824	名詞,普通名詞,一般,*,*,*
一行	イッコウ	4825	名詞,普通名詞,一般,*,*,*
放送	ホウソウ	4826	名詞,普通名詞,サ変可能,*,*,*
花火	ハナビ	4827	名詞,普通名詞,一般,*,*,*
きゃあ	キャア	4828	感動詞,一般,*,*,*,*
金額	キンガク	4829	名詞,普通名詞,一般,*,*,*
天気	テンキ	4830	名詞,普通名詞,一般,*,*,*
浸る	ヒタル	4831	動詞,一般,*,*,五段-ラ行,終止形-一般
心地	ココチ	4832	名詞,普通名詞,一般,*,*,*
プール	プール	4833	名詞,普通名詞,サ変可能,*,*,*
店主	テンシュ	4834	名詞,普通名詞,一般,*,*,*
無用	ムヨウ	4835	名詞,普通名詞,形状詞可能,*,*,*
らか	ラカ	4836	接尾辞+助詞
情熱	ジョウネツ	4837	名詞,普通名詞,一般,*,*,*
瞬時	シュンジ	4838	名詞,普通名詞,副詞可能,*,*,*
歩み	アユミ	4839	名詞,普通名詞,一般,*,*,*
洗濯	センタク	4840	名詞,普通名詞,サ変可能,*,*,*
毎回	マイカイ	4841	名詞,普通名詞,副詞可能,*,*,*
ジュース	ジュース	4842	名詞,普通名詞,一般,*,*,*
道理	ドウリ	4843	名詞,普通名詞,一般,*,*,*
元に戻る	モトニモドル	4844	名詞+助詞+動詞
同級生	ドウキュウセイ	4845	名詞,普通名詞,一般,*,*,*
相手をする	アイテヲスル	4846	名詞+助詞+動詞
嫌がらせ	イヤガラセ	4847	名詞,普通名詞,一般,*,*,*
うんざり	ウンザリ	4848	副詞,*,*,*,*,*
結末	ケツマツ	4849	名詞,普通名詞,一般,*,*,*
一刻も早く	イッコクモハヤク	4850	名詞+助詞+形容詞
滞在	タイザイ	4851	名詞,普通名詞,サ変可能,*,*,*
ふらふら	フラフラ	4852	副詞,*,*,*,*,*
通過	ツウカ	4853	名詞,普通名詞,サ変可能,*,*,*
落ち着ける	オチツケル	4854	動詞,一般,*,*,下一段-カ行,終止形-一般
なんてこと	ナンテコト	4855	代名詞+助詞+名詞
読み取る	ヨミトル	4856	動詞,一般,*,*,五段-ラ行,終止形-一般
文	ブン	4857	名詞,普通名詞,一般,*,*,*
であれ	デアレ	4858	接続詞+代名詞
紅	クレナイ	4859	名詞,普通名詞,一般,*,*,*
動機	ドウキ	4860	名詞,普通名詞,一般,*,*,*
一通り	ヒトトオリ	4861	名詞,普通名詞,一般,*,*,*
末	スエ	4862	名詞,普通名詞,副詞可能,*,*,*
特有	トクユウ	4863	形状詞,一般,*,*,*,*
演奏	エンソウ	4864	名詞,普通名詞,サ変可能,*,*,*
後を追う	アトヲオウ	4865	名詞+助詞+動詞
誘拐	ユウカイ	4866	名詞,普通名詞,サ変可能,*,*,*
放り出す	ホウリダス	4867	動詞,一般,*,*,五段-サ行,終止形-一般
順番	ジュンバン	4868	名詞,普通名詞,一般,*,*,*
イケメン	イケメン	4869	名詞,普通名詞,一般,*,*,*
無礼	ブレイ	4870	名詞,普通名詞,形状詞可能,*,*,*
澄む	スム	4871	動詞,一般,*,*,五段-マ行,終止形-一般
じゃう	ジャウ	4872	助動詞,*,*,*,五段-ワア行,終止形-一般
距離を取る	キョリヲトル	4873	名詞+助詞+動詞
何気ない	ナニゲナイ	4874	名詞+形容詞
信仰	シンコウ	4875	名詞,普通名詞,サ変可能,*,*,*
お土産	オミヤゲ	4876	接頭辞+名詞
発射	ハッシャ	4877	名詞,普通名詞,サ変可能,*,*,*
小娘	コムスメ	4878	名詞,普通名詞,一般,*,*,*
そうすると	ソウスルト	4879	副詞+動詞+助詞
上半身	ジョウハンシン	4880	名詞,普通名詞,一般,*,*,*
荒れる	アレル	4881	動詞,一般,*,*,下一段-ラ行,終止形-一般
リアル	リアル	4882	名詞,普通名詞,形状詞可能,*,*,*
滅びる	ホロビル	4883	動詞,一般,*,*,上一段-バ行,連体形-一般
行方不明	ユクエフメイ	4884	名詞,普通名詞,一般,*,*,*
いくつ	イクツ	4885	名詞,普通名詞,一般,*,*,*
仕組み	シクミ	4886	名詞,普通名詞,一般,*,*,*
だれ	ダレ	4887	代名詞,*,*,*,*,*
ハッキリ	ハッキリ	4888	副詞,*,*,*,*,*
３日	ミッカ	4889	名詞+接尾辞
どっちも	ドッチモ	4890	代名詞+助詞
向かい合う	ムカイアウ	4891	動詞,一般,*,*,五段-ワア行,終止形-一般
２人とも	フタリトモ	4892	名詞+助詞+助詞
なおさら	ナオサラ	4893	副詞,*,*,*,*,*
ついていく	ツイテイク	4894	動詞+助詞+動詞
しかたない	シカタナイ	4895	形容詞,一般,*,*,形容詞,終止形-一般
目をやる	メヲヤル	4896	名詞+助詞+動詞
あわてる	アワテル	4897	動詞,一般,*,*,下一段-タ行,終止形-一般
かといって	カトイッテ	4898	助詞+助詞+動詞+助詞
良く	ヨク	4899	形容詞,非自立可能,*,*,形容詞,連用形-一般
後ろ姿	ウシロスガタ	4900	名詞,普通名詞,一般,*,*,*
弾	ダン	4901	名詞,普通名詞,一般,*,*,*
位	イ	4902	名詞,普通名詞,副詞可能,*,*,*
愛しい	イトシイ	4903	形容詞,一般,*,*,形容詞,終止形-一般
リボン	リボン	4904	名詞,普通名詞,一般,*,*,*
片隅	カタスミ	4905	名詞,普通名詞,一般,*,*,*
大規模	ダイキボ	4906	名詞,普通名詞,形状詞可能,*,*,*
コントロール	コントロール	4907	名詞,普通名詞,サ変可能,*,*,*
館	ヤカタ	4908	名詞,普通名詞,一般,*,*,*
巨人	キョジン	4909	名詞,普通名詞,一般,*,*,*
よしよし	ヨシヨシ	4910	感動詞+感動詞
この際	コノサイ	4911	連体詞+名詞
映す	ウツス	4912	動詞,一般,*,*,五段-サ行,終止形-一般
ものとする	モノトスル	4913	名詞+助詞+動詞
悲劇	ヒゲキ	4914	名詞,普通名詞,一般,*,*,*
見学	ケンガク	4915	名詞,普通名詞,サ変可能,*,*,*
整備	セイビ	4916	名詞,普通名詞,サ変可能,*,*,*
痛	ツウ	4917	形容詞,一般,*,*,形容詞,語幹-一般
箇所	カショ	4918	名詞,普通名詞,助数詞可能,*,*,*
席を立つ	セキヲタツ	4919	名詞+助詞+動詞
アパート	アパート	4920	名詞,普通名詞,一般,*,*,*
文字通り	モジドオリ	4921	名詞+名詞
全滅	ゼンメツ	4922	名詞,普通名詞,サ変可能,*,*,*
不愉快	フユカイ	4923	名詞,普通名詞,形状詞可能,*,*,*
鈴	スズ	4924	名詞,普通名詞,一般,*,*,*
小僧	コゾウ	4925	名詞,普通名詞,一般,*,*,*
取材	シュザイ	4926	名詞,普通名詞,サ変可能,*,*,*
余る	アマル	4927	動詞,一般,*,*,五段-ラ行,終止形-一般
乾杯	カンパイ	4928	名詞,普通名詞,サ変可能,*,*,*
太る	フトル	4929	動詞,一般,*,*,五段-ラ行,終止形-一般
または	マタハ	4930	接続詞+助詞
ありゃ	アリャ	4931	代名詞,*,*,*,*,*
知恵	チエ	4932	名詞,普通名詞,一般,*,*,*
習慣	シュウカン	4933	名詞,普通名詞,一般,*,*,*
溺れる	オボレル	4934	動詞,一般,*,*,下一段-ラ行,終止形-一般
耳を傾ける	ミミヲカタムケル	4935	名詞+助詞+動詞
ピンク	ピンク	4936	名詞,普通名詞,一般,*,*,*
次回	ジカイ	4937	名詞,普通名詞,副詞可能,*,*,*
弾む	ハズム	4938	動詞,一般,*,*,五段-マ行,終止形-一般
長い間	ナガイアイダ	4939	形容詞+名詞
パワー	パワー	4940	名詞,普通名詞,一般,*,*,*
申し訳ございません	モウシワケゴザイマセン	4941	名詞+動詞+助動詞+助動詞
観客	カンキャク	4942	名詞,普通名詞,一般,*,*,*
一員	イチイン	4943	名詞,普通名詞,一般,*,*,*
引き起こす	ヒキオコス	4944	動詞,一般,*,*,五段-サ行,終止形-一般
割と	ワリト	4945	副詞,*,*,*,*,*
阻止	ソシ	4946	名詞,普通名詞,サ変可能,*,*,*
圧倒	アットウ	4947	名詞,普通名詞,サ変可能,*,*,*
真相	シンソウ	4948	名詞,普通名詞,一般,*,*,*
一家	イッカ	4949	名詞,普通名詞,一般,*,*,*
ビール	ビール	4950	名詞,普通名詞,一般,*,*,*
外国	ガイコク	4951	名詞,普通名詞,一般,*,*,*
情	ジョウ	4952	名詞,普通名詞,一般,*,*,*
一礼	イチレイ	4953	名詞+名詞
面々	メンメン	4954	名詞,普通名詞,一般,*,*,*
企画	キカク	4955	名詞,普通名詞,サ変可能,*,*,*
何しろ	ナニシロ	4956	副詞,*,*,*,*,*
諸君	ショクン	4957	名詞,普通名詞,一般,*,*,*
来週	ライシュウ	4958	名詞,普通名詞,副詞可能,*,*,*
やり直す	ヤリナオス	4959	動詞,一般,*,*,五段-サ行,終止形-一般
お部屋	オヘヤ	4960	接頭辞+名詞
お呼び	オヨビ	4961	接頭辞+動詞
華やか	ハナヤカ	4962	形状詞,一般,*,*,*,*
企業	キギョウ	4963	名詞,普通名詞,一般,*,*,*
さえあれば	サエアレバ	4964	助詞+動詞+助詞
腹が立つ	ハラガタツ	4965	名詞+助詞+動詞
手入れ	テイレ	4966	名詞,普通名詞,サ変可能,*,*,*
遊びに来る	アソビニクル	4967	動詞+助詞+動詞
さようなら	サヨウナラ	4968	感動詞,一般,*,*,*,*
お祝い	オイワイ	4969	名詞,普通名詞,サ変可能,*,*,*
極端	キョクタン	4970	名詞,普通名詞,形状詞可能,*,*,*
一緒になる	イッショニナル	4971	名詞+助詞+動詞
本に	ホンニ	4972	名詞+助詞
呼び止める	ヨビトメル	4973	動詞,一般,*,*,下一段-マ行,終止形-一般
急激	キュウゲキ	4974	形状詞,一般,*,*,*,*
何百	ナンビャク	4975	名詞,数詞,*,*,*,*
下半身	カハンシン	4976	名詞,普通名詞,一般,*,*,*
うるせえ	ウルセエ	4977	形容詞,一般,*,*,形容詞,終止形-一般
左腕	サワン	4978	名詞,普通名詞,一般,*,*,*
かなー	カナー	4979	助詞+助詞
すう	スウ	4980	副詞,*,*,*,*,*
いくらなんでも	イクラナンデモ	4981	名詞+助動詞+助詞+助動詞+助詞
ろくに	ロクニ	4982	副詞,*,*,*,*,*
あな	アナ	4983	名詞,普通名詞,一般,*,*,*
時間をかける	ジカンヲカケル	4984	名詞+助詞+動詞
かばう	カバウ	4985	動詞,一般,*,*,五段-ワア行,終止形-一般
ためらう	タメラウ	4986	動詞,一般,*,*,五段-ワア行,終止形-一般
もしかすると	モシカスルト	4987	副詞+助詞+動詞+助詞
こないだ	コナイダ	4988	名詞,普通名詞,一般,*,*,*
いかなる	イカナル	4989	連体詞,*,*,*,*,*
打ち込む	ウチコム	4990	動詞,一般,*,*,五段-マ行,終止形-一般
バカにする	バカニスル	4991	名詞+助動詞+動詞
キツい	キツイ	4992	形容詞,一般,*,*,形容詞,終止形-一般
ヶ月	カゲツ	4993	名詞,普通名詞,助数詞可能,*,*,*
どのくらい	ドノクライ	4994	連体詞+助詞
ところが	トコロガ	4995	名詞+助詞
いささか	イササカ	4996	副詞,*,*,*,*,*
えーっと	エーット	4997	感動詞,フィラー,*,*,*,*
いやー	イヤー	4998	感動詞,一般,*,*,*,*
ほれ	ホレ	4999	感動詞,一般,*,*,*,*
こんなふうに	コンナフウニ	5000	連体詞+名詞+助動詞
開ける	ヒラケル	5001	動詞,一般,*,*,下一段-カ行,終止形-一般
十数	ジュウスウ	5002	名詞+名詞
強制	キョウセイ	5003	名詞,普通名詞,サ変可能,*,*,*
立ち向かう	タチムカウ	5004	動詞,一般,*,*,五段-ワア行,終止形-一般
機関	キカン	5005	名詞,普通名詞,一般,*,*,*
上等	ジョウトウ	5006	名詞+接尾辞
迫力	ハクリョク	5007	名詞,普通名詞,一般,*,*,*
箸	ハシ	5008	名詞,普通名詞,一般,*,*,*
託する	タクスル	5009	動詞,一般,*,*,サ行変格,終止形-一般
身構える	ミガマエル	5010	動詞,一般,*,*,下一段-ア行,終止形-一般
黙り込む	ダマリコム	5011	動詞,一般,*,*,五段-マ行,終止形-一般
開催	カイサイ	5012	名詞,普通名詞,サ変可能,*,*,*
物事	モノゴト	5013	名詞,普通名詞,一般,*,*,*
に従い	ニシタガイ	5014	助詞+動詞
製	セイ	5015	名詞,普通名詞,一般,*,*,*
渦	ウズ	5016	名詞,普通名詞,一般,*,*,*
気にするな	キニスルナ	5017	名詞+助詞+動詞+助詞
留める	トメル	5018	動詞,一般,*,*,下一段-マ行,終止形-一般
馴染む	ナジム	5019	動詞,一般,*,*,五段-マ行,終止形-一般
突如	トツジョ	5020	副詞,*,*,*,*,*
駆け抜ける	カケヌケル	5021	動詞,一般,*,*,下一段-カ行,終止形-一般
束	タバ	5022	名詞,普通名詞,助数詞可能,*,*,*
両者	リョウシャ	5023	名詞,普通名詞,一般,*,*,*
営業	エイギョウ	5024	名詞,普通名詞,サ変可能,*,*,*
口を挟む	クチヲハサム	5025	名詞+助詞+動詞
何だって	ナンダッテ	5026	代名詞+助動詞+助詞
尋常	ジンジョウ	5027	形状詞,一般,*,*,*,*
どうにかなる	ドウニカナル	5028	副詞+助詞+助詞+動詞
脳内	ノウナイ	5029	名詞,普通名詞,一般,*,*,*
くるり	クルリ	5030	副詞,*,*,*,*,*
絶句	ゼック	5031	名詞,普通名詞,サ変可能,*,*,*
辺	ヘン	5032	名詞,普通名詞,一般,*,*,*
痙攣	ケイレン	5033	名詞,普通名詞,サ変可能,*,*,*
神聖	シンセイ	5034	名詞,普通名詞,形状詞可能,*,*,*
採用	サイヨウ	5035	名詞,普通名詞,サ変可能,*,*,*
些細	ササイ	5036	名詞,普通名詞,形状詞可能,*,*,*
とは限らない	トハカギラナイ	5037	助詞+助詞+動詞+助動詞
考慮	コウリョ	5038	名詞,普通名詞,サ変可能,*,*,*
駆る	カル	5039	動詞,一般,*,*,五段-ラ行,終止形-一般
赤ん坊	アカンボウ	5040	名詞,普通名詞,一般,*,*,*
本質	ホンシツ	5041	名詞,普通名詞,一般,*,*,*
オーラ	オーラ	5042	名詞,普通名詞,一般,*,*,*
そういうことか	ソウイウコトカ	5043	副詞+動詞+名詞+助詞
憎しみ	ニクシミ	5044	名詞,普通名詞,一般,*,*,*
誘惑	ユウワク	5045	名詞,普通名詞,サ変可能,*,*,*
がっかり	ガッカリ	5046	副詞,*,*,*,*,*
体格	タイカク	5047	名詞,普通名詞,一般,*,*,*
州	シュウ	5048	名詞,普通名詞,一般,*,*,*
一瞥	イチベツ	5049	名詞,普通名詞,サ変可能,*,*,*
露骨	ロコツ	5050	形状詞,一般,*,*,*,*
生地	キジ	5051	名詞,普通名詞,一般,*,*,*
擦る	スル	5052	動詞,一般,*,*,五段-ラ行,終止形-一般
人材	ジンザイ	5053	名詞,普通名詞,一般,*,*,*
運営	ウンエイ	5054	名詞,普通名詞,サ変可能,*,*,*
何事か	ナニゴトカ	5055	名詞+助詞
出来	デキ	5056	名詞,普通名詞,一般,*,*,*
着物	キモノ	5057	名詞,普通名詞,一般,*,*,*
作り上げる	ツクリアゲル	5058	動詞,一般,*,*,下一段-ガ行,終止形-一般
歪める	ユガメル	5059	動詞,一般,*,*,下一段-マ行,終止形-一般
再	サイ	5060	接頭辞,*,*,*,*,*
結果的	ケッカテキ	5061	名詞,普通名詞,形状詞可能,*,*,*
獲得	カクトク	5062	名詞,普通名詞,サ変可能,*,*,*
上回る	ウワマワル	5063	動詞,一般,*,*,五段-ラ行,終止形-一般
突進	トッシン	5064	名詞,普通名詞,サ変可能,*,*,*
資金	シキン	5065	名詞,普通名詞,一般,*,*,*
降ろす	オロス	5066	動詞,一般,*,*,五段-サ行,終止形-一般
猿	サル	5067	名詞,普通名詞,一般,*,*,*
チャイム	チャイム	5068	名詞,普通名詞,一般,*,*,*
称する	ショウスル	5069	動詞,一般,*,*,サ行変格,終止形-一般
爽やか	サワヤカ	5070	形状詞,一般,*,*,*,*
崖	ガケ	5071	名詞,普通名詞,一般,*,*,*
正気	ショウキ	5072	名詞,普通名詞,一般,*,*,*
くむ	クム	5073	動詞,一般,*,*,五段-マ行,終止形-一般
くすぐる	クスグル	5074	動詞,一般,*,*,五段-ラ行,終止形-一般
癒す	イヤス	5075	動詞,一般,*,*,五段-サ行,終止形-一般
生まれ	ウマレ	5076	名詞,普通名詞,一般,*,*,*
へー	ヘー	5077	感動詞,一般,*,*,*,*
見出す	ミイダス	5078	動詞+動詞
つき	ツキ	5079	名詞,普通名詞,一般,*,*,*
わざとらしい	ワザトラシイ	5080	副詞+助動詞
ってね	ッテネ	5081	助詞+助詞
だます	ダマス	5082	助動詞+助動詞
ましてや	マシテヤ	5083	副詞+助詞
ぞう	ゾウ	5084	助詞,終助詞,*,*,*,*
仕掛け	シカケ	5085	名詞,普通名詞,一般,*,*,*
割に	ワリニ	5086	名詞+助詞
受付	ウケツケ	5087	名詞,普通名詞,サ変可能,*,*,*
のる	ノル	5088	動詞,一般,*,*,五段-ラ行,終止形-一般
膝をつく	ヒザヲツク	5089	名詞+助詞+動詞
こと自体	コトジタイ	5090	名詞+名詞
からといって	カラトイッテ	5091	接続詞+助詞+動詞+助詞
しる	シル	5092	名詞,普通名詞,一般,*,*,*
当然のこと	トウゼンノコト	5093	形状詞+助詞+名詞
ていい	テイイ	5094	接続詞+形容詞
一つ一つ	ヒトツヒトツ	5095	名詞+接尾辞+名詞+接尾辞
もむ	モム	5096	動詞,一般,*,*,五段-マ行,終止形-一般
あわせる	アワセル	5097	動詞,一般,*,*,下一段-サ行,終止形-一般
引きつる	ヒキツル	5098	動詞,一般,*,*,五段-ラ行,終止形-一般
そん	ソン	5099	代名詞,*,*,*,*,*
しき	シキ	5100	名詞,普通名詞,一般,*,*,*
印	シルシ	5101	名詞,普通名詞,一般,*,*,*
センス	センス	5102	名詞,普通名詞,一般,*,*,*
耳に入る	ミミニハイル	5103	名詞+助詞+動詞
案の定	アンノジョウ	5104	副詞,*,*,*,*,*
悪化	アッカ	5105	名詞,普通名詞,サ変可能,*,*,*
数時間	スウジカン	5106	名詞,普通名詞,一般,*,*,*
繰り広げる	クリヒロゲル	5107	動詞,一般,*,*,下一段-ガ行,連体形-一般
気軽	キガル	5108	形状詞,一般,*,*,*,*
目を輝かす	メヲカガヤカス	5109	名詞+助詞+動詞
過程	カテイ	5110	名詞,普通名詞,一般,*,*,*
泣き出す	ナキダス	5111	動詞+動詞
前髪	マエガミ	5112	名詞,普通名詞,一般,*,*,*
重み	オモミ	5113	名詞,普通名詞,一般,*,*,*
出してくれる	ダシテクレル	5114	動詞+助詞+動詞
武装	ブソウ	5115	名詞,普通名詞,サ変可能,*,*,*
ほらほら	ホラホラ	5116	感動詞+感動詞
ニヤニヤ	ニヤニヤ	5117	副詞,*,*,*,*,*
一層	イッソウ	5118	副詞,*,*,*,*,*
恥	ハジ	5119	名詞,普通名詞,一般,*,*,*
肩を落とす	カタヲオトス	5120	名詞+助詞+動詞
たげる	タゲル	5121	助動詞,*,*,*,下一段-ガ行,終止形-一般
よくする	ヨクスル	5122	副詞+動詞
語	ゴ	5123	名詞,普通名詞,一般,*,*,*
泉	イズミ	5124	名詞,固有名詞,人名,姓,*,*
深める	フカメル	5125	動詞,一般,*,*,下一段-マ行,終止形-一般
通	ツウ	5126	名詞,固有名詞,人名,名,*,*
宗教	シュウキョウ	5127	名詞,普通名詞,一般,*,*,*
指示を出す	シジヲダス	5128	名詞+助詞+動詞
モード	モード	5129	名詞,普通名詞,一般,*,*,*
路地	ロジ	5130	名詞,普通名詞,一般,*,*,*
未知	ミチ	5131	名詞,普通名詞,形状詞可能,*,*,*
副	フク	5132	接頭辞,*,*,*,*,*
憎悪	ゾウオ	5133	名詞,普通名詞,サ変可能,*,*,*
傷口	キズグチ	5134	名詞,普通名詞,一般,*,*,*
力を貸す	チカラヲカス	5135	名詞+助詞+動詞
この場合	コノバアイ	5136	連体詞+名詞
思想	シソウ	5137	名詞,普通名詞,一般,*,*,*
遊びに行く	アソビニイク	5138	動詞+助詞+動詞
ストレス	ストレス	5139	名詞,普通名詞,一般,*,*,*
こういった	コウイッタ	5140	副詞+動詞+助動詞
手加減	テカゲン	5141	名詞,普通名詞,サ変可能,*,*,*
勤める	ツトメル	5142	動詞,一般,*,*,下一段-マ行,終止形-一般
我ながら	ワレナガラ	5143	代名詞+助詞
前向き	マエムキ	5144	形状詞,一般,*,*,*,*
沈める	シズメル	5145	動詞,一般,*,*,下一段-マ行,終止形-一般
抗う	アラガウ	5146	動詞,一般,*,*,五段-ワア行,終止形-一般
幕	マク	5147	名詞,普通名詞,一般,*,*,*
比較	ヒカク	5148	名詞,普通名詞,サ変可能,*,*,*
揺さぶる	ユサブル	5149	動詞,一般,*,*,五段-ラ行,終止形-一般
傾ける	カタムケル	5150	動詞,一般,*,*,下一段-カ行,終止形-一般
広大	コウダイ	5151	形状詞,一般,*,*,*,*
無謀	ムボウ	5152	名詞,普通名詞,形状詞可能,*,*,*
偽物	ニセモノ	5153	名詞,普通名詞,一般,*,*,*
顔を見せる	カオヲミセル	5154	名詞+助詞+動詞
痕跡	コンセキ	5155	名詞,普通名詞,一般,*,*,*
殺意	サツイ	5156	名詞,普通名詞,一般,*,*,*
一段	イチダン	5157	名詞+名詞
賑やか	ニギヤカ	5158	形状詞,一般,*,*,*,*
ベル	ベル	5159	名詞,普通名詞,一般,*,*,*
咳払い	セキバライ	5160	名詞,普通名詞,サ変可能,*,*,*
青白い	アオジロイ	5161	形容詞,一般,*,*,形容詞,終止形-一般
代物	シロモノ	5162	名詞,普通名詞,一般,*,*,*
教科書	キョウカショ	5163	名詞,普通名詞,一般,*,*,*
っぷり	ップリ	5164	接尾辞,名詞的,一般,*,*,*
宝	タカラ	5165	名詞,普通名詞,一般,*,*,*
であるから	デアルカラ	5166	助動詞+動詞+助詞
巣	ス	5167	名詞,普通名詞,一般,*,*,*
娘さん	ムスメサン	5168	名詞+接尾辞
密着	ミッチャク	5169	名詞,普通名詞,サ変可能,*,*,*
浮かれる	ウカレル	5170	動詞,一般,*,*,下一段-ラ行,終止形-一般
破滅	ハメツ	5171	名詞,普通名詞,サ変可能,*,*,*
上品	ジョウヒン	5172	名詞,普通名詞,一般,*,*,*
赴く	オモムク	5173	動詞,一般,*,*,五段-カ行,終止形-一般
転がす	コロガス	5174	動詞,一般,*,*,五段-サ行,終止形-一般
ヒント	ヒント	5175	名詞,普通名詞,一般,*,*,*
果て	ハテ	5176	名詞,普通名詞,一般,*,*,*
察知	サッチ	5177	名詞,普通名詞,サ変可能,*,*,*
跳ぶ	トブ	5178	動詞,一般,*,*,五段-バ行,終止形-一般
広まる	ヒロマル	5179	動詞,一般,*,*,五段-ラ行,終止形-一般
奥様	オクサマ	5180	名詞,普通名詞,一般,*,*,*
懸念	ケネン	5181	名詞,普通名詞,サ変可能,*,*,*
中断	チュウダン	5182	名詞,普通名詞,サ変可能,*,*,*
単位	タンイ	5183	名詞,普通名詞,一般,*,*,*
妨害	ボウガイ	5184	名詞,普通名詞,サ変可能,*,*,*
犯罪者	ハンザイシャ	5185	名詞,普通名詞,一般,*,*,*
頼りない	タヨリナイ	5186	形容詞,一般,*,*,形容詞,終止形-一般
見返す	ミカエス	5187	動詞,一般,*,*,五段-サ行,終止形-一般
砂糖	サトウ	5188	名詞,普通名詞,一般,*,*,*
にやり	ニヤリ	5189	副詞,*,*,*,*,*
べつに	ベツニ	5190	名詞+助動詞
おのれ	オノレ	5191	代名詞,*,*,*,*,*
興味ない	キョウミナイ	5192	名詞+形容詞
あらかじめ	アラカジメ	5193	副詞,*,*,*,*,*
何という	ナントイウ	5194	代名詞+助詞+動詞
３つ	ミッツ	5195	名詞+接尾辞
おずおず	オズオズ	5196	副詞,*,*,*,*,*
片づける	カタヅケル	5197	動詞,一般,*,*,下一段-カ行,終止形-一般
ごはん	ゴハン	5198	名詞,普通名詞,一般,*,*,*
きゃっ	キャッ	5199	感動詞,一般,*,*,*,*
さりげない	サリゲナイ	5200	形容詞,一般,*,*,形容詞,終止形-一般
月	ゲツ	5202	名詞,普通名詞,助数詞可能,*,*,*
刹那	セツナ	5204	名詞,普通名詞,一般,*,*,*
ついで	ツイデ	5205	名詞,普通名詞,一般,*,*,*
二百	ニヒャク	5206	名詞,数詞,*,*,*,*
手を貸す	テヲカス	5207	名詞+助詞+動詞
潜り込む	モグリコム	5208	動詞,一般,*,*,五段-マ行,終止形-一般
手術	シュジュツ	5209	名詞,普通名詞,サ変可能,*,*,*
持ち帰る	モチカエル	5210	動詞,一般,*,*,五段-ラ行,終止形-一般
ものですから	モノデスカラ	5211	名詞+助動詞+助詞
生き延びる	イキノビル	5212	動詞,一般,*,*,上一段-バ行,終止形-一般
むく	ムク	5213	副詞,*,*,*,*,*
早朝	ソウチョウ	5214	名詞,普通名詞,副詞可能,*,*,*
揺らぐ	ユラグ	5215	動詞,一般,*,*,五段-ガ行,終止形-一般
バッグ	バッグ	5216	名詞,普通名詞,一般,*,*,*
対面	タイメン	5217	名詞,普通名詞,サ変可能,*,*,*
症状	ショウジョウ	5218	名詞,普通名詞,一般,*,*,*
動画	ドウガ	5219	名詞,普通名詞,一般,*,*,*
毛布	モウフ	5220	名詞,普通名詞,一般,*,*,*
どんだけ	ドンダケ	5221	代名詞+助詞
散らばる	チラバル	5222	動詞,一般,*,*,五段-ラ行,終止形-一般
市場	シジョウ	5223	名詞,普通名詞,一般,*,*,*
聞き出す	キキダス	5224	動詞,一般,*,*,五段-サ行,終止形-一般
存分	ゾンブン	5225	形状詞,一般,*,*,*,*
レース	レース	5226	名詞,普通名詞,一般,*,*,*
微塵	ミジン	5227	名詞,普通名詞,一般,*,*,*
現	ゲン	5228	接頭辞,*,*,*,*,*
鼻を鳴らす	ハナヲナラス	5229	名詞+助詞+動詞
アニメ	アニメ	5230	名詞,普通名詞,一般,*,*,*
うっとり	ウットリ	5231	副詞,*,*,*,*,*
基礎	キソ	5232	名詞,普通名詞,一般,*,*,*
気を失う	キヲウシナウ	5233	名詞+助詞+動詞
渦巻く	ウズマク	5234	動詞,一般,*,*,五段-カ行,終止形-一般
週	シュウ	5235	名詞,普通名詞,助数詞可能,*,*,*
共	トモ	5236	名詞,普通名詞,一般,*,*,*
濡らす	ヌラス	5237	動詞,一般,*,*,五段-サ行,終止形-一般
芯	シン	5238	名詞,普通名詞,一般,*,*,*
離婚	リコン	5239	名詞,普通名詞,サ変可能,*,*,*
間抜け	マヌケ	5240	名詞,普通名詞,形状詞可能,*,*,*
番組	バングミ	5241	名詞,普通名詞,一般,*,*,*
膨大	ボウダイ	5242	名詞,普通名詞,サ変形状詞可能,*,*,*
聞き取る	キキトル	5243	動詞,一般,*,*,五段-ラ行,終止形-一般
訪問	ホウモン	5244	名詞,普通名詞,サ変可能,*,*,*
薄れる	ウスレル	5245	動詞,一般,*,*,下一段-ラ行,終止形-一般
コップ	コップ	5246	名詞,普通名詞,一般,*,*,*
普段から	フダンカラ	5247	名詞+助詞
思い知る	オモイシル	5248	動詞,一般,*,*,五段-ラ行,終止形-一般
誇らしい	ホコラシイ	5249	形容詞,一般,*,*,形容詞,終止形-一般
不自由	フジユウ	5250	名詞,普通名詞,サ変形状詞可能,*,*,*
数百	スウヒャク	5251	名詞,数詞,*,*,*,*
飛び散る	トビチル	5252	動詞,一般,*,*,五段-ラ行,終止形-一般
物言い	モノイイ	5253	名詞,普通名詞,一般,*,*,*
居間	イマ	5254	名詞,普通名詞,一般,*,*,*
殺気	サッキ	5255	名詞,普通名詞,一般,*,*,*
不器用	ブキヨウ	5256	名詞,普通名詞,形状詞可能,*,*,*
真	マ	5257	名詞,普通名詞,一般,*,*,*
衣服	イフク	5258	名詞,普通名詞,一般,*,*,*
翌朝	ヨクアサ	5259	名詞,普通名詞,副詞可能,*,*,*
紳士	シンシ	5260	名詞,普通名詞,一般,*,*,*
他国	タコク	5261	名詞,普通名詞,一般,*,*,*
駒	コマ	5262	名詞,普通名詞,一般,*,*,*
泥棒	ドロボウ	5263	名詞,普通名詞,一般,*,*,*
すかさず	スカサズ	5264	副詞,*,*,*,*,*
着せる	キセル	5265	動詞,一般,*,*,下一段-サ行,終止形-一般
幹部	カンブ	5266	名詞,普通名詞,一般,*,*,*
解説	カイセツ	5267	名詞,普通名詞,サ変可能,*,*,*
彼方	カナタ	5268	代名詞,*,*,*,*,*
突き刺す	ツキサス	5269	動詞,一般,*,*,五段-サ行,終止形-一般
松	マツ	5270	名詞,普通名詞,一般,*,*,*
頂点	チョウテン	5271	名詞,普通名詞,一般,*,*,*
思い浮かぶ	オモイウカブ	5272	動詞,一般,*,*,五段-バ行,終止形-一般
美女	ビジョ	5273	名詞,普通名詞,一般,*,*,*
ぐったり	グッタリ	5274	副詞,*,*,*,*,*
港	ミナト	5275	名詞,普通名詞,一般,*,*,*
食欲	ショクヨク	5276	名詞,普通名詞,一般,*,*,*
圧力	アツリョク	5277	名詞,普通名詞,一般,*,*,*
失望	シツボウ	5278	名詞,普通名詞,サ変可能,*,*,*
瞬き	マバタキ	5279	名詞,普通名詞,サ変可能,*,*,*
入手	ニュウシュ	5280	名詞,普通名詞,サ変可能,*,*,*
寺	ジ	5281	名詞,普通名詞,一般,*,*,*
ぶつ	ブツ	5282	副詞,*,*,*,*,*
なんにも	ナンニモ	5283	代名詞+助詞
力ない	チカラナイ	5284	形容詞,一般,*,*,形容詞,終止形-一般
問いかけ	トイカケ	5285	名詞,普通名詞,一般,*,*,*
こんばんは	コンバンハ	5286	感動詞,一般,*,*,*,*
はめる	ハメル	5287	動詞,一般,*,*,下一段-マ行,終止形-一般
やらかす	ヤラカス	5288	動詞,一般,*,*,五段-サ行,終止形-一般
面持ち	オモモチ	5289	名詞,普通名詞,一般,*,*,*
わあっ	ワアッ	5290	感動詞,一般,*,*,*,*
さんざん	サンザン	5291	副詞,*,*,*,*,*
はずない	ハズナイ	5292	名詞+形容詞
落ち着き	オチツキ	5293	名詞,普通名詞,一般,*,*,*
仲間たち	ナカマタチ	5294	名詞+接尾辞
生まれてくる	ウマレテクル	5295	動詞+助詞+動詞
といえど	トイエド	5296	助詞+動詞+助詞
なにやら	ナニヤラ	5297	代名詞+助詞
ええっと	エエット	5298	感動詞+感動詞
つか	ツカ	5299	助動詞+助詞
かざす	カザス	5300	動詞,一般,*,*,五段-サ行,終止形-一般
本	モト	5301	名詞,普通名詞,一般,*,*,*
類	タグイ	5303	名詞,普通名詞,一般,*,*,*
枠	ワク	5304	名詞,普通名詞,一般,*,*,*
不在	フザイ	5305	名詞,普通名詞,一般,*,*,*
退治	タイジ	5306	名詞,普通名詞,サ変可能,*,*,*
目を見る	メヲミル	5307	名詞+助詞+動詞
以後	イゴ	5308	名詞,普通名詞,副詞可能,*,*,*
飛行機	ヒコウキ	5309	名詞,普通名詞,一般,*,*,*
よっしゃ	ヨッシャ	5310	感動詞,一般,*,*,*,*
サボる	サボル	5311	動詞,一般,*,*,五段-ラ行,終止形-一般
震え	フルエ	5312	名詞,普通名詞,一般,*,*,*
処刑	ショケイ	5313	名詞,普通名詞,サ変可能,*,*,*
愛らしい	アイラシイ	5314	形容詞,一般,*,*,形容詞,終止形-一般
血液	ケツエキ	5315	名詞,普通名詞,一般,*,*,*
送り込む	オクリコム	5316	動詞,一般,*,*,五段-マ行,終止形-一般
縦	タテ	5317	名詞,普通名詞,一般,*,*,*
科学	カガク	5318	名詞,普通名詞,サ変可能,*,*,*
さよなら	サヨナラ	5319	感動詞,一般,*,*,*,*
丸める	マルメル	5320	動詞,一般,*,*,下一段-マ行,終止形-一般
後退	コウタイ	5321	名詞,普通名詞,サ変可能,*,*,*
戸惑い	トマドイ	5322	名詞,普通名詞,一般,*,*,*
役に立てる	ヤクニタテル	5323	名詞+助詞+動詞
ホール	ホール	5324	名詞,普通名詞,一般,*,*,*
関心	カンシン	5325	名詞,普通名詞,一般,*,*,*
防衛	ボウエイ	5326	名詞,普通名詞,サ変可能,*,*,*
タイトル	タイトル	5327	名詞,普通名詞,一般,*,*,*
アップ	アップ	5328	名詞,普通名詞,サ変可能,*,*,*
頼りになる	タヨリニナル	5329	名詞+助詞+動詞
双方	ソウホウ	5330	名詞,普通名詞,副詞可能,*,*,*
夢見る	ユメミル	5331	動詞,一般,*,*,上一段-マ行,終止形-一般
図る	ハカル	5332	動詞,一般,*,*,五段-ラ行,終止形-一般
区	ク	5333	接尾辞,名詞的,一般,*,*,*
ゆったり	ユッタリ	5334	副詞,*,*,*,*,*
来たる	キタル	5335	動詞+助動詞
その上で	ソノウエデ	5336	連体詞+名詞+助詞
試練	シレン	5337	名詞,普通名詞,一般,*,*,*
ぐう	グウ	5338	感動詞,一般,*,*,*,*
登校	トウコウ	5339	名詞,普通名詞,サ変可能,*,*,*
マーク	マーク	5340	名詞,普通名詞,サ変可能,*,*,*
頂戴	チョウダイ	5341	名詞,普通名詞,サ変可能,*,*,*
モテる	モテル	5342	動詞,一般,*,*,下一段-タ行,終止形-一般
保存	ホゾン	5343	名詞,普通名詞,サ変可能,*,*,*
的確	テキカク	5344	形状詞,一般,*,*,*,*
帰り道	カエリミチ	5345	名詞,普通名詞,一般,*,*,*
敵う	カナウ	5346	動詞,一般,*,*,五段-ワア行,終止形-一般
引き裂く	ヒキサク	5347	動詞,一般,*,*,五段-カ行,終止形-一般
美貌	ビボウ	5348	名詞,普通名詞,一般,*,*,*
給料	キュウリョウ	5349	名詞,普通名詞,一般,*,*,*
数分	スウフン	5350	名詞+名詞
天国	テンゴク	5351	名詞,普通名詞,一般,*,*,*
心強い	ココロヅヨイ	5352	形容詞,一般,*,*,形容詞,終止形-一般
障害	ショウガイ	5353	名詞,普通名詞,サ変可能,*,*,*
祝う	イワウ	5354	動詞,一般,*,*,五段-ワア行,終止形-一般
かと思えば	カトオモエバ	5355	助詞+助詞+動詞+助詞
有する	ユウスル	5356	動詞,一般,*,*,サ行変格,終止形-一般
まあね	マアネ	5357	副詞+助詞
破片	ハヘン	5358	名詞,普通名詞,一般,*,*,*
連携	レンケイ	5359	名詞,普通名詞,サ変可能,*,*,*
言われてみれば	イワレテミレバ	5360	動詞+助動詞+助詞+動詞+助詞
涙目	ナミダメ	5361	名詞,普通名詞,一般,*,*,*
割り込む	ワリコム	5362	動詞,一般,*,*,五段-マ行,終止形-一般
エンジン	エンジン	5363	名詞,普通名詞,一般,*,*,*
ずれる	ズレル	5364	動詞,一般,*,*,下一段-ラ行,終止形-一般
大して	タイシテ	5365	副詞,*,*,*,*,*
絶望的	ゼツボウテキ	5366	名詞,普通名詞,形状詞可能,*,*,*
吐き捨てる	ハキステル	5367	動詞,一般,*,*,下一段-タ行,終止形-一般
忠実	チュウジツ	5368	形状詞,一般,*,*,*,*
拳を握る	コブシヲニギル	5369	名詞+助詞+動詞
垂らす	タラス	5370	動詞,一般,*,*,五段-サ行,終止形-一般
全体に	ゼンタイニ	5371	名詞+助詞
消耗	ショウモウ	5372	名詞,普通名詞,サ変可能,*,*,*
申し訳なさそう	モウシワケナサソウ	5373	名詞+形容詞+形状詞
予約	ヨヤク	5374	名詞,普通名詞,サ変可能,*,*,*
欲する	ホッスル	5375	動詞,一般,*,*,サ行変格,終止形-一般
消え去る	キエサル	5376	動詞,一般,*,*,五段-ラ行,終止形-一般
湯気	ユゲ	5377	名詞,普通名詞,一般,*,*,*
湿る	シメル	5378	動詞,一般,*,*,五段-ラ行,終止形-一般
ぽかん	ポカン	5379	副詞,*,*,*,*,*
頻繁	ヒンパン	5380	形状詞,一般,*,*,*,*
独自	ドクジ	5381	形状詞,一般,*,*,*,*
ご褒美	ゴホウビ	5382	接頭辞+名詞
くう	クウ	5383	感動詞,一般,*,*,*,*
祈り	イノリ	5384	名詞,普通名詞,一般,*,*,*
引き継ぐ	ヒキツグ	5385	動詞,一般,*,*,五段-ガ行,終止形-一般
外側	ソトガワ	5386	名詞,普通名詞,一般,*,*,*
力が入る	チカラガハイル	5387	名詞+助詞+動詞
思案	シアン	5388	名詞,普通名詞,サ変可能,*,*,*
菓子	カシ	5389	名詞,普通名詞,一般,*,*,*
かろうじて	カロウジテ	5390	副詞,*,*,*,*,*
くれぐれも	クレグレモ	5391	副詞+助詞
驚くほど	オドロクホド	5392	動詞+助詞
おめでとうございます	オメデトウゴザイマス	5393	感動詞+動詞+助動詞
これまでに	コレマデニ	5394	代名詞+助詞+助詞
申し出	モウシデ	5395	名詞,普通名詞,一般,*,*,*
それとも	ソレトモ	5396	代名詞+助詞+助詞
もうひとつ	モウヒトツ	5397	副詞+名詞+接尾辞
１	イチ	5398	名詞,数詞,*,*,*,*
のせる	ノセル	5399	動詞,一般,*,*,下一段-サ行,終止形-一般
みるみる	ミルミル	5400	副詞,*,*,*,*,*
道	ドウ	5401	名詞,普通名詞,一般,*,*,*
両足	リョウアシ	5402	名詞,普通名詞,一般,*,*,*
担う	ニナウ	5403	動詞,一般,*,*,五段-ワア行,終止形-一般
測る	ハカル	5404	動詞,一般,*,*,五段-ラ行,終止形-一般
一室	イッシツ	5405	名詞,普通名詞,一般,*,*,*
一般人	イッパンジン	5406	名詞,普通名詞,一般,*,*,*
直感	チョッカン	5407	名詞,普通名詞,サ変可能,*,*,*
要は	ヨウハ	5408	名詞+助詞
縄	ナワ	5409	名詞,普通名詞,一般,*,*,*
進路	シンロ	5410	名詞,普通名詞,一般,*,*,*
灰	ハイ	5411	名詞,普通名詞,一般,*,*,*
目を伏せる	メヲフセル	5412	名詞+助詞+動詞
常	ツネ	5413	名詞,普通名詞,一般,*,*,*
真顔	マガオ	5414	名詞,普通名詞,一般,*,*,*
心得る	ココロエル	5415	動詞,一般,*,*,下一段-ア行,終止形-一般
豚	ブタ	5416	名詞,普通名詞,一般,*,*,*
ワイン	ワイン	5417	名詞,普通名詞,一般,*,*,*
コース	コース	5418	名詞,普通名詞,一般,*,*,*
強大	キョウダイ	5419	名詞,普通名詞,形状詞可能,*,*,*
身を包む	ミヲツツム	5420	名詞+助詞+動詞
華	ハナ	5421	名詞,普通名詞,一般,*,*,*
唾	ツバ	5422	名詞,普通名詞,サ変可能,*,*,*
午前中	ゴゼンチュウ	5423	名詞,普通名詞,一般,*,*,*
駅前	エキマエ	5424	名詞,普通名詞,一般,*,*,*
修理	シュウリ	5425	名詞,普通名詞,サ変可能,*,*,*
我が家	ワガヤ	5426	名詞,普通名詞,一般,*,*,*
中国	チュウゴク	5427	名詞,固有名詞,地名,国,*,*
ヒーロー	ヒーロー	5428	名詞,普通名詞,一般,*,*,*
頭を振る	カブリヲフル	5429	名詞+助詞+動詞
気の毒	キノドク	5430	形状詞,一般,*,*,*,*
正	セイ	5431	名詞,固有名詞,人名,名,*,*
演出	エンシュツ	5432	名詞,普通名詞,サ変可能,*,*,*
対立	タイリツ	5433	名詞,普通名詞,サ変可能,*,*,*
またしても	マタシテモ	5434	副詞+動詞+助詞+助詞
輩	ヤカラ	5435	名詞,普通名詞,一般,*,*,*
喫茶店	キッサテン	5436	名詞,普通名詞,一般,*,*,*
ささやか	ササヤカ	5437	形状詞,一般,*,*,*,*
区別	クベツ	5438	名詞,普通名詞,サ変可能,*,*,*
世代	セダイ	5439	名詞,普通名詞,一般,*,*,*
じっと見る	ジットミル	5440	副詞+動詞
飾り	カザリ	5441	名詞,普通名詞,一般,*,*,*
声が出る	コエガデル	5442	名詞+助詞+動詞
好き勝手	スキカッテ	5443	形状詞,一般,*,*,*,*
連れて来る	ツレテクル	5444	動詞+助詞+動詞
他者	タシャ	5445	名詞,普通名詞,一般,*,*,*
封筒	フウトウ	5446	名詞,普通名詞,一般,*,*,*
頑丈	ガンジョウ	5447	形状詞,一般,*,*,*,*
メイン	メイン	5448	名詞,普通名詞,一般,*,*,*
険しい	ケワシイ	5449	形容詞,一般,*,*,形容詞,終止形-一般
性能	セイノウ	5450	名詞,普通名詞,一般,*,*,*
作成	サクセイ	5451	名詞,普通名詞,サ変可能,*,*,*
総	ソウ	5452	接頭辞,*,*,*,*,*
断つ	タツ	5453	動詞,一般,*,*,五段-タ行,終止形-一般
何とかなる	ナントカナル	5454	代名詞+助詞+助詞+動詞
次元	ジゲン	5455	名詞,普通名詞,一般,*,*,*
たった今	タッタイマ	5456	副詞+名詞
作家	サッカ	5457	名詞,普通名詞,一般,*,*,*
充実	ジュウジツ	5458	名詞,普通名詞,サ変可能,*,*,*
一連	イチレン	5459	名詞,普通名詞,一般,*,*,*
財産	ザイサン	5460	名詞,普通名詞,一般,*,*,*
回答	カイトウ	5461	名詞,普通名詞,サ変可能,*,*,*
改善	カイゼン	5462	名詞,普通名詞,サ変可能,*,*,*
作	サク	5463	名詞,普通名詞,一般,*,*,*
懇願	コンガン	5464	名詞,普通名詞,サ変可能,*,*,*
露出	ロシュツ	5465	名詞,普通名詞,サ変可能,*,*,*
無造作	ムゾウサ	5466	名詞,普通名詞,形状詞可能,*,*,*
溶かす	トカス	5467	動詞,一般,*,*,五段-サ行,終止形-一般
張り切る	ハリキル	5468	動詞,一般,*,*,五段-ラ行,終止形-一般
即答	ソクトウ	5469	名詞,普通名詞,サ変可能,*,*,*
阻む	ハバム	5470	動詞,一般,*,*,五段-マ行,終止形-一般
裏腹	ウラハラ	5471	形状詞,一般,*,*,*,*
苛立ち	イラダチ	5472	名詞,普通名詞,一般,*,*,*
予算	ヨサン	5473	名詞,普通名詞,一般,*,*,*
佇む	タタズム	5474	動詞,一般,*,*,五段-マ行,終止形-一般
追い払う	オイハラウ	5475	動詞,一般,*,*,五段-ワア行,終止形-一般
お似合い	オニアイ	5476	接頭辞+名詞
手袋	テブクロ	5477	名詞,普通名詞,一般,*,*,*
小型	コガタ	5478	名詞,普通名詞,形状詞可能,*,*,*
主役	シュヤク	5479	名詞,普通名詞,一般,*,*,*
なんだかんだ	ナンダカンダ	5480	代名詞+助動詞+代名詞+助動詞
こめる	コメル	5481	動詞,一般,*,*,下一段-マ行,終止形-一般
行き	イキ	5482	動詞,非自立可能,*,*,五段-カ行,連用形-一般
当たり	アタリ	5483	名詞,普通名詞,一般,*,*,*
ご機嫌	ゴキゲン	5484	名詞,普通名詞,一般,*,*,*
からだ	カラダ	5485	名詞,普通名詞,一般,*,*,*
すこし	スコシ	5486	副詞,*,*,*,*,*
引っ越す	ヒッコス	5487	動詞,一般,*,*,五段-サ行,終止形-一般
もがく	モガク	5488	動詞,一般,*,*,五段-カ行,終止形-一般
カッコ	カッコ	5489	名詞,普通名詞,一般,*,*,*
お祭り	オマツリ	5490	名詞,普通名詞,サ変可能,*,*,*
ふたつ	フタツ	5491	名詞+接尾辞
もって	モッテ	5492	動詞+助詞
つまむ	ツマム	5493	動詞,一般,*,*,五段-マ行,終止形-一般
さらう	サラウ	5494	動詞,一般,*,*,五段-ワア行,終止形-一般
見てもらう	ミテモラウ	5495	動詞+助詞+動詞
成り立つ	ナリタツ	5496	動詞,一般,*,*,五段-タ行,終止形-一般
たかが	タカガ	5498	名詞+助詞
気合い	キアイ	5499	名詞,普通名詞,一般,*,*,*
それなら	ソレナラ	5500	代名詞+助動詞
頭	トウ	5501	名詞,普通名詞,一般,*,*,*
子	シ	5502	名詞,普通名詞,一般,*,*,*
島	トウ	5503	名詞,普通名詞,一般,*,*,*
何だと	ナンダト	5504	代名詞+助動詞+助詞
図	ズ	5505	名詞,普通名詞,一般,*,*,*
照明	ショウメイ	5506	名詞,普通名詞,サ変可能,*,*,*
握手	アクシュ	5507	名詞,普通名詞,サ変可能,*,*,*
敵対	テキタイ	5508	名詞,普通名詞,サ変可能,*,*,*
言葉を失う	コトバヲウシナウ	5509	名詞+助詞+動詞
用がある	ヨウガアル	5510	名詞+助詞+動詞
企む	タクラム	5511	動詞,一般,*,*,五段-マ行,終止形-一般
頭痛	ズツウ	5512	名詞,普通名詞,一般,*,*,*
処置	ショチ	5513	名詞,普通名詞,サ変可能,*,*,*
目を通す	メヲトオス	5514	名詞+助詞+動詞
記念	キネン	5515	名詞,普通名詞,サ変可能,*,*,*
物理的	ブツリテキ	5516	名詞,普通名詞,形状詞可能,*,*,*
たり	タリ	5517	助詞,副助詞,*,*,*,*
明白	メイハク	5518	形状詞,一般,*,*,*,*
反動	ハンドウ	5519	名詞,普通名詞,一般,*,*,*
やめておく	ヤメテオク	5520	動詞+助詞+動詞
温める	アタタメル	5521	動詞,一般,*,*,下一段-マ行,終止形-一般
詰め寄る	ツメヨル	5522	動詞,一般,*,*,五段-ラ行,終止形-一般
院	イン	5523	名詞,普通名詞,一般,*,*,*
平凡	ヘイボン	5524	名詞,普通名詞,形状詞可能,*,*,*
平穏	ヘイオン	5525	名詞,普通名詞,形状詞可能,*,*,*
中年	チュウネン	5526	名詞,普通名詞,一般,*,*,*
了承	リョウショウ	5527	名詞,普通名詞,サ変可能,*,*,*
四方	シホウ	5528	名詞,普通名詞,一般,*,*,*
小さい頃	チイサイコロ	5529	形容詞+名詞
私自身	ワタシジシン	5530	名詞,普通名詞,一般,*,*,*
執着	シュウチャク	5531	名詞,普通名詞,サ変可能,*,*,*
出来上がる	デキアガル	5532	動詞,一般,*,*,五段-ラ行,終止形-一般
装飾	ソウショク	5533	名詞,普通名詞,サ変可能,*,*,*
踵を返す	キビスヲカエス	5534	名詞+助詞+動詞
道中	ドウチュウ	5535	名詞,普通名詞,副詞可能,*,*,*
身動き	ミウゴキ	5536	名詞,普通名詞,一般,*,*,*
ぽん	ポン	5537	副詞,*,*,*,*,*
練る	ネル	5538	動詞,一般,*,*,五段-ラ行,終止形-一般
のち	ノチ	5539	名詞,普通名詞,副詞可能,*,*,*
通話	ツウワ	5540	名詞,普通名詞,サ変可能,*,*,*
不穏	フオン	5541	名詞,普通名詞,形状詞可能,*,*,*
目を離す	メヲハナス	5542	名詞+助詞+動詞
一流	イチリュウ	5543	名詞,普通名詞,一般,*,*,*
拷問	ゴウモン	5544	名詞,普通名詞,サ変可能,*,*,*
歓喜	カンキ	5545	名詞,普通名詞,サ変可能,*,*,*
聞き返す	キキカエス	5546	動詞,一般,*,*,五段-サ行,終止形-一般
パートナー	パートナー	5547	名詞,普通名詞,一般,*,*,*
古代	コダイ	5548	名詞,普通名詞,副詞可能,*,*,*
リスト	リスト	5549	名詞,普通名詞,サ変可能,*,*,*
青春	セイシュン	5550	名詞,普通名詞,一般,*,*,*
販売	ハンバイ	5551	名詞,普通名詞,サ変可能,*,*,*
さする	サスル	5552	動詞,一般,*,*,五段-ラ行,終止形-一般
前進	ゼンシン	5553	名詞,普通名詞,サ変可能,*,*,*
盛る	モル	5554	動詞,一般,*,*,五段-ラ行,終止形-一般
言語	ゲンゴ	5555	名詞,普通名詞,一般,*,*,*
羽織る	ハオル	5556	動詞,一般,*,*,五段-ラ行,終止形-一般
逆転	ギャクテン	5557	名詞,普通名詞,サ変可能,*,*,*
初めから	ハジメカラ	5558	名詞+助詞
呼び方	ヨビカタ	5559	名詞,普通名詞,一般,*,*,*
どうしたら	ドウシタラ	5560	副詞+動詞+助動詞
虎	トラ	5561	名詞,普通名詞,一般,*,*,*
切り捨てる	キリステル	5562	動詞,一般,*,*,下一段-タ行,終止形-一般
に当たって	ニアタッテ	5563	助詞+動詞+助詞
厳重	ゲンジュウ	5564	形状詞,一般,*,*,*,*
幸せにする	シアワセニスル	5565	名詞+助動詞+動詞
埃	ホコリ	5566	名詞,普通名詞,一般,*,*,*
宿題	シュクダイ	5567	名詞,普通名詞,一般,*,*,*
してみれば	シテミレバ	5568	動詞+助詞+動詞+助詞
スーパー	スーパー	5569	名詞,普通名詞,一般,*,*,*
指名	シメイ	5570	名詞,普通名詞,サ変可能,*,*,*
縫う	ヌウ	5571	動詞,一般,*,*,五段-ワア行,終止形-一般
属する	ゾクスル	5572	動詞,一般,*,*,サ行変格,終止形-一般
刃物	ハモノ	5573	名詞,普通名詞,一般,*,*,*
原	ハラ	5574	名詞,固有名詞,人名,姓,*,*
寿命	ジュミョウ	5575	名詞,普通名詞,一般,*,*,*
まみれる	マミレル	5576	動詞,一般,*,*,下一段-ラ行,終止形-一般
これで	コレデ	5577	代名詞+助詞
にこやか	ニコヤカ	5578	形状詞,一般,*,*,*,*
どこにもない	ドコニモナイ	5579	代名詞+助詞+助詞+形容詞
ささやく	ササヤク	5580	動詞,一般,*,*,五段-カ行,終止形-一般
いっつも	イッツモ	5581	代名詞+助詞
１時間	イチジカン	5582	名詞+名詞
どうでもよい	ドウデモヨイ	5583	副詞+助詞+助詞+形容詞
吠える	ホエル	5584	動詞,一般,*,*,下一段-ア行,終止形-一般
および	オヨビ	5585	接続詞,*,*,*,*,*
フランス	フランス	5586	名詞,固有名詞,地名,国,*,*
とめる	トメル	5587	動詞,一般,*,*,下一段-マ行,終止形-一般
にすぎない	ニスギナイ	5588	助詞+動詞+助動詞
静かに	シズカニ	5589	形状詞+助動詞
ビックリ	ビックリ	5590	名詞,普通名詞,サ変可能,*,*,*
引き続く	ヒキツヅク	5591	動詞,一般,*,*,五段-カ行,終止形-一般
ざわめき	ザワメキ	5592	名詞,普通名詞,一般,*,*,*
つつく	ツツク	5593	動詞,一般,*,*,五段-カ行,終止形-一般
有様	アリサマ	5594	名詞,普通名詞,一般,*,*,*
折	オリ	5595	名詞,普通名詞,副詞可能,*,*,*
とてつもない	トテツモナイ	5596	名詞+助詞+形容詞
らも	ラモ	5597	名詞,固有名詞,人名,名,*,*
うらやましい	ウラヤマシイ	5598	形容詞,一般,*,*,形容詞,終止形-一般
投げかける	ナゲカケル	5599	動詞,一般,*,*,下一段-カ行,終止形-一般
飛びつく	トビツク	5600	動詞,一般,*,*,五段-カ行,終止形-一般
辛い	カライ	5601	形容詞,一般,*,*,形容詞,終止形-一般
交代	コウタイ	5603	名詞,普通名詞,サ変可能,*,*,*
予想通り	ヨソウドオリ	5604	名詞+名詞
手助け	テダスケ	5605	名詞,普通名詞,サ変可能,*,*,*
出	デ	5606	名詞,普通名詞,一般,*,*,*
辿る	タドル	5607	動詞,一般,*,*,五段-ラ行,終止形-一般
構え	カマエ	5608	名詞,普通名詞,一般,*,*,*
調べ	シラベ	5609	名詞,普通名詞,一般,*,*,*
鞭	ムチ	5610	名詞,普通名詞,一般,*,*,*
舞い上がる	マイアガル	5611	動詞,一般,*,*,五段-ラ行,終止形-一般
空っぽ	カラッポ	5612	名詞,普通名詞,形状詞可能,*,*,*
十三	ジュウサン	5613	名詞,数詞,*,*,*,*
富	トミ	5614	名詞,普通名詞,一般,*,*,*
黄色	キイロ	5615	名詞,普通名詞,一般,*,*,*
包丁	ホウチョウ	5616	名詞,普通名詞,一般,*,*,*
囚われる	トラワレル	5617	動詞,一般,*,*,下一段-ラ行,終止形-一般
甲高い	カンダカイ	5618	形容詞,一般,*,*,形容詞,終止形-一般
ねえねえ	ネエネエ	5619	形容詞+助詞
粉	コナ	5620	名詞,普通名詞,一般,*,*,*
どうかと思う	ドウカトオモウ	5621	副詞+助詞+助詞+動詞
猛烈	モウレツ	5622	形状詞,一般,*,*,*,*
設備	セツビ	5623	名詞,普通名詞,サ変可能,*,*,*
小刻み	コキザミ	5624	名詞,普通名詞,形状詞可能,*,*,*
だに	ダニ	5625	助動詞+助詞
感嘆	カンタン	5626	名詞,普通名詞,サ変可能,*,*,*
呑む	ノム	5627	動詞,一般,*,*,五段-マ行,終止形-一般
痺れる	シビレル	5628	動詞,一般,*,*,下一段-ラ行,終止形-一般
強いる	シイル	5629	動詞,一般,*,*,上一段-ア行,終止形-一般
物質	ブッシツ	5630	名詞,普通名詞,一般,*,*,*
後頭部	コウトウブ	5631	名詞,普通名詞,一般,*,*,*
シャワー	シャワー	5632	名詞,普通名詞,一般,*,*,*
待ち合わせ	マチアワセ	5633	名詞,普通名詞,サ変可能,*,*,*
法律	ホウリツ	5634	名詞,普通名詞,一般,*,*,*
重	ジュウ	5635	名詞,普通名詞,助数詞可能,*,*,*
吹き出す	フキダス	5636	動詞,一般,*,*,五段-サ行,終止形-一般
提示	テイジ	5637	名詞,普通名詞,サ変可能,*,*,*
社員	シャイン	5638	名詞,普通名詞,一般,*,*,*
だらしない	ダラシナイ	5639	形容詞,一般,*,*,形容詞,終止形-一般
明後日	アサッテ	5640	名詞,普通名詞,副詞可能,*,*,*
ぱっと	パット	5641	副詞+助詞
送り出す	オクリダス	5642	動詞,一般,*,*,五段-サ行,終止形-一般
十六	ジュウロク	5643	名詞,数詞,*,*,*,*
曰く	イワク	5644	名詞,普通名詞,副詞可能,*,*,*
前日	ゼンジツ	5645	名詞,普通名詞,副詞可能,*,*,*
何日	ナンニチ	5646	名詞,普通名詞,一般,*,*,*
宝物	タカラモノ	5647	名詞,普通名詞,一般,*,*,*
救出	キュウシュツ	5648	名詞,普通名詞,サ変可能,*,*,*
芸術	ゲイジュツ	5649	名詞,普通名詞,一般,*,*,*
職場	ショクバ	5650	名詞,普通名詞,一般,*,*,*
衣	コロモ	5651	名詞,普通名詞,一般,*,*,*
住所	ジュウショ	5652	名詞,普通名詞,一般,*,*,*
過剰	カジョウ	5653	名詞,普通名詞,形状詞可能,*,*,*
汚れ	ヨゴレ	5654	名詞,普通名詞,一般,*,*,*
日頃	ヒゴロ	5655	名詞,普通名詞,副詞可能,*,*,*
すっ	スッ	5656	副詞,*,*,*,*,*
球	キュウ	5657	名詞,普通名詞,助数詞可能,*,*,*
手を打つ	テヲウツ	5658	名詞+助詞+動詞
本棚	ホンダナ	5659	名詞,普通名詞,一般,*,*,*
現実的	ゲンジツテキ	5660	名詞,普通名詞,形状詞可能,*,*,*
形成	ケイセイ	5661	名詞,普通名詞,サ変可能,*,*,*
自力	ジリキ	5662	名詞,普通名詞,一般,*,*,*
側から	ソバカラ	5663	名詞+助詞
例え	タトエ	5664	副詞,*,*,*,*,*
ひっそり	ヒッソリ	5665	副詞,*,*,*,*,*
さえすれば	サエスレバ	5666	助詞+動詞+助詞
倒れ込む	タオレコム	5667	動詞,一般,*,*,五段-マ行,終止形-一般
重力	ジュウリョク	5668	名詞,普通名詞,一般,*,*,*
空を飛ぶ	ソラヲトブ	5669	名詞+助詞+動詞
浴びせる	アビセル	5670	動詞,一般,*,*,下一段-サ行,終止形-一般
くらいなら	クライナラ	5671	助詞+助動詞
軌道	キドウ	5672	名詞,普通名詞,一般,*,*,*
国境	コッキョウ	5673	名詞,普通名詞,一般,*,*,*
ついさっき	ツイサッキ	5674	副詞+名詞
一直線	イッチョクセン	5675	名詞,普通名詞,一般,*,*,*
権限	ケンゲン	5676	名詞,普通名詞,一般,*,*,*
募る	ツノル	5677	動詞,一般,*,*,五段-ラ行,終止形-一般
くるくる	クルクル	5678	副詞,*,*,*,*,*
言うまでもない	イウマデモナイ	5679	動詞+助詞+助詞+形容詞
はやい	ハヤイ	5680	形容詞,一般,*,*,形容詞,終止形-一般
真っ黒	マックロ	5681	形状詞,一般,*,*,*,*
いってくる	イッテクル	5682	動詞+助詞+動詞
ニコニコ	ニコニコ	5683	副詞,*,*,*,*,*
ご一緒	ゴイッショ	5684	接頭辞+名詞
このくらい	コノクライ	5685	連体詞+助詞
ノリ	ノリ	5686	名詞,普通名詞,一般,*,*,*
賭け	カケ	5687	名詞,普通名詞,一般,*,*,*
１週間	イッシュウカン	5688	名詞+名詞
たいした	タイシタ	5689	連体詞,*,*,*,*,*
はじめまして	ハジメマシテ	5690	動詞+助動詞+助詞
語りかける	カタリカケル	5691	動詞,一般,*,*,下一段-カ行,終止形-一般
ご両親	ゴリョウシン	5692	接頭辞+名詞
あらあら	アラアラ	5693	副詞,*,*,*,*,*
そらす	ソラス	5694	動詞,一般,*,*,五段-サ行,終止形-一般
ごらん	ゴラン	5695	名詞,普通名詞,一般,*,*,*
おそらくは	オソラクハ	5696	副詞+助詞
ける	ケル	5697	助動詞,*,*,*,文語助動詞-ケリ,連体形-一般
思い当たる	オモイアタル	5698	動詞,一般,*,*,五段-ラ行,終止形-一般
わが	ワガ	5699	連体詞,*,*,*,*,*
みっともない	ミットモナイ	5700	形容詞,一般,*,*,形容詞,終止形-一般
徹底	テッテイ	5701	名詞,普通名詞,サ変可能,*,*,*
陰に	インニ	5702	名詞+助詞
宮	ミヤ	5703	名詞,普通名詞,一般,*,*,*
致命的	チメイテキ	5704	名詞,普通名詞,形状詞可能,*,*,*
修復	シュウフク	5705	名詞,普通名詞,サ変可能,*,*,*
稽古	ケイコ	5706	名詞,普通名詞,サ変可能,*,*,*
誤る	アヤマル	5707	動詞,一般,*,*,五段-ラ行,終止形-一般
流れ込む	ナガレコム	5708	動詞,一般,*,*,五段-マ行,終止形-一般
側面	ソクメン	5709	名詞,普通名詞,一般,*,*,*
寝かせる	ネカセル	5710	動詞,一般,*,*,下一段-サ行,終止形-一般
一緒にする	イッショニスル	5711	名詞+助詞+動詞
ムカつく	ムカツク	5712	動詞,一般,*,*,五段-カ行,終止形-一般
見極める	ミキワメル	5713	動詞,一般,*,*,下一段-マ行,終止形-一般
仰向け	アオムケ	5714	名詞,普通名詞,一般,*,*,*
不敵	フテキ	5715	形状詞,一般,*,*,*,*
修正	シュウセイ	5716	名詞,普通名詞,サ変可能,*,*,*
恋をする	コイヲスル	5717	名詞+助詞+動詞
棟	ムネ	5718	名詞,普通名詞,助数詞可能,*,*,*
見物	ケンブツ	5719	名詞,普通名詞,サ変可能,*,*,*
紛れる	マギレル	5720	動詞,一般,*,*,下一段-ラ行,終止形-一般
主義	シュギ	5721	名詞,普通名詞,一般,*,*,*
ゴール	ゴール	5722	名詞,普通名詞,サ変可能,*,*,*
よくよく	ヨクヨク	5723	副詞,*,*,*,*,*
日曜日	ニチヨウビ	5724	名詞,普通名詞,副詞可能,*,*,*
もどかしい	モドカシイ	5725	形容詞,一般,*,*,形容詞,終止形-一般
食器	ショッキ	5726	名詞,普通名詞,一般,*,*,*
切	セツ	5727	形状詞,一般,*,*,*,*
未熟	ミジュク	5728	形状詞,一般,*,*,*,*
保管	ホカン	5729	名詞,普通名詞,サ変可能,*,*,*
大通り	オオドオリ	5730	名詞,普通名詞,一般,*,*,*
手作り	テヅクリ	5731	名詞,普通名詞,サ変可能,*,*,*
恐縮	キョウシュク	5732	名詞,普通名詞,サ変可能,*,*,*
作用	サヨウ	5733	名詞,普通名詞,サ変可能,*,*,*
と比べて	トクラベテ	5734	助詞+動詞+助詞
禁じる	キンジル	5735	動詞,一般,*,*,上一段-ザ行,終止形-一般
引退	インタイ	5736	名詞,普通名詞,サ変可能,*,*,*
知らせ	シラセ	5737	名詞,普通名詞,一般,*,*,*
根性	コンジョウ	5738	名詞,普通名詞,一般,*,*,*
枯れる	カレル	5739	動詞,一般,*,*,下一段-ラ行,終止形-一般
重たい	オモタイ	5740	形容詞,一般,*,*,形容詞,終止形-一般
一向に	イッコウニ	5741	副詞+助詞
高価	コウカ	5742	名詞,普通名詞,形状詞可能,*,*,*
付け加える	ツケクワエル	5743	動詞,一般,*,*,下一段-ア行,終止形-一般
愚痴	グチ	5744	名詞,普通名詞,一般,*,*,*
ずらす	ズラス	5745	動詞,一般,*,*,五段-サ行,終止形-一般
遠ざける	トオザケル	5746	動詞,一般,*,*,下一段-カ行,終止形-一般
切断	セツダン	5747	名詞,普通名詞,サ変可能,*,*,*
統一	トウイツ	5748	名詞,普通名詞,サ変可能,*,*,*
標的	ヒョウテキ	5749	名詞,普通名詞,一般,*,*,*
大切な人	タイセツナヒト	5750	形状詞+助動詞+名詞
この方	コノカタ	5751	連体詞+名詞
妊娠	ニンシン	5752	名詞,普通名詞,サ変可能,*,*,*
流行	リュウコウ	5753	名詞,普通名詞,サ変可能,*,*,*
初めまして	ハジメマシテ	5754	感動詞,一般,*,*,*,*
傲慢	ゴウマン	5755	名詞,普通名詞,形状詞可能,*,*,*
臨む	ノゾム	5756	動詞,一般,*,*,五段-マ行,終止形-一般
六十	ロクジュウ	5757	名詞,数詞,*,*,*,*
成す	ナス	5758	動詞,一般,*,*,五段-サ行,終止形-一般
制止	セイシ	5759	名詞,普通名詞,サ変可能,*,*,*
行	コウ	5760	名詞,固有名詞,人名,名,*,*
宿す	ヤドス	5761	動詞,一般,*,*,五段-サ行,終止形-一般
域	イキ	5762	名詞,普通名詞,一般,*,*,*
にこにこ	ニコニコ	5763	副詞,*,*,*,*,*
ならともかく	ナラトモカク	5764	助動詞+副詞
言い分	イイブン	5765	名詞,普通名詞,一般,*,*,*
ざっと	ザット	5766	副詞+助詞
家事	カジ	5767	名詞,普通名詞,サ変可能,*,*,*
ミルク	ミルク	5768	名詞,普通名詞,一般,*,*,*
拗ねる	スネル	5769	動詞,一般,*,*,下一段-ナ行,終止形-一般
ぶつぶつ	ブツブツ	5770	副詞,*,*,*,*,*
家具	カグ	5771	名詞,普通名詞,一般,*,*,*
降り立つ	オリタツ	5772	動詞,一般,*,*,五段-タ行,終止形-一般
冷静になる	レイセイニナル	5773	名詞+助動詞+動詞
恩	オン	5774	名詞,普通名詞,一般,*,*,*
視点	シテン	5775	名詞,普通名詞,一般,*,*,*
鐘	カネ	5776	名詞,普通名詞,一般,*,*,*
空ける	アケル	5777	動詞,一般,*,*,下一段-カ行,終止形-一般
誰にでも	ダレニデモ	5778	代名詞+助詞+助動詞+助詞
他人事	ヒトゴト	5779	名詞,普通名詞,一般,*,*,*
代償	ダイショウ	5780	名詞,普通名詞,一般,*,*,*
復帰	フッキ	5781	名詞,普通名詞,サ変可能,*,*,*
豊富	ホウフ	5782	形状詞,一般,*,*,*,*
麻痺	マヒ	5783	名詞,普通名詞,サ変可能,*,*,*
に応じて	ニオウジテ	5784	助詞+動詞+助詞
なおも	ナオモ	5785	副詞+助詞
組み合わせ	クミアワセ	5786	名詞,普通名詞,一般,*,*,*
ありそう	アリソウ	5787	動詞+形状詞
わりと	ワリト	5788	副詞,*,*,*,*,*
おしゃべり	オシャベリ	5789	名詞,普通名詞,サ変可能,*,*,*
うずくまる	ウズクマル	5790	動詞,一般,*,*,五段-ラ行,終止形-一般
ご苦労	ゴクロウ	5791	名詞,普通名詞,形状詞可能,*,*,*
冷や汗	ヒヤアセ	5792	名詞,普通名詞,一般,*,*,*
どうにもならない	ドウニモナラナイ	5793	副詞+助詞+助詞+動詞+助動詞
すぐにでも	スグニデモ	5794	副詞+助詞+助動詞+助詞
われわれ	ワレワレ	5795	代名詞,*,*,*,*,*
ところでは	トコロデハ	5796	名詞+助詞+助詞
向かい	ムカイ	5797	名詞,普通名詞,一般,*,*,*
おかえりなさい	オカエリナサイ	5798	感動詞,一般,*,*,*,*
控えめ	ヒカエメ	5799	形状詞,一般,*,*,*,*
ぎりぎり	ギリギリ	5800	副詞,*,*,*,*,*
教え	オシエ	5801	名詞,普通名詞,一般,*,*,*
上機嫌	ジョウキゲン	5802	名詞,普通名詞,形状詞可能,*,*,*
志	ココロザシ	5803	名詞,普通名詞,一般,*,*,*
今月	コンゲツ	5804	名詞,普通名詞,副詞可能,*,*,*
ニヤリ	ニヤリ	5805	副詞,*,*,*,*,*
可憐	カレン	5806	形状詞,一般,*,*,*,*
逃走	トウソウ	5807	名詞,普通名詞,サ変可能,*,*,*
自分の力	ジブンノチカラ	5808	名詞+助詞+名詞
そりゃそうだ	ソリャソウダ	5809	代名詞+副詞+助動詞
老	ロウ	5810	名詞,普通名詞,一般,*,*,*
もとへ	モトヘ	5811	名詞+助詞
溜める	タメル	5812	動詞,一般,*,*,下一段-マ行,終止形-一般
愕然	ガクゼン	5813	形状詞,タリ,*,*,*,*
掻く	カク	5814	動詞,一般,*,*,五段-カ行,終止形-一般
多	タ	5815	形状詞,一般,*,*,*,*
密か	ヒソカ	5816	形状詞,一般,*,*,*,*
事業	ジギョウ	5817	名詞,普通名詞,一般,*,*,*
惜しむ	オシム	5818	動詞,一般,*,*,五段-マ行,終止形-一般
果物	クダモノ	5819	名詞,普通名詞,一般,*,*,*
に備えて	ニソナエテ	5820	助詞+動詞+助詞
申し出る	モウシデル	5821	動詞,一般,*,*,下一段-ダ行,終止形-一般
飲み干す	ノミホス	5822	動詞,一般,*,*,五段-サ行,終止形-一般
実戦	ジッセン	5823	名詞,普通名詞,一般,*,*,*
偽	ニセ	5824	名詞,普通名詞,一般,*,*,*
見下す	ミクダス	5825	動詞,一般,*,*,五段-サ行,終止形-一般
異性	イセイ	5826	名詞,普通名詞,一般,*,*,*
知らす	シラス	5827	動詞,一般,*,*,五段-サ行,終止形-一般
偽り	イツワリ	5828	名詞,普通名詞,一般,*,*,*
ぐるりと	グルリト	5829	副詞+助詞
パニック	パニック	5830	名詞,普通名詞,一般,*,*,*
とんだ	トンダ	5831	連体詞,*,*,*,*,*
ストレート	ストレート	5832	名詞,普通名詞,形状詞可能,*,*,*
音声	オンセイ	5833	名詞,普通名詞,一般,*,*,*
よく見ると	ヨクミルト	5834	副詞+動詞+助詞
思い切り	オモイキリ	5835	名詞,普通名詞,副詞可能,*,*,*
振り切る	フリキル	5836	動詞,一般,*,*,五段-ラ行,終止形-一般
写る	ウツル	5837	動詞,一般,*,*,五段-ラ行,終止形-一般
反発	ハンパツ	5838	名詞,普通名詞,サ変可能,*,*,*
学	ガク	5839	名詞,普通名詞,一般,*,*,*
学年	ガクネン	5840	名詞,普通名詞,一般,*,*,*
堪能	タンノウ	5841	名詞,普通名詞,サ変可能,*,*,*
からすると	カラスルト	5842	接続詞+動詞+助詞
生まれ変わる	ウマレカワル	5843	動詞,一般,*,*,五段-ラ行,終止形-一般
堂	ドウ	5844	名詞,固有名詞,人名,姓,*,*
神妙	シンミョウ	5845	形状詞,一般,*,*,*,*
ドラマ	ドラマ	5846	名詞,普通名詞,一般,*,*,*
所有	ショユウ	5847	名詞,普通名詞,サ変可能,*,*,*
取り返す	トリカエス	5848	動詞,一般,*,*,五段-サ行,終止形-一般
紡ぐ	ツムグ	5849	動詞,一般,*,*,五段-ガ行,終止形-一般
一冊	イッサツ	5850	名詞+接尾辞
商店街	ショウテンガイ	5851	名詞,普通名詞,一般,*,*,*
裏側	ウラガワ	5852	名詞,普通名詞,一般,*,*,*
率	リツ	5853	名詞,普通名詞,一般,*,*,*
書物	ショモツ	5854	名詞,普通名詞,一般,*,*,*
引き離す	ヒキハナス	5855	動詞,一般,*,*,五段-サ行,終止形-一般
詰め込む	ツメコム	5856	動詞,一般,*,*,五段-マ行,終止形-一般
ビビる	ビビル	5857	動詞,一般,*,*,五段-ラ行,終止形-一般
怪しむ	アヤシム	5858	動詞,一般,*,*,五段-マ行,終止形-一般
形式	ケイシキ	5859	名詞,普通名詞,一般,*,*,*
出向く	デムク	5860	動詞,一般,*,*,五段-カ行,終止形-一般
日記	ニッキ	5861	名詞,普通名詞,一般,*,*,*
狂気	キョウキ	5862	名詞,普通名詞,一般,*,*,*
往復	オウフク	5863	名詞,普通名詞,サ変可能,*,*,*
世紀	セイキ	5864	名詞,普通名詞,一般,*,*,*
シーツ	シーツ	5865	名詞,普通名詞,一般,*,*,*
目の当たり	マノアタリ	5866	名詞,普通名詞,副詞可能,*,*,*
積み上げる	ツミアゲル	5867	動詞,一般,*,*,下一段-ガ行,終止形-一般
微笑ましい	ホホエマシイ	5868	形容詞,一般,*,*,形容詞,終止形-一般
兼	ケン	5869	名詞,普通名詞,一般,*,*,*
従業員	ジュウギョウイン	5870	名詞,普通名詞,一般,*,*,*
未練	ミレン	5871	名詞,普通名詞,形状詞可能,*,*,*
計る	ハカル	5872	動詞,一般,*,*,五段-ラ行,終止形-一般
正常	セイジョウ	5873	名詞,普通名詞,形状詞可能,*,*,*
真正面	マショウメン	5874	名詞,普通名詞,一般,*,*,*
陽気	ヨウキ	5875	名詞,普通名詞,一般,*,*,*
栄養	エイヨウ	5876	名詞,普通名詞,一般,*,*,*
意識を失う	イシキヲウシナウ	5877	名詞+助詞+動詞
予備	ヨビ	5878	名詞,普通名詞,一般,*,*,*
解き放つ	トキハナツ	5879	動詞,一般,*,*,五段-タ行,終止形-一般
絞り出す	シボリダス	5880	動詞,一般,*,*,五段-サ行,終止形-一般
不意打ち	フイウチ	5881	名詞,普通名詞,一般,*,*,*
根本的	コンポンテキ	5882	名詞,普通名詞,形状詞可能,*,*,*
地区	チク	5883	名詞,普通名詞,一般,*,*,*
はまる	ハマル	5884	動詞,一般,*,*,五段-ラ行,終止形-一般
いまいち	イマイチ	5885	副詞,*,*,*,*,*
それはない	ソレハナイ	5886	代名詞+助詞+形容詞
手つき	テツキ	5887	名詞,普通名詞,一般,*,*,*
ぴたり	ピタリ	5888	副詞,*,*,*,*,*
お見舞い	オミマイ	5889	名詞,普通名詞,サ変可能,*,*,*
しみじみ	シミジミ	5890	副詞,*,*,*,*,*
腰かける	コシカケル	5891	動詞,一般,*,*,下一段-カ行,終止形-一般
このあたり	コノアタリ	5892	連体詞+名詞
のぼる	ノボル	5893	名詞,固有名詞,人名,名,*,*
ともあれ	トモアレ	5894	副詞,*,*,*,*,*
いたる	イタル	5895	動詞,一般,*,*,五段-ラ行,終止形-一般
見つけ出す	ミツケダス	5896	動詞+動詞
それと	ソレト	5897	代名詞+助詞
笑いかける	ワライカケル	5898	動詞,一般,*,*,下一段-カ行,終止形-一般
じゃなきゃ	ジャナキャ	5899	助動詞+形容詞
始め	ハジメ	5900	動詞,非自立可能,*,*,下一段-マ行,連用形-一般
所	ショ	5901	名詞,固有名詞,人名,姓,*,*
小	コ	5902	名詞,普通名詞,一般,*,*,*
館	カン	5903	名詞,普通名詞,一般,*,*,*
説得力	セットクリョク	5904	名詞,普通名詞,一般,*,*,*
境	サカイ	5905	名詞,普通名詞,一般,*,*,*
保護者	ホゴシャ	5906	名詞,普通名詞,一般,*,*,*
杯	ハイ	5907	名詞,普通名詞,一般,*,*,*
この野郎	コノヤロウ	5908	連体詞+名詞
犯行	ハンコウ	5909	名詞,普通名詞,一般,*,*,*
不良	フリョウ	5910	名詞,普通名詞,形状詞可能,*,*,*
回数	カイスウ	5911	名詞,普通名詞,一般,*,*,*
足を運ぶ	アシヲハコブ	5912	名詞+助詞+動詞
仲直り	ナカナオリ	5913	名詞,普通名詞,サ変可能,*,*,*
通報	ツウホウ	5914	名詞,普通名詞,サ変可能,*,*,*
ややこしい	ヤヤコシイ	5915	形容詞,一般,*,*,形容詞,終止形-一般
拾い上げる	ヒロイアゲル	5916	動詞,一般,*,*,下一段-ガ行,終止形-一般
格	カク	5917	名詞,普通名詞,一般,*,*,*
工夫	クフウ	5918	名詞,普通名詞,サ変可能,*,*,*
驚かす	オドロカス	5919	動詞,一般,*,*,五段-サ行,終止形-一般
訂正	テイセイ	5920	名詞,普通名詞,サ変可能,*,*,*
納める	オサメル	5921	動詞,一般,*,*,下一段-マ行,終止形-一般
生き返る	イキカエル	5922	動詞,一般,*,*,五段-ラ行,終止形-一般
お楽しみ	オタノシミ	5923	接頭辞+名詞
屈辱	クツジョク	5924	名詞,普通名詞,一般,*,*,*
一筋	ヒトスジ	5925	名詞,普通名詞,一般,*,*,*
通り抜ける	トオリヌケル	5926	動詞,一般,*,*,下一段-カ行,終止形-一般
後者	コウシャ	5927	名詞,普通名詞,一般,*,*,*
映し出す	ウツシダス	5928	動詞,一般,*,*,五段-サ行,終止形-一般
その気になる	ソノキニナル	5929	連体詞+名詞+助詞+動詞
大嫌い	ダイキライ	5930	形状詞,一般,*,*,*,*
触れ合う	フレアウ	5931	動詞,一般,*,*,五段-ワア行,終止形-一般
担ぐ	カツグ	5932	動詞,一般,*,*,五段-ガ行,終止形-一般
順番に	ジュンバンニ	5933	名詞+助詞
適切	テキセツ	5934	形状詞,一般,*,*,*,*
延々	エンエン	5935	副詞,*,*,*,*,*
軍隊	グンタイ	5936	名詞,普通名詞,一般,*,*,*
火事	カジ	5937	名詞,普通名詞,一般,*,*,*
追及	ツイキュウ	5938	名詞,普通名詞,サ変可能,*,*,*
取り残す	トリノコス	5939	動詞,一般,*,*,五段-サ行,終止形-一般
却下	キャッカ	5940	名詞,普通名詞,サ変可能,*,*,*
ふふん	フフン	5941	感動詞,一般,*,*,*,*
素	ス	5942	名詞,普通名詞,一般,*,*,*
立て直す	タテナオス	5943	動詞,一般,*,*,五段-サ行,終止形-一般
末に	スエニ	5944	名詞+助詞
解体	カイタイ	5945	名詞,普通名詞,サ変可能,*,*,*
別々	ベツベツ	5946	形状詞,一般,*,*,*,*
断ち切る	タチキル	5947	動詞,一般,*,*,五段-ラ行,終止形-一般
実在	ジツザイ	5948	名詞,普通名詞,サ変可能,*,*,*
試しに	タメシニ	5949	名詞+助詞
知	チ	5950	名詞,普通名詞,一般,*,*,*
批判	ヒハン	5951	名詞,普通名詞,サ変可能,*,*,*
スプーン	スプーン	5952	名詞,普通名詞,一般,*,*,*
意を決する	イヲケッスル	5953	名詞+助詞+動詞
籠	カゴ	5954	名詞,普通名詞,一般,*,*,*
最大限	サイダイゲン	5955	名詞,普通名詞,一般,*,*,*
張り付く	ハリツク	5956	動詞,一般,*,*,五段-カ行,終止形-一般
恥じる	ハジル	5957	動詞,一般,*,*,上一段-ザ行,終止形-一般
三回	サンカイ	5958	名詞+名詞
埋め尽くす	ウメツクス	5959	動詞+動詞
堅い	カタイ	5960	形容詞,一般,*,*,形容詞,終止形-一般
真意	シンイ	5961	名詞,普通名詞,一般,*,*,*
引っ込む	ヒッコム	5962	動詞,一般,*,*,五段-マ行,終止形-一般
守り	マモリ	5963	名詞,普通名詞,一般,*,*,*
愛おしい	イトオシイ	5964	形容詞,一般,*,*,形容詞,終止形-一般
強制的	キョウセイテキ	5965	名詞,普通名詞,形状詞可能,*,*,*
古	イニシエ	5966	形容詞,一般,*,*,形容詞,語幹-一般
ついつい	ツイツイ	5967	副詞,*,*,*,*,*
内臓	ナイゾウ	5968	名詞,普通名詞,一般,*,*,*
今となっては	イマトナッテハ	5969	名詞+助詞+動詞+助詞+助詞
面会	メンカイ	5970	名詞,普通名詞,サ変可能,*,*,*
極める	キワメル	5971	動詞,一般,*,*,下一段-マ行,終止形-一般
免れる	マヌガレル	5972	動詞,一般,*,*,下一段-ラ行,終止形-一般
幻想	ゲンソウ	5973	名詞,普通名詞,サ変可能,*,*,*
息苦しい	イキグルシイ	5974	形容詞,一般,*,*,形容詞,終止形-一般
第四	ダイヨン	5975	接頭辞+名詞
時間が経つ	ジカンガタツ	5976	名詞+助詞+動詞
アイデア	アイデア	5977	名詞,普通名詞,一般,*,*,*
冷やす	ヒヤス	5978	動詞,一般,*,*,五段-サ行,終止形-一般
お家	オウチ	5979	名詞,普通名詞,一般,*,*,*
お目にかかる	オメニカカル	5980	接頭辞+名詞+助詞+動詞
ってか	ッテカ	5981	助動詞+助詞
２回	ニカイ	5982	名詞+名詞
アリ	アリ	5983	名詞,普通名詞,一般,*,*,*
あらためて	アラタメテ	5984	副詞,*,*,*,*,*
パッと	パット	5985	副詞+助詞
せえ	セエ	5986	助詞,副助詞,*,*,*,*
おくる	オクル	5987	動詞,一般,*,*,五段-ラ行,終止形-一般
いいわけ	イイワケ	5988	名詞,普通名詞,サ変可能,*,*,*
それなのに	ソレナノニ	5989	代名詞+助動詞+助詞+助詞
わたる	ワタル	5990	名詞,固有名詞,人名,名,*,*
まもない	マモナイ	5991	名詞+助詞+形容詞
都合のいい	ツゴウノイイ	5992	名詞+助詞+形容詞
ぶん	ブン	5993	名詞,普通名詞,副詞可能,*,*,*
やっていく	ヤッテイク	5994	動詞+助詞+動詞
気まぐれ	キマグレ	5995	名詞,普通名詞,形状詞可能,*,*,*
きっかけに	キッカケニ	5996	名詞+助詞
お守り	オマモリ	5997	名詞,普通名詞,サ変可能,*,*,*
出て来る	デテクル	5998	動詞+助詞+動詞
みえる	ミエル	5999	動詞,一般,*,*,下一段-ア行,終止形-一般
ド	ド	6000	名詞,普通名詞,一般,*,*,*
二週間	ニシュウカン	6001	名詞+名詞
青空	アオゾラ	6002	名詞,普通名詞,一般,*,*,*
天然	テンネン	6003	名詞,普通名詞,一般,*,*,*
飛び上がる	トビアガル	6004	動詞,一般,*,*,五段-ラ行,終止形-一般
オッケー	オッケー	6005	名詞,普通名詞,サ変可能,*,*,*
甘やかす	アマヤカス	6006	動詞,一般,*,*,五段-サ行,終止形-一般
絡める	カラメル	6007	動詞,一般,*,*,下一段-マ行,終止形-一般
越す	コス	6008	動詞,一般,*,*,五段-サ行,終止形-一般
後日	ゴジツ	6009	名詞,普通名詞,副詞可能,*,*,*
婦人	フジン	6010	名詞,普通名詞,一般,*,*,*
吉	キチ	6011	名詞,普通名詞,一般,*,*,*
当人	トウニン	6012	名詞,普通名詞,一般,*,*,*
信念	シンネン	6013	名詞,普通名詞,一般,*,*,*
待ち構える	マチカマエル	6014	動詞,一般,*,*,下一段-ア行,終止形-一般
抱き寄せる	ダキヨセル	6015	動詞,一般,*,*,下一段-サ行,終止形-一般
万全	バンゼン	6016	名詞,普通名詞,形状詞可能,*,*,*
境遇	キョウグウ	6017	名詞,普通名詞,一般,*,*,*
業務	ギョウム	6018	名詞,普通名詞,一般,*,*,*
面倒を見る	メンドウヲミル	6019	名詞+助詞+動詞
ほっとく	ホットク	6020	動詞+助動詞
押し倒す	オシタオス	6021	動詞,一般,*,*,五段-サ行,終止形-一般
黙々	モクモク	6022	形状詞,タリ,*,*,*,*
一目	ヒトメ	6023	名詞,普通名詞,サ変可能,*,*,*
改造	カイゾウ	6024	名詞,普通名詞,サ変可能,*,*,*
押さえつける	オサエツケル	6025	動詞,一般,*,*,下一段-カ行,終止形-一般
手遅れ	テオクレ	6026	名詞,普通名詞,一般,*,*,*
講義	コウギ	6027	名詞,普通名詞,サ変可能,*,*,*
どうだい	ドウダイ	6028	副詞+助動詞+助詞
放り投げる	ホウリナゲル	6029	動詞,一般,*,*,下一段-ガ行,終止形-一般
土下座	ドゲザ	6030	名詞+名詞
そら	ソラ	6031	代名詞,*,*,*,*,*
好きなだけ	スキナダケ	6032	形状詞+助動詞+助詞
牛乳	ギュウニュウ	6033	名詞,普通名詞,一般,*,*,*
華奢	キャシャ	6034	形状詞,一般,*,*,*,*
不吉	フキツ	6035	名詞,普通名詞,形状詞可能,*,*,*
運転手	ウンテンシュ	6036	名詞,普通名詞,一般,*,*,*
ラッキー	ラッキー	6037	名詞,普通名詞,形状詞可能,*,*,*
真っ青	マッサオ	6038	名詞,普通名詞,形状詞可能,*,*,*
三百	サンビャク	6039	名詞,固有名詞,人名,名,*,*
そうですが	ソウデスガ	6040	副詞+助動詞+助詞
風情	フゼイ	6041	名詞,普通名詞,一般,*,*,*
官	カン	6042	名詞,普通名詞,一般,*,*,*
詩	シ	6043	名詞,普通名詞,一般,*,*,*
振り絞る	フリシボル	6044	動詞,一般,*,*,五段-ラ行,終止形-一般
背の高い	セノタカイ	6045	名詞+助詞+形容詞
紫色	ムラサキイロ	6046	名詞,普通名詞,一般,*,*,*
立ち直る	タチナオル	6047	動詞,一般,*,*,五段-ラ行,終止形-一般
フォーク	フォーク	6048	名詞,普通名詞,一般,*,*,*
継続	ケイゾク	6049	名詞,普通名詞,サ変可能,*,*,*
沼	ヌマ	6050	名詞,普通名詞,一般,*,*,*
京都	キョウト	6051	名詞,固有名詞,地名,一般,*,*
一分	イチブ	6052	名詞+名詞
所へ	トコロヘ	6053	名詞+助詞
レストラン	レストラン	6054	名詞,普通名詞,一般,*,*,*
功績	コウセキ	6055	名詞,普通名詞,一般,*,*,*
ざま	ザマ	6056	名詞,普通名詞,一般,*,*,*
会釈	エシャク	6057	名詞,普通名詞,サ変可能,*,*,*
するべき	スルベキ	6058	動詞+助動詞
活用	カツヨウ	6059	名詞,普通名詞,サ変可能,*,*,*
あったかい	アッタカイ	6060	形容詞,一般,*,*,形容詞,終止形-一般
劇	ゲキ	6061	名詞,普通名詞,一般,*,*,*
一夜	イチヤ	6062	名詞,普通名詞,副詞可能,*,*,*
目元	メモト	6063	名詞,普通名詞,一般,*,*,*
受験	ジュケン	6064	名詞,普通名詞,サ変可能,*,*,*
足場	アシバ	6065	名詞,普通名詞,一般,*,*,*
誠実	セイジツ	6066	名詞,普通名詞,形状詞可能,*,*,*
文明	ブンメイ	6067	名詞,普通名詞,一般,*,*,*
合間	アイマ	6068	名詞,普通名詞,一般,*,*,*
根元	ネモト	6069	名詞,普通名詞,一般,*,*,*
目前	モクゼン	6070	名詞,普通名詞,一般,*,*,*
静まり返る	シズマリカエル	6071	動詞,一般,*,*,五段-ラ行,終止形-一般
暴く	アバク	6072	動詞,一般,*,*,五段-カ行,終止形-一般
旗	ハタ	6073	名詞,普通名詞,一般,*,*,*
仲良し	ナカヨシ	6074	名詞,普通名詞,一般,*,*,*
滝	タキ	6075	名詞,普通名詞,一般,*,*,*
画像	ガゾウ	6076	名詞,普通名詞,一般,*,*,*
銀行	ギンコウ	6077	名詞,普通名詞,一般,*,*,*
おす	オス	6078	感動詞,一般,*,*,*,*
すがる	スガル	6079	動詞,一般,*,*,五段-ラ行,終止形-一般
２	ニ	6080	名詞,数詞,*,*,*,*
あいにく	アイニク	6081	副詞,*,*,*,*,*
気にかける	キニカケル	6082	名詞+助詞+動詞
か月	カゲツ	6083	名詞,普通名詞,助数詞可能,*,*,*
まだしも	マダシモ	6084	副詞+助詞
よくやった	ヨクヤッタ	6085	副詞+動詞+助動詞
はじまる	ハジマル	6086	動詞,一般,*,*,五段-ラ行,終止形-一般
ごろ	ゴロ	6087	名詞,普通名詞,副詞可能,*,*,*
ふり	フリ	6088	名詞,普通名詞,助数詞可能,*,*,*
イライラ	イライラ	6089	名詞,普通名詞,副詞可能,*,*,*
何度も	ナンドモ	6090	名詞+助詞
しきりに	シキリニ	6091	副詞+助詞
いつのまにか	イツノマニカ	6092	代名詞+助詞+名詞+助詞+助詞
こめかみ	コメカミ	6093	名詞,普通名詞,一般,*,*,*
弾ける	ハジケル	6094	動詞,一般,*,*,下一段-カ行,終止形-一般
りする	リスル	6095	動詞,一般,*,*,サ行変格,終止形-一般
行き先	イキサキ	6096	名詞,普通名詞,一般,*,*,*
金持ち	カネモチ	6097	名詞,普通名詞,一般,*,*,*
いまさら	イマサラ	6098	副詞,*,*,*,*,*
きょう	キョウ	6099	名詞,普通名詞,副詞可能,*,*,*
並	ナミ	6100	名詞,普通名詞,一般,*,*,*
干す	ホス	6102	動詞,一般,*,*,五段-サ行,終止形-一般
伝言	デンゴン	6103	名詞,普通名詞,サ変可能,*,*,*
疑問に思う	ギモンニオモウ	6104	名詞+助詞+動詞
縮める	チヂメル	6105	動詞,一般,*,*,下一段-マ行,終止形-一般
帯	オビ	6106	名詞,普通名詞,一般,*,*,*
かの	カノ	6107	連体詞,*,*,*,*,*
上目遣い	ウワメヅカイ	6108	名詞+接尾辞
プログラム	プログラム	6109	名詞,普通名詞,サ変可能,*,*,*
クール	クール	6110	形状詞,一般,*,*,*,*
井	イ	6111	名詞,普通名詞,一般,*,*,*
公開	コウカイ	6112	名詞,普通名詞,サ変可能,*,*,*
貧乏	ビンボウ	6113	名詞,普通名詞,サ変形状詞可能,*,*,*
要望	ヨウボウ	6114	名詞,普通名詞,サ変可能,*,*,*
その際	ソノサイ	6115	連体詞+名詞
苛立つ	イラダツ	6116	動詞,一般,*,*,五段-タ行,終止形-一般
制度	セイド	6117	名詞,普通名詞,一般,*,*,*
費用	ヒヨウ	6118	名詞,普通名詞,一般,*,*,*
滅多に	メッタニ	6119	形状詞+助動詞
脅かす	オビヤカス	6120	動詞,一般,*,*,五段-サ行,終止形-一般
トラック	トラック	6121	名詞,普通名詞,一般,*,*,*
遂げる	トゲル	6122	動詞,一般,*,*,下一段-ガ行,終止形-一般
相応	ソウオウ	6123	名詞,普通名詞,サ変形状詞可能,*,*,*
皆無	カイム	6124	名詞,普通名詞,形状詞可能,*,*,*
気取る	キドル	6125	動詞,一般,*,*,五段-ラ行,終止形-一般
察し	サッシ	6126	名詞,普通名詞,一般,*,*,*
弁護士	ベンゴシ	6127	名詞,普通名詞,一般,*,*,*
足早	アシバヤ	6128	形状詞,一般,*,*,*,*
対照的	タイショウテキ	6129	名詞,普通名詞,形状詞可能,*,*,*
十七	ジュウシチ	6130	名詞,数詞,*,*,*,*
価値観	カチカン	6131	名詞,普通名詞,一般,*,*,*
一秒	イチビョウ	6132	名詞+名詞
定期的	テイキテキ	6133	名詞,普通名詞,形状詞可能,*,*,*
励む	ハゲム	6134	動詞,一般,*,*,五段-マ行,終止形-一般
歩き回る	アルキマワル	6135	動詞,一般,*,*,五段-ラ行,終止形-一般
半日	ハンニチ	6136	名詞,普通名詞,一般,*,*,*
日差し	ヒザシ	6137	名詞,普通名詞,一般,*,*,*
タクシー	タクシー	6138	名詞,普通名詞,一般,*,*,*
現地	ゲンチ	6139	名詞,普通名詞,一般,*,*,*
集う	ツドウ	6140	動詞,一般,*,*,五段-ワア行,終止形-一般
交える	マジエル	6141	動詞,一般,*,*,下一段-ア行,終止形-一般
尊重	ソンチョウ	6142	名詞,普通名詞,サ変可能,*,*,*
一帯	イッタイ	6143	名詞,普通名詞,一般,*,*,*
柵	サク	6144	名詞,普通名詞,一般,*,*,*
ほんのり	ホンノリ	6145	副詞,*,*,*,*,*
臆病	オクビョウ	6146	名詞,普通名詞,形状詞可能,*,*,*
版	ハン	6147	名詞,普通名詞,助数詞可能,*,*,*
地震	ジシン	6148	名詞,普通名詞,一般,*,*,*
恐れ	オソレ	6149	名詞,普通名詞,一般,*,*,*
悪戯	イタズラ	6150	名詞,普通名詞,サ変形状詞可能,*,*,*
畳	タタミ	6151	名詞,普通名詞,一般,*,*,*
お詫び	オワビ	6152	接頭辞+名詞
絶対的	ゼッタイテキ	6153	名詞,普通名詞,形状詞可能,*,*,*
どうと	ドウト	6154	副詞+助詞
連	レン	6155	名詞,固有名詞,人名,名,*,*
でもって	デモッテ	6156	接続詞+動詞+助詞
戦略	センリャク	6157	名詞,普通名詞,一般,*,*,*
のみならず	ノミナラズ	6158	助詞+助動詞+助動詞
見て取る	ミテトル	6159	動詞+助詞+動詞
加工	カコウ	6160	名詞,普通名詞,サ変可能,*,*,*
ターゲット	ターゲット	6161	名詞,普通名詞,一般,*,*,*
豆	マメ	6162	名詞,普通名詞,一般,*,*,*
疑惑	ギワク	6163	名詞,普通名詞,一般,*,*,*
鼻先	ハナサキ	6164	名詞,普通名詞,一般,*,*,*
リズム	リズム	6165	名詞,普通名詞,一般,*,*,*
研究所	ケンキュウジョ	6166	名詞,普通名詞,一般,*,*,*
何があっても	ナニガアッテモ	6167	代名詞+助詞+動詞+助詞+助詞
小鳥	コトリ	6168	名詞,普通名詞,一般,*,*,*
吹っ飛ぶ	フットブ	6169	動詞,一般,*,*,五段-バ行,終止形-一般
くさい	クサイ	6170	接尾辞,形容詞的,*,*,形容詞,終止形-一般
街中	マチナカ	6171	名詞,普通名詞,一般,*,*,*
質問をする	シツモンヲスル	6172	名詞+助詞+動詞
出世	シュッセ	6173	名詞,普通名詞,サ変可能,*,*,*
十八	ジュウハチ	6174	名詞,数詞,*,*,*,*
とぼける	トボケル	6175	動詞,一般,*,*,下一段-カ行,終止形-一般
高鳴る	タカナル	6176	動詞,一般,*,*,五段-ラ行,終止形-一般
忍び込む	シノビコム	6177	動詞,一般,*,*,五段-マ行,終止形-一般
局	キョク	6178	名詞,普通名詞,助数詞可能,*,*,*
甲	コウ	6179	名詞,普通名詞,一般,*,*,*
汁	シル	6180	名詞,普通名詞,一般,*,*,*
見	ミ	6181	動詞,非自立可能,*,*,上一段-マ行,連用形-一般
冗談じゃない	ジョウダンジャナイ	6182	名詞+助動詞+形容詞
追跡	ツイセキ	6183	名詞,普通名詞,サ変可能,*,*,*
最善	サイゼン	6184	名詞,普通名詞,一般,*,*,*
よろめく	ヨロメク	6185	動詞,一般,*,*,五段-カ行,終止形-一般
贈り物	オクリモノ	6186	名詞,普通名詞,一般,*,*,*
きらきら	キラキラ	6187	副詞,*,*,*,*,*
ポン	ポン	6188	副詞,*,*,*,*,*
ご挨拶	ゴアイサツ	6189	接頭辞+名詞
ひっくり返す	ヒックリカエス	6190	動詞,一般,*,*,五段-サ行,終止形-一般
くっつける	クッツケル	6191	動詞,一般,*,*,下一段-カ行,終止形-一般
それこそ	ソレコソ	6192	代名詞+助詞
はく	ハク	6193	名詞,普通名詞,一般,*,*,*
さながら	サナガラ	6194	副詞,*,*,*,*,*
にあたって	ニアタッテ	6195	助詞+動詞+助詞
ほんとうに	ホントウニ	6196	名詞+助詞
無理もない	ムリモナイ	6197	名詞+助詞+形容詞
ねだる	ネダル	6198	動詞,一般,*,*,五段-ラ行,終止形-一般
言うことを聞く	イウコトヲキク	6199	動詞+名詞+助詞+動詞
まわす	マワス	6200	動詞,一般,*,*,五段-サ行,終止形-一般
車	シャ	6201	名詞,普通名詞,一般,*,*,*
器	キ	6202	名詞,普通名詞,一般,*,*,*
悪	ワル	6203	形容詞,一般,*,*,形容詞,語幹-一般
軽蔑	ケイベツ	6204	名詞,普通名詞,サ変可能,*,*,*
だけあって	ダケアッテ	6205	助詞+動詞+助詞
大物	オオモノ	6206	名詞,普通名詞,一般,*,*,*
脇腹	ワキバラ	6207	名詞,普通名詞,一般,*,*,*
今晩	コンバン	6208	名詞,普通名詞,副詞可能,*,*,*
雑談	ザツダン	6209	名詞,普通名詞,サ変可能,*,*,*
言い残す	イイノコス	6210	動詞,一般,*,*,五段-サ行,終止形-一般
スケジュール	スケジュール	6211	名詞,普通名詞,一般,*,*,*
共にする	トモニスル	6212	名詞+助詞+動詞
当分	トウブン	6213	副詞,*,*,*,*,*
キャラクター	キャラクター	6214	名詞,普通名詞,一般,*,*,*
庶民	ショミン	6215	名詞,普通名詞,一般,*,*,*
コピー	コピー	6216	名詞,普通名詞,サ変可能,*,*,*
散らす	チラス	6217	動詞,一般,*,*,五段-サ行,終止形-一般
平静	ヘイセイ	6218	名詞,普通名詞,形状詞可能,*,*,*
威嚇	イカク	6219	名詞,普通名詞,サ変可能,*,*,*
手早い	テバヤイ	6220	形容詞,一般,*,*,形容詞,終止形-一般
迎えに行く	ムカエニイク	6221	動詞+助詞+動詞
明ける	アケル	6222	動詞,一般,*,*,下一段-カ行,終止形-一般
すすめる	ススメル	6223	動詞,一般,*,*,下一段-マ行,終止形-一般
気を抜く	キヲヌク	6224	名詞+助詞+動詞
無能	ムノウ	6225	名詞,普通名詞,形状詞可能,*,*,*
チーズ	チーズ	6226	名詞,普通名詞,一般,*,*,*
吹き込む	フキコム	6227	動詞,一般,*,*,五段-マ行,終止形-一般
濁る	ニゴル	6228	動詞,一般,*,*,五段-ラ行,終止形-一般
見透かす	ミスカス	6229	動詞,一般,*,*,五段-サ行,終止形-一般
走り去る	ハシリサル	6230	動詞,一般,*,*,五段-ラ行,終止形-一般
並み	ナミ	6231	名詞,普通名詞,一般,*,*,*
乳	チチ	6232	名詞,普通名詞,一般,*,*,*
委員	イイン	6233	名詞,普通名詞,一般,*,*,*
建つ	タツ	6234	動詞,一般,*,*,五段-タ行,終止形-一般
皺	シワ	6235	名詞,普通名詞,一般,*,*,*
委員長	イインチョウ	6236	名詞,普通名詞,一般,*,*,*
仕入れる	シイレル	6237	動詞,一般,*,*,下一段-ラ行,終止形-一般
都会	トカイ	6238	名詞,普通名詞,一般,*,*,*
従える	シタガエル	6239	動詞,一般,*,*,下一段-ア行,終止形-一般
食い込む	クイコム	6240	動詞,一般,*,*,五段-マ行,終止形-一般
有無	ウム	6241	名詞,普通名詞,一般,*,*,*
何なのか	ナンナノカ	6242	代名詞+助動詞+助詞+助詞
記者	キシャ	6243	名詞,普通名詞,一般,*,*,*
構築	コウチク	6244	名詞,普通名詞,サ変可能,*,*,*
宣伝	センデン	6245	名詞,普通名詞,サ変可能,*,*,*
参加者	サンカシャ	6246	名詞,普通名詞,一般,*,*,*
当の	トウノ	6247	名詞+助詞
仮	カリ	6248	名詞,普通名詞,一般,*,*,*
生産	セイサン	6249	名詞,普通名詞,サ変可能,*,*,*
存在感	ソンザイカン	6250	名詞,普通名詞,一般,*,*,*
願望	ガンボウ	6251	名詞,普通名詞,サ変可能,*,*,*
最	サイ	6252	名詞,普通名詞,一般,*,*,*
五百	ゴヒャク	6253	名詞,数詞,*,*,*,*
と言うと	トイウト	6254	助詞+動詞+助詞
対決	タイケツ	6255	名詞,普通名詞,サ変可能,*,*,*
お辞儀	オジギ	6256	名詞,普通名詞,一般,*,*,*
関わり	カカワリ	6257	名詞,普通名詞,一般,*,*,*
快い	ココロヨイ	6258	形容詞,一般,*,*,形容詞,終止形-一般
京	キョウ	6259	名詞,普通名詞,一般,*,*,*
やっつける	ヤッツケル	6260	動詞,一般,*,*,下一段-カ行,終止形-一般
引き下がる	ヒキサガル	6261	動詞,一般,*,*,五段-ラ行,終止形-一般
助言	ジョゲン	6262	名詞,普通名詞,サ変可能,*,*,*
気が済む	キガスム	6263	名詞+助詞+動詞
万人	バンニン	6264	名詞,普通名詞,一般,*,*,*
口々	クチグチ	6265	名詞,普通名詞,一般,*,*,*
食卓	ショクタク	6266	名詞,普通名詞,一般,*,*,*
旅立つ	タビダツ	6267	動詞,一般,*,*,五段-タ行,終止形-一般
分だけ	ブンダケ	6268	名詞+助詞
貢献	コウケン	6269	名詞,普通名詞,サ変可能,*,*,*
とどまる	トドマル	6270	動詞,一般,*,*,五段-ラ行,終止形-一般
天下	テンカ	6271	名詞,普通名詞,一般,*,*,*
最新	サイシン	6272	名詞,普通名詞,一般,*,*,*
就職	シュウショク	6273	名詞,普通名詞,サ変可能,*,*,*
大幅	オオハバ	6274	形状詞,一般,*,*,*,*
寝顔	ネガオ	6275	名詞,普通名詞,一般,*,*,*
ドン	ドン	6276	副詞,*,*,*,*,*
めんどくさい	メンドクサイ	6277	形容詞,一般,*,*,形容詞,終止形-一般
１枚	イチマイ	6278	名詞+接尾辞
わりに	ワリニ	6279	名詞+助詞
見たところ	ミタトコロ	6280	動詞+助動詞+名詞
たいてい	タイテイ	6281	副詞,*,*,*,*,*
湧き上がる	ワキアガル	6282	動詞,一般,*,*,五段-ラ行,終止形-一般
おやすみなさい	オヤスミナサイ	6283	感動詞,一般,*,*,*,*
わけではありません	ワケデハアリマセン	6284	名詞+助詞+助詞+動詞+助動詞+助動詞
及び	オヨビ	6285	接続詞,*,*,*,*,*
抱きかかえる	ダキカカエル	6286	動詞,一般,*,*,下一段-ア行,終止形-一般
おもむろに	オモムロニ	6287	副詞,*,*,*,*,*
ときどき	トキドキ	6288	名詞,普通名詞,副詞可能,*,*,*
ひと言	ヒトコト	6289	名詞,普通名詞,一般,*,*,*
おろす	オロス	6290	動詞,一般,*,*,五段-サ行,終止形-一般
もとより	モトヨリ	6291	副詞,*,*,*,*,*
まかせる	マカセル	6292	動詞,一般,*,*,下一段-サ行,終止形-一般
くせ	クセ	6293	名詞,普通名詞,一般,*,*,*
タダ	タダ	6294	名詞,普通名詞,一般,*,*,*
２日	フツカ	6295	名詞+名詞
しょう	ショウ	6296	名詞,普通名詞,一般,*,*,*
子どもたち	コドモタチ	6297	名詞,普通名詞,一般,*,*,*
つくづく	ツクヅク	6298	副詞,*,*,*,*,*
１本	イッポン	6299	名詞+接尾辞
つくす	ツクス	6300	動詞,非自立可能,*,*,五段-サ行,終止形-一般
冊	サツ	6301	接尾辞,名詞的,一般,*,*,*
取り乱す	トリミダス	6302	動詞,一般,*,*,五段-サ行,終止形-一般
今になって	イマニナッテ	6303	名詞+助詞+動詞+助詞
塀	ヘイ	6304	名詞,普通名詞,一般,*,*,*
調達	チョウタツ	6305	名詞,普通名詞,サ変可能,*,*,*
不便	フベン	6306	名詞,普通名詞,形状詞可能,*,*,*
無人	ムジン	6307	名詞,普通名詞,一般,*,*,*
からして	カラシテ	6308	動詞+助詞
ってよ	ッテヨ	6309	助詞+助詞
四年	ヨネン	6310	名詞+名詞
肺	ハイ	6311	名詞,普通名詞,一般,*,*,*
病人	ビョウニン	6312	名詞,普通名詞,一般,*,*,*
スポーツ	スポーツ	6313	名詞,普通名詞,サ変可能,*,*,*
究極	キュウキョク	6314	名詞,普通名詞,一般,*,*,*
支持	シジ	6315	名詞,普通名詞,サ変可能,*,*,*
咎める	トガメル	6316	動詞,一般,*,*,下一段-マ行,終止形-一般
読書	ドクショ	6317	名詞,普通名詞,サ変可能,*,*,*
手を上げる	テヲアゲル	6318	名詞+助詞+動詞
口実	コウジツ	6319	名詞,普通名詞,一般,*,*,*
原稿	ゲンコウ	6320	名詞,普通名詞,一般,*,*,*
あしらう	アシラウ	6321	動詞,一般,*,*,五段-ワア行,終止形-一般
色気	イロケ	6322	名詞,普通名詞,一般,*,*,*
髪型	カミガタ	6323	名詞,普通名詞,一般,*,*,*
少なくなる	スクナクナル	6324	形容詞+動詞
細工	サイク	6325	名詞,普通名詞,サ変可能,*,*,*
留まる	トマル	6326	動詞,一般,*,*,五段-ラ行,終止形-一般
のく	ノク	6327	動詞,一般,*,*,五段-カ行,終止形-一般
体制	タイセイ	6328	名詞,普通名詞,一般,*,*,*
行き来	ユキキ	6329	名詞,普通名詞,サ変可能,*,*,*
礼儀	レイギ	6330	名詞,普通名詞,一般,*,*,*
粒	ツブ	6331	名詞,普通名詞,一般,*,*,*
押し殺す	オシコロス	6332	動詞,一般,*,*,五段-サ行,終止形-一般
空腹	クウフク	6333	名詞,普通名詞,形状詞可能,*,*,*
急ぎ	イソギ	6334	名詞,普通名詞,副詞可能,*,*,*
ピンチ	ピンチ	6335	名詞,普通名詞,一般,*,*,*
有能	ユウノウ	6336	名詞,普通名詞,形状詞可能,*,*,*
人口	ジンコウ	6337	名詞,普通名詞,一般,*,*,*
だったろう	ダッタロウ	6338	助動詞+助動詞
平等	ビョウドウ	6339	名詞,普通名詞,形状詞可能,*,*,*
そっぽを向く	ソッポヲムク	6340	名詞+助詞+動詞
得	トク	6341	名詞,普通名詞,一般,*,*,*
頭脳	ズノウ	6342	名詞,普通名詞,一般,*,*,*
走り回る	ハシリマワル	6343	動詞,一般,*,*,五段-ラ行,終止形-一般
入れ替わる	イレカワル	6344	動詞,一般,*,*,五段-ラ行,終止形-一般
不正	フセイ	6345	名詞,普通名詞,形状詞可能,*,*,*
眠気	ネムケ	6346	名詞,普通名詞,一般,*,*,*
ぞっと	ゾット	6347	副詞,*,*,*,*,*
軽やか	カロヤカ	6348	形状詞,一般,*,*,*,*
どうせなら	ドウセナラ	6349	副詞+助動詞
貧しい	マズシイ	6350	形容詞,一般,*,*,形容詞,終止形-一般
に沿って	ニソッテ	6351	助詞+動詞+助詞
決する	ケッスル	6352	動詞,一般,*,*,サ行変格,終止形-一般
何度でも	ナンドデモ	6353	名詞+助詞+助詞
低下	テイカ	6354	名詞,普通名詞,サ変可能,*,*,*
身を隠す	ミヲカクス	6355	名詞+助詞+動詞
手柄	テガラ	6356	名詞,普通名詞,一般,*,*,*
言葉を交わす	コトバヲカワス	6357	名詞+助詞+動詞
幾	イク	6358	名詞,数詞,*,*,*,*
ほい	ホイ	6359	代名詞,*,*,*,*,*
取り組む	トリクム	6360	動詞,一般,*,*,五段-マ行,終止形-一般
五日	イツカ	6361	名詞+接尾辞
横切る	ヨコギル	6362	動詞,一般,*,*,五段-ラ行,終止形-一般
違反	イハン	6363	名詞,普通名詞,サ変可能,*,*,*
調理	チョウリ	6364	名詞,普通名詞,サ変可能,*,*,*
侮辱	ブジョク	6365	名詞,普通名詞,サ変可能,*,*,*
経済	ケイザイ	6366	名詞,普通名詞,一般,*,*,*
重視	ジュウシ	6367	名詞,普通名詞,サ変可能,*,*,*
直し	ナオシ	6368	名詞,普通名詞,一般,*,*,*
裁判	サイバン	6369	名詞,普通名詞,サ変可能,*,*,*
形相	ギョウソウ	6370	名詞,普通名詞,一般,*,*,*
代理	ダイリ	6371	名詞,普通名詞,サ変可能,*,*,*
欲求	ヨッキュウ	6372	名詞,普通名詞,サ変可能,*,*,*
平	ヒラ	6373	形状詞,一般,*,*,*,*
網	アミ	6374	名詞,普通名詞,一般,*,*,*
コツ	コツ	6375	名詞,普通名詞,一般,*,*,*
牽制	ケンセイ	6376	名詞,普通名詞,サ変可能,*,*,*
建設	ケンセツ	6377	名詞,普通名詞,サ変可能,*,*,*
出血	シュッケツ	6378	名詞,普通名詞,サ変可能,*,*,*
大気	タイキ	6379	名詞,普通名詞,一般,*,*,*
割って入る	ワッテハイル	6380	動詞+助詞+動詞
役者	ヤクシャ	6381	名詞,普通名詞,一般,*,*,*
死人	シニン	6382	名詞,普通名詞,一般,*,*,*
睡眠	スイミン	6383	名詞,普通名詞,サ変可能,*,*,*
不	フ	6384	接頭辞,*,*,*,*,*
拍子	ヒョウシ	6385	名詞,普通名詞,一般,*,*,*
寺	テラ	6386	名詞,普通名詞,一般,*,*,*
いってらっしゃい	イッテラッシャイ	6387	動詞+助動詞
たてる	タテル	6388	動詞,一般,*,*,下一段-タ行,終止形-一般
まし	マシ	6389	形状詞,一般,*,*,*,*
とらえる	トラエル	6390	動詞,一般,*,*,下一段-ア行,終止形-一般
おもちゃ	オモチャ	6391	名詞,普通名詞,一般,*,*,*
ってな	ッテナ	6392	助動詞+助詞
にらむ	ニラム	6393	動詞,一般,*,*,五段-マ行,終止形-一般
すり抜ける	スリヌケル	6394	動詞,一般,*,*,下一段-カ行,終止形-一般
できるようになる	デキルヨウニナル	6395	動詞+形状詞+助動詞+動詞
通りかかる	トオリカカル	6396	動詞,一般,*,*,五段-ラ行,終止形-一般
めでたい	メデタイ	6397	形容詞,一般,*,*,形容詞,終止形-一般
２時	ニジ	6398	名詞+名詞
振る舞い	フルマイ	6399	名詞,普通名詞,一般,*,*,*
めがける	メガケル	6400	動詞,一般,*,*,下一段-カ行,終止形-一般
放出	ホウシュツ	6402	名詞,普通名詞,サ変可能,*,*,*
無理をする	ムリヲスル	6403	名詞+助詞+動詞
気恥ずかしい	キハズカシイ	6404	形容詞,一般,*,*,形容詞,終止形-一般
一瞬にして	イッシュンニシテ	6405	名詞+助詞+動詞+助詞
ストップ	ストップ	6406	名詞,普通名詞,サ変可能,*,*,*
陸	リク	6407	名詞,普通名詞,一般,*,*,*
とく	トク	6408	助動詞,*,*,*,五段-カ行,終止形-一般
奪い取る	ウバイトル	6409	動詞,一般,*,*,五段-ラ行,終止形-一般
突き飛ばす	ツキトバス	6410	動詞,一般,*,*,五段-サ行,終止形-一般
向上	コウジョウ	6411	名詞,普通名詞,サ変可能,*,*,*
先月	センゲツ	6412	名詞,普通名詞,副詞可能,*,*,*
懐く	ナツク	6413	動詞,一般,*,*,五段-カ行,終止形-一般
流行る	ハヤル	6414	動詞,一般,*,*,五段-ラ行,終止形-一般
個室	コシツ	6415	名詞,普通名詞,一般,*,*,*
目を合わせる	メヲアワセル	6416	名詞+助詞+動詞
竹	タケ	6417	名詞,普通名詞,一般,*,*,*
威厳	イゲン	6418	名詞,普通名詞,一般,*,*,*
欠かす	カカス	6419	動詞,一般,*,*,五段-サ行,終止形-一般
にわかに	ニワカニ	6420	形状詞+助動詞
お顔	オカオ	6421	接頭辞+名詞
抱き上げる	ダキアゲル	6422	動詞,一般,*,*,下一段-ガ行,終止形-一般
立ちはだかる	タチハダカル	6423	動詞,一般,*,*,五段-ラ行,終止形-一般
自動	ジドウ	6424	名詞,普通名詞,一般,*,*,*
共感	キョウカン	6425	名詞,普通名詞,サ変可能,*,*,*
核	カク	6426	名詞,普通名詞,一般,*,*,*
すんなり	スンナリ	6427	副詞,*,*,*,*,*
率直	ソッチョク	6428	形状詞,一般,*,*,*,*
仕切る	シキル	6429	動詞,一般,*,*,五段-ラ行,終止形-一般
心境	シンキョウ	6430	名詞,普通名詞,一般,*,*,*
承諾	ショウダク	6431	名詞,普通名詞,サ変可能,*,*,*
ちょい	チョイ	6432	副詞,*,*,*,*,*
離脱	リダツ	6433	名詞,普通名詞,サ変可能,*,*,*
入	イリ	6434	名詞,普通名詞,一般,*,*,*
右側	ミギガワ	6435	名詞,普通名詞,一般,*,*,*
段々	ダンダン	6436	名詞,普通名詞,一般,*,*,*
報告書	ホウコクショ	6437	名詞,普通名詞,一般,*,*,*
自動車	ジドウシャ	6438	名詞,普通名詞,一般,*,*,*
人殺し	ヒトゴロシ	6439	名詞,普通名詞,一般,*,*,*
二重	ニジュウ	6440	名詞+名詞
植える	ウエル	6441	動詞,一般,*,*,下一段-ア行,終止形-一般
丈	タケ	6442	名詞,普通名詞,一般,*,*,*
逃亡	トウボウ	6443	名詞,普通名詞,サ変可能,*,*,*
落胆	ラクタン	6444	名詞,普通名詞,サ変可能,*,*,*
足跡	アシアト	6445	名詞,普通名詞,一般,*,*,*
対等	タイトウ	6446	名詞+接尾辞
学者	ガクシャ	6447	名詞,普通名詞,一般,*,*,*
野球	ヤキュウ	6448	名詞,普通名詞,一般,*,*,*
メリット	メリット	6449	名詞,普通名詞,一般,*,*,*
ベスト	ベスト	6450	名詞,普通名詞,形状詞可能,*,*,*
立ち寄る	タチヨル	6451	動詞,一般,*,*,五段-ラ行,終止形-一般
取り付ける	トリツケル	6452	動詞,一般,*,*,下一段-カ行,終止形-一般
抱き合う	ダキアウ	6453	動詞,一般,*,*,五段-ワア行,終止形-一般
数学	スウガク	6454	名詞,普通名詞,一般,*,*,*
精	セイ	6455	名詞,普通名詞,一般,*,*,*
毎朝	マイアサ	6456	名詞,普通名詞,副詞可能,*,*,*
自業自得	ジゴウジトク	6457	名詞,普通名詞,形状詞可能,*,*,*
切り離す	キリハナス	6458	動詞,一般,*,*,五段-サ行,終止形-一般
至るまで	イタルマデ	6459	動詞+助詞
無理はない	ムリハナイ	6460	名詞+助詞+形容詞
投入	トウニュウ	6461	名詞,普通名詞,サ変可能,*,*,*
漠然	バクゼン	6462	形状詞,タリ,*,*,*,*
心細い	ココロボソイ	6463	形容詞,一般,*,*,形容詞,終止形-一般
代々	ダイダイ	6464	名詞,普通名詞,副詞可能,*,*,*
反する	ハンスル	6465	動詞,一般,*,*,サ行変格,終止形-一般
突っ立つ	ツッタツ	6466	動詞,一般,*,*,五段-タ行,終止形-一般
もう少しで	モウスコシデ	6467	副詞+副詞+助動詞
しっ	シッ	6468	感動詞,一般,*,*,*,*
罵る	ノノシル	6469	動詞,一般,*,*,五段-ラ行,終止形-一般
取り繕う	トリツクロウ	6470	動詞,一般,*,*,五段-ワア行,終止形-一般
侮る	アナドル	6471	動詞,一般,*,*,五段-ラ行,終止形-一般
巻	カン	6472	名詞,普通名詞,助数詞可能,*,*,*
利	リ	6473	名詞,普通名詞,一般,*,*,*
鹿	シカ	6474	名詞,普通名詞,一般,*,*,*
滑らか	ナメラカ	6475	形状詞,一般,*,*,*,*
わく	ワク	6476	動詞,一般,*,*,五段-カ行,終止形-一般
日が暮れる	ヒガクレル	6477	名詞+助詞+動詞
破裂	ハレツ	6478	名詞,普通名詞,サ変可能,*,*,*
気を使う	キヲツカウ	6479	名詞+助詞+動詞
活かす	イカス	6480	動詞,一般,*,*,五段-サ行,終止形-一般
幹	ミキ	6481	名詞,普通名詞,一般,*,*,*
しばらくの間	シバラクノアイダ	6482	副詞+助詞+名詞
出くわす	デクワス	6483	動詞,一般,*,*,五段-サ行,終止形-一般
うける	ウケル	6484	動詞,一般,*,*,下一段-カ行,終止形-一般
これこそ	コレコソ	6485	代名詞+助詞
日付	ヒヅケ	6486	名詞,普通名詞,一般,*,*,*
なるだけ	ナルダケ	6487	副詞,*,*,*,*,*
あのよう	アノヨウ	6488	連体詞+形状詞
ろくな	ロクナ	6489	連体詞,*,*,*,*,*
ことごとく	コトゴトク	6490	副詞,*,*,*,*,*
決めつける	キメツケル	6491	動詞,一般,*,*,下一段-カ行,終止形-一般
もる	モル	6492	動詞,一般,*,*,五段-ラ行,終止形-一般
をもって	ヲモッテ	6493	助詞+動詞+助詞
釣り	ツリ	6494	名詞,普通名詞,一般,*,*,*
なおす	ナオス	6495	動詞,非自立可能,*,*,五段-サ行,終止形-一般
見せかける	ミセカケル	6496	動詞,一般,*,*,下一段-カ行,終止形-一般
山ほど	ヤマホド	6497	名詞+助詞
意味ない	イミナイ	6498	名詞+形容詞
すさまじい	スサマジイ	6499	形容詞,一般,*,*,形容詞,終止形-一般
なんと	ナント	6500	代名詞+助詞
イギリス	イギリス	6502	名詞,固有名詞,地名,国,*,*
手際	テギワ	6503	名詞,普通名詞,一般,*,*,*
埋もれる	ウモレル	6504	動詞,一般,*,*,下一段-ラ行,終止形-一般
滑稽	コッケイ	6505	名詞,普通名詞,形状詞可能,*,*,*
引っ張り出す	ヒッパリダス	6506	動詞+動詞
１０分	ジップン	6507	名詞+名詞
同感	ドウカン	6508	名詞,普通名詞,サ変可能,*,*,*
はにかむ	ハニカム	6509	動詞,一般,*,*,五段-マ行,終止形-一般
ここら	ココラ	6510	代名詞+接尾辞
どうかしら	ドウカシラ	6511	副詞+助詞
行使	コウシ	6512	名詞,普通名詞,サ変可能,*,*,*
各々	オノオノ	6513	名詞,普通名詞,副詞可能,*,*,*
動き回る	ウゴキマワル	6514	動詞,一般,*,*,五段-ラ行,終止形-一般
茶色	チャイロ	6515	名詞,普通名詞,一般,*,*,*
二枚	ニマイ	6516	名詞+接尾辞
交互	コウゴ	6517	名詞,普通名詞,一般,*,*,*
本名	ホンミョウ	6518	名詞,普通名詞,一般,*,*,*
ペット	ペット	6519	名詞,普通名詞,一般,*,*,*
業者	ギョウシャ	6520	名詞,普通名詞,一般,*,*,*
押し当てる	オシアテル	6521	動詞,一般,*,*,下一段-タ行,終止形-一般
流し込む	ナガシコム	6522	動詞,一般,*,*,五段-マ行,終止形-一般
専門家	センモンカ	6523	名詞,普通名詞,一般,*,*,*
亡くす	ナクス	6524	動詞,一般,*,*,五段-サ行,終止形-一般
小走り	コバシリ	6525	名詞,普通名詞,一般,*,*,*
気を取り直す	キヲトリナオス	6526	名詞+助詞+動詞
逃げ込む	ニゲコム	6527	動詞,一般,*,*,五段-マ行,終止形-一般
各国	カッコク	6528	名詞,普通名詞,一般,*,*,*
べきではない	ベキデハナイ	6529	助動詞+助動詞+助詞+形容詞
同志	ドウシ	6530	名詞,普通名詞,一般,*,*,*
手の甲	テノコウ	6531	名詞,普通名詞,一般,*,*,*
さらり	サラリ	6532	副詞,*,*,*,*,*
忘れ物	ワスレモノ	6533	名詞,普通名詞,サ変可能,*,*,*
しょっちゅう	ショッチュウ	6534	副詞,*,*,*,*,*
情報収集	ジョウホウシュウシュウ	6535	名詞+名詞
説く	トク	6536	動詞,一般,*,*,五段-カ行,終止形-一般
裏切り	ウラギリ	6537	名詞,普通名詞,一般,*,*,*
頼りにする	タヨリニスル	6538	名詞+助詞+動詞
少なからず	スクナカラズ	6539	形容詞+助動詞
形状	ケイジョウ	6540	名詞,普通名詞,一般,*,*,*
頼むから	タノムカラ	6541	動詞+助詞
プレッシャー	プレッシャー	6542	名詞,普通名詞,一般,*,*,*
ひらひら	ヒラヒラ	6543	副詞,*,*,*,*,*
即	ソク	6544	副詞,*,*,*,*,*
押し出す	オシダス	6545	動詞,一般,*,*,五段-サ行,終止形-一般
必ずしも	カナラズシモ	6546	副詞+助詞
進展	シンテン	6547	名詞,普通名詞,サ変可能,*,*,*
頑固	ガンコ	6548	形状詞,一般,*,*,*,*
性別	セイベツ	6549	名詞,普通名詞,一般,*,*,*
責任者	セキニンシャ	6550	名詞,普通名詞,一般,*,*,*
自嘲	ジチョウ	6551	名詞,普通名詞,サ変可能,*,*,*
割り切る	ワリキル	6552	動詞,一般,*,*,五段-ラ行,終止形-一般
見計らう	ミハカラウ	6553	動詞,一般,*,*,五段-ワア行,終止形-一般
比	ヒ	6554	名詞,普通名詞,一般,*,*,*
失格	シッカク	6555	名詞,普通名詞,サ変可能,*,*,*
と考えられる	トカンガエラレル	6556	助詞+動詞+助動詞
態勢	タイセイ	6557	名詞,普通名詞,一般,*,*,*
動じる	ドウジル	6558	動詞,一般,*,*,上一段-ザ行,終止形-一般
裂ける	サケル	6559	動詞,一般,*,*,下一段-カ行,終止形-一般
ライト	ライト	6560	名詞,普通名詞,一般,*,*,*
パス	パス	6561	名詞,普通名詞,サ変可能,*,*,*
ハート	ハート	6562	名詞,普通名詞,一般,*,*,*
テーマ	テーマ	6563	名詞,普通名詞,一般,*,*,*
儚い	ハカナイ	6564	形容詞,一般,*,*,形容詞,終止形-一般
今こそ	イマコソ	6565	名詞+助詞
真理	シンリ	6566	名詞,普通名詞,一般,*,*,*
手を回す	テヲマワス	6567	名詞+助詞+動詞
鮮明	センメイ	6568	形状詞,一般,*,*,*,*
果てる	ハテル	6569	動詞,非自立可能,*,*,下一段-タ行,終止形-一般
売り	ウリ	6570	名詞,普通名詞,一般,*,*,*
毎晩	マイバン	6571	名詞,普通名詞,副詞可能,*,*,*
連想	レンソウ	6572	名詞,普通名詞,サ変可能,*,*,*
伝統	デントウ	6573	名詞,普通名詞,一般,*,*,*
洋服	ヨウフク	6574	名詞,普通名詞,一般,*,*,*
狼狽	ロウバイ	6575	名詞,普通名詞,サ変可能,*,*,*
最適	サイテキ	6576	形状詞,一般,*,*,*,*
お約束	オヤクソク	6577	接頭辞+名詞
光を放つ	ヒカリヲハナツ	6578	名詞+助詞+動詞
米	コメ	6579	名詞,普通名詞,一般,*,*,*
難い	ニクイ	6580	接尾辞,形容詞的,*,*,形容詞,終止形-一般
科	カ	6581	名詞,普通名詞,一般,*,*,*
ぶちまける	ブチマケル	6582	動詞,一般,*,*,下一段-カ行,終止形-一般
夜明け	ヨアケ	6583	名詞,普通名詞,一般,*,*,*
さらなる	サラナル	6584	連体詞,*,*,*,*,*
たいへん	タイヘン	6585	副詞,*,*,*,*,*
うろつく	ウロツク	6586	動詞,一般,*,*,五段-カ行,終止形-一般
紛れもない	マギレモナイ	6587	名詞+助詞+形容詞
にじむ	ニジム	6588	動詞,一般,*,*,五段-マ行,終止形-一般
あーあ	アーア	6589	感動詞,一般,*,*,*,*
なだめる	ナダメル	6590	動詞,一般,*,*,下一段-マ行,終止形-一般
ヨーロッパ	ヨーロッパ	6591	名詞,固有名詞,地名,一般,*,*
につき	ニツキ	6592	助詞+動詞
なでる	ナデル	6593	動詞,一般,*,*,下一段-ダ行,終止形-一般
火をつける	ヒヲツケル	6594	名詞+助詞+動詞
とくに	トクニ	6595	副詞,*,*,*,*,*
つかまる	ツカマル	6596	動詞,一般,*,*,五段-ラ行,終止形-一般
目をそらす	メヲソラス	6597	名詞+助詞+動詞
年寄り	トシヨリ	6598	名詞,普通名詞,一般,*,*,*
さまよう	サマヨウ	6599	動詞,一般,*,*,五段-ワア行,終止形-一般
しいる	シイル	6600	動詞,一般,*,*,上一段-ア行,終止形-一般
留まる	トドマル	6601	動詞,一般,*,*,五段-ラ行,終止形-一般
取り除く	トリノゾク	6602	動詞,一般,*,*,五段-カ行,終止形-一般
使いこなす	ツカイコナス	6603	動詞,非自立可能,*,*,五段-サ行,終止形-一般
先週	センシュウ	6604	名詞,普通名詞,副詞可能,*,*,*
そうでなければ	ソウデナケレバ	6605	副詞+助動詞+形容詞+助詞
長男	チョウナン	6606	名詞,普通名詞,一般,*,*,*
悲痛	ヒツウ	6607	名詞,普通名詞,形状詞可能,*,*,*
由来	ユライ	6608	名詞,普通名詞,サ変可能,*,*,*
客観的	キャッカンテキ	6609	名詞,普通名詞,形状詞可能,*,*,*
置き去り	オキザリ	6610	名詞,普通名詞,一般,*,*,*
弄ぶ	モテアソブ	6611	動詞,一般,*,*,五段-バ行,終止形-一般
緩い	ユルイ	6612	形容詞,一般,*,*,形容詞,終止形-一般
背中を押す	セナカヲオス	6613	名詞+助詞+動詞
進歩	シンポ	6614	名詞,普通名詞,サ変可能,*,*,*
乏しい	トボシイ	6615	形容詞,一般,*,*,形容詞,終止形-一般
許し	ユルシ	6616	名詞,普通名詞,一般,*,*,*
住まう	スマウ	6617	動詞,一般,*,*,五段-ワア行,終止形-一般
元に戻す	モトニモドス	6618	名詞+助詞+動詞
久しい	ヒサシイ	6619	形容詞,一般,*,*,形容詞,終止形-一般
済ます	スマス	6620	動詞,一般,*,*,五段-サ行,終止形-一般
に加え	ニクワエ	6621	助詞+動詞
順に	ジュンニ	6622	名詞+助詞
敬語	ケイゴ	6623	名詞,普通名詞,一般,*,*,*
怠る	オコタル	6624	動詞,一般,*,*,五段-ラ行,終止形-一般
寒気	サムケ	6625	名詞,普通名詞,一般,*,*,*
十一	ジュウイチ	6626	名詞,数詞,*,*,*,*
お帰りなさい	オカエリナサイ	6627	接頭辞+動詞+動詞
誓い	チカイ	6628	動詞,一般,*,*,五段-ワア行,連用形-一般
感染	カンセン	6629	名詞,普通名詞,サ変可能,*,*,*
不可解	フカカイ	6630	形状詞,一般,*,*,*,*
輪郭	リンカク	6631	名詞,普通名詞,一般,*,*,*
夕日	ユウヒ	6632	名詞,普通名詞,一般,*,*,*
十日	トオカ	6633	名詞+接尾辞
欠点	ケッテン	6634	名詞,普通名詞,一般,*,*,*
ざわつく	ザワツク	6635	動詞,一般,*,*,五段-カ行,終止形-一般
どうしたものか	ドウシタモノカ	6636	副詞+動詞+助動詞+名詞+助詞
雑	ザツ	6637	形状詞,一般,*,*,*,*
公式	コウシキ	6638	名詞,普通名詞,形状詞可能,*,*,*
口に運ぶ	クチニハコブ	6639	名詞+助詞+動詞
費やす	ツイヤス	6640	動詞,一般,*,*,五段-サ行,終止形-一般
予言	ヨゲン	6641	名詞,普通名詞,サ変可能,*,*,*
覆す	クツガエス	6642	動詞,一般,*,*,五段-サ行,終止形-一般
表紙	ヒョウシ	6643	名詞,普通名詞,一般,*,*,*
開放	カイホウ	6644	名詞,普通名詞,サ変可能,*,*,*
渋々	シブシブ	6645	副詞,*,*,*,*,*
要する	ヨウスル	6646	動詞,一般,*,*,サ行変格,終止形-一般
気温	キオン	6647	名詞,普通名詞,一般,*,*,*
初め	ハジメ	6648	名詞,普通名詞,副詞可能,*,*,*
透ける	スケル	6649	動詞,一般,*,*,下一段-カ行,終止形-一般
設計	セッケイ	6650	名詞,普通名詞,サ変可能,*,*,*
信号	シンゴウ	6651	名詞,普通名詞,一般,*,*,*
また今度	マタコンド	6652	接続詞+名詞
度胸	ドキョウ	6653	名詞,普通名詞,一般,*,*,*
打撃	ダゲキ	6654	名詞,普通名詞,一般,*,*,*
専念	センネン	6655	名詞,普通名詞,サ変可能,*,*,*
ぬるい	ヌルイ	6656	形容詞,一般,*,*,形容詞,終止形-一般
数日後	スウジツゴ	6657	名詞+接尾辞+接尾辞
窮屈	キュウクツ	6658	形状詞,一般,*,*,*,*
時間帯	ジカンタイ	6659	名詞,普通名詞,一般,*,*,*
お願いだから	オネガイダカラ	6660	名詞+助動詞+助詞
正反対	セイハンタイ	6661	名詞,普通名詞,形状詞可能,*,*,*
嫌悪	ケンオ	6662	名詞,普通名詞,サ変可能,*,*,*
用心	ヨウジン	6663	名詞,普通名詞,サ変可能,*,*,*
河	カワ	6664	名詞,普通名詞,一般,*,*,*
個性	コセイ	6665	名詞,普通名詞,一般,*,*,*
本題	ホンダイ	6666	名詞,普通名詞,一般,*,*,*
面影	オモカゲ	6667	名詞,普通名詞,一般,*,*,*
最優先	サイユウセン	6668	名詞,普通名詞,一般,*,*,*
待ち受ける	マチウケル	6669	動詞,一般,*,*,下一段-カ行,終止形-一般
駆け込む	カケコム	6670	動詞,一般,*,*,五段-マ行,終止形-一般
体質	タイシツ	6671	名詞,普通名詞,一般,*,*,*
申請	シンセイ	6672	名詞,普通名詞,サ変可能,*,*,*
よさそう	ヨサソウ	6673	形容詞+形状詞
痩せる	ヤセル	6674	動詞,一般,*,*,下一段-サ行,終止形-一般
武	ブ	6675	名詞,固有名詞,人名,名,*,*
お迎え	オムカエ	6676	名詞,普通名詞,サ変可能,*,*,*
負傷	フショウ	6677	名詞,普通名詞,サ変可能,*,*,*
表向き	オモテムキ	6678	名詞,普通名詞,一般,*,*,*
一変	イッペン	6679	名詞,普通名詞,サ変可能,*,*,*
長引く	ナガビク	6680	動詞,一般,*,*,五段-カ行,終止形-一般
医療	イリョウ	6681	名詞,普通名詞,一般,*,*,*
摘む	ツム	6682	動詞,一般,*,*,文語四段-マ行,終止形-一般
替える	カエル	6683	動詞,一般,*,*,下一段-ア行,終止形-一般
あくび	アクビ	6684	名詞,普通名詞,サ変可能,*,*,*
集まり	アツマリ	6685	名詞,普通名詞,一般,*,*,*
生まれて初めて	ウマレテハジメテ	6686	動詞+助詞+副詞
べし	ベシ	6687	助動詞,*,*,*,文語助動詞-ベシ,終止形-一般
根本	コンポン	6688	名詞,普通名詞,一般,*,*,*
くつろぐ	クツログ	6689	動詞,一般,*,*,五段-ガ行,終止形-一般
すする	ススル	6690	動詞,一般,*,*,五段-ラ行,終止形-一般
おうち	オウチ	6691	名詞,普通名詞,一般,*,*,*
いっそう	イッソウ	6692	副詞,*,*,*,*,*
ある時	アルトキ	6693	連体詞+名詞
痛っ	イタッ	6694	形容詞,一般,*,*,形容詞,語幹-一般
ドイツ	ドイツ	6695	名詞,固有名詞,地名,国,*,*
おろか	オロカ	6696	名詞,普通名詞,一般,*,*,*
あわ	アワ	6697	名詞,普通名詞,一般,*,*,*
めぐる	メグル	6698	動詞,一般,*,*,五段-ラ行,終止形-一般
うろたえる	ウロタエル	6699	動詞,一般,*,*,下一段-ア行,終止形-一般
しばしば	シバシバ	6700	副詞,*,*,*,*,*
角	カク	6701	名詞,普通名詞,一般,*,*,*
大金	タイキン	6702	名詞,普通名詞,一般,*,*,*
わくわく	ワクワク	6703	副詞,*,*,*,*,*
直る	ナオル	6704	動詞,一般,*,*,五段-ラ行,終止形-一般
成る	ナル	6705	動詞,非自立可能,*,*,五段-ラ行,終止形-一般
特性	トクセイ	6706	名詞,普通名詞,一般,*,*,*
火花	ヒバナ	6707	名詞,普通名詞,一般,*,*,*
考え事	カンガエゴト	6708	名詞,普通名詞,一般,*,*,*
実績	ジッセキ	6709	名詞,普通名詞,一般,*,*,*
知性	チセイ	6710	名詞,普通名詞,一般,*,*,*
早口	ハヤクチ	6711	名詞,普通名詞,一般,*,*,*
介入	カイニュウ	6712	名詞,普通名詞,サ変可能,*,*,*
人種	ジンシュ	6713	名詞,普通名詞,一般,*,*,*
濃厚	ノウコウ	6714	形状詞,一般,*,*,*,*
推薦	スイセン	6715	名詞,普通名詞,サ変可能,*,*,*
必死になって	ヒッシニナッテ	6716	形状詞+助動詞+動詞+助詞
引き連れる	ヒキツレル	6717	動詞,一般,*,*,下一段-ラ行,終止形-一般
丈夫	ジョウブ	6718	形状詞,一般,*,*,*,*
飢える	ウエル	6719	動詞,一般,*,*,下一段-ア行,終止形-一般
名付ける	ナヅケル	6720	動詞,一般,*,*,下一段-カ行,終止形-一般
その気	ソノキ	6721	連体詞+名詞
マイナス	マイナス	6722	名詞,普通名詞,サ変可能,*,*,*
お時間	オジカン	6723	接頭辞+名詞
ピンク色	ピンクイロ	6724	名詞,普通名詞,一般,*,*,*
筆	フデ	6725	名詞,普通名詞,一般,*,*,*
追放	ツイホウ	6726	名詞,普通名詞,サ変可能,*,*,*
授ける	サズケル	6727	動詞,一般,*,*,下一段-カ行,終止形-一般
透き通る	スキトオル	6728	動詞,一般,*,*,五段-ラ行,終止形-一般
プラス	プラス	6729	名詞,普通名詞,サ変可能,*,*,*
発達	ハッタツ	6730	名詞,普通名詞,サ変可能,*,*,*
話し始める	ハナシハジメル	6731	動詞+動詞
読者	ドクシャ	6732	名詞,普通名詞,一般,*,*,*
びる	ビル	6733	名詞,普通名詞,一般,*,*,*
コメント	コメント	6734	名詞,普通名詞,サ変可能,*,*,*
留守番	ルスバン	6735	名詞,普通名詞,サ変可能,*,*,*
無縁	ムエン	6736	形状詞,一般,*,*,*,*
分野	ブンヤ	6737	名詞,普通名詞,一般,*,*,*
本性	ホンショウ	6738	名詞,普通名詞,一般,*,*,*
そわそわ	ソワソワ	6739	副詞,*,*,*,*,*
鈍る	ニブル	6740	動詞,一般,*,*,五段-ラ行,終止形-一般
感激	カンゲキ	6741	名詞,普通名詞,サ変可能,*,*,*
見比べる	ミクラベル	6742	動詞,一般,*,*,下一段-バ行,終止形-一般
徹夜	テツヤ	6743	名詞,普通名詞,サ変可能,*,*,*
右足	ミギアシ	6744	名詞,普通名詞,一般,*,*,*
権	ケン	6745	名詞,固有名詞,人名,名,*,*
至極	シゴク	6746	副詞,*,*,*,*,*
最後の最後	サイゴノサイゴ	6747	名詞+助詞+名詞
苦戦	クセン	6748	名詞,普通名詞,サ変可能,*,*,*
独占	ドクセン	6749	名詞,普通名詞,サ変可能,*,*,*
繰り返し	クリカエシ	6750	名詞,普通名詞,一般,*,*,*
成し遂げる	ナシトゲル	6751	動詞,一般,*,*,下一段-ガ行,終止形-一般
初期	ショキ	6752	名詞,普通名詞,一般,*,*,*
絶妙	ゼツミョウ	6753	形状詞,一般,*,*,*,*
一滴	イッテキ	6754	名詞+接尾辞
突き止める	ツキトメル	6755	動詞,一般,*,*,下一段-マ行,終止形-一般
ちらちら	チラチラ	6756	副詞,*,*,*,*,*
左側	ヒダリガワ	6757	名詞,普通名詞,一般,*,*,*
一環	イッカン	6758	名詞,普通名詞,一般,*,*,*
正す	タダス	6759	動詞,一般,*,*,五段-サ行,終止形-一般
連絡を取る	レンラクヲトル	6760	名詞+助詞+動詞
とうに	トウニ	6761	名詞+助詞
十四	ジュウシ	6762	名詞,数詞,*,*,*,*
無責任	ムセキニン	6763	名詞,普通名詞,形状詞可能,*,*,*
人員	ジンイン	6764	名詞,普通名詞,一般,*,*,*
手を組む	テヲクム	6765	名詞+助詞+動詞
三本	サンボン	6766	名詞,固有名詞,人名,姓,*,*
手順	テジュン	6767	名詞,普通名詞,一般,*,*,*
意味不明	イミフメイ	6768	名詞+名詞
補う	オギナウ	6769	動詞,一般,*,*,五段-ワア行,終止形-一般
遠目	トオメ	6770	名詞,普通名詞,一般,*,*,*
養う	ヤシナウ	6771	動詞,一般,*,*,五段-ワア行,終止形-一般
悪口	ワルグチ	6772	名詞,普通名詞,一般,*,*,*
惨め	ミジメ	6773	形状詞,一般,*,*,*,*
キレる	キレル	6774	動詞,非自立可能,*,*,下一段-ラ行,終止形-一般
見て回る	ミテマワル	6775	動詞+助詞+動詞
場合によって	バアイニヨッテ	6776	名詞+助詞+動詞+助詞
二十歳	ハタチ	6777	名詞,普通名詞,一般,*,*,*
揺する	ユスル	6778	動詞,一般,*,*,五段-ラ行,終止形-一般
迎え入れる	ムカエイレル	6779	動詞,一般,*,*,下一段-ラ行,終止形-一般
命を落とす	イノチヲオトス	6780	名詞+助詞+動詞
朝日	アサヒ	6781	名詞,普通名詞,一般,*,*,*
こうなると	コウナルト	6782	副詞+動詞+助詞
ちゃう	チャウ	6783	助動詞,*,*,*,五段-ワア行,終止形-一般
源	ミナモト	6784	名詞,普通名詞,一般,*,*,*
ばい	バイ	6785	名詞,普通名詞,一般,*,*,*
わり	ワリ	6786	名詞,普通名詞,助数詞可能,*,*,*
口ぶり	クチブリ	6787	名詞+接尾辞
良くなる	ヨクナル	6788	形容詞+動詞
ガス	ガス	6789	名詞,普通名詞,一般,*,*,*
つぶす	ツブス	6790	動詞,一般,*,*,五段-サ行,終止形-一般
積もる	ツモル	6791	動詞,一般,*,*,五段-ラ行,終止形-一般
やかましい	ヤカマシイ	6792	形容詞,一般,*,*,形容詞,終止形-一般
歯を食いしばる	ハヲクイシバル	6793	名詞+助詞+動詞
下に	シモニ	6794	名詞+助詞
引き出し	ヒキダシ	6795	名詞,普通名詞,一般,*,*,*
おかわり	オカワリ	6796	接頭辞+名詞
そんなわけで	ソンナワケデ	6797	連体詞+名詞+助動詞
あきれる	アキレル	6798	動詞,一般,*,*,下一段-ラ行,終止形-一般
ほんとう	ホントウ	6799	名詞,普通名詞,一般,*,*,*
よって	ヨッテ	6800	動詞+助詞
前	ゼン	6801	名詞,普通名詞,副詞可能,*,*,*
空	カラ	6802	名詞,普通名詞,一般,*,*,*
平均	ヘイキン	6803	名詞,普通名詞,サ変可能,*,*,*
引き戻す	ヒキモドス	6804	動詞,一般,*,*,五段-サ行,終止形-一般
首都	シュト	6805	名詞,普通名詞,一般,*,*,*
揺れ	ユレ	6806	名詞,普通名詞,一般,*,*,*
人手	ヒトデ	6807	名詞,普通名詞,一般,*,*,*
ばっちり	バッチリ	6808	副詞,*,*,*,*,*
工事	コウジ	6809	名詞,普通名詞,サ変可能,*,*,*
どうしたって	ドウシタッテ	6810	副詞+動詞+助詞
一月	イチガツ	6811	名詞+名詞
早	ハヤ	6812	形容詞,一般,*,*,形容詞,語幹-一般
五つ	イツツ	6813	名詞+接尾辞
アルバイト	アルバイト	6814	名詞,普通名詞,サ変可能,*,*,*
軽々	カルガル	6815	形状詞,一般,*,*,*,*
予想以上	ヨソウイジョウ	6816	名詞+名詞
じわじわ	ジワジワ	6817	副詞,*,*,*,*,*
期	キ	6818	名詞,普通名詞,助数詞可能,*,*,*
団体	ダンタイ	6819	名詞,普通名詞,一般,*,*,*
上では	ウエデハ	6820	名詞+助詞+助詞
大臣	ダイジン	6821	名詞,普通名詞,一般,*,*,*
襟	エリ	6822	名詞,普通名詞,一般,*,*,*
永久	エイキュウ	6823	名詞,普通名詞,一般,*,*,*
脅迫	キョウハク	6824	名詞,普通名詞,サ変可能,*,*,*
何でもいい	ナンデモイイ	6825	代名詞+助詞+助詞+形容詞
仲が良い	ナカガヨイ	6826	名詞+助詞+形容詞
出場	シュツジョウ	6827	名詞,普通名詞,サ変可能,*,*,*
潮	シオ	6828	名詞,普通名詞,一般,*,*,*
連れ去る	ツレサル	6829	動詞,一般,*,*,五段-ラ行,終止形-一般
造り	ツクリ	6830	名詞,普通名詞,一般,*,*,*
収入	シュウニュウ	6831	名詞,普通名詞,一般,*,*,*
退ける	シリゾケル	6832	動詞,一般,*,*,下一段-カ行,終止形-一般
音もなく	オトモナク	6833	名詞+助詞+形容詞
沢	サワ	6834	名詞,固有名詞,人名,姓,*,*
途絶える	トダエル	6835	動詞,一般,*,*,下一段-ア行,終止形-一般
座席	ザセキ	6836	名詞,普通名詞,一般,*,*,*
憂鬱	ユウウツ	6837	名詞,普通名詞,形状詞可能,*,*,*
呼び寄せる	ヨビヨセル	6838	動詞,一般,*,*,下一段-サ行,終止形-一般
行事	ギョウジ	6839	名詞,普通名詞,一般,*,*,*
見習う	ミナラウ	6840	動詞,一般,*,*,五段-ワア行,終止形-一般
土曜日	ドヨウビ	6841	名詞,普通名詞,副詞可能,*,*,*
限りない	カギリナイ	6842	形容詞,一般,*,*,形容詞,終止形-一般
嘲笑	チョウショウ	6843	名詞,普通名詞,サ変可能,*,*,*
果実	カジツ	6844	名詞,普通名詞,一般,*,*,*
タイム	タイム	6845	名詞,普通名詞,一般,*,*,*
持ち合わせる	モチアワセル	6846	動詞,一般,*,*,下一段-サ行,終止形-一般
余韻	ヨイン	6847	名詞,普通名詞,一般,*,*,*
務め	ツトメ	6848	名詞,普通名詞,一般,*,*,*
全体的	ゼンタイテキ	6849	名詞,普通名詞,形状詞可能,*,*,*
快適	カイテキ	6850	名詞,普通名詞,形状詞可能,*,*,*
数多く	カズオオク	6851	副詞,*,*,*,*,*
緩やか	ユルヤカ	6852	形状詞,一般,*,*,*,*
敗れる	ヤブレル	6853	動詞,一般,*,*,下一段-ラ行,終止形-一般
一心	イッシン	6854	名詞,固有名詞,人名,名,*,*
成人	セイジン	6855	名詞,普通名詞,サ変可能,*,*,*
お付き合い	オツキアイ	6856	接頭辞+名詞
委員会	イインカイ	6857	名詞,普通名詞,一般,*,*,*
相違	ソウイ	6858	名詞,普通名詞,サ変可能,*,*,*
一昨日	オトトイ	6859	名詞+名詞
昭和	ショウワ	6860	名詞,固有名詞,一般,*,*,*
当事者	トウジシャ	6861	名詞,普通名詞,一般,*,*,*
たか	タカ	6862	名詞,普通名詞,一般,*,*,*
とことん	トコトン	6863	名詞,普通名詞,副詞可能,*,*,*
楽器	ガッキ	6864	名詞,普通名詞,一般,*,*,*
交際	コウサイ	6865	名詞,普通名詞,サ変可能,*,*,*
勝	ショウ	6866	名詞,普通名詞,一般,*,*,*
尊い	トウトイ	6867	形容詞,一般,*,*,形容詞,終止形-一般
身を守る	ミヲマモル	6868	名詞+助詞+動詞
変わりない	カワリナイ	6869	名詞+形容詞
過酷	カコク	6870	形状詞,一般,*,*,*,*
バタバタ	バタバタ	6871	副詞,*,*,*,*,*
絵画	カイガ	6872	名詞,普通名詞,一般,*,*,*
引っ込める	ヒッコメル	6873	動詞,一般,*,*,下一段-マ行,終止形-一般
正当	セイトウ	6874	名詞,普通名詞,形状詞可能,*,*,*
熱気	ネッキ	6875	名詞,普通名詞,一般,*,*,*
包み	ツツミ	6876	名詞,普通名詞,一般,*,*,*
確証	カクショウ	6877	名詞,普通名詞,サ変可能,*,*,*
経由	ケイユ	6878	名詞,普通名詞,サ変可能,*,*,*
一転	イッテン	6879	名詞,普通名詞,サ変可能,*,*,*
に加えて	ニクワエテ	6880	助詞+動詞+助詞
全開	ゼンカイ	6881	名詞,普通名詞,サ変可能,*,*,*
突き進む	ツキススム	6882	動詞,一般,*,*,五段-マ行,終止形-一般
嫌味	イヤミ	6883	名詞,普通名詞,形状詞可能,*,*,*
手出し	テダシ	6884	名詞,普通名詞,サ変可能,*,*,*
いたずら	イタズラ	6885	名詞,普通名詞,サ変形状詞可能,*,*,*
さぞ	サゾ	6886	副詞,*,*,*,*,*
でっかい	デッカイ	6887	形容詞,一般,*,*,形容詞,終止形-一般
うなだれる	ウナダレル	6888	動詞,一般,*,*,下一段-ラ行,終止形-一般
まね	マネ	6889	感動詞+助詞
いいかげん	イイカゲン	6890	形容詞+名詞
遅く	オソク	6891	形容詞,一般,*,*,形容詞,連用形-一般
さらさら	サラサラ	6892	副詞,*,*,*,*,*
ワクワク	ワクワク	6893	副詞,*,*,*,*,*
一人一人	ヒトリヒトリ	6894	名詞,普通名詞,副詞可能,*,*,*
たりとも	タリトモ	6895	助動詞+助詞
たどる	タドル	6896	動詞,一般,*,*,五段-ラ行,終止形-一般
かむ	カム	6897	動詞,一般,*,*,五段-マ行,終止形-一般
やしない	ヤシナイ	6898	助詞+動詞+助動詞
おごる	オゴル	6899	動詞,一般,*,*,五段-ラ行,終止形-一般
慌ただしい	アワタダシイ	6900	形容詞,一般,*,*,形容詞,終止形-一般
開く	アク	6901	動詞,一般,*,*,五段-カ行,終止形-一般
堪える	タエル	6902	動詞,一般,*,*,下一段-ア行,終止形-一般
公	オオヤケ	6903	名詞,普通名詞,一般,*,*,*
血管	ケッカン	6904	名詞,普通名詞,一般,*,*,*
追求	ツイキュウ	6905	名詞,普通名詞,サ変可能,*,*,*
賛同	サンドウ	6906	名詞,普通名詞,サ変可能,*,*,*
秩序	チツジョ	6907	名詞,普通名詞,一般,*,*,*
要因	ヨウイン	6908	名詞,普通名詞,一般,*,*,*
自称	ジショウ	6909	名詞,普通名詞,サ変可能,*,*,*
大学生	ダイガクセイ	6910	名詞,普通名詞,一般,*,*,*
償う	ツグナウ	6911	動詞,一般,*,*,五段-ワア行,終止形-一般
デザート	デザート	6912	名詞,普通名詞,一般,*,*,*
聞き覚え	キキオボエ	6913	名詞,普通名詞,一般,*,*,*
嫌になる	イヤニナル	6914	形状詞+助動詞+動詞
救急車	キュウキュウシャ	6915	名詞,普通名詞,一般,*,*,*
デビュー	デビュー	6916	名詞,普通名詞,サ変可能,*,*,*
強気	ツヨキ	6917	名詞,普通名詞,形状詞可能,*,*,*
悪人	アクニン	6918	名詞,普通名詞,一般,*,*,*
通称	ツウショウ	6919	名詞,普通名詞,一般,*,*,*
拝む	オガム	6920	動詞,一般,*,*,五段-マ行,終止形-一般
屈する	クッスル	6921	動詞,一般,*,*,サ行変格,終止形-一般
各自	カクジ	6922	名詞,普通名詞,副詞可能,*,*,*
夫妻	フサイ	6923	名詞,普通名詞,一般,*,*,*
離れ	ハナレ	6924	名詞,普通名詞,一般,*,*,*
彩る	イロドル	6925	動詞,一般,*,*,五段-ラ行,終止形-一般
供給	キョウキュウ	6926	名詞,普通名詞,サ変可能,*,*,*
増加	ゾウカ	6927	名詞,普通名詞,サ変可能,*,*,*
真摯	シンシ	6928	形状詞,一般,*,*,*,*
聞き流す	キキナガス	6929	動詞,一般,*,*,五段-サ行,終止形-一般
車内	シャナイ	6930	名詞,普通名詞,一般,*,*,*
先祖	センゾ	6931	名詞,普通名詞,一般,*,*,*
カバー	カバー	6932	名詞,普通名詞,サ変可能,*,*,*
必然	ヒツゼン	6933	名詞,普通名詞,一般,*,*,*
手を差し伸べる	テヲサシノベル	6934	名詞+助詞+動詞
岡	オカ	6935	名詞,固有名詞,人名,姓,*,*
投げ捨てる	ナゲステル	6936	動詞,一般,*,*,下一段-タ行,終止形-一般
ごっこ	ゴッコ	6937	名詞,普通名詞,一般,*,*,*
無念	ムネン	6938	名詞,普通名詞,形状詞可能,*,*,*
男らしい	オトコラシイ	6939	名詞+助動詞
検索	ケンサク	6940	名詞,普通名詞,サ変可能,*,*,*
妥当	ダトウ	6941	名詞,普通名詞,サ変形状詞可能,*,*,*
据える	スエル	6942	動詞,一般,*,*,下一段-ア行,終止形-一般
解析	カイセキ	6943	名詞,普通名詞,サ変可能,*,*,*
失態	シッタイ	6944	名詞,普通名詞,一般,*,*,*
制作	セイサク	6945	名詞,普通名詞,サ変可能,*,*,*
覚める	サメル	6946	動詞,一般,*,*,下一段-マ行,終止形-一般
昼寝	ヒルネ	6947	名詞,普通名詞,サ変可能,*,*,*
強	キョウ	6948	名詞,普通名詞,一般,*,*,*
華麗	カレイ	6949	名詞,普通名詞,形状詞可能,*,*,*
無難	ブナン	6950	形状詞,一般,*,*,*,*
ふらつく	フラツク	6951	動詞,一般,*,*,五段-カ行,終止形-一般
書き込む	カキコム	6952	動詞,一般,*,*,五段-マ行,終止形-一般
しゃがむ	シャガム	6953	動詞,一般,*,*,五段-マ行,終止形-一般
莫大	バクダイ	6954	名詞,普通名詞,形状詞可能,*,*,*
没頭	ボットウ	6955	名詞,普通名詞,サ変可能,*,*,*
口走る	クチバシル	6956	動詞,一般,*,*,五段-ラ行,終止形-一般
腹立たしい	ハラダタシイ	6957	形容詞,一般,*,*,形容詞,終止形-一般
彼自身	カレジシン	6958	代名詞+名詞
徒歩	トホ	6959	名詞,普通名詞,一般,*,*,*
仕上げる	シアゲル	6960	動詞,一般,*,*,下一段-ガ行,終止形-一般
政治家	セイジカ	6961	名詞,普通名詞,一般,*,*,*
見過ごす	ミスゴス	6962	動詞,一般,*,*,五段-サ行,終止形-一般
質問に答える	シツモンニコタエル	6963	名詞+助詞+動詞
実践	ジッセン	6964	名詞,普通名詞,サ変可能,*,*,*
来月	ライゲツ	6965	名詞,普通名詞,副詞可能,*,*,*
悲惨	ヒサン	6966	名詞,普通名詞,形状詞可能,*,*,*
耳打ち	ミミウチ	6967	名詞,普通名詞,サ変可能,*,*,*
大阪	オオサカ	6968	名詞,固有名詞,地名,一般,*,*
翻弄	ホンロウ	6969	名詞,普通名詞,サ変可能,*,*,*
通り越す	トオリコス	6970	動詞,一般,*,*,五段-サ行,終止形-一般
帰国	キコク	6971	名詞,普通名詞,サ変可能,*,*,*
手応え	テゴタエ	6972	名詞,普通名詞,一般,*,*,*
手招き	テマネキ	6973	名詞,普通名詞,サ変可能,*,*,*
深まる	フカマル	6974	動詞,一般,*,*,五段-ラ行,終止形-一般
海岸	カイガン	6975	名詞,普通名詞,一般,*,*,*
反抗	ハンコウ	6976	名詞,普通名詞,サ変可能,*,*,*
ホーム	ホーム	6977	名詞,普通名詞,一般,*,*,*
見込む	ミコム	6978	動詞,一般,*,*,五段-マ行,終止形-一般
組み合わせる	クミアワセル	6979	動詞,一般,*,*,下一段-サ行,終止形-一般
素性	スジョウ	6980	名詞,普通名詞,一般,*,*,*
面する	メンスル	6981	動詞,一般,*,*,サ行変格,終止形-一般
業	ギョウ	6982	名詞,普通名詞,一般,*,*,*
かえる	カエル	6983	名詞,普通名詞,一般,*,*,*
あり得る	アリウル	6984	動詞+動詞
まんま	マンマ	6985	名詞,普通名詞,副詞可能,*,*,*
おつもり	オツモリ	6986	接頭辞+名詞
分かりやすい	ワカリヤスイ	6987	動詞+接尾辞
できる限り	デキルカギリ	6988	副詞,*,*,*,*,*
ひそか	ヒソカ	6989	形状詞,一般,*,*,*,*
手当て	テアテ	6990	名詞,普通名詞,サ変可能,*,*,*
しでかす	シデカス	6991	動詞,一般,*,*,五段-サ行,終止形-一般
たまえ	タマエ	6992	動詞,非自立可能,*,*,五段-ワア行,命令形
見込み	ミコミ	6993	名詞,普通名詞,一般,*,*,*
くわえる	クワエル	6994	動詞,一般,*,*,下一段-ア行,終止形-一般
きたる	キタル	6995	動詞,非自立可能,*,*,文語四段-ラ行,連体形-一般
とまる	トマル	6996	動詞,一般,*,*,五段-ラ行,終止形-一般
ところどころ	トコロドコロ	6997	名詞,普通名詞,副詞可能,*,*,*
方がよい	ホウガヨイ	6998	名詞+助詞+形容詞
いいって言う	イイッテイウ	6999	形容詞+助詞+動詞
大きめ	オオキメ	7000	形状詞,一般,*,*,*,*
真に	マコトニ	7002	名詞+助詞
まれ	マレ	7003	形状詞,一般,*,*,*,*
時間の問題	ジカンノモンダイ	7004	名詞+助詞+名詞
この頃	コノゴロ	7005	名詞,普通名詞,一般,*,*,*
一息	ヒトイキ	7006	名詞,普通名詞,一般,*,*,*
お世話	オセワ	7007	名詞,普通名詞,サ変可能,*,*,*
毎日のように	マイニチノヨウニ	7008	名詞+助詞+形状詞+助動詞
補充	ホジュウ	7009	名詞,普通名詞,サ変可能,*,*,*
嗚咽	オエツ	7010	名詞,普通名詞,サ変可能,*,*,*
来	ライ	7011	動詞,非自立可能,*,*,カ行変格,連用形-一般
諭す	サトス	7012	動詞,一般,*,*,五段-サ行,終止形-一般
甲斐	カイ	7013	名詞,普通名詞,一般,*,*,*
敬意	ケイイ	7014	名詞,普通名詞,一般,*,*,*
津	ツ	7015	名詞,普通名詞,一般,*,*,*
疑念	ギネン	7016	名詞,普通名詞,一般,*,*,*
七十	シチジュウ	7017	名詞,数詞,*,*,*,*
善	ゼン	7018	名詞,普通名詞,一般,*,*,*
沸く	ワク	7019	動詞,一般,*,*,五段-カ行,終止形-一般
階級	カイキュウ	7020	名詞,普通名詞,一般,*,*,*
合計	ゴウケイ	7021	名詞,普通名詞,サ変可能,*,*,*
数少ない	カズスクナイ	7022	名詞+形容詞
問い詰める	トイツメル	7023	動詞,一般,*,*,下一段-マ行,終止形-一般
同等	ドウトウ	7024	形状詞,一般,*,*,*,*
闘う	タタカウ	7025	動詞,一般,*,*,五段-ワア行,終止形-一般
観光	カンコウ	7026	名詞,普通名詞,サ変可能,*,*,*
世界一	セカイイチ	7027	名詞+名詞
奥深い	オクフカイ	7028	形容詞,一般,*,*,形容詞,終止形-一般
節	フシ	7029	名詞,普通名詞,一般,*,*,*
踊り	オドリ	7030	名詞,普通名詞,一般,*,*,*
学問	ガクモン	7031	名詞,普通名詞,サ変可能,*,*,*
生活を送る	セイカツヲオクル	7032	名詞+助詞+動詞
抜群	バツグン	7033	形状詞,一般,*,*,*,*
距離を置く	キョリヲオク	7034	名詞+助詞+動詞
下品	ゲヒン	7035	名詞,普通名詞,一般,*,*,*
危険性	キケンセイ	7036	名詞,普通名詞,一般,*,*,*
細長い	ホソナガイ	7037	形容詞,一般,*,*,形容詞,終止形-一般
定番	テイバン	7038	名詞,普通名詞,一般,*,*,*
痕	アト	7039	名詞,普通名詞,一般,*,*,*
演説	エンゼツ	7040	名詞,普通名詞,サ変可能,*,*,*
指し示す	サシシメス	7041	動詞,一般,*,*,五段-サ行,終止形-一般
プラン	プラン	7042	名詞,普通名詞,一般,*,*,*
四日	ヨッカ	7043	名詞+名詞
和	ワ	7044	名詞,普通名詞,一般,*,*,*
退院	タイイン	7045	名詞,普通名詞,サ変可能,*,*,*
耳を澄ます	ミミヲスマス	7046	名詞+助詞+動詞
奉仕	ホウシ	7047	名詞,普通名詞,サ変可能,*,*,*
明らかになる	アキラカニナル	7048	形状詞+助動詞+動詞
出歩く	デアルク	7049	動詞,一般,*,*,五段-カ行,終止形-一般
コーナー	コーナー	7050	名詞,普通名詞,一般,*,*,*
年後	ネンゴ	7051	名詞+接尾辞
更新	コウシン	7052	名詞,普通名詞,サ変可能,*,*,*
渋い	シブイ	7053	形容詞,一般,*,*,形容詞,終止形-一般
法則	ホウソク	7054	名詞,普通名詞,一般,*,*,*
サイト	サイト	7055	名詞,普通名詞,一般,*,*,*
圧迫	アッパク	7056	名詞,普通名詞,サ変可能,*,*,*
足首	アシクビ	7057	名詞,普通名詞,一般,*,*,*
同い年	オナイドシ	7058	名詞,普通名詞,一般,*,*,*
お風呂に入る	オフロニハイル	7059	接頭辞+名詞+助詞+動詞
束ねる	タバネル	7060	動詞,一般,*,*,下一段-ナ行,連体形-一般
先行	センコウ	7061	名詞,普通名詞,サ変可能,*,*,*
じりじり	ジリジリ	7062	副詞,*,*,*,*,*
大層	タイソウ	7063	形状詞,一般,*,*,*,*
見舞う	ミマウ	7064	動詞,一般,*,*,五段-ワア行,終止形-一般
執拗	シツヨウ	7065	形状詞,一般,*,*,*,*
補助	ホジョ	7066	名詞,普通名詞,サ変可能,*,*,*
後回し	アトマワシ	7067	名詞,普通名詞,一般,*,*,*
警戒心	ケイカイシン	7068	名詞,普通名詞,一般,*,*,*
近頃	チカゴロ	7069	名詞,普通名詞,副詞可能,*,*,*
息をする	イキヲスル	7070	名詞+助詞+動詞
匹敵	ヒッテキ	7071	名詞,普通名詞,サ変可能,*,*,*
意図的	イトテキ	7072	名詞,普通名詞,形状詞可能,*,*,*
現金	ゲンキン	7073	名詞,普通名詞,一般,*,*,*
労働	ロウドウ	7074	名詞,普通名詞,サ変可能,*,*,*
浜	ハマ	7075	名詞,普通名詞,一般,*,*,*
抱え込む	カカエコム	7076	動詞,一般,*,*,五段-マ行,終止形-一般
効果的	コウカテキ	7077	名詞,普通名詞,形状詞可能,*,*,*
スムーズ	スムーズ	7078	形状詞,一般,*,*,*,*
驚くべき	オドロクベキ	7079	動詞+助動詞
持ち歩く	モチアルク	7080	動詞,一般,*,*,五段-カ行,終止形-一般
居心地	イゴコチ	7081	名詞,普通名詞,一般,*,*,*
断じて	ダンジテ	7082	動詞+助詞
軒	ケン	7083	名詞,普通名詞,一般,*,*,*
稀	マレ	7084	形状詞,一般,*,*,*,*
言葉をかける	コトバヲカケル	7085	名詞+助詞+動詞
押しかける	オシカケル	7086	動詞,一般,*,*,下一段-カ行,終止形-一般
まぶしい	マブシイ	7087	形容詞,一般,*,*,形容詞,終止形-一般
はなれる	ハナレル	7088	動詞,一般,*,*,下一段-ラ行,終止形-一般
なびく	ナビク	7089	動詞,一般,*,*,五段-カ行,終止形-一般
うまくやる	ウマクヤル	7090	形容詞+動詞
大きすぎる	オオキスギル	7091	形容詞+動詞
ひねる	ヒネル	7092	動詞,一般,*,*,五段-ラ行,終止形-一般
立ち上る	タチノボル	7093	動詞,一般,*,*,五段-ラ行,終止形-一般
かすめる	カスメル	7094	動詞,一般,*,*,下一段-マ行,終止形-一般
ざわめく	ザワメク	7095	動詞,一般,*,*,五段-カ行,終止形-一般
どん	ドン	7096	連体詞,*,*,*,*,*
悔やむ	クヤム	7097	動詞,一般,*,*,五段-マ行,終止形-一般
正直なところ	ショウジキナトコロ	7098	名詞+助動詞+名詞
呼びかけ	ヨビカケ	7099	名詞,普通名詞,一般,*,*,*
踏みつける	フミツケル	7100	動詞,一般,*,*,下一段-カ行,終止形-一般
表	ヒョウ	7101	名詞,普通名詞,一般,*,*,*
その度	ソノタビ	7102	連体詞+名詞
形態	ケイタイ	7103	名詞,普通名詞,一般,*,*,*
カット	カット	7104	名詞,普通名詞,サ変可能,*,*,*
名目	メイモク	7105	名詞,普通名詞,一般,*,*,*
学習	ガクシュウ	7106	名詞,普通名詞,サ変可能,*,*,*
競争	キョウソウ	7107	名詞,普通名詞,サ変可能,*,*,*
有力	ユウリョク	7108	形状詞,一般,*,*,*,*
口に入る	クチニハイル	7109	名詞+助詞+動詞
頭に浮かぶ	アタマニウカブ	7110	名詞+助詞+動詞
速やか	スミヤカ	7111	形状詞,一般,*,*,*,*
視察	シサツ	7112	名詞,普通名詞,サ変可能,*,*,*
物語る	モノガタル	7113	動詞,一般,*,*,五段-ラ行,終止形-一般
プライベート	プライベート	7114	名詞,普通名詞,形状詞可能,*,*,*
往来	オウライ	7115	名詞,普通名詞,サ変可能,*,*,*
隔てる	ヘダテル	7116	動詞,一般,*,*,下一段-タ行,終止形-一般
弱気	ヨワキ	7117	名詞,普通名詞,形状詞可能,*,*,*
それ以来	ソレイライ	7118	代名詞+名詞
巧み	タクミ	7119	形状詞,一般,*,*,*,*
観測	カンソク	7120	名詞,普通名詞,サ変可能,*,*,*
周	シュウ	7121	名詞,固有名詞,人名,姓,*,*
こそこそ	コソコソ	7122	副詞,*,*,*,*,*
窓際	マドギワ	7123	名詞,普通名詞,一般,*,*,*
だけしか	ダケシカ	7124	助詞+助詞
前半	ゼンハン	7125	名詞,普通名詞,副詞可能,*,*,*
報う	ムクウ	7126	動詞,一般,*,*,五段-ワア行,終止形-一般
目で追う	メデオウ	7127	名詞+助詞+動詞
拝見	ハイケン	7128	名詞,普通名詞,サ変可能,*,*,*
応用	オウヨウ	7129	名詞,普通名詞,サ変可能,*,*,*
見当	ケントウ	7130	名詞,普通名詞,一般,*,*,*
現時点	ゲンジテン	7131	名詞,普通名詞,一般,*,*,*
長時間	チョウジカン	7132	名詞,普通名詞,副詞可能,*,*,*
考え直す	カンガエナオス	7133	動詞,一般,*,*,五段-サ行,終止形-一般
借り	カリ	7134	動詞,一般,*,*,上一段-ラ行,連用形-一般
関節	カンセツ	7135	名詞,普通名詞,一般,*,*,*
血を流す	チヲナガス	7136	名詞+助詞+動詞
死後	シゴ	7137	名詞,普通名詞,副詞可能,*,*,*
週末	シュウマツ	7138	名詞,普通名詞,副詞可能,*,*,*
言ったって	イッタッテ	7139	動詞+助詞
人前で	ヒトマエデ	7140	名詞+助動詞
しばらくすると	シバラクスルト	7141	副詞+動詞+助詞
腕前	ウデマエ	7142	名詞,普通名詞,一般,*,*,*
休息	キュウソク	7143	名詞,普通名詞,サ変可能,*,*,*
製造	セイゾウ	7144	名詞,普通名詞,サ変可能,*,*,*
追いやる	オイヤル	7145	動詞,一般,*,*,五段-ラ行,終止形-一般
乗り切る	ノリキル	7146	動詞,一般,*,*,五段-ラ行,終止形-一般
それ自体	ソレジタイ	7147	代名詞+名詞
集中力	シュウチュウリョク	7148	名詞,普通名詞,一般,*,*,*
募集	ボシュウ	7149	名詞,普通名詞,サ変可能,*,*,*
リラックス	リラックス	7150	名詞,普通名詞,サ変可能,*,*,*
絶好	ゼッコウ	7151	名詞,普通名詞,一般,*,*,*
勝る	マサル	7152	動詞,一般,*,*,五段-ラ行,終止形-一般
論	ロン	7153	名詞,普通名詞,一般,*,*,*
不服	フフク	7154	名詞,普通名詞,形状詞可能,*,*,*
一日中	イチニチジュウ	7155	名詞+名詞+接尾辞
百年	ヒャクネン	7156	名詞+名詞
何時	ナンジ	7157	代名詞,*,*,*,*,*
検証	ケンショウ	7158	名詞,普通名詞,サ変可能,*,*,*
現役	ゲンエキ	7159	名詞,普通名詞,一般,*,*,*
警察官	ケイサツカン	7160	名詞,普通名詞,一般,*,*,*
心なしか	ココロナシカ	7161	名詞+助詞
豪快	ゴウカイ	7162	形状詞,一般,*,*,*,*
葛藤	カットウ	7163	名詞,普通名詞,サ変可能,*,*,*
因縁	インネン	7164	名詞,普通名詞,一般,*,*,*
苦悩	クノウ	7165	名詞,普通名詞,サ変可能,*,*,*
花が咲く	ハナガサク	7166	名詞+助詞+動詞
心情	シンジョウ	7167	名詞,普通名詞,一般,*,*,*
容疑者	ヨウギシャ	7168	名詞,普通名詞,一般,*,*,*
身勝手	ミガッテ	7169	形状詞,一般,*,*,*,*
自在	ジザイ	7170	形状詞,一般,*,*,*,*
見受ける	ミウケル	7171	動詞,一般,*,*,下一段-カ行,終止形-一般
正気	セイキ	7172	名詞,普通名詞,一般,*,*,*
休暇	キュウカ	7173	名詞,普通名詞,一般,*,*,*
必須	ヒッス	7174	名詞,普通名詞,形状詞可能,*,*,*
治安	チアン	7175	名詞,普通名詞,一般,*,*,*
祝い	イワイ	7176	名詞,普通名詞,一般,*,*,*
失せる	ウセル	7177	動詞,一般,*,*,下一段-サ行,終止形-一般
寝床	ネドコ	7178	名詞,普通名詞,一般,*,*,*
好きなように	スキナヨウニ	7179	形状詞+助動詞+形状詞+助動詞
らな	ラナ	7180	接尾辞+助動詞
さんか	サンカ	7181	名詞,普通名詞,サ変可能,*,*,*
のむ	ノム	7182	動詞,一般,*,*,五段-マ行,終止形-一般
年月	トシツキ	7183	名詞,普通名詞,一般,*,*,*
寝ぼける	ネボケル	7184	動詞,一般,*,*,下一段-カ行,終止形-一般
眠りにつく	ネムリニツク	7185	名詞+助詞+動詞
ありとあらゆる	アリトアラユル	7186	名詞+助詞+連体詞
のめる	ノメル	7187	動詞,一般,*,*,下一段-マ行,終止形-一般
がん	ガン	7188	名詞,普通名詞,一般,*,*,*
ご案内	ゴアンナイ	7189	接頭辞+名詞
気がつくと	キガツクト	7190	名詞+助詞+動詞+助詞
ちっちゃい	チッチャイ	7191	形容詞,一般,*,*,形容詞,終止形-一般
どういたしまして	ドウイタシマシテ	7192	副詞+動詞+助動詞+助詞
よみがえる	ヨミガエル	7193	動詞,一般,*,*,五段-ラ行,終止形-一般
成り行き	ナリユキ	7194	名詞,普通名詞,一般,*,*,*
ずーっと	ズーット	7195	副詞,*,*,*,*,*
おくれる	オクレル	7196	動詞,非自立可能,*,*,下一段-ラ行,終止形-一般
食いつく	クイツク	7197	動詞,一般,*,*,五段-カ行,終止形-一般
ほのか	ホノカ	7198	形状詞,一般,*,*,*,*
押しのける	オシノケル	7199	動詞,一般,*,*,下一段-カ行,終止形-一般
電話をかける	デンワヲカケル	7200	名詞+助詞+動詞
反響	ハンキョウ	7202	名詞,普通名詞,サ変可能,*,*,*
一台	イチダイ	7203	名詞+名詞
に取って	ニトッテ	7204	助詞+動詞+助詞
健全	ケンゼン	7205	形状詞,一般,*,*,*,*
お越し	オコシ	7206	接頭辞+動詞
弱	ジャク	7207	名詞,普通名詞,一般,*,*,*
詐欺	サギ	7208	名詞,普通名詞,一般,*,*,*
人通り	ヒトドオリ	7209	名詞,普通名詞,一般,*,*,*
すねる	スネル	7210	動詞,一般,*,*,下一段-ナ行,終止形-一般
好都合	コウツゴウ	7211	名詞,普通名詞,形状詞可能,*,*,*
笑い出す	ワライダス	7212	動詞+動詞
高貴	コウキ	7213	名詞,普通名詞,形状詞可能,*,*,*
賞	ショウ	7214	名詞,普通名詞,一般,*,*,*
広める	ヒロメル	7215	動詞,一般,*,*,下一段-マ行,終止形-一般
見合う	ミアウ	7216	動詞,一般,*,*,五段-ワア行,終止形-一般
権威	ケンイ	7217	名詞,普通名詞,一般,*,*,*
降参	コウサン	7218	名詞,普通名詞,サ変可能,*,*,*
知人	チジン	7219	名詞,普通名詞,一般,*,*,*
定義	テイギ	7220	名詞,普通名詞,サ変可能,*,*,*
お知らせ	オシラセ	7221	名詞,普通名詞,サ変可能,*,*,*
早急	ソウキュウ	7222	形状詞,一般,*,*,*,*
半端	ハンパ	7223	名詞,普通名詞,形状詞可能,*,*,*
高らか	タカラカ	7224	形状詞,一般,*,*,*,*
遮断	シャダン	7225	名詞,普通名詞,サ変可能,*,*,*
おやおや	オヤオヤ	7226	接頭辞+名詞
報道	ホウドウ	7227	名詞,普通名詞,サ変可能,*,*,*
意向	イコウ	7228	名詞,普通名詞,一般,*,*,*
待ち	マチ	7229	名詞,普通名詞,一般,*,*,*
召し上がる	メシアガル	7230	動詞,一般,*,*,五段-ラ行,終止形-一般
揺る	ユル	7231	動詞,一般,*,*,五段-ラ行,終止形-一般
思い描く	オモイエガク	7232	動詞,一般,*,*,五段-カ行,終止形-一般
自信満々	ジシンマンマン	7233	名詞+形状詞
群がる	ムラガル	7234	動詞,一般,*,*,五段-ラ行,終止形-一般
革命	カクメイ	7235	名詞,普通名詞,一般,*,*,*
生存	セイゾン	7236	名詞,普通名詞,サ変可能,*,*,*
呼ばわり	ヨバワリ	7237	名詞,普通名詞,一般,*,*,*
あとから	アトカラ	7238	名詞+助詞
好ましい	コノマシイ	7239	形容詞,一般,*,*,形容詞,終止形-一般
拍子抜け	ヒョウシヌケ	7240	名詞+動詞
行列	ギョウレツ	7241	名詞,普通名詞,サ変可能,*,*,*
無料	ムリョウ	7242	名詞,普通名詞,一般,*,*,*
日曜	ニチヨウ	7243	名詞,普通名詞,副詞可能,*,*,*
に反して	ニハンシテ	7244	助詞+動詞+助詞
支障	シショウ	7245	名詞,普通名詞,一般,*,*,*
芽生える	メバエル	7246	動詞,一般,*,*,下一段-ア行,終止形-一般
犠牲者	ギセイシャ	7247	名詞,普通名詞,一般,*,*,*
大小	ダイショウ	7248	名詞,普通名詞,一般,*,*,*
凝る	コル	7249	動詞,一般,*,*,五段-ラ行,終止形-一般
でよ	デヨ	7250	接続詞+助詞
自分勝手	ジブンカッテ	7251	形状詞,一般,*,*,*,*
動向	ドウコウ	7252	名詞,普通名詞,一般,*,*,*
明らかにする	アキラカニスル	7253	形状詞+助動詞+動詞
週間	シュウカン	7254	名詞,普通名詞,助数詞可能,*,*,*
暁	アカツキ	7255	名詞,普通名詞,一般,*,*,*
片付く	カタヅク	7256	動詞,一般,*,*,五段-カ行,終止形-一般
気安い	キヤスイ	7257	形容詞,一般,*,*,形容詞,終止形-一般
害	ガイ	7258	名詞,普通名詞,一般,*,*,*
孤立	コリツ	7259	名詞,普通名詞,サ変可能,*,*,*
探し出す	サガシダス	7260	動詞,一般,*,*,五段-サ行,終止形-一般
お連れ	オツレ	7261	接頭辞+動詞
公表	コウヒョウ	7262	名詞,普通名詞,サ変可能,*,*,*
逃げ場	ニゲバ	7263	名詞,普通名詞,一般,*,*,*
背伸び	セノビ	7264	名詞,普通名詞,サ変可能,*,*,*
本能的	ホンノウテキ	7265	名詞+接尾辞
万能	バンノウ	7266	名詞,普通名詞,一般,*,*,*
ゆらゆら	ユラユラ	7267	副詞,*,*,*,*,*
犠牲になる	ギセイニナル	7268	名詞+助詞+動詞
積み重ねる	ツミカサネル	7269	動詞,一般,*,*,下一段-ナ行,終止形-一般
品物	シナモノ	7270	名詞,普通名詞,一般,*,*,*
疑わしい	ウタガワシイ	7271	形容詞,一般,*,*,形容詞,終止形-一般
朝早く	アサハヤク	7272	名詞+形容詞
くっきり	クッキリ	7273	副詞,*,*,*,*,*
いたって	イタッテ	7274	副詞,*,*,*,*,*
リード	リード	7275	名詞,普通名詞,サ変可能,*,*,*
一人前	イチニンマエ	7276	名詞,普通名詞,一般,*,*,*
研究者	ケンキュウシャ	7277	名詞,普通名詞,一般,*,*,*
初耳	ハツミミ	7278	名詞,普通名詞,一般,*,*,*
社会的	シャカイテキ	7279	名詞,普通名詞,形状詞可能,*,*,*
涙が出る	ナミダガデル	7280	名詞+助詞+動詞
蓄積	チクセキ	7281	名詞,普通名詞,サ変可能,*,*,*
外国人	ガイコクジン	7282	名詞,普通名詞,一般,*,*,*
仕事中	シゴトチュウ	7283	名詞,普通名詞,一般,*,*,*
直	ジキ	7284	名詞,普通名詞,一般,*,*,*
いつにない	イツニナイ	7285	代名詞+助詞+形容詞
つながり	ツナガリ	7286	名詞,普通名詞,一般,*,*,*
ちと	チト	7287	副詞,*,*,*,*,*
荒らす	アラス	7288	動詞,一般,*,*,五段-サ行,終止形-一般
目をつける	メヲツケル	7289	名詞+助詞+動詞
ひっくり返る	ヒックリカエル	7290	動詞,一般,*,*,五段-ラ行,終止形-一般
良いこと	ヨイコト	7291	形容詞+名詞
お供	オトモ	7292	接頭辞+名詞
すぐそば	スグソバ	7293	副詞+名詞
あっけない	アッケナイ	7294	形容詞,一般,*,*,形容詞,終止形-一般
までも	マデモ	7295	感動詞+助詞+助詞
つかう	ツカウ	7296	動詞,一般,*,*,五段-ワア行,終止形-一般
引き込む	ヒキコム	7297	動詞,一般,*,*,五段-マ行,終止形-一般
決着をつける	ケッチャクヲツケル	7298	名詞+助詞+動詞
長いこと	ナガイコト	7299	形容詞+名詞
いやがる	イヤガル	7300	形状詞+接尾辞
云々	ウンヌン	7303	名詞,普通名詞,サ変可能,*,*,*
作者	サクシャ	7304	名詞,普通名詞,一般,*,*,*
手を入れる	テヲイレル	7305	名詞+助詞+動詞
猶予	ユウヨ	7306	名詞,普通名詞,サ変可能,*,*,*
荒々しい	アラアラシイ	7307	形容詞,一般,*,*,形容詞,終止形-一般
元通り	モトドオリ	7308	名詞+名詞
白状	ハクジョウ	7309	名詞,普通名詞,サ変可能,*,*,*
生々しい	ナマナマシイ	7310	形容詞,一般,*,*,形容詞,終止形-一般
飛び交う	トビカウ	7311	動詞,一般,*,*,五段-ワア行,終止形-一般
所持	ショジ	7312	名詞,普通名詞,サ変可能,*,*,*
援助	エンジョ	7313	名詞,普通名詞,サ変可能,*,*,*
断定	ダンテイ	7314	名詞,普通名詞,サ変可能,*,*,*
差別	サベツ	7315	名詞,普通名詞,サ変可能,*,*,*
事項	ジコウ	7316	名詞,普通名詞,一般,*,*,*
第三者	ダイサンシャ	7317	名詞,普通名詞,一般,*,*,*
欠く	カク	7318	動詞,一般,*,*,五段-カ行,終止形-一般
選挙	センキョ	7319	名詞,普通名詞,サ変可能,*,*,*
沿い	ゾイ	7320	接尾辞,名詞的,一般,*,*,*
律儀	リチギ	7321	名詞,普通名詞,形状詞可能,*,*,*
計	ケイ	7322	名詞,普通名詞,一般,*,*,*
危	キ	7323	名詞,固有名詞,人名,姓,*,*
中心とする	チュウシントスル	7324	名詞+助詞+動詞
アウト	アウト	7325	名詞,普通名詞,一般,*,*,*
成分	セイブン	7326	名詞,普通名詞,一般,*,*,*
有名人	ユウメイジン	7327	名詞,普通名詞,一般,*,*,*
極力	キョクリョク	7328	副詞,*,*,*,*,*
心理	シンリ	7329	名詞,普通名詞,一般,*,*,*
惑わす	マドワス	7330	動詞,一般,*,*,五段-サ行,終止形-一般
囲う	カコウ	7331	動詞,一般,*,*,五段-ワア行,終止形-一般
人間関係	ニンゲンカンケイ	7332	名詞,普通名詞,一般,*,*,*
採る	トル	7333	動詞,一般,*,*,五段-ラ行,終止形-一般
慰め	ナグサメ	7334	名詞,普通名詞,一般,*,*,*
すっぽり	スッポリ	7335	副詞,*,*,*,*,*
おさまる	オサマル	7336	動詞,一般,*,*,五段-ラ行,終止形-一般
切り上げる	キリアゲル	7337	動詞,一般,*,*,下一段-ガ行,終止形-一般
主な	オモナ	7338	連体詞,*,*,*,*,*
恩人	オンジン	7339	名詞,普通名詞,一般,*,*,*
思い知らす	オモイシラス	7340	動詞,一般,*,*,五段-サ行,終止形-一般
建築	ケンチク	7341	名詞,普通名詞,サ変可能,*,*,*
隠し事	カクシゴト	7342	名詞,普通名詞,一般,*,*,*
話題になる	ワダイニナル	7343	名詞+助詞+動詞
畳む	タタム	7344	動詞,一般,*,*,五段-マ行,終止形-一般
出張	シュッチョウ	7345	名詞,普通名詞,サ変可能,*,*,*
ずる	ズル	7346	副詞,*,*,*,*,*
駆使	クシ	7347	名詞,普通名詞,サ変可能,*,*,*
連なる	ツラナル	7348	動詞,一般,*,*,五段-ラ行,終止形-一般
読み	ヨミ	7349	名詞,普通名詞,一般,*,*,*
後ろめたい	ウシロメタイ	7350	形容詞,一般,*,*,形容詞,終止形-一般
独身	ドクシン	7351	名詞,普通名詞,一般,*,*,*
痛々しい	イタイタシイ	7352	形容詞,一般,*,*,形容詞,終止形-一般
住居	ジュウキョ	7353	名詞,普通名詞,サ変可能,*,*,*
うろうろ	ウロウロ	7354	副詞,*,*,*,*,*
水分	スイブン	7355	名詞,普通名詞,一般,*,*,*
短時間	タンジカン	7356	名詞,普通名詞,副詞可能,*,*,*
焦点	ショウテン	7357	名詞,普通名詞,一般,*,*,*
原理	ゲンリ	7358	名詞,普通名詞,一般,*,*,*
仮定	カテイ	7359	名詞,普通名詞,サ変可能,*,*,*
放題	ホウダイ	7360	名詞,普通名詞,一般,*,*,*
衰える	オトロエル	7361	動詞,一般,*,*,下一段-ア行,終止形-一般
延長	エンチョウ	7362	名詞,普通名詞,サ変可能,*,*,*
切り取る	キリトル	7363	動詞,一般,*,*,五段-ラ行,終止形-一般
突き放す	ツキハナス	7364	動詞,一般,*,*,五段-サ行,終止形-一般
せねば	セネバ	7365	動詞+助動詞+助詞
しなやか	シナヤカ	7366	形状詞,一般,*,*,*,*
言い合う	イイアウ	7367	動詞,一般,*,*,五段-ワア行,終止形-一般
身を引く	ミヲヒク	7368	名詞+助詞+動詞
当	トウ	7369	名詞,普通名詞,一般,*,*,*
割合	ワリアイ	7370	名詞,普通名詞,一般,*,*,*
手を合わせる	テヲアワセル	7371	名詞+助詞+動詞
破棄	ハキ	7372	名詞,普通名詞,サ変可能,*,*,*
来客	ライキャク	7373	名詞,普通名詞,一般,*,*,*
両側	リョウガワ	7374	名詞,普通名詞,一般,*,*,*
記述	キジュツ	7375	名詞,普通名詞,サ変可能,*,*,*
見解	ケンカイ	7376	名詞,普通名詞,一般,*,*,*
合	ゴウ	7377	名詞,普通名詞,一般,*,*,*
席に着く	セキニツク	7378	名詞+助詞+動詞
初めは	ハジメハ	7379	名詞+助詞
罵倒	バトウ	7380	名詞,普通名詞,サ変可能,*,*,*
を回って	ヲメグッテ	7381	助詞+動詞+助詞
適する	テキスル	7382	動詞,一般,*,*,サ行変格,終止形-一般
仲がいい	ナカガイイ	7383	名詞+助詞+形容詞
持ちかける	モチカケル	7384	動詞,一般,*,*,下一段-カ行,終止形-一般
ごちそうさま	ゴチソウサマ	7385	名詞+接尾辞
死ぬほど	シヌホド	7386	動詞+助詞
お出かけ	オデカケ	7387	名詞,普通名詞,サ変可能,*,*,*
ためになる	タメニナル	7388	名詞+助詞+動詞
まことに	マコトニ	7389	名詞+助詞
いいかい	イイカイ	7390	形容詞+助詞+助詞
第１	ダイイチ	7391	接頭辞+名詞
かじる	カジル	7392	動詞,一般,*,*,五段-ラ行,終止形-一般
のしかかる	ノシカカル	7393	動詞,一般,*,*,五段-ラ行,終止形-一般
立ち入る	タチイル	7394	動詞,一般,*,*,五段-ラ行,終止形-一般
聞きつける	キキツケル	7395	動詞,一般,*,*,下一段-カ行,終止形-一般
お使い	オツカイ	7396	接頭辞+動詞
はる	ハル	7397	助動詞,*,*,*,五段-ラ行,終止形-一般
そうかい	ソウカイ	7398	副詞+助詞+助詞
取り巻く	トリマク	7399	動詞,一般,*,*,五段-カ行,終止形-一般
納得がいく	ナットクガイク	7400	名詞+助詞+動詞
入る	イル	7401	動詞,一般,*,*,五段-ラ行,終止形-一般
的	マト	7402	名詞,普通名詞,一般,*,*,*
笑	ワラ	7404	名詞,普通名詞,一般,*,*,*
しんどい	シンドイ	7405	形容詞,一般,*,*,形容詞,終止形-一般
関与	カンヨ	7406	名詞,普通名詞,サ変可能,*,*,*
謙遜	ケンソン	7407	名詞,普通名詞,サ変形状詞可能,*,*,*
当面	トウメン	7408	名詞,普通名詞,サ変可能,*,*,*
ぐっすり	グッスリ	7409	副詞,*,*,*,*,*
足す	タス	7410	動詞,一般,*,*,五段-サ行,終止形-一般
交わる	マジワル	7411	動詞,一般,*,*,五段-ラ行,終止形-一般
案じる	アンジル	7412	動詞,一般,*,*,上一段-ザ行,終止形-一般
寝不足	ネブソク	7413	名詞,普通名詞,サ変形状詞可能,*,*,*
看病	カンビョウ	7414	名詞,普通名詞,サ変可能,*,*,*
自動的	ジドウテキ	7415	名詞,普通名詞,形状詞可能,*,*,*
危機感	キキカン	7416	名詞,普通名詞,一般,*,*,*
間柄	アイダガラ	7417	名詞,普通名詞,一般,*,*,*
偽る	イツワル	7418	動詞,一般,*,*,五段-ラ行,終止形-一般
すべ	スベ	7419	名詞,普通名詞,一般,*,*,*
分類	ブンルイ	7420	名詞,普通名詞,サ変可能,*,*,*
特権	トッケン	7421	名詞,普通名詞,一般,*,*,*
委ねる	ユダネル	7422	動詞,一般,*,*,下一段-ナ行,終止形-一般
規則	キソク	7423	名詞,普通名詞,一般,*,*,*
岸	キシ	7424	名詞,固有名詞,人名,姓,*,*
定まる	サダマル	7425	動詞,一般,*,*,五段-ラ行,終止形-一般
推す	オス	7426	動詞,一般,*,*,五段-サ行,終止形-一般
連れ戻す	ツレモドス	7427	動詞,一般,*,*,五段-サ行,終止形-一般
少数	ショウスウ	7428	名詞,普通名詞,副詞可能,*,*,*
生前	セイゼン	7429	名詞,普通名詞,副詞可能,*,*,*
寝起き	ネオキ	7430	名詞,普通名詞,サ変可能,*,*,*
次から次へと	ツギカラツギヘト	7431	名詞+助詞+名詞+助詞+助詞
開き直る	ヒラキナオル	7432	動詞,一般,*,*,五段-ラ行,終止形-一般
恩恵	オンケイ	7433	名詞,普通名詞,一般,*,*,*
返し	カエシ	7434	名詞,普通名詞,一般,*,*,*
焦げる	コゲル	7435	動詞,一般,*,*,下一段-ガ行,終止形-一般
空になる	カラニナル	7436	名詞+助詞+動詞
付き添う	ツキソウ	7437	動詞,一般,*,*,五段-ワア行,終止形-一般
支え	ササエ	7438	名詞,普通名詞,一般,*,*,*
規定	キテイ	7439	名詞,普通名詞,サ変可能,*,*,*
競う	キソウ	7440	動詞,一般,*,*,五段-ワア行,終止形-一般
どっと	ドット	7441	副詞,*,*,*,*,*
過ち	アヤマチ	7442	名詞,普通名詞,一般,*,*,*
引き換え	ヒキカエ	7443	名詞,普通名詞,一般,*,*,*
そそくさ	ソソクサ	7444	副詞,*,*,*,*,*
格闘	カクトウ	7445	名詞,普通名詞,サ変可能,*,*,*
つかまえる	ツカマエル	7446	動詞,一般,*,*,下一段-ア行,終止形-一般
思いがけない	オモイガケナイ	7447	動詞+助動詞
脅し	オドシ	7448	名詞,普通名詞,一般,*,*,*
異論	イロン	7449	名詞,普通名詞,一般,*,*,*
記載	キサイ	7450	名詞,普通名詞,サ変可能,*,*,*
清潔	セイケツ	7451	名詞,普通名詞,形状詞可能,*,*,*
占領	センリョウ	7452	名詞,普通名詞,サ変可能,*,*,*
ポジション	ポジション	7453	名詞,普通名詞,一般,*,*,*
勤務	キンム	7454	名詞,普通名詞,サ変可能,*,*,*
晴らす	ハラス	7455	動詞,一般,*,*,五段-サ行,終止形-一般
大部分	ダイブブン	7456	名詞,普通名詞,一般,*,*,*
損ねる	ソコネル	7457	動詞,一般,*,*,下一段-ナ行,終止形-一般
うんと	ウント	7458	感動詞+助詞
徹する	テッスル	7459	動詞,一般,*,*,サ行変格,終止形-一般
就く	ツク	7460	動詞,非自立可能,*,*,五段-カ行,終止形-一般
正真正銘	ショウシンショウメイ	7461	名詞,普通名詞,一般,*,*,*
こだわり	コダワリ	7462	名詞,普通名詞,一般,*,*,*
予告	ヨコク	7463	名詞,普通名詞,サ変可能,*,*,*
重苦しい	オモクルシイ	7464	形容詞,一般,*,*,形容詞,終止形-一般
鼻歌	ハナウタ	7465	名詞,普通名詞,サ変可能,*,*,*
がかる	ガカル	7466	接尾辞,動詞的,*,*,五段-ラ行,終止形-一般
見入る	ミイル	7467	動詞,一般,*,*,五段-ラ行,終止形-一般
著しい	イチジルシイ	7468	形容詞,一般,*,*,形容詞,終止形-一般
北海道	ホッカイドウ	7469	名詞,固有名詞,地名,一般,*,*
頂上	チョウジョウ	7470	名詞,普通名詞,一般,*,*,*
踏まえる	フマエル	7471	動詞,一般,*,*,下一段-ア行,終止形-一般
力を合わせる	チカラヲアワセル	7472	名詞+助詞+動詞
入れ替える	イレカエル	7473	動詞,一般,*,*,下一段-ア行,終止形-一般
臨時	リンジ	7474	名詞,普通名詞,一般,*,*,*
直接的	チョクセツテキ	7475	名詞,普通名詞,形状詞可能,*,*,*
見とれる	ミトレル	7476	動詞,一般,*,*,下一段-ラ行,終止形-一般
強がる	ツヨガル	7477	形容詞+接尾辞
かりる	カリル	7478	動詞,一般,*,*,上一段-ラ行,終止形-一般
たくましい	タクマシイ	7479	形容詞,一般,*,*,形容詞,終止形-一般
よりによって	ヨリニヨッテ	7480	副詞+助詞+動詞+助詞
とぶ	トブ	7481	動詞,一般,*,*,五段-バ行,終止形-一般
どちらかというと	ドチラカトイウト	7482	代名詞+助詞+助詞+動詞+助詞
ちょうどよい	チョウドヨイ	7483	副詞+形容詞
ロシア	ロシア	7484	名詞,固有名詞,地名,国,*,*
のんき	ノンキ	7485	形状詞,一般,*,*,*,*
しかける	シカケル	7486	動詞,一般,*,*,下一段-カ行,終止形-一般
そのうちに	ソノウチニ	7487	連体詞+名詞+助詞
はな	ハナ	7488	名詞,固有名詞,人名,名,*,*
あげく	アゲク	7489	名詞,普通名詞,副詞可能,*,*,*
せいにする	セイニスル	7490	名詞+助詞+動詞
がかり	ガカリ	7491	接尾辞,動詞的,*,*,五段-ラ行,連用形-一般
をおいて	ヲオイテ	7493	助詞+動詞+助詞
打ち消す	ウチケス	7494	動詞,一般,*,*,五段-サ行,終止形-一般
ゆる	ユル	7495	形容詞,一般,*,*,形容詞,語幹-一般
すくう	スクウ	7496	動詞,一般,*,*,五段-ワア行,終止形-一般
仕方のない	シカタノナイ	7497	名詞+助詞+形容詞
申し込む	モウシコム	7498	動詞,一般,*,*,五段-マ行,終止形-一般
一息つく	ヒトイキツク	7499	名詞+動詞
汗をかく	アセヲカク	7500	名詞+助詞+動詞
家	ヤ	7501	名詞,普通名詞,一般,*,*,*
色	ショク	7502	名詞,普通名詞,一般,*,*,*
葬る	ホウムル	7504	動詞,一般,*,*,五段-ラ行,終止形-一般
物足りない	モノタリナイ	7505	接頭辞+動詞+助動詞
気を取られる	キヲトラレル	7506	名詞+助詞+動詞+助動詞
この通り	コノトオリ	7507	連体詞+名詞
憂い	ウレイ	7508	名詞,普通名詞,一般,*,*,*
影響力	エイキョウリョク	7509	名詞,普通名詞,一般,*,*,*
顔見知り	カオミシリ	7510	名詞+名詞
強固	キョウコ	7511	形状詞,一般,*,*,*,*
ついて来る	ツイテクル	7512	動詞+助詞+動詞
お伺い	オウカガイ	7513	接頭辞+動詞
背が高い	セガタカイ	7514	名詞+助詞+形容詞
年代	ネンダイ	7515	名詞,普通名詞,一般,*,*,*
参考	サンコウ	7516	名詞,普通名詞,サ変可能,*,*,*
口を出す	クチヲダス	7517	名詞+助詞+動詞
閉鎖	ヘイサ	7518	名詞,普通名詞,サ変可能,*,*,*
認定	ニンテイ	7519	名詞,普通名詞,サ変可能,*,*,*
公平	コウヘイ	7520	名詞,普通名詞,形状詞可能,*,*,*
やり過ごす	ヤリスゴス	7521	動詞,一般,*,*,五段-サ行,終止形-一般
政治的	セイジテキ	7522	名詞,普通名詞,形状詞可能,*,*,*
アルコール	アルコール	7523	名詞,普通名詞,一般,*,*,*
明	メイ	7524	名詞,固有名詞,人名,名,*,*
写真を撮る	シャシンヲトル	7525	名詞+助詞+動詞
項目	コウモク	7526	名詞,普通名詞,一般,*,*,*
年生	ネンセイ	7527	接尾辞,名詞的,助数詞,*,*,*
図星	ズボシ	7528	名詞,普通名詞,一般,*,*,*
活気	カッキ	7529	名詞,普通名詞,一般,*,*,*
辛抱	シンボウ	7530	名詞,普通名詞,サ変可能,*,*,*
見破る	ミヤブル	7531	動詞,一般,*,*,五段-ラ行,終止形-一般
潔い	イサギヨイ	7532	形容詞,一般,*,*,形容詞,終止形-一般
細か	コマカ	7533	形状詞,一般,*,*,*,*
今週	コンシュウ	7534	名詞,普通名詞,副詞可能,*,*,*
事柄	コトガラ	7535	名詞,普通名詞,一般,*,*,*
迅速	ジンソク	7536	形状詞,一般,*,*,*,*
代金	ダイキン	7537	名詞,普通名詞,一般,*,*,*
価格	カカク	7538	名詞,普通名詞,一般,*,*,*
無性に	ムショウニ	7539	名詞+助詞
連れ込む	ツレコム	7540	動詞,一般,*,*,五段-マ行,終止形-一般
直ちに	タダチニ	7541	副詞,*,*,*,*,*
言葉遣い	コトバヅカイ	7542	名詞,普通名詞,一般,*,*,*
盛ん	サカン	7543	形状詞,一般,*,*,*,*
単独	タンドク	7544	形状詞,一般,*,*,*,*
合理的	ゴウリテキ	7545	名詞,普通名詞,形状詞可能,*,*,*
判定	ハンテイ	7546	名詞,普通名詞,サ変可能,*,*,*
人より	ヒトヨリ	7547	名詞+助詞
旨	ムネ	7548	名詞,普通名詞,一般,*,*,*
詮索	センサク	7549	名詞,普通名詞,サ変可能,*,*,*
念を押す	ネンヲオス	7550	名詞+助詞+動詞
片っ端から	カタッパシカラ	7551	名詞+助詞
妥協	ダキョウ	7552	名詞,普通名詞,サ変可能,*,*,*
溶け込む	トケコム	7553	動詞,一般,*,*,五段-マ行,終止形-一般
所在	ショザイ	7554	名詞,普通名詞,サ変可能,*,*,*
数年前	スウネンマエ	7555	名詞+名詞+名詞
安易	アンイ	7556	形状詞,一般,*,*,*,*
遂行	スイコウ	7557	名詞,普通名詞,サ変可能,*,*,*
汲む	クム	7558	動詞,一般,*,*,五段-マ行,終止形-一般
電源	デンゲン	7559	名詞,普通名詞,一般,*,*,*
店舗	テンポ	7560	名詞,普通名詞,一般,*,*,*
責任を取る	セキニンヲトル	7561	名詞+助詞+動詞
持て余す	モテアマス	7562	動詞,一般,*,*,五段-サ行,終止形-一般
かん	カン	7563	代名詞,*,*,*,*,*
安	ヤス	7564	名詞,普通名詞,一般,*,*,*
食い止める	クイトメル	7565	動詞,一般,*,*,下一段-マ行,終止形-一般
生死	セイシ	7566	名詞,普通名詞,一般,*,*,*
恋しい	コイシイ	7567	形容詞,一般,*,*,形容詞,終止形-一般
素質	ソシツ	7568	名詞,普通名詞,一般,*,*,*
育ち	ソダチ	7569	名詞,普通名詞,一般,*,*,*
市内	シナイ	7570	名詞+接尾辞
延びる	ノビル	7571	動詞,一般,*,*,上一段-バ行,終止形-一般
甲斐がある	カイガアル	7572	名詞+助詞+動詞
溝	ミゾ	7573	名詞,普通名詞,一般,*,*,*
誠意	セイイ	7574	名詞,普通名詞,一般,*,*,*
言い張る	イイハル	7575	動詞,一般,*,*,五段-ラ行,終止形-一般
克服	コクフク	7576	名詞,普通名詞,サ変可能,*,*,*
つむ	ツム	7577	名詞,普通名詞,一般,*,*,*
ある種	アルシュ	7578	連体詞+名詞
休める	ヤスメル	7579	動詞,一般,*,*,下一段-マ行,終止形-一般
にわたって	ニワタッテ	7580	助詞+動詞+助詞
くら	クラ	7581	名詞,普通名詞,一般,*,*,*
ほかにも	ホカニモ	7582	名詞+助詞+助詞
あたかも	アタカモ	7583	副詞,*,*,*,*,*
近いうちに	チカイウチニ	7584	形容詞+名詞+助詞
ふさぐ	フサグ	7585	動詞,一般,*,*,五段-ガ行,終止形-一般
かかわる	カカワル	7586	動詞,一般,*,*,五段-ラ行,終止形-一般
またまた	マタマタ	7587	副詞,*,*,*,*,*
売り上げ	ウリアゲ	7588	名詞,普通名詞,一般,*,*,*
３時	サンジ	7589	名詞+名詞
させていただく	サセテイタダク	7590	動詞+助動詞+助詞+動詞
しまい	シマイ	7591	名詞,普通名詞,一般,*,*,*
たやすい	タヤスイ	7592	形容詞,一般,*,*,形容詞,終止形-一般
と言ってもいい	トイッテモイイ	7593	助詞+動詞+助詞+助詞+形容詞
実際のところ	ジッサイノトコロ	7594	名詞+助詞+名詞
あいさつ	アイサツ	7595	名詞,普通名詞,サ変可能,*,*,*
色とりどり	イロトリドリ	7596	名詞+形状詞
つぶる	ツブル	7597	動詞,一般,*,*,五段-ラ行,終止形-一般
わけにはいきません	ワケニハイキマセン	7598	名詞+助詞+助詞+動詞+助動詞+助動詞
道のり	ミチノリ	7599	名詞,普通名詞,一般,*,*,*
ねる	ネル	7600	動詞,一般,*,*,下一段-ナ行,終止形-一般
移行	イコウ	7602	名詞,普通名詞,サ変可能,*,*,*
手先	テサキ	7603	名詞,普通名詞,一般,*,*,*
大手	オオテ	7604	名詞,普通名詞,一般,*,*,*
見送り	ミオクリ	7605	名詞,普通名詞,一般,*,*,*
それはそれは	ソレハソレハ	7606	代名詞+助詞+代名詞+助詞
賢明	ケンメイ	7607	名詞,普通名詞,形状詞可能,*,*,*
健在	ケンザイ	7608	名詞,普通名詞,形状詞可能,*,*,*
ことにより	コトニヨリ	7609	名詞+助詞+動詞
この目で	コノメデ	7610	連体詞+名詞+助動詞
面識	メンシキ	7611	名詞,普通名詞,一般,*,*,*
乾燥	カンソウ	7612	名詞,普通名詞,サ変可能,*,*,*
片足	カタアシ	7613	名詞,普通名詞,一般,*,*,*
冴える	サエル	7614	動詞,一般,*,*,下一段-ア行,終止形-一般
適度	テキド	7615	形状詞,一般,*,*,*,*
必然的	ヒツゼンテキ	7616	名詞,普通名詞,形状詞可能,*,*,*
心の準備	ココロノジュンビ	7617	名詞+助詞+名詞
承認	ショウニン	7618	名詞,普通名詞,サ変可能,*,*,*
端から	ハシカラ	7619	名詞+助詞
古びる	フルビル	7620	動詞,一般,*,*,上一段-バ行,終止形-一般
気分が悪い	キブンガワルイ	7621	名詞+助詞+形容詞
最小限	サイショウゲン	7622	名詞,普通名詞,一般,*,*,*
まいか	マイカ	7623	助動詞+助詞
同席	ドウセキ	7624	名詞,普通名詞,サ変可能,*,*,*
安らか	ヤスラカ	7625	形状詞,一般,*,*,*,*
娯楽	ゴラク	7626	名詞,普通名詞,一般,*,*,*
大統領	ダイトウリョウ	7627	名詞,普通名詞,一般,*,*,*
読み上げる	ヨミアゲル	7628	動詞,一般,*,*,下一段-ガ行,終止形-一般
まんまと	マンマト	7629	副詞,*,*,*,*,*
何千	ナンゼン	7630	名詞,数詞,*,*,*,*
談笑	ダンショウ	7631	名詞,普通名詞,サ変可能,*,*,*
仕返し	シカエシ	7632	名詞,普通名詞,サ変可能,*,*,*
毎度	マイド	7633	名詞,普通名詞,一般,*,*,*
取り合う	トリアウ	7634	動詞,一般,*,*,五段-ワア行,終止形-一般
子孫	シソン	7635	名詞,普通名詞,一般,*,*,*
弱まる	ヨワマル	7636	動詞,一般,*,*,五段-ラ行,終止形-一般
お見通し	オミトオシ	7637	接頭辞+名詞
旅に出る	タビニデル	7638	名詞+助詞+動詞
盛り上げる	モリアゲル	7639	動詞,一般,*,*,下一段-ガ行,終止形-一般
思い通り	オモイドオリ	7640	名詞+名詞
腹を立てる	ハラヲタテル	7641	名詞+助詞+動詞
ごゆっくり	ゴユックリ	7642	接頭辞+副詞
運用	ウンヨウ	7643	名詞,普通名詞,サ変可能,*,*,*
簡潔	カンケツ	7644	名詞,普通名詞,形状詞可能,*,*,*
満つ	ミツ	7645	動詞,一般,*,*,五段-タ行,終止形-一般
もち	モチ	7646	名詞,普通名詞,一般,*,*,*
絶つ	タツ	7647	動詞,一般,*,*,五段-タ行,終止形-一般
追い返す	オイカエス	7648	動詞,一般,*,*,五段-サ行,終止形-一般
一様	イチヨウ	7649	形状詞,一般,*,*,*,*
改良	カイリョウ	7650	名詞,普通名詞,サ変可能,*,*,*
ベース	ベース	7651	名詞,普通名詞,一般,*,*,*
間際	マギワ	7652	名詞,普通名詞,一般,*,*,*
限度	ゲンド	7653	名詞,普通名詞,一般,*,*,*
何か用	ナンカヨウ	7654	代名詞+助詞+名詞
退散	タイサン	7655	名詞,普通名詞,サ変可能,*,*,*
多大	タダイ	7656	形状詞,一般,*,*,*,*
とどめる	トドメル	7657	動詞,一般,*,*,下一段-マ行,終止形-一般
発覚	ハッカク	7658	名詞,普通名詞,サ変可能,*,*,*
空想	クウソウ	7659	名詞,普通名詞,サ変可能,*,*,*
泊める	トメル	7660	動詞,一般,*,*,下一段-マ行,終止形-一般
語り合う	カタリアウ	7661	動詞,一般,*,*,五段-ワア行,終止形-一般
手っ取り早い	テットリバヤイ	7662	名詞+形容詞
ガタガタ	ガタガタ	7663	形状詞,一般,*,*,*,*
懲りる	コリル	7664	動詞,一般,*,*,上一段-ラ行,終止形-一般
自負	ジフ	7665	名詞,普通名詞,サ変可能,*,*,*
どうやったら	ドウヤッタラ	7666	副詞+動詞+助動詞
お世辞	オセジ	7667	名詞,普通名詞,一般,*,*,*
形跡	ケイセキ	7668	名詞,普通名詞,一般,*,*,*
依存	イゾン	7669	名詞,普通名詞,サ変可能,*,*,*
割く	サク	7670	動詞,一般,*,*,五段-カ行,終止形-一般
確立	カクリツ	7671	名詞,普通名詞,サ変可能,*,*,*
充満	ジュウマン	7672	名詞,普通名詞,サ変可能,*,*,*
言い過ぎる	イイスギル	7673	動詞+動詞
接点	セッテン	7674	名詞,普通名詞,一般,*,*,*
入れ	イレ	7675	動詞,一般,*,*,下一段-ラ行,連用形-一般
この上	コノウエ	7676	連体詞+名詞
数千	スウセン	7677	名詞,数詞,*,*,*,*
業界	ギョウカイ	7678	名詞,普通名詞,一般,*,*,*
素朴	ソボク	7679	名詞,普通名詞,形状詞可能,*,*,*
絶大	ゼツダイ	7680	形状詞,一般,*,*,*,*
勇敢	ユウカン	7681	形状詞,一般,*,*,*,*
その下に	ソノシタニ	7682	連体詞+名詞+助詞
味がする	アジガスル	7683	名詞+助詞+動詞
乗り気	ノリキ	7684	名詞,普通名詞,形状詞可能,*,*,*
さい	サイ	7685	名詞,普通名詞,副詞可能,*,*,*
おかげさまで	オカゲサマデ	7686	名詞+助動詞
自分のために	ジブンノタメニ	7687	名詞+助詞+名詞+助詞
細かいこと	コマカイコト	7688	形容詞+名詞
３	サン	7689	名詞,数詞,*,*,*,*
早く	ハヤク	7690	形容詞,一般,*,*,形容詞,連用形-一般
話し声	ハナシゴエ	7691	名詞,普通名詞,一般,*,*,*
そうとも	ソウトモ	7692	副詞+助詞+助詞
想像がつく	ソウゾウガツク	7693	名詞+助詞+動詞
次に	ツギニ	7694	名詞+助詞
まったい	マッタイ	7695	動詞+助動詞
かす	カス	7696	名詞,普通名詞,一般,*,*,*
３回	サンカイ	7697	名詞+名詞
かわる	カワル	7698	動詞,一般,*,*,五段-ラ行,終止形-一般
踏みにじる	フミニジル	7699	動詞,一般,*,*,五段-ラ行,終止形-一般
思いつき	オモイツキ	7700	名詞,普通名詞,一般,*,*,*
石	コク	7701	名詞,普通名詞,一般,*,*,*
対	ツイ	7702	名詞,普通名詞,一般,*,*,*
悪気	ワルギ	7703	名詞,普通名詞,一般,*,*,*
同一	ドウイツ	7704	形状詞,一般,*,*,*,*
反映	ハンエイ	7705	名詞,普通名詞,サ変可能,*,*,*
注意深い	チュウイブカイ	7706	名詞+形容詞
隅々	スミズミ	7707	名詞,普通名詞,一般,*,*,*
中間	チュウカン	7708	名詞,普通名詞,一般,*,*,*
解明	カイメイ	7709	名詞,普通名詞,サ変可能,*,*,*
中学校	チュウガッコウ	7710	名詞,普通名詞,一般,*,*,*
出産	シュッサン	7711	名詞,普通名詞,サ変可能,*,*,*
サッカー	サッカー	7712	名詞,普通名詞,一般,*,*,*
押し上げる	オシアゲル	7713	動詞,一般,*,*,下一段-ガ行,終止形-一般
郊外	コウガイ	7714	名詞,普通名詞,一般,*,*,*
親族	シンゾク	7715	名詞,普通名詞,一般,*,*,*
弁解	ベンカイ	7716	名詞,普通名詞,サ変可能,*,*,*
不運	フウン	7717	名詞,普通名詞,形状詞可能,*,*,*
何時間	ナンジカン	7718	名詞,普通名詞,一般,*,*,*
審査	シンサ	7719	名詞,普通名詞,サ変可能,*,*,*
怖い顔	コワイカオ	7720	形容詞+名詞
強まる	ツヨマル	7721	動詞,一般,*,*,五段-ラ行,終止形-一般
取り入れる	トリイレル	7722	動詞,一般,*,*,下一段-ラ行,終止形-一般
株	カブ	7723	名詞,普通名詞,助数詞可能,*,*,*
実質	ジッシツ	7724	名詞,普通名詞,一般,*,*,*
小石	コイシ	7725	名詞,普通名詞,一般,*,*,*
誠に	マコトニ	7726	名詞+助詞
臭	シュウ	7727	名詞,普通名詞,一般,*,*,*
無知	ムチ	7728	名詞,普通名詞,形状詞可能,*,*,*
人柄	ヒトガラ	7729	名詞,普通名詞,一般,*,*,*
見苦しい	ミグルシイ	7730	形容詞,一般,*,*,形容詞,終止形-一般
名称	メイショウ	7731	名詞,普通名詞,一般,*,*,*
漢字	カンジ	7732	名詞,普通名詞,一般,*,*,*
次ぐ	ツグ	7733	動詞,一般,*,*,五段-ガ行,終止形-一般
印刷	インサツ	7734	名詞,普通名詞,サ変可能,*,*,*
活発	カッパツ	7735	形状詞,一般,*,*,*,*
沿う	ソウ	7736	動詞,一般,*,*,五段-ワア行,終止形-一般
発明	ハツメイ	7737	名詞,普通名詞,サ変形状詞可能,*,*,*
苦	ク	7738	名詞,普通名詞,一般,*,*,*
参考になる	サンコウニナル	7739	名詞+助詞+動詞
制	セイ	7740	接尾辞,名詞的,一般,*,*,*
過激	カゲキ	7741	形状詞,一般,*,*,*,*
っぱ	ッパ	7742	副詞,*,*,*,*,*
職務	ショクム	7743	名詞,普通名詞,一般,*,*,*
会合	カイゴウ	7744	名詞,普通名詞,サ変可能,*,*,*
暮れる	クレル	7745	動詞,一般,*,*,下一段-ラ行,終止形-一般
番目	バンメ	7746	接尾辞,名詞的,助数詞,*,*,*
表明	ヒョウメイ	7747	名詞,普通名詞,サ変可能,*,*,*
無口	ムクチ	7748	名詞,普通名詞,形状詞可能,*,*,*
喜ばしい	ヨロコバシイ	7749	形容詞,一般,*,*,形容詞,終止形-一般
センター	センター	7750	名詞,普通名詞,一般,*,*,*
数回	スウカイ	7751	名詞+名詞
念入り	ネンイリ	7752	形状詞,一般,*,*,*,*
だるい	ダルイ	7753	形容詞,一般,*,*,形容詞,終止形-一般
消化	ショウカ	7754	名詞,普通名詞,サ変可能,*,*,*
間隔	カンカク	7755	名詞,普通名詞,一般,*,*,*
良好	リョウコウ	7756	形状詞,一般,*,*,*,*
押し切る	オシキル	7757	動詞,一般,*,*,五段-ラ行,終止形-一般
全面的	ゼンメンテキ	7758	名詞,普通名詞,形状詞可能,*,*,*
蓄える	タクワエル	7759	動詞,一般,*,*,下一段-ア行,終止形-一般
何物	ナニモノ	7760	名詞,普通名詞,一般,*,*,*
強要	キョウヨウ	7761	名詞,普通名詞,サ変可能,*,*,*
コミュニケーション	コミュニケーション	7762	名詞,普通名詞,サ変可能,*,*,*
日中	ニッチュウ	7763	名詞,普通名詞,一般,*,*,*
かる	カル	7764	動詞,一般,*,*,五段-ラ行,終止形-一般
愛想	アイソ	7765	名詞,普通名詞,一般,*,*,*
視野	シヤ	7766	名詞,普通名詞,一般,*,*,*
産	サン	7767	名詞,普通名詞,一般,*,*,*
辞退	ジタイ	7768	名詞,普通名詞,サ変可能,*,*,*
愛す	アイス	7769	動詞,一般,*,*,五段-サ行,終止形-一般
意義	イギ	7770	名詞,普通名詞,一般,*,*,*
過ぎ去る	スギサル	7771	動詞,一般,*,*,五段-ラ行,終止形-一般
期限	キゲン	7772	名詞,普通名詞,一般,*,*,*
早まる	ハヤマル	7773	動詞,一般,*,*,五段-ラ行,終止形-一般
参考にする	サンコウニスル	7774	名詞+助詞+動詞
注意を払う	チュウイヲハラウ	7775	名詞+助詞+動詞
範囲内	ハンイナイ	7776	名詞+接尾辞
ギャップ	ギャップ	7777	名詞,普通名詞,一般,*,*,*
発行	ハッコウ	7778	名詞,普通名詞,サ変可能,*,*,*
食後	ショクゴ	7779	名詞,普通名詞,一般,*,*,*
依然として	イゼントシテ	7780	副詞+助詞+動詞+助詞
その道	ソノミチ	7781	連体詞+名詞
か否か	カイナカ	7782	助詞+名詞+助詞
主要	シュヨウ	7783	形状詞,一般,*,*,*,*
し始める	シハジメル	7784	動詞+動詞
アプローチ	アプローチ	7785	名詞,普通名詞,サ変可能,*,*,*
然	ゼン	7786	副詞,*,*,*,*,*
どころではない	ドコロデハナイ	7787	名詞+助詞+助詞+形容詞
目につく	メニツク	7788	名詞+助詞+動詞
閉じこもる	トジコモル	7789	動詞,一般,*,*,五段-ラ行,終止形-一般
かわり	カワリ	7790	名詞,普通名詞,一般,*,*,*
くの	クノ	7791	名詞,固有名詞,一般,*,*,*
際に	サイニ	7792	名詞+助詞
身なり	ミナリ	7793	名詞,普通名詞,一般,*,*,*
そろえる	ソロエル	7794	動詞,一般,*,*,下一段-ア行,終止形-一般
うつる	ウツル	7795	動詞,一般,*,*,五段-ラ行,終止形-一般
ふるう	フルウ	7796	動詞,一般,*,*,五段-ワア行,終止形-一般
たたえる	タタエル	7797	動詞,一般,*,*,下一段-ア行,終止形-一般
ふだん	フダン	7798	名詞,普通名詞,副詞可能,*,*,*
年ぶり	ネンブリ	7799	名詞+接尾辞
そのくせ	ソノクセ	7800	連体詞+名詞
行	ギョウ	7801	名詞,固有名詞,人名,名,*,*
米	ベイ	7802	名詞,普通名詞,一般,*,*,*
着用	チャクヨウ	7803	名詞,普通名詞,サ変可能,*,*,*
前者	ゼンシャ	7804	名詞,普通名詞,一般,*,*,*
待遇	タイグウ	7805	名詞,普通名詞,サ変可能,*,*,*
乗客	ジョウキャク	7806	名詞,普通名詞,一般,*,*,*
要領	ヨウリョウ	7807	名詞,普通名詞,一般,*,*,*
復興	フッコウ	7808	名詞,普通名詞,サ変可能,*,*,*
日課	ニッカ	7809	名詞,普通名詞,一般,*,*,*
ステップ	ステップ	7810	名詞,普通名詞,サ変可能,*,*,*
色彩	シキサイ	7811	名詞,普通名詞,一般,*,*,*
需要	ジュヨウ	7812	名詞,普通名詞,一般,*,*,*
打ち切る	ウチキル	7813	動詞,一般,*,*,五段-ラ行,終止形-一般
元来	ガンライ	7814	副詞,*,*,*,*,*
衝撃的	ショウゲキテキ	7815	名詞,普通名詞,形状詞可能,*,*,*
乗り出す	ノリダス	7816	動詞,一般,*,*,五段-サ行,終止形-一般
を巡って	ヲメグッテ	7817	助詞+動詞+助詞
写す	ウツス	7818	動詞,一般,*,*,五段-サ行,終止形-一般
連日	レンジツ	7819	名詞,普通名詞,副詞可能,*,*,*
一から	イチカラ	7820	名詞+助詞
総合	ソウゴウ	7821	名詞,普通名詞,サ変可能,*,*,*
出版	シュッパン	7822	名詞,普通名詞,サ変可能,*,*,*
無関心	ムカンシン	7823	名詞,普通名詞,形状詞可能,*,*,*
主催	シュサイ	7824	名詞,普通名詞,サ変可能,*,*,*
一目見る	ヒトメミル	7825	名詞+動詞
自分一人	ジブンヒトリ	7826	名詞+名詞
打	ダ	7827	名詞,普通名詞,一般,*,*,*
葬式	ソウシキ	7828	名詞,普通名詞,一般,*,*,*
肉体的	ニクタイテキ	7829	名詞,普通名詞,形状詞可能,*,*,*
につれ	ニツレ	7830	助詞+動詞
仕立てる	シタテル	7831	動詞,一般,*,*,下一段-タ行,終止形-一般
糧	カテ	7832	名詞,普通名詞,一般,*,*,*
乱れ	ミダレ	7833	名詞,普通名詞,一般,*,*,*
署名	ショメイ	7834	名詞,普通名詞,サ変可能,*,*,*
就任	シュウニン	7835	名詞,普通名詞,サ変可能,*,*,*
見通し	ミトオシ	7836	名詞,普通名詞,一般,*,*,*
縮まる	チヂマル	7837	動詞,一般,*,*,五段-ラ行,終止形-一般
見通す	ミトオス	7838	動詞,一般,*,*,五段-サ行,終止形-一般
順	ジュン	7839	名詞,普通名詞,一般,*,*,*
どうしてる	ドウシテル	7840	副詞+動詞+助動詞
夜が明ける	ヨガアケル	7841	名詞+助詞+動詞
呼び名	ヨビナ	7842	名詞,普通名詞,一般,*,*,*
一軒	イッケン	7843	名詞+接尾辞
破綻	ハタン	7844	名詞,普通名詞,サ変可能,*,*,*
長生き	ナガイキ	7845	名詞,普通名詞,サ変可能,*,*,*
洗練	センレン	7846	名詞,普通名詞,サ変可能,*,*,*
同居	ドウキョ	7847	名詞,普通名詞,サ変可能,*,*,*
終始	シュウシ	7848	名詞,普通名詞,サ変可能,*,*,*
そうでない	ソウデナイ	7849	副詞+助動詞+形容詞
経歴	ケイレキ	7850	名詞,普通名詞,一般,*,*,*
和らぐ	ヤワラグ	7851	動詞,一般,*,*,五段-ガ行,終止形-一般
料金	リョウキン	7852	名詞,普通名詞,一般,*,*,*
減少	ゲンショウ	7853	名詞,普通名詞,サ変可能,*,*,*
立ち上げる	タチアゲル	7854	動詞,一般,*,*,下一段-ガ行,終止形-一般
対話	タイワ	7855	名詞,普通名詞,サ変可能,*,*,*
備わる	ソナワル	7856	動詞,一般,*,*,五段-ラ行,終止形-一般
オープン	オープン	7857	名詞,普通名詞,サ変形状詞可能,*,*,*
路上	ロジョウ	7858	名詞,普通名詞,一般,*,*,*
際立つ	キワダツ	7859	動詞,一般,*,*,五段-タ行,終止形-一般
分間	フンカン	7860	名詞,普通名詞,一般,*,*,*
故障	コショウ	7861	名詞,普通名詞,サ変可能,*,*,*
投資	トウシ	7862	名詞,普通名詞,サ変可能,*,*,*
安心感	アンシンカン	7863	名詞,普通名詞,一般,*,*,*
感情的	カンジョウテキ	7864	名詞,普通名詞,形状詞可能,*,*,*
共同	キョウドウ	7865	名詞,普通名詞,サ変可能,*,*,*
良心	リョウシン	7866	名詞,普通名詞,一般,*,*,*
組み立てる	クミタテル	7867	動詞,一般,*,*,下一段-タ行,終止形-一般
日間	ヒアイ	7868	名詞,普通名詞,助数詞可能,*,*,*
古くから	フルクカラ	7869	名詞+助詞
関東	カントウ	7870	名詞,固有名詞,地名,一般,*,*
発売	ハツバイ	7871	名詞,普通名詞,サ変可能,*,*,*
夜遅く	ヨルオソク	7872	名詞+形容詞
悪者	ワルモノ	7873	名詞,普通名詞,一般,*,*,*
金銭	キンセン	7874	名詞,普通名詞,一般,*,*,*
災害	サイガイ	7875	名詞,普通名詞,一般,*,*,*
しく	シク	7876	動詞,一般,*,*,五段-カ行,終止形-一般
まく	マク	7877	名詞,普通名詞,一般,*,*,*
一端	イッタン	7878	副詞,*,*,*,*,*
困ったこと	コマッタコト	7879	動詞+助動詞+名詞
損なう	ソコナウ	7880	動詞,非自立可能,*,*,五段-ワア行,終止形-一般
すます	スマス	7881	動詞,一般,*,*,五段-サ行,終止形-一般
わきまえる	ワキマエル	7882	動詞,一般,*,*,下一段-ア行,終止形-一般
めったに	メッタニ	7883	形状詞+助動詞
結びつく	ムスビツク	7884	動詞,一般,*,*,五段-カ行,終止形-一般
うら	ウラ	7885	代名詞,*,*,*,*,*
結びつける	ムスビツケル	7886	動詞,一般,*,*,下一段-カ行,終止形-一般
見当がつく	ケントウガツク	7887	名詞+助詞+動詞
にあたり	ニアタリ	7888	助詞+動詞
支払い	シハライ	7889	名詞,普通名詞,一般,*,*,*
かぶせる	カブセル	7890	動詞,一般,*,*,下一段-サ行,終止形-一般
ありのまま	アリノママ	7891	名詞,普通名詞,副詞可能,*,*,*
けが	ケガ	7892	名詞,普通名詞,サ変可能,*,*,*
手をつける	テヲツケル	7893	名詞+助詞+動詞
あおる	アオル	7894	感動詞+動詞
早すぎる	ハヤスギル	7895	形容詞+動詞
ばかりか	バカリカ	7896	助詞+助詞
立ち会う	タチアウ	7897	動詞,一般,*,*,五段-ワア行,終止形-一般
顧みる	カエリミル	7898	動詞,一般,*,*,上一段-マ行,終止形-一般
このところ	コノトコロ	7899	連体詞+名詞
しかた	シカタ	7900	名詞,普通名詞,一般,*,*,*
次	ジ	7901	名詞,普通名詞,一般,*,*,*
各	オノオノ	7902	接頭辞,*,*,*,*,*
中にも	ナカニモ	7903	名詞+助詞+助詞
不都合	フツゴウ	7904	名詞,普通名詞,形状詞可能,*,*,*
短期間	タンキカン	7905	名詞,普通名詞,副詞可能,*,*,*
気がある	キガアル	7906	名詞+助詞+動詞
世話をする	セワヲスル	7907	名詞+助詞+動詞
撤回	テッカイ	7908	名詞,普通名詞,サ変可能,*,*,*
半数	ハンスウ	7909	名詞,普通名詞,一般,*,*,*
方向性	ホウコウセイ	7910	名詞,普通名詞,一般,*,*,*
後押し	アトオシ	7911	名詞,普通名詞,サ変可能,*,*,*
断固	ダンコ	7912	形状詞,タリ,*,*,*,*
収集	シュウシュウ	7913	名詞,普通名詞,サ変可能,*,*,*
平日	ヘイジツ	7914	名詞,普通名詞,副詞可能,*,*,*
軽快	ケイカイ	7915	名詞,普通名詞,サ変形状詞可能,*,*,*
実物	ジツブツ	7916	名詞,普通名詞,一般,*,*,*
想像力	ソウゾウリョク	7917	名詞,普通名詞,一般,*,*,*
理想的	リソウテキ	7918	名詞,普通名詞,形状詞可能,*,*,*
思う存分	オモウゾンブン	7919	動詞+形状詞
軸	ジク	7920	名詞,普通名詞,一般,*,*,*
痛感	ツウカン	7921	名詞,普通名詞,サ変可能,*,*,*
沖	オキ	7922	名詞,普通名詞,一般,*,*,*
集	シュウ	7923	名詞,普通名詞,一般,*,*,*
改まる	アラタマル	7924	動詞,一般,*,*,五段-ラ行,終止形-一般
注視	チュウシ	7925	名詞,普通名詞,サ変可能,*,*,*
災難	サイナン	7926	名詞,普通名詞,一般,*,*,*
劇的	ゲキテキ	7927	形状詞,一般,*,*,*,*
効率的	コウリツテキ	7928	名詞,普通名詞,形状詞可能,*,*,*
遅れ	オクレ	7929	名詞,普通名詞,一般,*,*,*
印象的	インショウテキ	7930	名詞,普通名詞,形状詞可能,*,*,*
身元	ミモト	7931	名詞,普通名詞,一般,*,*,*
中心部	チュウシンブ	7932	名詞+名詞
負	フ	7933	名詞,普通名詞,一般,*,*,*
に当たり	ニアタリ	7934	助詞+動詞
政策	セイサク	7935	名詞,普通名詞,一般,*,*,*
直面	チョクメン	7936	名詞,普通名詞,サ変可能,*,*,*
初めに	ハジメニ	7937	名詞+助詞
料	リョウ	7938	接尾辞,名詞的,一般,*,*,*
偏見	ヘンケン	7939	名詞,普通名詞,一般,*,*,*
歴史的	レキシテキ	7940	名詞,普通名詞,形状詞可能,*,*,*
設立	セツリツ	7941	名詞,普通名詞,サ変可能,*,*,*
転じる	テンジル	7942	動詞,一般,*,*,上一段-ザ行,終止形-一般
ならでは	ナラデハ	7943	助動詞+助詞+助詞
格段	カクダン	7944	形状詞,一般,*,*,*,*
繁栄	ハンエイ	7945	名詞,普通名詞,サ変可能,*,*,*
人気がある	ニンキガアル	7946	名詞+助詞+動詞
事実上	ジジツジョウ	7947	名詞,普通名詞,一般,*,*,*
インタビュー	インタビュー	7948	名詞,普通名詞,サ変可能,*,*,*
かかわらず	カカワラズ	7949	動詞+助動詞
責任を持つ	セキニンヲモツ	7950	名詞+助詞+動詞
混雑	コンザツ	7951	名詞,普通名詞,サ変可能,*,*,*
面積	メンセキ	7952	名詞,普通名詞,一般,*,*,*
代える	カエル	7953	動詞,一般,*,*,下一段-ア行,終止形-一般
調	チョウ	7954	名詞,普通名詞,一般,*,*,*
催す	モヨオス	7955	動詞,一般,*,*,五段-サ行,終止形-一般
導入	ドウニュウ	7956	名詞,普通名詞,サ変可能,*,*,*
メーカー	メーカー	7957	名詞,普通名詞,一般,*,*,*
学生時代	ガクセイジダイ	7958	名詞,普通名詞,一般,*,*,*
南部	ナンブ	7959	名詞,普通名詞,一般,*,*,*
不公平	フコウヘイ	7960	名詞,普通名詞,形状詞可能,*,*,*
に限らず	ニカギラズ	7961	助詞+動詞+助動詞
も一つ	モヒトツ	7962	助詞+名詞+接尾辞
生き生き	イキイキ	7963	副詞,*,*,*,*,*
早める	ハヤメル	7964	動詞,一般,*,*,下一段-マ行,終止形-一般
存続	ソンゾク	7965	名詞,普通名詞,サ変可能,*,*,*
痛める	イタメル	7966	動詞,一般,*,*,下一段-マ行,終止形-一般
このため	コノタメ	7967	連体詞+名詞
と見られる	トミラレル	7968	助詞+動詞+助動詞
農家	ノウカ	7969	名詞,普通名詞,一般,*,*,*
情勢	ジョウセイ	7970	名詞,普通名詞,一般,*,*,*
いと	イト	7971	副詞,*,*,*,*,*
たびたび	タビタビ	7972	副詞,*,*,*,*,*
かれる	カレル	7973	動詞,一般,*,*,下一段-ラ行,終止形-一般
ことし	コトシ	7974	名詞,普通名詞,副詞可能,*,*,*
１万	イチマン	7975	名詞,数詞,*,*,*,*
ふた	フタ	7976	名詞,普通名詞,一般,*,*,*
２週間	ニシュウカン	7977	名詞+名詞
あさ	アサ	7978	名詞,普通名詞,副詞可能,*,*,*
インド	インド	7979	名詞,固有名詞,地名,国,*,*
みずから	ミズカラ	7980	名詞,普通名詞,副詞可能,*,*,*
１０日	トオカ	7981	名詞+名詞
ありあり	アリアリ	7982	副詞,*,*,*,*,*
このように	コノヨウニ	7983	連体詞+形状詞+助動詞
かけ離れる	カケハナレル	7984	動詞,一般,*,*,下一段-ラ行,終止形-一般
さえない	サエナイ	7985	動詞+助動詞
１０時	ジュウジ	7986	名詞+名詞
なれる	ナレル	7987	動詞,非自立可能,*,*,下一段-ラ行,終止形-一般
みなす	ミナス	7988	動詞,一般,*,*,五段-サ行,終止形-一般
５日	イツカ	7989	名詞+接尾辞
またがる	マタガル	7990	感動詞+助動詞
４年	ヨネン	7991	名詞+名詞
とらわれる	トラワレル	7992	動詞,一般,*,*,下一段-ラ行,終止形-一般
急に	キュウニ	7993	名詞+助動詞
心がける	ココロガケル	7994	動詞,一般,*,*,下一段-カ行,終止形-一般
はねる	ハネル	7995	動詞,一般,*,*,下一段-ナ行,終止形-一般
心身	シンシン	7996	名詞,普通名詞,一般,*,*,*
５	ゴ	7997	名詞,数詞,*,*,*,*
４つ	ヨッツ	7998	名詞+接尾辞
見なす	ミナス	7999	動詞,一般,*,*,五段-サ行,終止形-一般
しのぐ	シノグ	8000	動詞,一般,*,*,五段-ガ行,終止形-一般
末	マツ	8001	名詞,普通名詞,副詞可能,*,*,*
着	チャク	8002	名詞,普通名詞,一般,*,*,*
文書	ブンショ	8003	名詞,普通名詞,一般,*,*,*
尽力	ジンリョク	8004	名詞,普通名詞,サ変可能,*,*,*
診断	シンダン	8005	名詞,普通名詞,サ変可能,*,*,*
交互に	コウゴニ	8006	名詞+助詞
日程	ニッテイ	8007	名詞,普通名詞,一般,*,*,*
請求	セイキュウ	8008	名詞,普通名詞,サ変可能,*,*,*
毎日毎日	マイニチマイニチ	8009	名詞+名詞
浸透	シントウ	8010	名詞,普通名詞,サ変可能,*,*,*
省く	ハブク	8011	動詞,一般,*,*,五段-カ行,終止形-一般
悩ます	ナヤマス	8012	動詞,一般,*,*,五段-サ行,終止形-一般
必要性	ヒツヨウセイ	8013	名詞,普通名詞,一般,*,*,*
その一方	ソノイッポウ	8014	連体詞+名詞
妨げる	サマタゲル	8015	動詞,一般,*,*,下一段-ガ行,終止形-一般
便	ビン	8016	名詞,普通名詞,一般,*,*,*
費	ヒ	8017	接尾辞,名詞的,一般,*,*,*
脱する	ダッスル	8018	動詞,一般,*,*,サ行変格,終止形-一般
正午	ショウゴ	8019	名詞,普通名詞,副詞可能,*,*,*
典型的	テンケイテキ	8020	名詞,普通名詞,形状詞可能,*,*,*
親しみ	シタシミ	8021	名詞,普通名詞,一般,*,*,*
容疑	ヨウギ	8022	名詞,普通名詞,一般,*,*,*
営む	イトナム	8023	動詞,一般,*,*,五段-マ行,終止形-一般
日常生活	ニチジョウセイカツ	8024	名詞,普通名詞,一般,*,*,*
実質的	ジッシツテキ	8025	名詞,普通名詞,形状詞可能,*,*,*
手法	シュホウ	8026	名詞,普通名詞,一般,*,*,*
格別	カクベツ	8027	形状詞,一般,*,*,*,*
適用	テキヨウ	8028	名詞,普通名詞,サ変可能,*,*,*
着実	チャクジツ	8029	形状詞,一般,*,*,*,*
順序	ジュンジョ	8030	名詞,普通名詞,一般,*,*,*
実態	ジッタイ	8031	名詞,普通名詞,一般,*,*,*
全体で	ゼンタイデ	8033	名詞+助動詞
改革	カイカク	8034	名詞,普通名詞,サ変可能,*,*,*
無条件	ムジョウケン	8035	名詞,普通名詞,一般,*,*,*
受け付ける	ウケツケル	8036	動詞,一般,*,*,下一段-カ行,終止形-一般
付け	ツケ	8037	名詞,普通名詞,一般,*,*,*
転落	テンラク	8038	名詞,普通名詞,サ変可能,*,*,*
措置	ソチ	8039	名詞,普通名詞,サ変可能,*,*,*
歴代	レキダイ	8040	名詞,普通名詞,一般,*,*,*
毎月	マイツキ	8041	名詞,普通名詞,副詞可能,*,*,*
富む	トム	8042	動詞,一般,*,*,五段-マ行,終止形-一般
極度	キョクド	8043	名詞,普通名詞,形状詞可能,*,*,*
戦後	センゴ	8044	名詞,普通名詞,副詞可能,*,*,*
言い渡す	イイワタス	8045	動詞,一般,*,*,五段-サ行,終止形-一般
従来	ジュウライ	8046	名詞,普通名詞,副詞可能,*,*,*
試み	ココロミ	8047	名詞,普通名詞,一般,*,*,*
日常的	ニチジョウテキ	8048	名詞,普通名詞,形状詞可能,*,*,*
柔軟	ジュウナン	8049	形状詞,一般,*,*,*,*
掲載	ケイサイ	8050	名詞,普通名詞,サ変可能,*,*,*
担当者	タントウシャ	8051	名詞,普通名詞,一般,*,*,*
世界的	セカイテキ	8052	名詞,普通名詞,形状詞可能,*,*,*
防止	ボウシ	8053	名詞,普通名詞,サ変可能,*,*,*
病気になる	ビョウキニナル	8054	名詞+助詞+動詞
経済的	ケイザイテキ	8055	名詞,普通名詞,形状詞可能,*,*,*
横浜	ヨコハマ	8056	名詞,固有名詞,地名,一般,*,*
自分なり	ジブンナリ	8057	名詞+助動詞
発信	ハッシン	8058	名詞,普通名詞,サ変可能,*,*,*
言及	ゲンキュウ	8059	名詞,普通名詞,サ変可能,*,*,*
県	ケン	8060	名詞,普通名詞,一般,*,*,*
実施	ジッシ	8061	名詞,普通名詞,サ変可能,*,*,*
近年	キンネン	8062	名詞,普通名詞,副詞可能,*,*,*
普及	フキュウ	8063	名詞,普通名詞,サ変可能,*,*,*
原則	ゲンソク	8064	名詞,普通名詞,副詞可能,*,*,*
訴え	ウッタエ	8065	名詞,普通名詞,一般,*,*,*
進出	シンシュツ	8066	名詞,普通名詞,サ変可能,*,*,*
住宅	ジュウタク	8067	名詞,普通名詞,一般,*,*,*
携わる	タズサワル	8068	動詞,一般,*,*,五段-ラ行,終止形-一般
インターネット	インターネット	8069	名詞,普通名詞,一般,*,*,*
転換	テンカン	8070	名詞,普通名詞,サ変可能,*,*,*
ビジネス	ビジネス	8071	名詞,普通名詞,一般,*,*,*
産業	サンギョウ	8072	名詞,普通名詞,一般,*,*,*
第一歩	ダイイッポ	8073	接頭辞+名詞+名詞
自立	ジリツ	8074	名詞,普通名詞,サ変可能,*,*,*
民間	ミンカン	8075	名詞,普通名詞,一般,*,*,*
定着	テイチャク	8076	名詞,普通名詞,サ変可能,*,*,*
望ましい	ノゾマシイ	8077	形容詞,一般,*,*,形容詞,終止形-一般
好	コウ	8078	名詞,固有名詞,人名,名,*,*
長期	チョウキ	8079	名詞,普通名詞,一般,*,*,*
不当	フトウ	8080	形状詞,一般,*,*,*,*
影響を及ぼす	エイキョウヲオヨボス	8081	名詞+助詞+動詞
厳格	ゲンカク	8082	形状詞,一般,*,*,*,*
個別	コベツ	8083	名詞,普通名詞,形状詞可能,*,*,*
協議	キョウギ	8084	名詞,普通名詞,サ変可能,*,*,*
メディア	メディア	8085	名詞,普通名詞,一般,*,*,*
規制	キセイ	8086	名詞,普通名詞,サ変可能,*,*,*
４時	ヨジ	8087	名詞+名詞
５時	ゴジ	8088	名詞+名詞
４月	シガツ	8089	名詞+名詞
ためる	タメル	8090	動詞,一般,*,*,下一段-マ行,終止形-一般
当てはまる	アテハマル	8091	動詞,一般,*,*,五段-ラ行,終止形-一般
８時	ハチジ	8092	名詞+名詞
思いやり	オモイヤリ	8093	名詞,普通名詞,一般,*,*,*
はじめとする	ハジメトスル	8094	名詞+助詞+動詞
４日	ヨッカ	8095	名詞+接尾辞
ならう	ナラウ	8096	動詞,一般,*,*,五段-ワア行,終止形-一般
９時	クジ	8097	名詞+名詞
６時	ロクジ	8098	名詞+名詞
７時	シチジ	8099	名詞+名詞
つなげる	ツナゲル	8100	動詞,一般,*,*,下一段-ガ行,終止形-一般
合意	ゴウイ	8101	名詞,普通名詞,サ変可能,*,*,*
観点	カンテン	8102	名詞,普通名詞,一般,*,*,*
全般	ゼンパン	8103	名詞,普通名詞,一般,*,*,*
教訓	キョウクン	8104	名詞,普通名詞,サ変可能,*,*,*
両国	リョウコク	8105	名詞,普通名詞,一般,*,*,*
景気	ケイキ	8106	名詞,普通名詞,一般,*,*,*
会見	カイケン	8107	名詞,普通名詞,サ変可能,*,*,*
輸入	ユニュウ	8108	名詞,普通名詞,サ変可能,*,*,*
意欲	イヨク	8109	名詞,普通名詞,一般,*,*,*
余儀なくされる	ヨギナクサレル	8110	名詞+形容詞+動詞+助動詞
相次ぐ	アイツグ	8111	接頭辞+動詞
役割を果たす	ヤクワリヲハタス	8112	名詞+助詞+動詞
国際	コクサイ	8113	名詞,普通名詞,一般,*,*,*
緩和	カンワ	8114	名詞,普通名詞,サ変可能,*,*,*
不可欠	フカケツ	8115	形状詞,一般,*,*,*,*
先立つ	サキダツ	8116	動詞,一般,*,*,五段-タ行,終止形-一般
東京都	トウキョウト	8117	名詞,固有名詞,地名,一般,*,*
打ち出す	ウチダス	8118	動詞,一般,*,*,五段-サ行,終止形-一般
幅広い	ハバヒロイ	8119	形容詞,一般,*,*,形容詞,終止形-一般
冒頭	ボウトウ	8120	名詞,普通名詞,一般,*,*,*
平成	ヘイセイ	8121	名詞,固有名詞,一般,*,*,*
に基づいて	ニモトヅイテ	8122	助詞+動詞+助詞
魔物	マモノ	8123	名詞,普通名詞,一般,*,*,*
俺達	オレタチ	8124	代名詞+接尾辞
殿下	デンカ	8125	名詞,普通名詞,一般,*,*,*
婚約者	コンヤクシャ	8126	名詞,普通名詞,一般,*,*,*
令嬢	レイジョウ	8127	名詞,普通名詞,一般,*,*,*
勇者	ユウシャ	8128	名詞,普通名詞,一般,*,*,*
魔王	マオウ	8129	名詞,普通名詞,一般,*,*,*
陛下	ヘイカ	8130	名詞,普通名詞,一般,*,*,*
スキル	スキル	8131	名詞,普通名詞,一般,*,*,*
隊長	タイチョウ	8132	名詞,普通名詞,一般,*,*,*
魔術	マジュツ	8133	名詞,普通名詞,一般,*,*,*
魔女	マジョ	8134	名詞,普通名詞,一般,*,*,*
国王	コクオウ	8135	名詞,普通名詞,一般,*,*,*
王都	オウト	8136	名詞,普通名詞,一般,*,*,*
お姉	オネエ	8137	接頭辞+名詞
結界	ケッカイ	8138	名詞,普通名詞,一般,*,*,*
帝国	テイコク	8139	名詞,普通名詞,一般,*,*,*
頰	ホオ	8140	名詞,普通名詞,一般,*,*,*
嬢	ジョウ	8141	名詞,普通名詞,一般,*,*,*
伯爵	ハクシャク	8142	名詞,普通名詞,一般,*,*,*
姉さん	ネエサン	8143	名詞,普通名詞,一般,*,*,*
精霊	セイレイ	8144	名詞,普通名詞,一般,*,*,*
スマホ	スマホ	8145	名詞,普通名詞,一般,*,*,*
族	ゾク	8146	名詞,普通名詞,一般,*,*,*
召喚	ショウカン	8147	名詞,普通名詞,サ変可能,*,*,*
王族	オウゾク	8148	名詞,普通名詞,一般,*,*,*
使用人	シヨウニン	8149	名詞,普通名詞,一般,*,*,*
おっぱい	オッパイ	8150	名詞,普通名詞,一般,*,*,*
公爵	コウシャク	8151	名詞,普通名詞,一般,*,*,*
王女	オウジョ	8152	名詞,普通名詞,一般,*,*,*
筈	ハズ	8153	名詞,普通名詞,一般,*,*,*
水着	ミズギ	8154	名詞,普通名詞,一般,*,*,*
ウチ	ウチ	8155	名詞,普通名詞,一般,*,*,*
父上	チチウエ	8156	名詞+接尾辞
刑事	ケイジ	8157	名詞,普通名詞,一般,*,*,*
勿論	モチロン	8158	副詞,*,*,*,*,*
魔法使い	マホウツカイ	8159	名詞+名詞
声を掛ける	コエヲカケル	8160	名詞+助詞+動詞
兵器	ヘイキ	8161	名詞,普通名詞,一般,*,*,*
討伐	トウバツ	8162	名詞,普通名詞,サ変可能,*,*,*
エッチ	エッチ	8163	名詞,普通名詞,サ変形状詞可能,*,*,*
クラスメイト	クラスメイト	8164	名詞,普通名詞,一般,*,*,*
将軍	ショウグン	8165	名詞,普通名詞,一般,*,*,*
噓	ウソ	8166	名詞,普通名詞,一般,*,*,*
妖精	ヨウセイ	8167	名詞,普通名詞,一般,*,*,*
ボス	ボス	8168	名詞,普通名詞,一般,*,*,*
流石に	サスガニ	8169	副詞+助詞
騎士団	キシダン	8170	名詞,普通名詞,一般,*,*,*
種族	シュゾク	8171	名詞,普通名詞,一般,*,*,*
領地	リョウチ	8172	名詞,普通名詞,一般,*,*,*
属性	ゾクセイ	8173	名詞,普通名詞,一般,*,*,*
リビング	リビング	8174	名詞,普通名詞,一般,*,*,*
寮	リョウ	8175	名詞,普通名詞,一般,*,*,*
兄様	ニイサマ	8176	名詞+接尾辞
侍女	ジジョ	8177	名詞,普通名詞,一般,*,*,*
冒険者	ボウケンシャ	8178	名詞,普通名詞,一般,*,*,*
貴女	キジョ	8179	名詞,普通名詞,一般,*,*,*
王宮	オウキュウ	8180	名詞,普通名詞,一般,*,*,*
異世界	イセカイ	8181	名詞,普通名詞,一般,*,*,*
アイテム	アイテム	8182	名詞,普通名詞,一般,*,*,*
龍	リュウ	8183	名詞,普通名詞,一般,*,*,*
洞窟	ドウクツ	8184	名詞,普通名詞,一般,*,*,*
ランク	ランク	8185	名詞,普通名詞,サ変可能,*,*,*
変身	ヘンシン	8186	名詞,普通名詞,サ変可能,*,*,*
アンタ	アンタ	8187	代名詞,*,*,*,*,*
このうち	コノウチ	8188	連体詞+名詞
身につく	ミニツク	8189	名詞+助詞+動詞
じゃねー	ジャネー	8190	接続詞+助詞
基づく	モトヅク	8191	動詞,一般,*,*,五段-カ行,終止形-一般
オレ	オレ	8192	代名詞,*,*,*,*,*
アイツ	アイツ	8193	代名詞,*,*,*,*,*
ボク	ボク	8194	代名詞,*,*,*,*,*
３月	サンガツ	8195	名詞+名詞
キミ	キミ	8196	代名詞,*,*,*,*,*
はじめに	ハジメニ	8197	名詞+助詞
ハァ	ハァ	8198	感動詞,一般,*,*,*,*
そなた	ソナタ	8199	代名詞,*,*,*,*,*
きみ	キミ	8200	代名詞,*,*,*,*,*
石	セキ	8201	名詞,普通名詞,一般,*,*,*
モンスター	モンスター	8202	名詞,普通名詞,一般,*,*,*
近付く	チカヅク	8203	動詞,一般,*,*,五段-カ行,終止形-一般
領	リョウ	8204	名詞,固有名詞,人名,名,*,*
領主	リョウシュ	8205	名詞,普通名詞,一般,*,*,*
弾丸	ダンガン	8206	名詞,普通名詞,一般,*,*,*
街道	カイドウ	8207	名詞,普通名詞,一般,*,*,*
双子	フタゴ	8208	名詞,普通名詞,一般,*,*,*
嚙む	カム	8209	動詞,一般,*,*,五段-マ行,終止形-一般
王様	オウサマ	8210	名詞,普通名詞,一般,*,*,*
ドラゴン	ドラゴン	8211	名詞,普通名詞,一般,*,*,*
転移	テンイ	8212	名詞,普通名詞,サ変可能,*,*,*
ギルド	ギルド	8213	名詞,普通名詞,一般,*,*,*
当主	トウシュ	8214	名詞,普通名詞,一般,*,*,*
執事	シツジ	8215	名詞,普通名詞,一般,*,*,*
魔術師	マジュツシ	8216	名詞,普通名詞,一般,*,*,*
○	マル	8217	
里	サト	8218	名詞,普通名詞,一般,*,*,*
兄ちゃん	ニイチャン	8219	名詞,普通名詞,一般,*,*,*
喰らう	クラウ	8220	動詞,一般,*,*,五段-ワア行,終止形-一般
皇帝	コウテイ	8221	名詞,普通名詞,一般,*,*,*
王家	オウケ	8222	名詞,普通名詞,一般,*,*,*
相棒	アイボウ	8223	名詞,普通名詞,一般,*,*,*
お前さん	オマエサン	8224	代名詞+接尾辞
旦那様	ダンナサマ	8225	名詞+接尾辞
狩る	カル	8226	動詞,一般,*,*,五段-ラ行,終止形-一般
漆黒	シッコク	8227	名詞,普通名詞,一般,*,*,*
前世	ゼンセイ	8228	名詞,普通名詞,一般,*,*,*
摑む	ツカム	8229	動詞,一般,*,*,五段-マ行,終止形-一般
ヒロイン	ヒロイン	8230	名詞,普通名詞,一般,*,*,*
暗殺	アンサツ	8231	名詞,普通名詞,サ変可能,*,*,*
祭	マツリ	8232	名詞,普通名詞,一般,*,*,*
エレベーター	エレベーター	8233	名詞,普通名詞,一般,*,*,*
お嬢	オジョウ	8234	接頭辞+名詞
団長	ダンチョウ	8235	名詞,普通名詞,一般,*,*,*
呻く	ウメク	8236	動詞,一般,*,*,五段-カ行,終止形-一般
飛行	ヒコウ	8237	名詞,普通名詞,サ変可能,*,*,*
店長	テンチョウ	8238	名詞,普通名詞,一般,*,*,*
王妃	オウヒ	8239	名詞,普通名詞,一般,*,*,*
生徒会	セイトカイ	8240	名詞,普通名詞,一般,*,*,*
聖女	セイジョ	8241	名詞,普通名詞,一般,*,*,*
神殿	シンデン	8242	名詞,普通名詞,一般,*,*,*
呟き	ツブヤキ	8243	名詞,普通名詞,一般,*,*,*
強張る	コワバル	8244	動詞,一般,*,*,五段-ラ行,終止形-一般
姉ちゃん	ネエチャン	8245	名詞,普通名詞,一般,*,*,*
マント	マント	8246	名詞,普通名詞,一般,*,*,*
巨体	キョタイ	8247	名詞,普通名詞,一般,*,*,*
プレイ	プレイ	8248	名詞,普通名詞,サ変可能,*,*,*
声音	セイオン	8249	名詞,普通名詞,一般,*,*,*
股間	コカン	8250	名詞,普通名詞,一般,*,*,*
鞘	サヤ	8251	名詞,普通名詞,一般,*,*,*
平民	ヘイミン	8252	名詞,普通名詞,一般,*,*,*
クッキー	クッキー	8253	名詞,普通名詞,一般,*,*,*
何処	ドコ	8254	代名詞,*,*,*,*,*
エリア	エリア	8255	名詞,普通名詞,一般,*,*,*
討つ	ウツ	8256	動詞,一般,*,*,五段-タ行,終止形-一般
厨房	チュウボウ	8257	名詞,普通名詞,一般,*,*,*
叩き込む	タタキコム	8258	動詞,一般,*,*,五段-マ行,終止形-一般
村人	ムラビト	8259	名詞,普通名詞,一般,*,*,*
つーか	ツーカ	8260	助動詞+助詞
云う	イウ	8261	動詞,一般,*,*,五段-ワア行,終止形-一般
弾く	ハジク	8262	動詞,一般,*,*,五段-カ行,終止形-一般
足下	アシモト	8263	名詞,普通名詞,一般,*,*,*
侯爵	コウシャク	8264	名詞,普通名詞,一般,*,*,*
屋台	ヤタイ	8265	名詞,普通名詞,一般,*,*,*
息を呑む	イキヲノム	8266	名詞+助詞+動詞
加護	カゴ	8267	名詞,普通名詞,サ変可能,*,*,*
盗賊	トウゾク	8268	名詞,普通名詞,一般,*,*,*
クリスマス	クリスマス	8269	名詞,普通名詞,一般,*,*,*
仕留める	シトメル	8270	動詞,一般,*,*,下一段-マ行,終止形-一般
ねん	ネン	8271	助詞,終助詞,*,*,*,*
卿	キョウ	8272	名詞,普通名詞,一般,*,*,*
探偵	タンテイ	8273	名詞,普通名詞,サ変可能,*,*,*
訊ねる	タズネル	8274	動詞,一般,*,*,下一段-ナ行,終止形-一般
使者	シシャ	8275	名詞,普通名詞,一般,*,*,*
激突	ゲキトツ	8276	名詞,普通名詞,サ変可能,*,*,*
細める	ホソメル	8277	動詞,一般,*,*,下一段-マ行,終止形-一般
方が良い	ホウガイイ	8278	名詞+助詞+形容詞
ぬいぐるみ	ヌイグルミ	8279	名詞,普通名詞,一般,*,*,*
事はない	コトハナイ	8280	名詞+助詞+形容詞
コイツ	コイツ	8282	代名詞,*,*,*,*,*
首をかしげる	クビヲカシゲル	8283	名詞+助詞+動詞
アタシ	アタシ	8284	代名詞,*,*,*,*,*
さー	サー	8285	助詞,終助詞,*,*,*,*
ご主人様	ゴシュジンサマ	8286	接頭辞+名詞+接尾辞
ハア	ハア	8287	感動詞,一般,*,*,*,*
パーティ	パーティ	8288	名詞,普通名詞,一般,*,*,*
うしろ	ウシロ	8289	名詞,普通名詞,一般,*,*,*
ウサギ	ウサギ	8290	名詞,普通名詞,一般,*,*,*
なにせ	ナニセ	8291	副詞,*,*,*,*,*
アハハ	アハハ	8292	感動詞,一般,*,*,*,*
気持	キモチ	8293	名詞,普通名詞,一般,*,*,*
分る	ワカル	8294	動詞,一般,*,*,五段-ラ行,終止形-一般
コレ	コレ	8295	代名詞,*,*,*,*,*
見やる	ミヤル	8296	動詞,一般,*,*,五段-ラ行,終止形-一般
ううむ	ウウム	8297	感動詞,一般,*,*,*,*
仰る	オッシャル	8298	動詞,一般,*,*,五段-ラ行,終止形-一般
おじいちゃん	オジイチャン	8299	接頭辞+名詞+接尾辞
ぜんぜん	ゼンゼン	8300	副詞,*,*,*,*,*
警官	ケイカン	8301	名詞,普通名詞,一般,*,*,*
唾液	ダエキ	8302	名詞,普通名詞,一般,*,*,*
ワンピース	ワンピース	8303	名詞,固有名詞,一般,*,*,*
薔薇	バラ	8304	名詞,普通名詞,一般,*,*,*
ロボット	ロボット	8305	名詞,普通名詞,一般,*,*,*
軍人	グンジン	8306	名詞,普通名詞,一般,*,*,*
拳銃	ケンジュウ	8307	名詞,普通名詞,一般,*,*,*
ピアノ	ピアノ	8308	名詞,普通名詞,一般,*,*,*
部員	ブイン	8309	名詞,普通名詞,一般,*,*,*
握り締める	ニギリシメル	8310	動詞,一般,*,*,下一段-マ行,終止形-一般
蹴り	ケリ	8311	名詞,普通名詞,一般,*,*,*
病室	ビョウシツ	8312	名詞,普通名詞,一般,*,*,*
包帯	ホウタイ	8313	名詞,普通名詞,一般,*,*,*
じゃろう	ジャロウ	8314	助動詞,*,*,*,助動詞-ジャ,意志推量形
従者	ジュウシャ	8315	名詞,普通名詞,一般,*,*,*
事にする	コトニスル	8316	名詞+助詞+動詞
見張り	ミハリ	8317	動詞,一般,*,*,五段-ラ行,連用形-一般
乳首	チクビ	8318	名詞,普通名詞,一般,*,*,*
むむ	ムム	8319	感動詞,一般,*,*,*,*
銃声	ジュウセイ	8320	名詞,普通名詞,一般,*,*,*
ちん	チン	8321	副詞,*,*,*,*,*
躊躇う	タメラウ	8322	動詞,一般,*,*,五段-ワア行,終止形-一般
坊	ボウ	8323	名詞,普通名詞,一般,*,*,*
ロープ	ロープ	8324	名詞,普通名詞,一般,*,*,*
くすくす	クスクス	8325	副詞,*,*,*,*,*
締め付ける	シメツケル	8326	動詞,一般,*,*,下一段-カ行,終止形-一般
カフェ	カフェ	8327	名詞,普通名詞,一般,*,*,*
結晶	ケッショウ	8328	名詞,普通名詞,サ変可能,*,*,*
広間	ヒロマ	8329	名詞,普通名詞,一般,*,*,*
ヶ	ヶ	8330	
砂漠	サバク	8331	名詞,普通名詞,一般,*,*,*
叔父	オジ	8332	名詞,普通名詞,一般,*,*,*
巫女	ミコ	8333	名詞,普通名詞,一般,*,*,*
大将	タイショウ	8334	名詞,普通名詞,一般,*,*,*
テント	テント	8335	名詞,普通名詞,一般,*,*,*
モニター	モニター	8336	名詞,普通名詞,サ変可能,*,*,*
絶頂	ゼッチョウ	8337	名詞,普通名詞,一般,*,*,*
部室	ブシツ	8338	名詞,普通名詞,一般,*,*,*
潜入	センニュウ	8339	名詞,普通名詞,サ変可能,*,*,*
感知	カンチ	8340	名詞,普通名詞,サ変可能,*,*,*
邪悪	ジャアク	8341	名詞,普通名詞,形状詞可能,*,*,*
お陰で	オカゲデ	8342	名詞+助動詞
鋼	ハガネ	8343	名詞,普通名詞,一般,*,*,*
マイク	マイク	8344	名詞,普通名詞,一般,*,*,*
気持ち良い	キモチイイ	8345	名詞+形容詞
剣士	ケンシ	8346	名詞,普通名詞,一般,*,*,*
怯む	ヒルム	8347	動詞,一般,*,*,五段-マ行,終止形-一般
バイク	バイク	8348	名詞,普通名詞,一般,*,*,*
治癒	チユ	8349	名詞,普通名詞,サ変可能,*,*,*
ローブ	ローブ	8350	名詞,普通名詞,一般,*,*,*
蠢く	ウゴメク	8351	動詞,一般,*,*,五段-カ行,終止形-一般
庭園	テイエン	8352	名詞,普通名詞,一般,*,*,*
抱き締める	ダキシメル	8353	動詞,一般,*,*,下一段-マ行,終止形-一般
解る	ワカル	8354	動詞,一般,*,*,五段-ラ行,終止形-一般
フロア	フロア	8355	名詞,普通名詞,一般,*,*,*
檻	オリ	8356	名詞,普通名詞,一般,*,*,*
包囲	ホウイ	8357	名詞,普通名詞,サ変可能,*,*,*
咆哮	ホウコウ	8358	名詞,普通名詞,サ変可能,*,*,*
乳房	チブサ	8359	名詞,普通名詞,一般,*,*,*
ああん	アアン	8360	感動詞,一般,*,*,*,*
推理	スイリ	8361	名詞,普通名詞,サ変可能,*,*,*
軋む	キシム	8362	動詞,一般,*,*,五段-マ行,終止形-一般
雫	シズク	8363	名詞,普通名詞,一般,*,*,*
如き	ゴトキ	8364	助動詞,*,*,*,文語助動詞-ゴトシ,連体形-一般
胴体	ドウタイ	8365	名詞,普通名詞,一般,*,*,*
戦術	センジュツ	8366	名詞,普通名詞,一般,*,*,*
閣下	カッカ	8367	名詞,普通名詞,一般,*,*,*
男爵	ダンシャク	8368	名詞,普通名詞,一般,*,*,*
煙草	タバコ	8369	名詞,普通名詞,一般,*,*,*
無傷	ムキズ	8370	名詞,普通名詞,形状詞可能,*,*,*
決闘	ケットウ	8371	名詞,普通名詞,サ変可能,*,*,*
轟音	ゴウオン	8372	名詞,普通名詞,一般,*,*,*
突き立てる	ツキタテル	8373	動詞,一般,*,*,下一段-タ行,終止形-一般
フード	フード	8374	名詞,普通名詞,一般,*,*,*
魔法陣	マホウジン	8375	名詞+名詞
ぶっちゃける	ブッチャケル	8376	動詞,一般,*,*,下一段-カ行,終止形-一般
体育館	タイイクカン	8377	名詞,普通名詞,一般,*,*,*
耐性	タイセイ	8378	名詞,普通名詞,一般,*,*,*
長身	チョウシン	8379	名詞,普通名詞,一般,*,*,*
向う	ムカウ	8380	名詞,普通名詞,一般,*,*,*
ソファー	ソファー	8381	名詞,普通名詞,一般,*,*,*
はー	ハー	8382	感動詞,一般,*,*,*,*
一ヶ月	イッカゲツ	8383	名詞+名詞
凍りつく	コオリツク	8384	動詞,一般,*,*,五段-カ行,終止形-一般
灯り	アカリ	8385	名詞,普通名詞,一般,*,*,*
あははは	アハハハ	8386	感動詞,一般,*,*,*,*
ネズミ	ネズミ	8387	名詞,普通名詞,一般,*,*,*
悲鳴をあげる	ヒメイヲアゲル	8388	名詞+助詞+動詞
ツッコミ	ツッコミ	8389	名詞,普通名詞,一般,*,*,*
クズ	クズ	8390	名詞,普通名詞,一般,*,*,*
おっきい	オッキイ	8391	形容詞,一般,*,*,形容詞,終止形-一般
だいじょうぶ	ダイジョウブ	8392	形状詞,一般,*,*,*,*
デカい	デカイ	8393	形容詞,一般,*,*,形容詞,終止形-一般
なにしろ	ナニシロ	8394	副詞,*,*,*,*,*
我らが	ワレラガ	8395	代名詞+接尾辞+助詞
間合い	マアイ	8396	名詞,普通名詞,一般,*,*,*
ふい	フイ	8397	副詞,*,*,*,*,*
ご主人	ゴシュジン	8398	接頭辞+名詞
あのう	アノウ	8399	感動詞,フィラー,*,*,*,*
あいだ	アイダ	8400	名詞,普通名詞,副詞可能,*,*,*
炎	エン	8401	名詞,普通名詞,一般,*,*,*
真	シン	8402	名詞,普通名詞,一般,*,*,*
アイス	アイス	8403	名詞,普通名詞,一般,*,*,*
丁度	チョウド	8404	副詞,*,*,*,*,*
淹れる	イレル	8405	動詞,一般,*,*,下一段-ラ行,終止形-一般
中々	ナカナカ	8406	副詞,*,*,*,*,*
激痛	ゲキツウ	8407	名詞,普通名詞,一般,*,*,*
崎	サキ	8408	名詞,普通名詞,一般,*,*,*
同盟	ドウメイ	8409	名詞,普通名詞,サ変可能,*,*,*
執務室	シツムシツ	8410	名詞+接尾辞
補給	ホキュウ	8411	名詞,普通名詞,サ変可能,*,*,*
チョコ	チョコ	8412	名詞,普通名詞,一般,*,*,*
折角	セッカク	8413	副詞,*,*,*,*,*
容易い	タヤスイ	8414	形容詞,一般,*,*,形容詞,終止形-一般
先代	センダイ	8415	名詞,普通名詞,一般,*,*,*
砦	トリデ	8416	名詞,普通名詞,一般,*,*,*
子供達	コドモタチ	8417	名詞,普通名詞,一般,*,*,*
薬草	ヤクソウ	8418	名詞,普通名詞,一般,*,*,*
護る	マモル	8419	動詞,一般,*,*,五段-ラ行,終止形-一般
突き上げる	ツキアゲル	8420	動詞,一般,*,*,下一段-ガ行,終止形-一般
習得	シュウトク	8421	名詞,普通名詞,サ変可能,*,*,*
援護	エンゴ	8422	名詞,普通名詞,サ変可能,*,*,*
担任	タンニン	8423	名詞,普通名詞,サ変可能,*,*,*
追撃	ツイゲキ	8424	名詞,普通名詞,サ変可能,*,*,*
視線を落とす	シセンヲオトス	8425	名詞+助詞+動詞
お前達	オマエタチ	8426	代名詞+接尾辞
跳躍	チョウヤク	8427	名詞,普通名詞,サ変可能,*,*,*
迷宮	メイキュウ	8428	名詞,普通名詞,一般,*,*,*
触手	ショクシュ	8429	名詞,普通名詞,一般,*,*,*
温もり	ヌクモリ	8430	名詞,普通名詞,一般,*,*,*
エプロン	エプロン	8431	名詞,普通名詞,一般,*,*,*
上級	ジョウキュウ	8432	名詞,普通名詞,一般,*,*,*
壁際	カベギワ	8433	名詞,普通名詞,一般,*,*,*
事が出来る	コトガデキル	8434	名詞+助詞+動詞
祖母	ソボ	8435	名詞,普通名詞,一般,*,*,*
課	カ	8436	名詞,普通名詞,助数詞可能,*,*,*
判る	ワカル	8437	動詞,一般,*,*,五段-ラ行,終止形-一般
凛	リン	8438	名詞,普通名詞,一般,*,*,*
酒場	サカバ	8439	名詞,普通名詞,一般,*,*,*
変装	ヘンソウ	8440	名詞,普通名詞,サ変可能,*,*,*
坊主	ボウズ	8441	名詞,普通名詞,一般,*,*,*
迂闊	ウカツ	8442	名詞,普通名詞,形状詞可能,*,*,*
草原	ソウゲン	8443	名詞,普通名詞,一般,*,*,*
壊滅	カイメツ	8444	名詞,普通名詞,サ変可能,*,*,*
汝	ナ	8445	代名詞,*,*,*,*,*
その辺り	ソノアタリ	8446	連体詞+名詞
有る	アル	8447	動詞,非自立可能,*,*,五段-ラ行,終止形-一般
気合	キアイ	8448	名詞,普通名詞,一般,*,*,*
閃光	センコウ	8449	名詞,普通名詞,一般,*,*,*
筆頭	ヒットウ	8450	名詞,普通名詞,一般,*,*,*
決戦	ケッセン	8451	名詞,普通名詞,サ変可能,*,*,*
チケット	チケット	8452	名詞,普通名詞,一般,*,*,*
精液	セイエキ	8453	名詞,普通名詞,一般,*,*,*
ステータス	ステータス	8454	名詞,普通名詞,一般,*,*,*
混じり	マジリ	8455	動詞,一般,*,*,五段-ラ行,連用形-一般
ひょっとしたら	ヒョットシタラ	8456	副詞+動詞+助動詞
鑑定	カンテイ	8457	名詞,普通名詞,サ変可能,*,*,*
辺境	ヘンキョウ	8458	名詞,普通名詞,一般,*,*,*
無し	ナシ	8459	名詞,普通名詞,一般,*,*,*
足止め	アシドメ	8460	名詞,普通名詞,サ変可能,*,*,*
繋がり	ツナガリ	8461	名詞,普通名詞,一般,*,*,*
列車	レッシャ	8462	名詞,普通名詞,一般,*,*,*
斧	オノ	8463	名詞,普通名詞,一般,*,*,*
昨晩	サクバン	8464	名詞,普通名詞,一般,*,*,*
次期	ジキ	8465	名詞,普通名詞,一般,*,*,*
無様	ブザマ	8466	名詞,普通名詞,形状詞可能,*,*,*
浄化	ジョウカ	8467	名詞,普通名詞,サ変可能,*,*,*
傭兵	ヨウヘイ	8468	名詞,普通名詞,一般,*,*,*
凶悪	キョウアク	8469	形状詞,一般,*,*,*,*
エロい	エロイ	8470	形容詞,一般,*,*,形容詞,終止形-一般
兄上	アニウエ	8471	名詞+接尾辞
短剣	タンケン	8472	名詞,普通名詞,一般,*,*,*
歩き始める	アルキハジメル	8473	動詞+動詞
遺跡	イセキ	8474	名詞,普通名詞,一般,*,*,*
水晶	スイショウ	8475	名詞,普通名詞,一般,*,*,*
っつー	ッツー	8476	助動詞,*,*,*,五段-ワア行,終止形-一般
殲滅	センメツ	8477	名詞,普通名詞,サ変可能,*,*,*
邸	テイ	8478	名詞,普通名詞,一般,*,*,*
あの娘	アノコ	8479	連体詞+名詞
絡みつく	カラミツク	8480	動詞,一般,*,*,五段-カ行,終止形-一般
溜息	タメイキ	8481	名詞,普通名詞,一般,*,*,*
まー	マー	8482	感動詞,フィラー,*,*,*,*
思いだす	オモイダス	8483	動詞,一般,*,*,五段-サ行,終止形-一般
クマ	クマ	8484	名詞,固有名詞,人名,一般,*,*
殆ど	ホトンド	8485	名詞,普通名詞,副詞可能,*,*,*
切り札	キリフダ	8486	名詞,普通名詞,一般,*,*,*
ゆう	ユウ	8487	名詞,固有名詞,人名,名,*,*
キレイ	キレイ	8488	形状詞,一般,*,*,*,*
太もも	フトモモ	8489	名詞,普通名詞,一般,*,*,*
お主	オヌシ	8490	代名詞,*,*,*,*,*
あはははは	アハハハハ	8491	感動詞,一般,*,*,*,*
つづく	ツヅク	8492	動詞,非自立可能,*,*,五段-カ行,終止形-一般
ン	ン	8493	助動詞,*,*,*,助動詞-ヌ,終止形-撥音便
はっはっは	ハッハッハ	8494	感動詞,一般,*,*,*,*
ご存知	ゴゾンジ	8495	名詞,普通名詞,一般,*,*,*
裏切り者	ウラギリモノ	8496	名詞+接尾辞
舞	マイ	8497	名詞,固有名詞,人名,名,*,*
飛びかかる	トビカカル	8498	動詞,一般,*,*,五段-ラ行,終止形-一般
照れくさい	テレクサイ	8499	動詞+接尾辞
すてき	ステキ	8500	形状詞,一般,*,*,*,*
絨毯	ジュウタン	8501	名詞,普通名詞,一般,*,*,*
文化祭	ブンカサイ	8502	名詞,普通名詞,一般,*,*,*
ちょっぴり	チョッピリ	8503	副詞,*,*,*,*,*
剣術	ケンジュツ	8504	名詞,普通名詞,一般,*,*,*
チョコレート	チョコレート	8505	名詞,普通名詞,一般,*,*,*
消失	ショウシツ	8506	名詞,普通名詞,サ変可能,*,*,*
ぎょっと	ギョット	8507	副詞,*,*,*,*,*
蝶	チョウ	8508	名詞,普通名詞,一般,*,*,*
秘書	ヒショ	8509	名詞,普通名詞,一般,*,*,*
体育	タイイク	8510	名詞,普通名詞,一般,*,*,*
特訓	トックン	8511	名詞,普通名詞,サ変可能,*,*,*
嫁ぐ	トツグ	8512	動詞,一般,*,*,五段-ガ行,終止形-一般
ランプ	ランプ	8513	名詞,普通名詞,一般,*,*,*
一年生	イチネンセイ	8514	名詞+接尾辞
受け流す	ウケナガス	8515	動詞,一般,*,*,五段-サ行,終止形-一般
なんざ	ナンザ	8516	助詞,副助詞,*,*,*,*
江戸	エド	8517	名詞,固有名詞,地名,一般,*,*
瞬く間に	マタタクマニ	8518	動詞+名詞+助詞
腹部	フクブ	8519	名詞,普通名詞,一般,*,*,*
配下	ハイカ	8520	名詞,普通名詞,一般,*,*,*
物資	ブッシ	8521	名詞,普通名詞,一般,*,*,*
宴	ウタゲ	8522	名詞,普通名詞,一般,*,*,*
帝	ミカド	8523	名詞,普通名詞,一般,*,*,*
妾	メカケ	8524	名詞,普通名詞,一般,*,*,*
三階	サンガイ	8525	名詞+名詞
訳じゃない	ワケジャナイ	8526	名詞+助動詞+形容詞
嘆息	タンソク	8527	名詞,普通名詞,サ変可能,*,*,*
制圧	セイアツ	8528	名詞,普通名詞,サ変可能,*,*,*
パーセント	パーセント	8529	名詞,普通名詞,助数詞可能,*,*,*
蜜	ミツ	8530	名詞,普通名詞,一般,*,*,*
妖怪	ヨウカイ	8531	名詞,普通名詞,一般,*,*,*
その事	ソノコト	8532	連体詞+名詞
ダンジョン	ダンジョン	8533	名詞,普通名詞,一般,*,*,*
命中	メイチュウ	8534	名詞,普通名詞,サ変可能,*,*,*
てめぇ	テメェ	8535	代名詞,*,*,*,*,*
称号	ショウゴウ	8536	名詞,普通名詞,一般,*,*,*
助手	ジョシュ	8537	名詞,普通名詞,一般,*,*,*
侵入者	シンニュウシャ	8538	名詞,普通名詞,一般,*,*,*
ベルト	ベルト	8539	名詞,普通名詞,一般,*,*,*
恐い	コワイ	8540	形容詞,一般,*,*,形容詞,終止形-一般
回り込む	マワリコム	8541	動詞,一般,*,*,五段-マ行,終止形-一般
シャッター	シャッター	8542	名詞,普通名詞,一般,*,*,*
校内	コウナイ	8543	名詞,普通名詞,一般,*,*,*
エルフ	エルフ	8544	名詞,普通名詞,一般,*,*,*
狐	キツネ	8545	名詞,普通名詞,一般,*,*,*
セックス	セックス	8546	名詞,普通名詞,サ変可能,*,*,*
看護師	カンゴシ	8547	名詞,普通名詞,一般,*,*,*
きゅっと	キュット	8548	副詞+助詞
恰好	カッコウ	8549	名詞,普通名詞,一般,*,*,*
身に着ける	ミニツケル	8550	名詞+助詞+動詞
革	カワ	8551	名詞,普通名詞,一般,*,*,*
スルー	スルー	8552	名詞,普通名詞,一般,*,*,*
詠唱	エイショウ	8553	名詞,普通名詞,サ変可能,*,*,*
マスク	マスク	8554	名詞,普通名詞,一般,*,*,*
至近距離	シキンキョリ	8555	名詞+名詞
料理人	リョウリニン	8556	名詞,普通名詞,一般,*,*,*
唖然	アゼン	8557	形状詞,タリ,*,*,*,*
妃	ヒ	8558	名詞,普通名詞,一般,*,*,*
火傷	ヤケド	8559	名詞,普通名詞,サ変可能,*,*,*
コンクリート	コンクリート	8560	名詞,普通名詞,一般,*,*,*
絵を描く	エヲカク	8561	名詞+助詞+動詞
虚空	コクウ	8562	名詞,普通名詞,一般,*,*,*
無敵	ムテキ	8563	名詞,普通名詞,形状詞可能,*,*,*
図書室	トショシツ	8564	名詞,普通名詞,一般,*,*,*
流石	サスガ	8565	副詞,*,*,*,*,*
処	トコロ	8566	名詞,普通名詞,副詞可能,*,*,*
異国	イコク	8567	名詞,普通名詞,一般,*,*,*
必殺	ヒッサツ	8568	名詞,普通名詞,一般,*,*,*
之	コレ	8569	代名詞,*,*,*,*,*
亀裂	キレツ	8570	名詞,普通名詞,サ変可能,*,*,*
幻覚	ゲンカク	8571	名詞,普通名詞,一般,*,*,*
蹂躙	ジュウリン	8572	名詞,普通名詞,サ変可能,*,*,*
金貨	キンカ	8573	名詞,普通名詞,一般,*,*,*
役人	ヤクニン	8574	名詞,普通名詞,一般,*,*,*
燃え上がる	モエアガル	8575	動詞,一般,*,*,五段-ラ行,終止形-一般
為す	ナス	8576	動詞,一般,*,*,五段-サ行,終止形-一般
っしょ	ッショ	8577	助動詞,*,*,*,助動詞-デス,意志推量形
零れる	コボレル	8578	動詞,一般,*,*,下一段-ラ行,終止形-一般
射精	シャセイ	8579	名詞,普通名詞,サ変可能,*,*,*
もじもじ	モジモジ	8580	副詞,*,*,*,*,*
片付け	カタヅケ	8581	名詞,普通名詞,一般,*,*,*
開閉	カイヘイ	8582	名詞,普通名詞,サ変可能,*,*,*
距離を詰める	キョリヲツメル	8583	名詞+助詞+動詞
すげぇ	スゲェ	8584	形容詞,一般,*,*,形容詞,終止形-一般
ぜんぶ	ゼンブ	8585	名詞,普通名詞,副詞可能,*,*,*
それより	ソレヨリ	8586	代名詞+助詞
ワシ	ワシ	8587	代名詞,*,*,*,*,*
友だち	トモダチ	8588	名詞,普通名詞,一般,*,*,*
メガネ	メガネ	8589	名詞,普通名詞,一般,*,*,*
やけど	ヤケド	8590	名詞,普通名詞,サ変可能,*,*,*
幼なじみ	オサナナジミ	8591	名詞,普通名詞,一般,*,*,*
あした	アシタ	8592	名詞,普通名詞,副詞可能,*,*,*
ちょいと	チョイト	8593	副詞,*,*,*,*,*
暫く	シバラク	8594	副詞,*,*,*,*,*
故に	ユエニ	8595	名詞+助詞
ぬう	ヌウ	8596	感動詞,一般,*,*,*,*
幼馴染	オサナナジミ	8597	名詞,普通名詞,一般,*,*,*
忌々しい	イマイマシイ	8598	形容詞,一般,*,*,形容詞,終止形-一般
カバン	カバン	8599	名詞,普通名詞,一般,*,*,*
我が国	ワガクニ	8600	連体詞+名詞
教	キョウ	8601	名詞,普通名詞,一般,*,*,*
浮遊	フユウ	8602	名詞,普通名詞,サ変可能,*,*,*
電波	デンパ	8603	名詞,普通名詞,一般,*,*,*
渾身	コンシン	8604	名詞,普通名詞,一般,*,*,*
女房	ニョウボウ	8605	名詞,普通名詞,一般,*,*,*
装着	ソウチャク	8606	名詞,普通名詞,サ変可能,*,*,*
守護	シュゴ	8607	名詞,普通名詞,サ変可能,*,*,*
前線	ゼンセン	8608	名詞,普通名詞,一般,*,*,*
迎撃	ゲイゲキ	8609	名詞,普通名詞,サ変可能,*,*,*
俺様	オレサマ	8610	代名詞+接尾辞
訝しい	イブカシイ	8611	形容詞,一般,*,*,形容詞,終止形-一般
個体	コタイ	8612	名詞,普通名詞,一般,*,*,*
研究室	ケンキュウシツ	8613	名詞,普通名詞,一般,*,*,*
郎	ロウ	8614	名詞,普通名詞,一般,*,*,*
紋章	モンショウ	8615	名詞,普通名詞,一般,*,*,*
初心者	ショシンシャ	8616	名詞,普通名詞,一般,*,*,*
奇襲	キシュウ	8617	名詞,普通名詞,サ変可能,*,*,*
民衆	ミンシュウ	8618	名詞,普通名詞,一般,*,*,*
混沌	コントン	8619	形状詞,タリ,*,*,*,*
目を瞑る	メヲツブル	8620	名詞+助詞+動詞
残骸	ザンガイ	8621	名詞,普通名詞,一般,*,*,*
顔を背ける	カオヲソムケル	8622	名詞+助詞+動詞
羞恥	シュウチ	8623	名詞,普通名詞,一般,*,*,*
鼻で笑う	ハナデワラウ	8624	名詞+助詞+動詞
鍛錬	タンレン	8625	名詞,普通名詞,サ変可能,*,*,*
園	ソノ	8626	名詞,普通名詞,一般,*,*,*
喘ぐ	アエグ	8627	動詞,一般,*,*,五段-ガ行,終止形-一般
学院	ガクイン	8628	名詞,普通名詞,一般,*,*,*
呪	ジュ	8629	名詞,普通名詞,一般,*,*,*
逢う	アウ	8630	動詞,一般,*,*,五段-ワア行,終止形-一般
跳ね上がる	ハネアガル	8631	動詞,一般,*,*,五段-ラ行,終止形-一般
接続	セツゾク	8632	名詞,普通名詞,サ変可能,*,*,*
戦慄	センリツ	8633	名詞,普通名詞,サ変可能,*,*,*
瞬く	シバタタク	8634	動詞,一般,*,*,五段-カ行,終止形-一般
玉座	ギョクザ	8635	名詞,普通名詞,一般,*,*,*
恋人同士	コイビトドウシ	8636	名詞+接尾辞
基地	キチ	8637	名詞,普通名詞,一般,*,*,*
こくり	コクリ	8638	副詞,*,*,*,*,*
ジャンプ	ジャンプ	8639	名詞,普通名詞,サ変可能,*,*,*
指揮官	シキカン	8640	名詞,普通名詞,一般,*,*,*
ブロック	ブロック	8641	名詞,普通名詞,サ変可能,*,*,*
雑魚	ザコ	8642	名詞,普通名詞,一般,*,*,*
男達	オトコダテ	8643	名詞+接尾辞
またも	マタモ	8644	副詞+助詞
致命傷	チメイショウ	8645	名詞,普通名詞,一般,*,*,*
化ける	バケル	8646	動詞,一般,*,*,下一段-カ行,終止形-一般
銃弾	ジュウダン	8647	名詞,普通名詞,一般,*,*,*
侍	サムライ	8648	名詞,普通名詞,一般,*,*,*
髭	ヒゲ	8649	名詞,普通名詞,一般,*,*,*
おめえ	オメエ	8650	代名詞,*,*,*,*,*
灯る	トモル	8651	動詞,一般,*,*,五段-ラ行,終止形-一般
転生	テンセイ	8652	名詞,普通名詞,サ変可能,*,*,*
愛人	アイジン	8653	名詞,普通名詞,一般,*,*,*
呑み込む	ノミコム	8654	動詞,一般,*,*,五段-マ行,終止形-一般
鱗	ウロコ	8655	名詞,普通名詞,一般,*,*,*
衆	シュウ	8656	名詞,普通名詞,一般,*,*,*
手を繋ぐ	テヲツナグ	8657	名詞+助詞+動詞
工房	コウボウ	8658	名詞,普通名詞,一般,*,*,*
壺	ツボ	8659	名詞,普通名詞,一般,*,*,*
スパイ	スパイ	8660	名詞,普通名詞,サ変可能,*,*,*
白髪	シラガ	8661	名詞,普通名詞,一般,*,*,*
客人	キャクジン	8662	名詞,普通名詞,一般,*,*,*
妹さん	イモウトサン	8663	名詞+接尾辞
神話	シンワ	8664	名詞,普通名詞,一般,*,*,*
缶	カン	8665	名詞,普通名詞,助数詞可能,*,*,*
乗っ取る	ノットル	8666	動詞,一般,*,*,五段-ラ行,終止形-一般
偵察	テイサツ	8667	名詞,普通名詞,サ変可能,*,*,*
ぼーっと	ボーット	8668	副詞,*,*,*,*,*
突っ伏す	ツップス	8669	動詞,一般,*,*,五段-サ行,終止形-一般
将	ショウ	8670	名詞,普通名詞,一般,*,*,*
新作	シンサク	8671	名詞,普通名詞,サ変可能,*,*,*
守	モリ	8672	名詞,固有名詞,人名,名,*,*
噴く	フク	8673	動詞,一般,*,*,五段-カ行,終止形-一般
ゾンビ	ゾンビ	8674	名詞,普通名詞,一般,*,*,*
跪く	ヒザマズク	8675	動詞,一般,*,*,五段-カ行,終止形-一般
解	カイ	8676	名詞,普通名詞,一般,*,*,*
占い	ウラナイ	8677	名詞,普通名詞,一般,*,*,*
寝台	シンダイ	8678	名詞,普通名詞,一般,*,*,*
案件	アンケン	8679	名詞,普通名詞,一般,*,*,*
反転	ハンテン	8680	名詞,普通名詞,サ変可能,*,*,*
言葉に詰まる	コトバニツマル	8681	名詞+助詞+動詞
いままで	イママデ	8682	名詞+助詞
こみ上げる	コミアゲル	8683	動詞,一般,*,*,下一段-ガ行,終止形-一般
見つめ合う	ミツメアウ	8684	動詞+動詞
口をつぐむ	クチヲツグム	8685	名詞+助詞+動詞
おぞましい	オゾマシイ	8686	形容詞,一般,*,*,形容詞,終止形-一般
けども	ケドモ	8687	助詞+助詞
メシ	メシ	8688	名詞,普通名詞,一般,*,*,*
事ができる	コトガデキル	8689	名詞+助詞+動詞
ちくしょう	チクショウ	8690	名詞,普通名詞,一般,*,*,*
冷ややか	ヒヤヤカ	8691	形状詞,一般,*,*,*,*
かれ	カレ	8692	代名詞,*,*,*,*,*
やわらかい	ヤワラカイ	8693	形容詞,一般,*,*,形容詞,終止形-一般
ワケ	ワケ	8694	名詞,普通名詞,一般,*,*,*
口ごもる	クチゴモル	8695	動詞,一般,*,*,五段-ラ行,終止形-一般
そのあたり	ソノアタリ	8696	連体詞+名詞
ふたたび	フタタビ	8697	副詞,*,*,*,*,*
ため息を吐く	タメイキヲツク	8698	名詞+助詞+動詞
ほお	ホオ	8699	感動詞,一般,*,*,*,*
死神	シニガミ	8700	名詞,普通名詞,一般,*,*,*
クッション	クッション	8701	名詞,普通名詞,一般,*,*,*
暗黒	アンコク	8702	名詞,普通名詞,一般,*,*,*
にも関わらず	ニモカカワラズ	8703	助詞+助詞+動詞+助動詞
虚ろ	ウツロ	8704	形状詞,一般,*,*,*,*
笛	フエ	8705	名詞,普通名詞,一般,*,*,*
商会	ショウカイ	8706	名詞,普通名詞,一般,*,*,*
羽目になる	ハメニナル	8707	名詞+助詞+動詞
数名	スウメイ	8708	名詞+名詞
羊	ヒツジ	8709	名詞,普通名詞,一般,*,*,*
一万	イチマン	8710	名詞,数詞,*,*,*,*
凶器	キョウキ	8711	名詞,普通名詞,一般,*,*,*
生徒会長	セイトカイチョウ	8712	名詞+接尾辞
吸血鬼	キュウケツキ	8713	名詞,普通名詞,一般,*,*,*
神々	カミガミ	8714	名詞,普通名詞,一般,*,*,*
奏でる	カナデル	8715	動詞,一般,*,*,下一段-ダ行,終止形-一般
銃口	ジュウコウ	8716	名詞,普通名詞,一般,*,*,*
液	エキ	8717	名詞,普通名詞,一般,*,*,*
理	リ	8718	名詞,普通名詞,一般,*,*,*
井戸	イド	8719	名詞,普通名詞,一般,*,*,*
女子生徒	ジョシセイト	8720	名詞+名詞
何せ	ナニセ	8721	副詞,*,*,*,*,*
絵本	エホン	8722	名詞,普通名詞,一般,*,*,*
一団	イチダン	8723	名詞,普通名詞,一般,*,*,*
城壁	ジョウヘキ	8724	名詞,普通名詞,一般,*,*,*
どする	ドスル	8725	動詞,一般,*,*,サ行変格,終止形-一般
顔を歪める	カオヲユガメル	8726	名詞+助詞+動詞
ストーカー	ストーカー	8727	名詞,普通名詞,一般,*,*,*
身体能力	シンタイノウリョク	8728	名詞+名詞
虚しい	ムナシイ	8729	形容詞,一般,*,*,形容詞,終止形-一般
サンドイッチ	サンドイッチ	8730	名詞,普通名詞,一般,*,*,*
手を挙げる	テヲアゲル	8731	名詞+助詞+動詞
武士	ブシ	8732	名詞,普通名詞,一般,*,*,*
王城	オウジョウ	8733	名詞,普通名詞,一般,*,*,*
零す	コボス	8734	動詞,一般,*,*,五段-サ行,終止形-一般
に付いて	ニツイテ	8735	助詞+動詞+助詞
駐車場	チュウシャジョウ	8736	名詞,普通名詞,一般,*,*,*
買い取る	カイトル	8737	動詞,一般,*,*,五段-ラ行,終止形-一般
繫がる	ツナガル	8738	動詞,一般,*,*,五段-ラ行,終止形-一般
幾つか	イクツカ	8739	名詞+助詞
仕様	シヨウ	8740	名詞,普通名詞,一般,*,*,*
使い手	ツカイテ	8741	名詞,普通名詞,一般,*,*,*
暗がり	クラガリ	8742	名詞,普通名詞,一般,*,*,*
挿入	ソウニュウ	8743	名詞,普通名詞,サ変可能,*,*,*
装甲	ソウコウ	8744	名詞,普通名詞,一般,*,*,*
尋問	ジンモン	8745	名詞,普通名詞,サ変可能,*,*,*
尾行	ビコウ	8746	名詞,普通名詞,サ変可能,*,*,*
女子高生	ジョシコウセイ	8747	名詞,普通名詞,一般,*,*,*
兎	ウサギ	8748	名詞,普通名詞,一般,*,*,*
君達	キミタチ	8749	代名詞,*,*,*,*,*
眉を寄せる	マユヲヨセル	8750	名詞+助詞+動詞
予定通り	ヨテイドオリ	8751	名詞+名詞
彷徨う	サマヨウ	8752	動詞,一般,*,*,五段-ワア行,終止形-一般
浴衣	ユカタ	8753	名詞,普通名詞,一般,*,*,*
魅了	ミリョウ	8754	名詞,普通名詞,サ変可能,*,*,*
撃退	ゲキタイ	8755	名詞,普通名詞,サ変可能,*,*,*
眼下	ガンカ	8756	名詞,普通名詞,一般,*,*,*
正座	セイザ	8757	名詞,普通名詞,サ変可能,*,*,*
炸裂	サクレツ	8758	名詞,普通名詞,サ変可能,*,*,*
校門	コウモン	8759	名詞,普通名詞,一般,*,*,*
茂み	シゲミ	8760	名詞,普通名詞,一般,*,*,*
苦々しい	ニガニガシイ	8761	形容詞,一般,*,*,形容詞,終止形-一般
ソース	ソース	8763	名詞,普通名詞,一般,*,*,*
浸かる	ツカル	8764	動詞,一般,*,*,五段-ラ行,終止形-一般
処女	ショジョ	8765	名詞,普通名詞,一般,*,*,*
純白	ジュンパク	8766	名詞,普通名詞,形状詞可能,*,*,*
彼女自身	カノジョジシン	8767	代名詞+名詞
脈	ミャク	8768	名詞,普通名詞,一般,*,*,*
神官	シンカン	8769	名詞,普通名詞,一般,*,*,*
奥歯	オクバ	8770	名詞,普通名詞,一般,*,*,*
転校	テンコウ	8771	名詞,普通名詞,サ変可能,*,*,*
宿屋	ヤドヤ	8772	名詞,普通名詞,一般,*,*,*
伊達	ダテ	8773	名詞,固有名詞,人名,姓,*,*
魔獣	マジュウ	8774	名詞,普通名詞,一般,*,*,*
変換	ヘンカン	8775	名詞,普通名詞,サ変可能,*,*,*
駆け上がる	カケアガル	8776	動詞,一般,*,*,五段-ラ行,終止形-一般
滅ぶ	ホロブ	8777	動詞,一般,*,*,五段-バ行,終止形-一般
押し黙る	オシダマル	8778	動詞,一般,*,*,五段-ラ行,終止形-一般
射撃	シャゲキ	8779	名詞,普通名詞,サ変可能,*,*,*
課長	カチョウ	8780	名詞,普通名詞,一般,*,*,*
家出	イエデ	8781	名詞,普通名詞,サ変可能,*,*,*
集落	シュウラク	8782	名詞,普通名詞,一般,*,*,*
声を張り上げる	コエヲハリアゲル	8783	名詞+助詞+動詞
リンゴ	リンゴ	8784	名詞,普通名詞,一般,*,*,*
後ずさる	アトズサル	8785	動詞,一般,*,*,五段-ラ行,終止形-一般
まぶた	マブタ	8786	名詞,普通名詞,一般,*,*,*
立ちあがる	タチアガル	8787	動詞,一般,*,*,五段-ラ行,終止形-一般
クラブ	クラブ	8788	名詞,普通名詞,一般,*,*,*
さわる	サワル	8789	動詞,一般,*,*,五段-ラ行,終止形-一般
たずねる	タズネル	8790	動詞,一般,*,*,下一段-ナ行,終止形-一般
つう	ツウ	8791	助動詞,*,*,*,五段-ワア行,終止形-一般
アハハハ	アハハハ	8792	感動詞,一般,*,*,*,*
出入り口	デイリグチ	8793	名詞+名詞
じいさん	ジイサン	8794	名詞+接尾辞
くらう	クラウ	8795	動詞,一般,*,*,五段-ワア行,終止形-一般
訳ではない	ワケデハナイ	8796	名詞+助詞+助詞+形容詞
寄りかかる	ヨリカカル	8797	動詞,一般,*,*,五段-ラ行,終止形-一般
けん	ケン	8798	名詞,固有名詞,人名,名,*,*
まとわりつく	マトワリツク	8799	動詞,一般,*,*,五段-カ行,終止形-一般
あいだに	アイダニ	8800	名詞+助詞
土	ド	8801	名詞,普通名詞,一般,*,*,*
ぶっ	ブッ	8802	副詞,*,*,*,*,*
侵攻	シンコウ	8803	名詞,普通名詞,サ変可能,*,*,*
男子生徒	ダンシセイト	8804	名詞+名詞
物凄い	モノスゴイ	8805	形容詞,一般,*,*,形容詞,終止形-一般
一手	イッテ	8806	名詞,普通名詞,一般,*,*,*
無いと	ナイト	8807	形容詞+助詞
眼光	ガンコウ	8808	名詞,普通名詞,一般,*,*,*
宮殿	キュウデン	8809	名詞,普通名詞,一般,*,*,*
授業中	ジュギョウチュウ	8810	名詞+接尾辞
階段を上る	カイダンヲノボル	8811	名詞+助詞+動詞
桃	モモ	8812	名詞,普通名詞,一般,*,*,*
玩具	オモチャ	8813	名詞,普通名詞,一般,*,*,*
瓦礫	ガレキ	8814	名詞,普通名詞,一般,*,*,*
目を凝らす	メヲコラス	8815	名詞+助詞+動詞
きょろきょろ	キョロキョロ	8816	副詞,*,*,*,*,*
先導	センドウ	8817	名詞,普通名詞,サ変可能,*,*,*
口の端	クチノハ	8818	名詞+助詞+名詞
砲	ホウ	8819	接尾辞,名詞的,一般,*,*,*
弄る	イジル	8820	動詞,一般,*,*,五段-ラ行,終止形-一般
書斎	ショサイ	8821	名詞,普通名詞,一般,*,*,*
監禁	カンキン	8822	名詞,普通名詞,サ変可能,*,*,*
言葉通り	コトバドオリ	8823	名詞+名詞
要塞	ヨウサイ	8824	名詞,普通名詞,一般,*,*,*
全裸	ゼンラ	8825	名詞,普通名詞,一般,*,*,*
採取	サイシュ	8826	名詞,普通名詞,サ変可能,*,*,*
階層	カイソウ	8827	名詞,普通名詞,一般,*,*,*
僕達	ボクタチ	8828	代名詞,*,*,*,*,*
紅い	アカイ	8829	形容詞,一般,*,*,形容詞,終止形-一般
木製	モクセイ	8830	名詞,普通名詞,一般,*,*,*
旅人	タビビト	8831	名詞,普通名詞,一般,*,*,*
ラーメン	ラーメン	8832	名詞,普通名詞,一般,*,*,*
八十	ハチジュウ	8833	名詞,固有名詞,人名,名,*,*
区画	クカク	8834	名詞,普通名詞,サ変可能,*,*,*
レシピ	レシピ	8835	名詞,普通名詞,一般,*,*,*
射る	イル	8836	動詞,一般,*,*,上一段-ア行,終止形-一般
重量	ジュウリョウ	8837	名詞,普通名詞,一般,*,*,*
側近	ソッキン	8838	名詞,普通名詞,一般,*,*,*
背筋を伸ばす	セスジヲノバス	8839	名詞+助詞+動詞
子爵	シシャク	8840	名詞,普通名詞,一般,*,*,*
難易度	ナンイド	8841	名詞,普通名詞,一般,*,*,*
手を叩く	テヲタタク	8842	名詞+助詞+動詞
力を抜く	チカラヲヌク	8843	名詞+助詞+動詞
リアクション	リアクション	8844	名詞,普通名詞,一般,*,*,*
白衣	ハクイ	8845	名詞,普通名詞,一般,*,*,*
イエス	イエス	8846	名詞,固有名詞,人名,一般,*,*
げっ	ゲッ	8847	感動詞,一般,*,*,*,*
急かす	セカス	8848	動詞,一般,*,*,五段-サ行,終止形-一般
トンネル	トンネル	8849	名詞,普通名詞,サ変可能,*,*,*
保健室	ホケンシツ	8850	名詞,普通名詞,一般,*,*,*
某	ボウ	8851	名詞,普通名詞,一般,*,*,*
バイバイ	バイバイ	8852	感動詞,一般,*,*,*,*
正論	セイロン	8853	名詞,普通名詞,一般,*,*,*
トラウマ	トラウマ	8854	名詞,普通名詞,一般,*,*,*
銀髪	ギンパツ	8855	名詞,普通名詞,一般,*,*,*
又	マタ	8856	接続詞,*,*,*,*,*
双	ソウ	8857	接頭辞,*,*,*,*,*
反則	ハンソク	8858	名詞,普通名詞,サ変可能,*,*,*
同調	ドウチョウ	8859	名詞,普通名詞,サ変可能,*,*,*
ぶんぶん	ブンブン	8860	副詞,*,*,*,*,*
慈悲	ジヒ	8861	名詞,普通名詞,一般,*,*,*
彼等	カレラ	8862	代名詞+接尾辞
爺	ジジ	8863	名詞,普通名詞,一般,*,*,*
ごくり	ゴクリ	8864	副詞,*,*,*,*,*
命を奪う	イノチヲウバウ	8865	名詞+助詞+動詞
シート	シート	8866	名詞,普通名詞,一般,*,*,*
撒く	マク	8867	動詞,一般,*,*,五段-カ行,終止形-一般
宰相	サイショウ	8868	名詞,普通名詞,一般,*,*,*
大袈裟	オオゲサ	8869	形状詞,一般,*,*,*,*
鬱陶しい	ウットウシイ	8870	形容詞,一般,*,*,形容詞,終止形-一般
胴	ドウ	8871	名詞,普通名詞,一般,*,*,*
イラスト	イラスト	8872	名詞,普通名詞,一般,*,*,*
殺し合う	コロシアウ	8873	動詞,一般,*,*,五段-ワア行,終止形-一般
お嫁さん	オヨメサン	8874	接頭辞+名詞+接尾辞
畜生	チクショウ	8875	名詞,普通名詞,一般,*,*,*
苦悶	クモン	8876	名詞,普通名詞,サ変可能,*,*,*
屍	シカバネ	8877	名詞,普通名詞,一般,*,*,*
プロポーズ	プロポーズ	8878	名詞,普通名詞,サ変可能,*,*,*
遊園地	ユウエンチ	8879	名詞,普通名詞,一般,*,*,*
車両	シャリョウ	8880	名詞,普通名詞,一般,*,*,*
攻撃力	コウゲキリョク	8881	名詞,普通名詞,一般,*,*,*
もどる	モドル	8882	動詞,一般,*,*,五段-ラ行,終止形-一般
すげー	スゲー	8883	形容詞,一般,*,*,形容詞,終止形-一般
オチ	オチ	8884	名詞,普通名詞,一般,*,*,*
現われる	アラワレル	8885	動詞,一般,*,*,下一段-ラ行,終止形-一般
なになに	ナニナニ	8886	代名詞,*,*,*,*,*
ゴメン	ゴメン	8887	名詞,普通名詞,一般,*,*,*
うなる	ウナル	8888	感動詞+動詞
不意に	フイニ	8889	名詞+助動詞
へい	ヘイ	8890	感動詞,一般,*,*,*,*
にやにや	ニヤニヤ	8891	副詞,*,*,*,*,*
コラ	コラ	8892	感動詞,一般,*,*,*,*
ゆうべ	ユウベ	8893	名詞,普通名詞,副詞可能,*,*,*
どのみち	ドノミチ	8894	副詞,*,*,*,*,*
おじいさん	オジイサン	8895	接頭辞+名詞+接尾辞
ぼろぼろ	ボロボロ	8896	形状詞,一般,*,*,*,*
夕暮れ	ユウグレ	8897	名詞,普通名詞,一般,*,*,*
変る	カワル	8898	動詞,一般,*,*,五段-ラ行,終止形-一般
だれか	ダレカ	8899	代名詞+助詞
とたん	トタン	8900	名詞,普通名詞,副詞可能,*,*,*
原	ゲン	8901	名詞,固有名詞,人名,姓,*,*
花嫁	ハナヨメ	8902	名詞,普通名詞,一般,*,*,*
羽根	ハネ	8903	名詞,普通名詞,一般,*,*,*
風呂場	フロバ	8904	名詞,普通名詞,一般,*,*,*
捻る	ヒネル	8905	動詞,一般,*,*,五段-ラ行,終止形-一般
物理	ブツリ	8906	名詞,普通名詞,一般,*,*,*
封	フウ	8907	名詞,普通名詞,一般,*,*,*
あんま	アンマ	8908	副詞,*,*,*,*,*
真上	マウエ	8909	名詞,普通名詞,一般,*,*,*
想定外	ソウテイガイ	8910	名詞,普通名詞,一般,*,*,*
ゲート	ゲート	8911	名詞,普通名詞,一般,*,*,*
本命	ホンメイ	8912	名詞,普通名詞,一般,*,*,*
大男	オオオトコ	8913	名詞,普通名詞,一般,*,*,*
斬撃	ザンゲキ	8914	名詞,普通名詞,サ変可能,*,*,*
羽ばたく	ハバタク	8915	動詞,一般,*,*,五段-カ行,終止形-一般
問答無用	モンドウムヨウ	8916	名詞+名詞
軍勢	グンゼイ	8917	名詞,普通名詞,一般,*,*,*
言葉を紡ぐ	コトバヲツムグ	8918	名詞+助詞+動詞
手帳	テチョウ	8919	名詞,普通名詞,一般,*,*,*
寝転がる	ネコロガル	8920	動詞,一般,*,*,五段-ラ行,終止形-一般
寄越す	ヨコス	8921	動詞,一般,*,*,五段-サ行,終止形-一般
四月	シガツ	8922	名詞+名詞
千年	センネン	8923	名詞+名詞
仮説	カセツ	8924	名詞,普通名詞,一般,*,*,*
威圧感	イアツカン	8925	名詞+名詞
背中を向ける	セナカヲムケル	8926	名詞+助詞+動詞
たじろぐ	タジログ	8927	動詞,一般,*,*,五段-ガ行,終止形-一般
歌声	ウタゴエ	8928	名詞,普通名詞,一般,*,*,*
言葉を切る	コトバヲキル	8929	名詞+助詞+動詞
恐るべき	オソルベキ	8930	動詞+助動詞
私服	シフク	8931	名詞,普通名詞,一般,*,*,*
溢れ出す	アフレダス	8932	動詞,一般,*,*,五段-サ行,終止形-一般
ペニス	ペニス	8933	名詞,普通名詞,一般,*,*,*
会議室	カイギシツ	8934	名詞,普通名詞,一般,*,*,*
失踪	シッソウ	8935	名詞,普通名詞,サ変可能,*,*,*
裏口	ウラグチ	8936	名詞,普通名詞,一般,*,*,*
水色	ミズイロ	8937	名詞,普通名詞,一般,*,*,*
信者	シンジャ	8938	名詞,普通名詞,一般,*,*,*
連行	レンコウ	8939	名詞,普通名詞,サ変可能,*,*,*
シチュエーション	シチュエーション	8940	名詞,普通名詞,一般,*,*,*
ゲット	ゲット	8941	名詞,普通名詞,サ変可能,*,*,*
膨れる	フクレル	8942	動詞,一般,*,*,下一段-ラ行,終止形-一般
部外者	ブガイシャ	8943	名詞,普通名詞,一般,*,*,*
水中	スイチュウ	8944	名詞,普通名詞,一般,*,*,*
勧誘	カンユウ	8945	名詞,普通名詞,サ変可能,*,*,*
王太子	オウタイシ	8946	名詞,普通名詞,一般,*,*,*
憶える	オボエル	8947	動詞,一般,*,*,下一段-ア行,終止形-一般
罪人	ザイニン	8948	名詞,普通名詞,一般,*,*,*
脱がす	ヌガス	8949	動詞,一般,*,*,五段-サ行,終止形-一般
魔族	マゾク	8950	名詞,普通名詞,一般,*,*,*
紙袋	カミブクロ	8951	名詞,普通名詞,一般,*,*,*
しゃがみ込む	シャガミコム	8952	動詞,一般,*,*,五段-マ行,終止形-一般
顔を覆う	カオヲオオウ	8953	名詞+助詞+動詞
ぼうっと	ボウット	8954	副詞,*,*,*,*,*
鶏	ニワトリ	8955	名詞,普通名詞,一般,*,*,*
異形	イギョウ	8956	名詞,普通名詞,一般,*,*,*
囮	オトリ	8957	名詞,普通名詞,一般,*,*,*
有	ユウ	8958	名詞,固有名詞,人名,名,*,*
収納	シュウノウ	8959	名詞,普通名詞,サ変可能,*,*,*
っつう	ッツウ	8960	助動詞,*,*,*,五段-ワア行,終止形-一般
体中	カラダジュウ	8961	名詞+接尾辞
張り詰める	ハリツメル	8962	動詞,一般,*,*,下一段-マ行,終止形-一般
女優	ジョユウ	8963	名詞,普通名詞,一般,*,*,*
獅子	シシ	8964	名詞,普通名詞,一般,*,*,*
ロビー	ロビー	8965	名詞,普通名詞,一般,*,*,*
尚	ナオ	8966	接続詞,*,*,*,*,*
降伏	コウフク	8967	名詞,普通名詞,サ変可能,*,*,*
見惚れる	ミトレル	8968	動詞,一般,*,*,下一段-ラ行,終止形-一般
水音	ミズオト	8969	名詞,普通名詞,一般,*,*,*
姫様	ヒメサマ	8970	名詞+接尾辞
縋る	スガル	8971	動詞,一般,*,*,五段-ラ行,終止形-一般
口に含む	クチニフクム	8972	名詞+助詞+動詞
子犬	コイヌ	8973	名詞,普通名詞,一般,*,*,*
引き留める	ヒキトメル	8974	動詞,一般,*,*,下一段-マ行,終止形-一般
回想	カイソウ	8975	名詞,普通名詞,サ変可能,*,*,*
襲い掛かる	オソイカカル	8976	動詞,一般,*,*,五段-ラ行,終止形-一般
たん	タン	8977	副詞,*,*,*,*,*
大分	ダイブ	8978	名詞,固有名詞,地名,一般,*,*
花びら	ハナビラ	8979	名詞,普通名詞,一般,*,*,*
ぬぐう	ヌグウ	8980	動詞,一般,*,*,五段-ワア行,終止形-一般
腕組み	ウデグミ	8981	名詞,普通名詞,一般,*,*,*
まじ	マジ	8982	形状詞,一般,*,*,*,*
切っ先	キッサキ	8983	名詞,普通名詞,一般,*,*,*
なにも	ナニモ	8984	代名詞+助詞
うわさ	ウワサ	8985	名詞,普通名詞,サ変可能,*,*,*
クソッ	クソッ	8986	感動詞,一般,*,*,*,*
見習い	ミナライ	8987	名詞,普通名詞,一般,*,*,*
はずす	ハズス	8988	動詞,一般,*,*,五段-サ行,終止形-一般
溜息をつく	タメイキヲツク	8989	名詞+助詞+動詞
おそるおそる	オソルオソル	8990	副詞,*,*,*,*,*
頑な	カタクナ	8991	形状詞,一般,*,*,*,*
かわいらしい	カワイラシイ	8992	形容詞,一般,*,*,形容詞,終止形-一般
ウフフ	ウフフ	8993	感動詞,一般,*,*,*,*
おにぎり	オニギリ	8994	名詞,普通名詞,一般,*,*,*
わるい	ワルイ	8995	形容詞,一般,*,*,形容詞,終止形-一般
これぐらい	コレグライ	8996	代名詞+助詞
色合い	イロアイ	8997	名詞,普通名詞,一般,*,*,*
おやつ	オヤツ	8998	名詞,普通名詞,一般,*,*,*
月明かり	ツキアカリ	8999	名詞,普通名詞,一般,*,*,*
バッチリ	バッチリ	9000	副詞,*,*,*,*,*
聖	ヒジリ	9001	名詞,固有名詞,人名,名,*,*
羽	ワ	9002	名詞,普通名詞,一般,*,*,*
系統	ケイトウ	9004	名詞,普通名詞,一般,*,*,*
勝者	ショウシャ	9005	名詞,普通名詞,一般,*,*,*
四肢	シシ	9006	名詞,普通名詞,一般,*,*,*
強敵	キョウテキ	9007	名詞,普通名詞,一般,*,*,*
脆い	モロイ	9008	形容詞,一般,*,*,形容詞,終止形-一般
謁見	エッケン	9009	名詞,普通名詞,サ変可能,*,*,*
素手	スデ	9010	名詞,普通名詞,一般,*,*,*
お茶会	オチャカイ	9011	接頭辞+名詞
分解	ブンカイ	9012	名詞,普通名詞,サ変可能,*,*,*
レア	レア	9013	名詞,普通名詞,一般,*,*,*
はしたない	ハシタナイ	9014	形容詞,一般,*,*,形容詞,終止形-一般
そんで	ソンデ	9015	代名詞+助詞
出力	シュツリョク	9016	名詞,普通名詞,サ変可能,*,*,*
プレイヤー	プレイヤー	9017	名詞,普通名詞,一般,*,*,*
初恋	ハツコイ	9018	名詞,普通名詞,一般,*,*,*
程に	ホドニ	9019	助詞+助詞
五月	ゴガツ	9020	名詞+名詞
咥える	クワエル	9021	動詞,一般,*,*,下一段-ア行,終止形-一般
殺到	サットウ	9022	名詞,普通名詞,サ変可能,*,*,*
滴る	シタタル	9023	動詞,一般,*,*,五段-ラ行,終止形-一般
孕む	ハラム	9024	動詞,一般,*,*,五段-マ行,終止形-一般
細身	ホソミ	9025	名詞,普通名詞,一般,*,*,*
冷気	レイキ	9026	名詞,普通名詞,一般,*,*,*
凶暴	キョウボウ	9027	形状詞,一般,*,*,*,*
警護	ケイゴ	9028	名詞,普通名詞,サ変可能,*,*,*
声色	コワイロ	9029	名詞,普通名詞,一般,*,*,*
部品	ブヒン	9030	名詞,普通名詞,一般,*,*,*
肩を竦める	カタヲスクメル	9031	名詞+助詞+動詞
機体	キタイ	9032	名詞,普通名詞,一般,*,*,*
逡巡	シュンジュン	9033	名詞,普通名詞,サ変可能,*,*,*
着信音	チャクシンオン	9034	名詞+名詞
出来るだけ	デキルダケ	9035	副詞,*,*,*,*,*
サラダ	サラダ	9036	名詞,普通名詞,一般,*,*,*
賊	ゾク	9037	名詞,普通名詞,一般,*,*,*
突き	ツキ	9038	名詞,普通名詞,一般,*,*,*
悪役	アクヤク	9039	名詞,普通名詞,一般,*,*,*
己が	オノガ	9040	代名詞+助詞
傷を負う	キズヲオウ	9041	名詞+助詞+動詞
噴水	フンスイ	9042	名詞,普通名詞,一般,*,*,*
小首を傾げる	コクビヲカシゲル	9043	名詞+助詞+動詞
ライブ	ライブ	9044	名詞,普通名詞,一般,*,*,*
ラジオ	ラジオ	9045	名詞,普通名詞,一般,*,*,*
一際	ヒトキワ	9046	副詞,*,*,*,*,*
オーケー	オーケー	9047	名詞,普通名詞,サ変可能,*,*,*
星空	ホシゾラ	9048	名詞,普通名詞,一般,*,*,*
消し去る	ケシサル	9049	動詞,一般,*,*,五段-ラ行,終止形-一般
特化	トッカ	9050	名詞,普通名詞,サ変可能,*,*,*
口説く	クドク	9051	動詞,一般,*,*,五段-カ行,終止形-一般
貫通	カンツウ	9052	名詞,普通名詞,サ変可能,*,*,*
ぼやく	ボヤク	9053	動詞,一般,*,*,五段-カ行,終止形-一般
膨れ上がる	フクレアガル	9054	動詞,一般,*,*,五段-ラ行,終止形-一般
お喋り	オシャベリ	9055	名詞,普通名詞,サ変可能,*,*,*
捕獲	ホカク	9056	名詞,普通名詞,サ変可能,*,*,*
愛撫	アイブ	9057	名詞,普通名詞,サ変可能,*,*,*
創造	ソウゾウ	9058	名詞,普通名詞,サ変可能,*,*,*
と言うか	トイウカ	9059	助詞+動詞+助詞
躱す	カワス	9060	動詞,一般,*,*,五段-サ行,終止形-一般
蜘蛛	クモ	9061	名詞,普通名詞,一般,*,*,*
エスコート	エスコート	9062	名詞,普通名詞,サ変可能,*,*,*
敵に回す	テキニマワス	9063	名詞+助詞+動詞
耐えきれる	タエキレル	9064	動詞+動詞
ガード	ガード	9065	名詞,普通名詞,サ変可能,*,*,*
悶える	モダエル	9066	動詞,一般,*,*,下一段-ア行,終止形-一般
相対	ソウタイ	9067	名詞,普通名詞,一般,*,*,*
薪	マキ	9068	名詞,普通名詞,一般,*,*,*
粉砕	フンサイ	9069	名詞,普通名詞,サ変可能,*,*,*
飛び立つ	トビタツ	9071	動詞,一般,*,*,五段-タ行,終止形-一般
お皿	オサラ	9072	接頭辞+名詞
そういうことなら	ソウイウコトナラ	9073	副詞+動詞+名詞+助動詞
ぐちゃぐちゃ	グチャグチャ	9074	副詞,*,*,*,*,*
生身	ナマミ	9075	名詞,普通名詞,一般,*,*,*
シルエット	シルエット	9076	名詞,普通名詞,一般,*,*,*
込み上げる	コミアゲル	9077	動詞,一般,*,*,下一段-ガ行,終止形-一般
早足	ハヤアシ	9078	名詞,普通名詞,一般,*,*,*
目玉	メダマ	9079	名詞,普通名詞,一般,*,*,*
身を起こす	ミヲオコス	9080	名詞+助詞+動詞
コスプレ	コスプレ	9081	名詞,普通名詞,サ変可能,*,*,*
引き締める	ヒキシメル	9082	動詞,一般,*,*,下一段-マ行,終止形-一般
やない	ヤナイ	9083	動詞+助動詞
パンチ	パンチ	9084	名詞,普通名詞,サ変可能,*,*,*
楽園	ラクエン	9085	名詞,普通名詞,一般,*,*,*
着信	チャクシン	9086	名詞,普通名詞,サ変可能,*,*,*
大人びる	オトナビル	9087	動詞,一般,*,*,上一段-バ行,終止形-一般
おやじ	オヤジ	9088	名詞,普通名詞,一般,*,*,*
くれてやる	クレテヤル	9089	動詞+助詞+動詞
おばちゃん	オバチャン	9090	名詞+接尾辞
うめき声	ウメキゴエ	9091	名詞,普通名詞,一般,*,*,*
口づけ	クチヅケ	9092	名詞,普通名詞,一般,*,*,*
おおよそ	オオヨソ	9093	副詞,*,*,*,*,*
あらわれる	アラワレル	9094	動詞,一般,*,*,下一段-ラ行,終止形-一般
なんだっけ	ナンダッケ	9095	代名詞+助動詞+助詞
あてがう	アテガウ	9096	動詞,一般,*,*,五段-ワア行,終止形-一般
ギュッと	ギュット	9097	副詞+助詞
さきほど	サキホド	9098	名詞,普通名詞,副詞可能,*,*,*
ズル	ズル	9099	副詞,*,*,*,*,*
キャー	キャー	9100	感動詞,一般,*,*,*,*
がっくり	ガックリ	9101	副詞,*,*,*,*,*
悪党	アクトウ	9102	名詞,普通名詞,一般,*,*,*
旅館	リョカン	9103	名詞,普通名詞,一般,*,*,*
偽装	ギソウ	9104	名詞,普通名詞,サ変可能,*,*,*
遂に	ツイニ	9105	副詞,*,*,*,*,*
得体の知れない	エタイノシレナイ	9106	名詞+助詞+動詞+助動詞
体型	タイケイ	9107	名詞,普通名詞,一般,*,*,*
パジャマ	パジャマ	9108	名詞,普通名詞,一般,*,*,*
三月	サンガツ	9109	名詞+名詞
ひんやり	ヒンヤリ	9110	副詞,*,*,*,*,*
手綱	タヅナ	9111	名詞,普通名詞,一般,*,*,*
シリーズ	シリーズ	9112	名詞,普通名詞,一般,*,*,*
皆殺し	ミナゴロシ	9113	名詞,普通名詞,一般,*,*,*
香	コウ	9114	名詞,普通名詞,一般,*,*,*
交差	コウサ	9115	名詞,普通名詞,サ変可能,*,*,*
梅	ウメ	9116	名詞,普通名詞,一般,*,*,*
目をつぶる	メヲツブル	9117	名詞+助詞+動詞
閃く	ヒラメク	9118	動詞,一般,*,*,五段-カ行,終止形-一般
変形	ヘンケイ	9119	名詞,普通名詞,サ変可能,*,*,*
隊員	タイイン	9120	名詞,普通名詞,一般,*,*,*
幻影	ゲンエイ	9121	名詞,普通名詞,一般,*,*,*
給仕	キュウジ	9122	名詞,普通名詞,サ変可能,*,*,*
無くす	ナクス	9123	動詞,一般,*,*,五段-サ行,終止形-一般
治める	オサメル	9124	動詞,一般,*,*,下一段-マ行,終止形-一般
ロック	ロック	9125	名詞,普通名詞,一般,*,*,*
オリジナル	オリジナル	9126	名詞,普通名詞,形状詞可能,*,*,*
近衛	コノエ	9127	名詞,固有名詞,人名,姓,*,*
当然ながら	トウゼンナガラ	9128	形状詞+助詞
注ぎ込む	ソソギコム	9129	動詞,一般,*,*,五段-マ行,終止形-一般
不能	フノウ	9130	名詞,普通名詞,形状詞可能,*,*,*
酸素	サンソ	9131	名詞,普通名詞,一般,*,*,*
破壊力	ハカイリョク	9132	名詞,普通名詞,一般,*,*,*
即死	ソクシ	9133	名詞,普通名詞,サ変可能,*,*,*
か細い	カボソイ	9134	形容詞,一般,*,*,形容詞,終止形-一般
刺繍	シシュウ	9135	名詞,普通名詞,サ変可能,*,*,*
プリント	プリント	9136	名詞,普通名詞,サ変可能,*,*,*
嫌悪感	ケンオカン	9137	名詞+名詞
サンキュー	サンキュー	9138	名詞,普通名詞,一般,*,*,*
出掛ける	デカケル	9139	動詞,一般,*,*,下一段-カ行,終止形-一般
携える	タズサエル	9140	動詞,一般,*,*,下一段-ア行,終止形-一般
融合	ユウゴウ	9141	名詞,普通名詞,サ変可能,*,*,*
取得	シュトク	9142	名詞,普通名詞,サ変可能,*,*,*
あご	アゴ	9143	名詞,普通名詞,一般,*,*,*
はて	ハテ	9144	感動詞,一般,*,*,*,*
半身	ハンシン	9145	名詞,普通名詞,一般,*,*,*
ぴくり	ピクリ	9146	副詞,*,*,*,*,*
ビクビク	ビクビク	9147	副詞,*,*,*,*,*
手の平	テノヒラ	9148	名詞,普通名詞,一般,*,*,*
廃墟	ハイキョ	9149	名詞,普通名詞,一般,*,*,*
祭壇	サイダン	9150	名詞,普通名詞,一般,*,*,*
片腕	カタウデ	9151	名詞,普通名詞,一般,*,*,*
数値	スウチ	9152	名詞,普通名詞,一般,*,*,*
道場	ドウジョウ	9153	名詞,普通名詞,一般,*,*,*
創る	ツクル	9154	動詞,一般,*,*,五段-ラ行,終止形-一般
時間を稼ぐ	ジカンヲカセグ	9155	名詞+助詞+動詞
死骸	シガイ	9156	名詞,普通名詞,一般,*,*,*
馬鹿げる	バカゲル	9157	動詞,一般,*,*,下一段-ガ行,終止形-一般
封鎖	フウサ	9158	名詞,普通名詞,サ変可能,*,*,*
健気	ケナゲ	9159	形状詞,一般,*,*,*,*
隣国	リンゴク	9160	名詞,普通名詞,一般,*,*,*
人体	ジンタイ	9161	名詞,普通名詞,一般,*,*,*
職員室	ショクインシツ	9162	名詞,普通名詞,一般,*,*,*
独り	ヒトリ	9163	名詞,普通名詞,副詞可能,*,*,*
押し潰す	オシツブス	9164	動詞,一般,*,*,五段-サ行,終止形-一般
爺さん	ジイサン	9165	名詞+接尾辞
対戦	タイセン	9166	名詞,普通名詞,サ変可能,*,*,*
自我	ジガ	9167	名詞,普通名詞,一般,*,*,*
興味津々	キョウミシンシン	9168	名詞+形状詞
他ならない	ホカナラナイ	9169	名詞+動詞+助動詞
揉める	モメル	9170	動詞,一般,*,*,下一段-マ行,終止形-一般
パーツ	パーツ	9171	名詞,普通名詞,一般,*,*,*
眼球	ガンキュウ	9172	名詞,普通名詞,一般,*,*,*
喉を鳴らす	ノドヲナラス	9173	名詞+助詞+動詞
引き締まる	ヒキシマル	9174	動詞,一般,*,*,五段-ラ行,終止形-一般
第五	ダイゴ	9175	接頭辞+名詞
距離感	キョリカン	9176	名詞,普通名詞,一般,*,*,*
返信	ヘンシン	9177	名詞,普通名詞,サ変可能,*,*,*
するり	スルリ	9178	副詞,*,*,*,*,*
脱力	ダツリョク	9179	名詞,普通名詞,一般,*,*,*
いじめ	イジメ	9180	名詞,普通名詞,一般,*,*,*
コ	コ	9181	名詞,普通名詞,一般,*,*,*
かけら	カケラ	9182	名詞,普通名詞,一般,*,*,*
ソレ	ソレ	9183	代名詞,*,*,*,*,*
ひとしきり	ヒトシキリ	9184	副詞,*,*,*,*,*
よぎる	ヨギル	9185	動詞,一般,*,*,五段-ラ行,終止形-一般
マネ	マネ	9186	名詞,普通名詞,サ変可能,*,*,*
むろん	ムロン	9187	副詞,*,*,*,*,*
かたち	カタチ	9188	名詞,普通名詞,一般,*,*,*
こんど	コンド	9189	名詞,普通名詞,副詞可能,*,*,*
どいつもこいつも	ドイツモコイツモ	9190	代名詞+助詞+代名詞+助詞
おんなじ	オンナジ	9191	形状詞,一般,*,*,*,*
名残惜しい	ナゴリオシイ	9192	形容詞,一般,*,*,形容詞,終止形-一般
噛みしめる	カミシメル	9193	動詞,一般,*,*,下一段-マ行,終止形-一般
まみれ	マミレ	9194	動詞,一般,*,*,下一段-ラ行,連用形-一般
そういや	ソウイヤ	9195	副詞+形状詞
落ちつく	オチツク	9196	動詞,一般,*,*,五段-カ行,終止形-一般
かわりに	カワリニ	9197	名詞+助詞
よける	ヨケル	9198	動詞,一般,*,*,下一段-カ行,終止形-一般
グッと	グット	9199	副詞+助詞
口をつける	クチヲツケル	9200	名詞+助詞+動詞
水	スイ	9201	名詞,普通名詞,一般,*,*,*
側	ソバ	9202	名詞,普通名詞,一般,*,*,*
空く	スク	9203	動詞,一般,*,*,五段-カ行,終止形-一般
素	モト	9204	名詞,普通名詞,一般,*,*,*
宮廷	キュウテイ	9205	名詞,普通名詞,一般,*,*,*
砂浜	スナハマ	9206	名詞,普通名詞,一般,*,*,*
棘	トゲ	9207	名詞,普通名詞,一般,*,*,*
細胞	サイボウ	9208	名詞,普通名詞,一般,*,*,*
攫う	サラウ	9209	動詞,一般,*,*,五段-ワア行,終止形-一般
死角	シカク	9210	名詞,普通名詞,一般,*,*,*
手持ち	テモチ	9211	名詞,普通名詞,一般,*,*,*
グラウンド	グラウンド	9212	名詞,普通名詞,一般,*,*,*
勝敗	ショウハイ	9213	名詞,普通名詞,一般,*,*,*
階下	カイカ	9214	名詞,普通名詞,一般,*,*,*
婚姻	コンイン	9215	名詞,普通名詞,サ変可能,*,*,*
十歳	ジュッサイ	9216	名詞+接尾辞
亀	カメ	9217	名詞,普通名詞,一般,*,*,*
校長	コウチョウ	9218	名詞,普通名詞,一般,*,*,*
魔道	マドウ	9219	名詞,普通名詞,一般,*,*,*
両肩	リョウカタ	9220	名詞,普通名詞,一般,*,*,*
思い至る	オモイイタル	9221	動詞,一般,*,*,五段-ラ行,終止形-一般
運び込む	ハコビコム	9222	動詞,一般,*,*,五段-マ行,終止形-一般
地形	チケイ	9223	名詞,普通名詞,一般,*,*,*
勝ち目	カチメ	9224	名詞,普通名詞,一般,*,*,*
香水	コウスイ	9225	名詞,普通名詞,一般,*,*,*
刀身	トウシン	9226	名詞,普通名詞,一般,*,*,*
近隣	キンリン	9227	名詞,普通名詞,一般,*,*,*
体を起こす	カラダヲオコス	9228	名詞+助詞+動詞
一組	ヒトクミ	9229	名詞+名詞
反	ハン	9230	名詞,普通名詞,一般,*,*,*
不味い	マズイ	9231	形容詞,一般,*,*,形容詞,終止形-一般
懸ける	カケル	9232	動詞,非自立可能,*,*,下一段-カ行,終止形-一般
敬礼	ケイレイ	9233	名詞,普通名詞,サ変可能,*,*,*
万一	マンイチ	9234	名詞,普通名詞,副詞可能,*,*,*
鷹	タカ	9235	名詞,普通名詞,一般,*,*,*
組み込む	クミコム	9236	動詞,一般,*,*,五段-マ行,終止形-一般
実体	ジッタイ	9237	名詞,普通名詞,一般,*,*,*
優	ユウ	9238	名詞,固有名詞,人名,名,*,*
鼻息	ハナイキ	9239	名詞,普通名詞,一般,*,*,*
呆ける	ボケル	9240	動詞,一般,*,*,下一段-カ行,終止形-一般
怒声	ドセイ	9241	名詞,普通名詞,一般,*,*,*
連絡先	レンラクサキ	9242	名詞,普通名詞,一般,*,*,*
編む	アム	9243	動詞,一般,*,*,五段-マ行,終止形-一般
判別	ハンベツ	9244	名詞,普通名詞,サ変可能,*,*,*
思いきや	オモイキヤ	9245	動詞+助動詞+助詞
砕け散る	クダケチル	9246	動詞,一般,*,*,五段-ラ行,終止形-一般
人混み	ヒトゴミ	9247	名詞,普通名詞,一般,*,*,*
堪る	タマル	9248	動詞,一般,*,*,五段-ラ行,終止形-一般
目配せ	メクバセ	9249	名詞,普通名詞,サ変可能,*,*,*
微動	ビドウ	9250	名詞,普通名詞,サ変可能,*,*,*
兵隊	ヘイタイ	9251	名詞,普通名詞,一般,*,*,*
波打つ	ナミウツ	9252	動詞,一般,*,*,五段-タ行,終止形-一般
しょんぼり	ションボリ	9253	副詞,*,*,*,*,*
拡散	カクサン	9254	名詞,普通名詞,サ変可能,*,*,*
応答	オウトウ	9255	名詞,普通名詞,サ変可能,*,*,*
微笑みかける	ホホエミカケル	9256	動詞+動詞
勝ち誇る	カチホコル	9257	動詞,一般,*,*,五段-ラ行,終止形-一般
御用	ゴヨウ	9258	名詞,普通名詞,一般,*,*,*
損傷	ソンショウ	9259	名詞,普通名詞,サ変可能,*,*,*
殿	トノ	9260	名詞,普通名詞,一般,*,*,*
強度	キョウド	9261	名詞,普通名詞,一般,*,*,*
ぼやける	ボヤケル	9262	動詞,一般,*,*,下一段-カ行,終止形-一般
視覚	シカク	9263	名詞,普通名詞,一般,*,*,*
絹	キヌ	9264	名詞,普通名詞,一般,*,*,*
強者	キョウシャ	9265	名詞,普通名詞,一般,*,*,*
吊り上げる	ツリアゲル	9266	動詞,一般,*,*,下一段-ガ行,終止形-一般
衛兵	エイヘイ	9267	名詞,普通名詞,一般,*,*,*
毛皮	ケガワ	9268	名詞,普通名詞,一般,*,*,*
洗脳	センノウ	9269	名詞,普通名詞,サ変可能,*,*,*
無残	ムザン	9270	形状詞,一般,*,*,*,*
セクハラ	セクハラ	9271	名詞,普通名詞,一般,*,*,*
鈍感	ドンカン	9272	名詞,普通名詞,形状詞可能,*,*,*
別荘	ベッソウ	9273	名詞,普通名詞,一般,*,*,*
端末	タンマツ	9274	名詞,普通名詞,一般,*,*,*
たった一つ	タッタヒトツ	9275	副詞+名詞+接尾辞
両目	リョウメ	9276	名詞,普通名詞,一般,*,*,*
喚く	ワメク	9277	動詞,一般,*,*,五段-カ行,終止形-一般
路	ジ	9278	名詞,普通名詞,一般,*,*,*
こぼれ落ちる	コボレオチル	9279	動詞,一般,*,*,上一段-タ行,連体形-一般
引きこもる	ヒキコモル	9280	動詞,一般,*,*,五段-ラ行,終止形-一般
先ほどから	サキホドカラ	9281	名詞+助詞
１番	イチバン	9282	副詞,*,*,*,*,*
ははあ	ハハア	9283	感動詞,一般,*,*,*,*
なにもない	ナニモナイ	9284	代名詞+助詞+形容詞
これっぽっち	コレッポッチ	9285	代名詞+接尾辞
チラリ	チラリ	9286	副詞,*,*,*,*,*
あだ名	アダナ	9287	名詞,普通名詞,一般,*,*,*
多め	オオメ	9288	形状詞,一般,*,*,*,*
詫びる	ワビル	9289	動詞,一般,*,*,上一段-バ行,終止形-一般
ふつう	フツウ	9290	名詞,普通名詞,形状詞可能,*,*,*
ムダ	ムダ	9291	名詞,普通名詞,形状詞可能,*,*,*
アア	アア	9292	感動詞,一般,*,*,*,*
ひらく	ヒラク	9293	動詞,一般,*,*,五段-カ行,終止形-一般
ひときわ	ヒトキワ	9294	副詞,*,*,*,*,*
まじめ	マジメ	9295	形状詞,一般,*,*,*,*
浮き上がる	ウキアガル	9296	動詞,一般,*,*,五段-ラ行,終止形-一般
足手まとい	アシデマトイ	9297	名詞+接尾辞
サラ	サラ	9298	名詞,固有名詞,人名,一般,*,*
かき消す	カキケス	9299	動詞,一般,*,*,五段-サ行,終止形-一般
この度	コノタビ	9300	連体詞+名詞
里	リ	9301	名詞,普通名詞,一般,*,*,*
塾	ジュク	9302	名詞,普通名詞,一般,*,*,*
軍団	グンダン	9303	名詞,普通名詞,一般,*,*,*
障壁	ショウヘキ	9304	名詞,普通名詞,一般,*,*,*
門番	モンバン	9305	名詞,普通名詞,一般,*,*,*
では無い	デハナイ	9306	助詞+助詞+形容詞
Ｔシャツ	ティーシャツ	9307	名詞,普通名詞,一般,*,*,*
ジャケット	ジャケット	9308	名詞,普通名詞,一般,*,*,*
火照る	ホテル	9309	動詞,一般,*,*,五段-ラ行,終止形-一般
打ち付ける	ウチツケル	9310	動詞,一般,*,*,下一段-カ行,終止形-一般
即ち	スナワチ	9311	接続詞,*,*,*,*,*
山道	ヤマミチ	9312	名詞,普通名詞,一般,*,*,*
恍惚	コウコツ	9313	形状詞,タリ,*,*,*,*
小指	コユビ	9314	名詞,普通名詞,一般,*,*,*
極まりない	キワマリナイ	9315	形容詞,一般,*,*,形容詞,終止形-一般
滑り込む	スベリコム	9316	動詞,一般,*,*,五段-マ行,終止形-一般
領土	リョウド	9317	名詞,普通名詞,一般,*,*,*
ジ	ジ	9318	名詞,普通名詞,一般,*,*,*
轟く	トドロク	9319	動詞,一般,*,*,五段-カ行,終止形-一般
付与	フヨ	9320	名詞,普通名詞,サ変可能,*,*,*
あっと	アット	9321	名詞,普通名詞,一般,*,*,*
世間話	セケンバナシ	9322	名詞+名詞
重々しい	オモオモシイ	9323	形容詞,一般,*,*,形容詞,終止形-一般
時間稼ぎ	ジカンカセギ	9324	名詞+名詞
前置き	マエオキ	9325	名詞,普通名詞,サ変可能,*,*,*
愚か者	オロカモノ	9326	名詞,普通名詞,一般,*,*,*
宙に浮く	チュウニウク	9327	名詞+助詞+動詞
逝く	イク	9328	動詞,一般,*,*,五段-カ行,終止形-一般
たま	タマ	9329	副詞,*,*,*,*,*
場違い	バチガイ	9330	名詞,普通名詞,形状詞可能,*,*,*
重傷	ジュウショウ	9331	名詞,普通名詞,一般,*,*,*
首輪	クビワ	9332	名詞,普通名詞,一般,*,*,*
赤面	セキメン	9333	名詞,普通名詞,サ変可能,*,*,*
ゴム	ゴム	9334	名詞,普通名詞,一般,*,*,*
村長	ソンチョウ	9335	名詞,普通名詞,一般,*,*,*
異質	イシツ	9336	名詞,普通名詞,形状詞可能,*,*,*
蒼い	アオイ	9337	形容詞,一般,*,*,形容詞,終止形-一般
伸びをする	ノビヲスル	9338	名詞+助詞+動詞
辛うじて	カロウジテ	9339	副詞,*,*,*,*,*
脱ぎ捨てる	ヌギステル	9340	動詞,一般,*,*,下一段-タ行,終止形-一般
高位	コウイ	9341	名詞,普通名詞,一般,*,*,*
アクセサリー	アクセサリー	9342	名詞,普通名詞,一般,*,*,*
補佐	ホサ	9343	名詞,普通名詞,サ変可能,*,*,*
面接	メンセツ	9344	名詞,普通名詞,サ変可能,*,*,*
吐き気	ハキケ	9345	名詞,普通名詞,一般,*,*,*
剣を抜く	ツルギヲヌク	9346	名詞+助詞+動詞
の様に	ノヨウニ	9347	助詞+形状詞+助動詞
留学	リュウガク	9348	名詞,普通名詞,サ変可能,*,*,*
何処か	ドコカ	9349	代名詞+助詞
伝承	デンショウ	9350	名詞,普通名詞,サ変可能,*,*,*
母ちゃん	カアチャン	9351	名詞,普通名詞,一般,*,*,*
隔離	カクリ	9352	名詞,普通名詞,サ変可能,*,*,*
お仕置き	オシオキ	9353	接頭辞+名詞
石畳	イシダタミ	9354	名詞,普通名詞,一般,*,*,*
飛び回る	トビマワル	9355	動詞,一般,*,*,五段-ラ行,終止形-一般
咳	セキ	9356	名詞,普通名詞,一般,*,*,*
授かる	サズカル	9357	動詞,一般,*,*,五段-ラ行,終止形-一般
ファイル	ファイル	9358	名詞,普通名詞,サ変可能,*,*,*
援軍	エングン	9359	名詞,普通名詞,一般,*,*,*
儀	ギ	9360	名詞,普通名詞,一般,*,*,*
子猫	コネコ	9361	名詞,普通名詞,一般,*,*,*
飛び越える	トビコエル	9362	動詞,一般,*,*,下一段-ア行,終止形-一般
目を見張る	メヲミハル	9363	名詞+助詞+動詞
赤子	アカゴ	9364	名詞,普通名詞,一般,*,*,*
真下	マシタ	9365	名詞,普通名詞,一般,*,*,*
編集	ヘンシュウ	9366	名詞,普通名詞,サ変可能,*,*,*
切り替わる	キリカワル	9367	動詞,一般,*,*,五段-ラ行,終止形-一般
血が流れる	チガナガレル	9368	名詞+助詞+動詞
迷子	マイゴ	9369	名詞,普通名詞,一般,*,*,*
撃破	ゲキハ	9370	名詞,普通名詞,サ変可能,*,*,*
躍る	オドル	9371	動詞,一般,*,*,五段-ラ行,終止形-一般
継承	ケイショウ	9372	名詞,普通名詞,サ変可能,*,*,*
だからと言って	ダカラトイッテ	9373	助動詞+助詞+助詞+動詞+助詞
舌を出す	シタヲダス	9374	名詞+助詞+動詞
至急	シキュウ	9375	名詞,普通名詞,副詞可能,*,*,*
同胞	ドウホウ	9376	名詞,普通名詞,一般,*,*,*
合宿	ガッシュク	9377	名詞,普通名詞,サ変可能,*,*,*
仇	アダ	9378	名詞,普通名詞,一般,*,*,*
騎	キ	9379	名詞,普通名詞,助数詞可能,*,*,*
言葉を返す	コトバヲカエス	9380	名詞+助詞+動詞
目尻	メジリ	9381	名詞,普通名詞,一般,*,*,*
腕力	ワンリョク	9382	名詞,普通名詞,一般,*,*,*
後継者	コウケイシャ	9383	名詞,普通名詞,一般,*,*,*
ハ	ハ	9384	名詞,普通名詞,一般,*,*,*
ちっぽけ	チッポケ	9385	形状詞,一般,*,*,*,*
ほー	ホー	9386	感動詞,一般,*,*,*,*
結局のところ	ケッキョクノトコロ	9387	名詞+助詞+名詞
２階	ニカイ	9388	名詞+名詞
引き渡す	ヒキワタス	9389	動詞,一般,*,*,五段-サ行,終止形-一般
引き止める	ヒキトメル	9390	動詞,一般,*,*,下一段-マ行,終止形-一般
しかしながら	シカシナガラ	9391	接続詞+助詞
たどりつく	タドリツク	9392	動詞,一般,*,*,五段-カ行,終止形-一般
おまえら	オマエラ	9393	代名詞+接尾辞
呼び出し	ヨビダシ	9394	名詞,普通名詞,一般,*,*,*
ぎゃあ	ギャア	9395	感動詞,一般,*,*,*,*
振りかぶる	フリカブル	9396	動詞,一般,*,*,五段-ラ行,終止形-一般
はじく	ハジク	9397	動詞,一般,*,*,五段-カ行,終止形-一般
モン	モン	9398	名詞,普通名詞,一般,*,*,*
えっち	エッチ	9399	名詞,普通名詞,サ変形状詞可能,*,*,*
音をたてる	オトヲタテル	9400	名詞+助詞+動詞
裏手	ウラテ	9401	名詞,普通名詞,一般,*,*,*
ずるずる	ズルズル	9402	副詞,*,*,*,*,*
丸ごと	マルゴト	9403	名詞,普通名詞,副詞可能,*,*,*
軽	ケイ	9404	名詞,普通名詞,一般,*,*,*
立ち位置	タチイチ	9405	名詞,普通名詞,一般,*,*,*
二年生	ニネンセイ	9406	名詞+接尾辞
各種	カクシュ	9407	名詞,普通名詞,一般,*,*,*
貪る	ムサボル	9408	動詞,一般,*,*,五段-ラ行,終止形-一般
心の声	ココロノコエ	9409	名詞+助詞+名詞
突き抜ける	ツキヌケル	9410	動詞,一般,*,*,下一段-カ行,終止形-一般
開け放つ	アケハナツ	9411	動詞,一般,*,*,五段-タ行,終止形-一般
逃げ切る	ニゲキル	9412	動詞+動詞
警備員	ケイビイン	9413	名詞,普通名詞,一般,*,*,*
態度を取る	タイドヲトル	9414	名詞+助詞+動詞
まじまじ	マジマジ	9415	副詞,*,*,*,*,*
地下室	チカシツ	9416	名詞,普通名詞,一般,*,*,*
老婆	ロウバ	9417	名詞,普通名詞,一般,*,*,*
心当たりがある	ココロアタリガアル	9418	名詞+助詞+動詞
進学	シンガク	9419	名詞,普通名詞,サ変可能,*,*,*
論理	ロンリ	9420	名詞,普通名詞,一般,*,*,*
赤らめる	アカラメル	9421	動詞,一般,*,*,下一段-マ行,終止形-一般
防具	ボウグ	9422	名詞,普通名詞,一般,*,*,*
四角い	シカクイ	9423	形容詞,一般,*,*,形容詞,終止形-一般
特徴的	トクチョウテキ	9424	名詞,普通名詞,形状詞可能,*,*,*
感慨	カンガイ	9425	名詞,普通名詞,一般,*,*,*
幾つも	イクツモ	9426	名詞+助詞
もぐもぐ	モグモグ	9427	副詞,*,*,*,*,*
名刺	メイシ	9428	名詞,普通名詞,一般,*,*,*
月光	ゲッコウ	9429	名詞,普通名詞,一般,*,*,*
トマト	トマト	9430	名詞,普通名詞,一般,*,*,*
ゴブリン	ゴブリン	9431	名詞,普通名詞,一般,*,*,*
諦め	アキラメ	9432	動詞,一般,*,*,下一段-マ行,連用形-一般
様になる	ヨウニナル	9433	形状詞+助動詞+動詞
特製	トクセイ	9434	名詞,普通名詞,一般,*,*,*
体当たり	タイアタリ	9435	名詞,普通名詞,サ変可能,*,*,*
遺産	イサン	9436	名詞,普通名詞,一般,*,*,*
むっと	ムット	9437	副詞,*,*,*,*,*
駆け巡る	カケメグル	9438	動詞,一般,*,*,五段-ラ行,終止形-一般
芸	ゲイ	9439	名詞,普通名詞,一般,*,*,*
お宅	オタク	9440	代名詞,*,*,*,*,*
暗殺者	アンサツシャ	9441	名詞,普通名詞,一般,*,*,*
冷酷	レイコク	9442	名詞,普通名詞,形状詞可能,*,*,*
ぐいぐい	グイグイ	9443	副詞,*,*,*,*,*
子息	シソク	9444	名詞,普通名詞,一般,*,*,*
殻	カラ	9445	名詞,普通名詞,一般,*,*,*
遠巻き	トオマキ	9446	名詞,普通名詞,一般,*,*,*
コンビ	コンビ	9447	名詞,普通名詞,一般,*,*,*
儂	ワシ	9448	代名詞,*,*,*,*,*
哲学	テツガク	9449	名詞,普通名詞,一般,*,*,*
遠距離	エンキョリ	9450	名詞,普通名詞,一般,*,*,*
恨めしい	ウラメシイ	9451	形容詞,一般,*,*,形容詞,終止形-一般
心外	シンガイ	9452	形状詞,一般,*,*,*,*
協力者	キョウリョクシャ	9453	名詞,普通名詞,一般,*,*,*
花束	ハナタバ	9454	名詞,普通名詞,一般,*,*,*
危惧	キグ	9455	名詞,普通名詞,サ変可能,*,*,*
空白	クウハク	9456	名詞,普通名詞,形状詞可能,*,*,*
背丈	セタケ	9457	名詞,普通名詞,一般,*,*,*
燃料	ネンリョウ	9458	名詞,普通名詞,一般,*,*,*
静けさ	シズケサ	9459	名詞,普通名詞,一般,*,*,*
雑草	ザッソウ	9460	名詞,普通名詞,一般,*,*,*
ごろごろ	ゴロゴロ	9461	副詞,*,*,*,*,*
狂	キョウ	9462	接尾辞,名詞的,一般,*,*,*
牢	ロウ	9463	名詞,普通名詞,一般,*,*,*
生気	セイキ	9464	名詞,普通名詞,一般,*,*,*
真夜中	マヨナカ	9465	名詞,普通名詞,副詞可能,*,*,*
野生	ヤセイ	9466	名詞,普通名詞,サ変可能,*,*,*
可	カ	9467	名詞,普通名詞,形状詞可能,*,*,*
帝都	テイト	9468	名詞,普通名詞,一般,*,*,*
スピーカー	スピーカー	9469	名詞,普通名詞,一般,*,*,*
数歩	スウホ	9470	名詞,固有名詞,人名,姓,*,*
診察	シンサツ	9471	名詞,普通名詞,サ変可能,*,*,*
正門	セイモン	9472	名詞,普通名詞,一般,*,*,*
遡る	サカノボル	9473	動詞,一般,*,*,五段-ラ行,終止形-一般
堕ちる	オチル	9474	動詞,一般,*,*,上一段-タ行,連体形-一般
長ける	タケル	9475	動詞,一般,*,*,下一段-カ行,終止形-一般
受話器	ジュワキ	9476	名詞,普通名詞,一般,*,*,*
陰謀	インボウ	9477	名詞,普通名詞,一般,*,*,*
ままならない	ママナラナイ	9478	名詞+動詞+助動詞
敢えて	アエテ	9479	副詞,*,*,*,*,*
しょせん	ショセン	9480	副詞,*,*,*,*,*
いっしょ	イッショ	9481	名詞,普通名詞,サ変可能,*,*,*
ゴロゴロ	ゴロゴロ	9482	副詞,*,*,*,*,*
以て	モッテ	9483	動詞+助詞
フリをする	フリヲスル	9484	名詞+助詞+動詞
びくびく	ビクビク	9485	副詞,*,*,*,*,*
マンガ	マンガ	9486	名詞,普通名詞,一般,*,*,*
ピッタリ	ピッタリ	9487	形状詞,一般,*,*,*,*
持ち物	モチモノ	9488	名詞,普通名詞,一般,*,*,*
ばらばら	バラバラ	9489	形状詞,一般,*,*,*,*
手をつく	テヲツク	9490	名詞+助詞+動詞
じい	ジイ	9491	副詞,*,*,*,*,*
なぜだか	ナゼダカ	9492	副詞+助動詞+助詞
おもう	オモウ	9493	感動詞+副詞
と言って	トイッテ	9494	助詞+動詞+助詞
わき	ワキ	9495	名詞,普通名詞,一般,*,*,*
死にかける	シニカケル	9496	名詞+助詞+動詞
こたえる	コタエル	9497	動詞,一般,*,*,下一段-ア行,終止形-一般
頃合い	コロアイ	9498	名詞,普通名詞,一般,*,*,*
いいとこ	イイトコ	9499	形容詞+名詞
だれも	ダレモ	9500	代名詞+助詞
値	チ	9501	名詞,普通名詞,サ変可能,*,*,*
頬を染める	ホオヲソメル	9502	名詞+助詞+動詞
窮地	キュウチ	9503	名詞,普通名詞,一般,*,*,*
城内	ジョウナイ	9504	名詞,固有名詞,人名,姓,*,*
亡霊	ボウレイ	9505	名詞,普通名詞,一般,*,*,*
恐らくは	オソラクハ	9506	副詞+助詞
生命力	セイメイリョク	9507	名詞,普通名詞,一般,*,*,*
香りがする	カオリガスル	9508	名詞+助詞+動詞
マスコミ	マスコミ	9509	名詞,普通名詞,一般,*,*,*
蹴散らす	ケチラス	9510	動詞,一般,*,*,五段-サ行,終止形-一般
ストーリー	ストーリー	9511	名詞,普通名詞,一般,*,*,*
行き交う	ユキカウ	9512	動詞,一般,*,*,五段-ワア行,終止形-一般
コード	コード	9513	名詞,普通名詞,一般,*,*,*
気圧される	ケオサレル	9514	動詞,一般,*,*,下一段-ラ行,終止形-一般
部署	ブショ	9515	名詞,普通名詞,一般,*,*,*
派閥	ハバツ	9516	名詞,普通名詞,一般,*,*,*
ガンガン	ガンガン	9517	副詞,*,*,*,*,*
反乱	ハンラン	9518	名詞,普通名詞,サ変可能,*,*,*
変貌	ヘンボウ	9519	名詞,普通名詞,サ変可能,*,*,*
マナー	マナー	9520	名詞,普通名詞,一般,*,*,*
実のところ	ジツノトコロ	9521	名詞+助詞+名詞
大剣	タイケン	9522	名詞,普通名詞,一般,*,*,*
オレンジ	オレンジ	9523	名詞,普通名詞,一般,*,*,*
手下	テシタ	9524	名詞,普通名詞,一般,*,*,*
大概	タイガイ	9525	名詞,普通名詞,副詞可能,*,*,*
小動物	ショウドウブツ	9526	名詞,普通名詞,一般,*,*,*
血筋	チスジ	9527	名詞,普通名詞,一般,*,*,*
文学	ブンガク	9528	名詞,普通名詞,一般,*,*,*
大歓迎	ダイカンゲイ	9529	接頭辞+名詞
切り抜ける	キリヌケル	9530	動詞,一般,*,*,下一段-カ行,終止形-一般
生成	セイセイ	9531	名詞,普通名詞,サ変可能,*,*,*
不本意	フホンイ	9532	名詞,普通名詞,形状詞可能,*,*,*
立て続け	タテツヅケ	9533	名詞,普通名詞,一般,*,*,*
キモイ	キモイ	9534	形容詞,一般,*,*,形容詞,終止形-一般
経験値	ケイケンチ	9535	名詞,普通名詞,一般,*,*,*
宿命	シュクメイ	9536	名詞,普通名詞,一般,*,*,*
ぽんぽん	ポンポン	9537	副詞,*,*,*,*,*
要	ヨウ	9538	名詞,普通名詞,一般,*,*,*
家臣	カシン	9539	名詞,普通名詞,一般,*,*,*
シナリオ	シナリオ	9540	名詞,普通名詞,一般,*,*,*
御者	ギョシャ	9541	名詞,普通名詞,一般,*,*,*
九時	クジ	9542	名詞+名詞
役員	ヤクイン	9543	名詞,普通名詞,一般,*,*,*
劇場	ゲキジョウ	9544	名詞,普通名詞,一般,*,*,*
極限	キョクゲン	9545	名詞,普通名詞,一般,*,*,*
恐れ入る	オソレイル	9546	動詞,一般,*,*,五段-ラ行,終止形-一般
家柄	イエガラ	9547	名詞,普通名詞,一般,*,*,*
上層部	ジョウソウブ	9548	名詞+名詞
カラオケ	カラオケ	9549	名詞,普通名詞,一般,*,*,*
無駄にする	ムダニスル	9550	名詞+助動詞+動詞
九十	キュウジュウ	9551	名詞,数詞,*,*,*,*
保険	ホケン	9552	名詞,普通名詞,一般,*,*,*
しっとり	シットリ	9553	副詞,*,*,*,*,*
眩い	マバユイ	9554	形容詞,一般,*,*,形容詞,終止形-一般
スライム	スライム	9555	名詞,普通名詞,一般,*,*,*
わっと	ワット	9556	副詞+助詞
初代	ショダイ	9557	名詞,普通名詞,一般,*,*,*
舟	フネ	9558	名詞,普通名詞,一般,*,*,*
視力	シリョク	9559	名詞,普通名詞,一般,*,*,*
常人	ジョウジン	9560	名詞,普通名詞,一般,*,*,*
一人暮らし	ヒトリグラシ	9561	名詞,普通名詞,一般,*,*,*
デスク	デスク	9562	名詞,普通名詞,一般,*,*,*
締まる	シマル	9563	動詞,一般,*,*,五段-ラ行,終止形-一般
粒子	リュウシ	9564	名詞,普通名詞,一般,*,*,*
三時	サンジ	9565	名詞+名詞
悠然	ユウゼン	9566	形状詞,タリ,*,*,*,*
消え失せる	キエウセル	9567	動詞,一般,*,*,下一段-サ行,終止形-一般
沸騰	フットウ	9568	名詞,普通名詞,サ変可能,*,*,*
膣	チツ	9569	名詞,普通名詞,一般,*,*,*
ずらり	ズラリ	9570	副詞,*,*,*,*,*
陣取る	ジンドル	9571	動詞,一般,*,*,五段-ラ行,終止形-一般
若き	ワカキ	9572	形容詞,一般,*,*,文語形容詞-ク,連体形-一般
握り返す	ニギリカエス	9573	動詞,一般,*,*,五段-サ行,終止形-一般
獣人	ジュウジン	9574	名詞,普通名詞,一般,*,*,*
陽光	ヨウコウ	9575	名詞,普通名詞,一般,*,*,*
急所	キュウショ	9576	名詞,普通名詞,一般,*,*,*
桃色	モモイロ	9577	名詞,普通名詞,一般,*,*,*
部位	ブイ	9578	名詞,普通名詞,一般,*,*,*
びくりと	ビクリト	9579	副詞+助詞
ちゅう	チュウ	9580	助動詞,*,*,*,五段-ワア行,終止形-一般
見舞い	ミマイ	9581	名詞,普通名詞,一般,*,*,*
スッキリ	スッキリ	9582	副詞,*,*,*,*,*
てっぺん	テッペン	9583	名詞,普通名詞,一般,*,*,*
終る	オワル	9584	動詞,非自立可能,*,*,五段-ラ行,終止形-一般
おぬし	オヌシ	9585	代名詞,*,*,*,*,*
いい男	イイオトコ	9586	形容詞+名詞
あーん	アーン	9587	感動詞,一般,*,*,*,*
こわばる	コワバル	9588	動詞,一般,*,*,五段-ラ行,終止形-一般
われ	ワレ	9589	代名詞,*,*,*,*,*
今日のところは	キョウノトコロハ	9590	名詞+助詞+名詞+助詞
ステキ	ステキ	9591	形状詞,一般,*,*,*,*
ぬく	ヌク	9592	動詞,非自立可能,*,*,五段-カ行,終止形-一般
思いきり	オモイキリ	9593	名詞,普通名詞,副詞可能,*,*,*
手すり	テスリ	9594	名詞,普通名詞,一般,*,*,*
さよう	サヨウ	9595	形状詞,一般,*,*,*,*
言える	イエル	9596	動詞,一般,*,*,下一段-ア行,終止形-一般
あれっ	アレッ	9597	感動詞,一般,*,*,*,*
キョロキョロ	キョロキョロ	9598	副詞,*,*,*,*,*
フラフラ	フラフラ	9599	副詞,*,*,*,*,*
じゃあね	ジャアネ	9600	接続詞+助詞
行く手	ユクテ	9602	名詞,普通名詞,一般,*,*,*
悠長	ユウチョウ	9603	形状詞,一般,*,*,*,*
飛び跳ねる	トビハネル	9604	動詞,一般,*,*,下一段-ナ行,終止形-一般
ちょこん	チョコン	9605	副詞,*,*,*,*,*
才	サイ	9606	名詞,普通名詞,一般,*,*,*
先方	センポウ	9607	名詞,普通名詞,一般,*,*,*
話は別	ハナシハベツ	9608	名詞+助詞+名詞
相談に乗る	ソウダンニノル	9609	名詞+助詞+動詞
定か	サダカ	9610	形状詞,一般,*,*,*,*
ぞろぞろ	ゾロゾロ	9611	副詞,*,*,*,*,*
競技	キョウギ	9612	名詞,普通名詞,サ変可能,*,*,*
養子	ヨウシ	9613	名詞,普通名詞,一般,*,*,*
製作	セイサク	9614	名詞,普通名詞,サ変可能,*,*,*
ぶつかり合う	ブツカリアウ	9615	動詞,一般,*,*,五段-ワア行,終止形-一般
大いなる	オオイナル	9616	連体詞,*,*,*,*,*
縮む	チヂム	9617	動詞,一般,*,*,五段-マ行,終止形-一般
淑女	シュクジョ	9618	名詞,普通名詞,一般,*,*,*
ちらっと	チラット	9619	副詞+助詞
筒	ツツ	9620	名詞,普通名詞,一般,*,*,*
頭が痛い	アタマガイタイ	9621	名詞+助詞+形容詞
分身	ブンシン	9622	名詞,普通名詞,一般,*,*,*
生き残り	イキノコリ	9623	名詞,普通名詞,一般,*,*,*
朦朧	モウロウ	9624	形状詞,タリ,*,*,*,*
威圧	イアツ	9625	名詞,普通名詞,サ変可能,*,*,*
許	モト	9626	名詞,普通名詞,副詞可能,*,*,*
掲示板	ケイジバン	9627	名詞,普通名詞,一般,*,*,*
垣間見る	カイマミル	9628	動詞,一般,*,*,上一段-マ行,終止形-一般
エロ	エロ	9629	名詞,普通名詞,形状詞可能,*,*,*
直視	チョクシ	9630	名詞,普通名詞,サ変可能,*,*,*
洗濯物	センタクモノ	9631	名詞,普通名詞,一般,*,*,*
食糧	ショクリョウ	9632	名詞,普通名詞,一般,*,*,*
子供っぽい	コドモッポイ	9633	名詞+接尾辞
様な	ヨウナ	9634	形状詞+助動詞
校庭	コウテイ	9635	名詞,普通名詞,一般,*,*,*
打ち砕く	ウチクダク	9636	動詞,一般,*,*,五段-カ行,終止形-一般
迷子になる	マイゴニナル	9637	名詞+助詞+動詞
外套	ガイトウ	9638	名詞,普通名詞,一般,*,*,*
朗らか	ホガラカ	9639	形状詞,一般,*,*,*,*
寄り道	ヨリミチ	9640	名詞,普通名詞,サ変可能,*,*,*
静止	セイシ	9641	名詞,普通名詞,サ変可能,*,*,*
入力	ニュウリョク	9642	名詞,普通名詞,サ変可能,*,*,*
無茶苦茶	ムチャクチャ	9643	副詞,*,*,*,*,*
枕元	マクラモト	9644	名詞,普通名詞,一般,*,*,*
口出し	クチダシ	9645	名詞,普通名詞,サ変可能,*,*,*
エース	エース	9646	名詞,普通名詞,一般,*,*,*
オーナー	オーナー	9647	名詞,普通名詞,一般,*,*,*
球体	キュウタイ	9648	名詞,普通名詞,一般,*,*,*
クリーム	クリーム	9649	名詞,普通名詞,一般,*,*,*
巡回	ジュンカイ	9650	名詞,普通名詞,サ変可能,*,*,*
美術	ビジュツ	9651	名詞,普通名詞,一般,*,*,*
転送	テンソウ	9652	名詞,普通名詞,サ変可能,*,*,*
眉根を寄せる	マユネヲヨセル	9653	名詞+助詞+動詞
ダッシュ	ダッシュ	9654	名詞,普通名詞,サ変可能,*,*,*
大喜び	オオヨロコビ	9655	名詞,普通名詞,サ変可能,*,*,*
今宵	コヨイ	9656	名詞,普通名詞,副詞可能,*,*,*
タコ	タコ	9657	名詞,普通名詞,一般,*,*,*
同期	ドウキ	9658	名詞,普通名詞,サ変可能,*,*,*
裁く	サバク	9659	動詞,一般,*,*,五段-カ行,終止形-一般
賞賛	ショウサン	9660	名詞,普通名詞,サ変可能,*,*,*
吹っ飛ばす	フットバス	9661	動詞,一般,*,*,五段-サ行,終止形-一般
緊急事態	キンキュウジタイ	9662	名詞,普通名詞,一般,*,*,*
小物	コモノ	9663	名詞,普通名詞,一般,*,*,*
害する	ガイスル	9664	動詞,一般,*,*,サ行変格,終止形-一般
輸送	ユソウ	9665	名詞,普通名詞,サ変可能,*,*,*
湯船	ユブネ	9666	名詞,普通名詞,一般,*,*,*
支配者	シハイシャ	9667	名詞,普通名詞,一般,*,*,*
彫刻	チョウコク	9668	名詞,普通名詞,サ変可能,*,*,*
飛び乗る	トビノル	9669	動詞,一般,*,*,五段-ラ行,終止形-一般
がっちり	ガッチリ	9670	副詞,*,*,*,*,*
心中	シンジュウ	9671	名詞,普通名詞,サ変可能,*,*,*
ハマる	ハマル	9672	動詞,一般,*,*,五段-ラ行,終止形-一般
ごきげんよう	ゴキゲンヨウ	9673	感動詞,一般,*,*,*,*
もたれかかる	モタレカカル	9674	動詞,一般,*,*,五段-ラ行,終止形-一般
奇怪	キカイ	9675	名詞,普通名詞,形状詞可能,*,*,*
引っ越し	ヒッコシ	9676	名詞,普通名詞,サ変可能,*,*,*
おそろしい	オソロシイ	9677	形容詞,一般,*,*,形容詞,終止形-一般
ことば	コトバ	9678	名詞,普通名詞,一般,*,*,*
ネコ	ネコ	9679	名詞,普通名詞,一般,*,*,*
とろける	トロケル	9680	動詞,一般,*,*,下一段-カ行,終止形-一般
ほぐす	ホグス	9681	動詞,一般,*,*,五段-サ行,終止形-一般
かすれる	カスレル	9682	動詞,一般,*,*,下一段-ラ行,終止形-一般
あん	アン	9683	名詞,普通名詞,一般,*,*,*
くだす	クダス	9684	動詞,一般,*,*,五段-サ行,終止形-一般
あとにする	アトニスル	9685	名詞+助詞+動詞
窓ガラス	マドガラス	9686	名詞+名詞
とたんに	トタンニ	9687	名詞+助詞
降りかかる	フリカカル	9688	動詞,一般,*,*,五段-ラ行,終止形-一般
口をきく	クチヲキク	9689	名詞+助詞+動詞
ヘン	ヘン	9690	名詞,普通名詞,形状詞可能,*,*,*
にこり	ニコリ	9691	副詞,*,*,*,*,*
言いだす	イイダス	9692	動詞+動詞
ちがいない	チガイナイ	9693	名詞+形容詞
チラチラ	チラチラ	9694	副詞,*,*,*,*,*
声かけ	コエカケ	9695	名詞,普通名詞,サ変可能,*,*,*
ズレる	ズレル	9696	動詞,一般,*,*,下一段-ラ行,終止形-一般
アッ	アッ	9697	感動詞,一般,*,*,*,*
おまけ	オマケ	9698	名詞,普通名詞,一般,*,*,*
じゃろ	ジャロ	9699	助動詞,*,*,*,助動詞-ジャ,意志推量形
席につく	セキニツク	9700	名詞+助詞+動詞
ひょいと	ヒョイト	9701	副詞+助詞
物陰	モノカゲ	9702	名詞,普通名詞,一般,*,*,*
泣き叫ぶ	ナキサケブ	9703	動詞,一般,*,*,五段-バ行,終止形-一般
結合	ケツゴウ	9704	名詞,普通名詞,サ変可能,*,*,*
白銀	ハクギン	9705	名詞,普通名詞,一般,*,*,*
走り抜ける	ハシリヌケル	9706	動詞,一般,*,*,下一段-カ行,終止形-一般
善意	ゼンイ	9707	名詞,普通名詞,一般,*,*,*
もやもや	モヤモヤ	9708	副詞,*,*,*,*,*
三年生	サンネンセイ	9709	名詞+接尾辞
火力	カリョク	9710	名詞,普通名詞,一般,*,*,*
点数	テンスウ	9711	名詞,普通名詞,一般,*,*,*
幾度も	イクドモ	9712	名詞+助詞
ネクタイ	ネクタイ	9713	名詞,普通名詞,一般,*,*,*
余程	ヨホド	9714	副詞,*,*,*,*,*
手近	テヂカ	9715	名詞,普通名詞,形状詞可能,*,*,*
苛む	サイナム	9716	動詞,一般,*,*,五段-マ行,終止形-一般
仕組む	シクム	9717	動詞,一般,*,*,五段-マ行,終止形-一般
送信	ソウシン	9718	名詞,普通名詞,サ変可能,*,*,*
地帯	チタイ	9719	名詞,普通名詞,一般,*,*,*
専属	センゾク	9720	名詞,普通名詞,サ変可能,*,*,*
ネックレス	ネックレス	9721	名詞,普通名詞,一般,*,*,*
腑に落ちる	フニオチル	9722	名詞+助詞+動詞
あんな風に	アンナフウニ	9723	連体詞+名詞+助動詞
縮こまる	チヂコマル	9724	動詞,一般,*,*,五段-ラ行,終止形-一般
模する	モスル	9725	動詞,一般,*,*,サ行変格,終止形-一般
機構	キコウ	9726	名詞,普通名詞,一般,*,*,*
呼応	コオウ	9727	名詞,普通名詞,サ変可能,*,*,*
柳	ヤナギ	9728	名詞,普通名詞,一般,*,*,*
バター	バター	9729	名詞,普通名詞,一般,*,*,*
返り討ち	カエリウチ	9730	名詞,普通名詞,一般,*,*,*
脈打つ	ミャクウツ	9731	動詞,一般,*,*,五段-タ行,終止形-一般
靴下	クツシタ	9732	名詞,普通名詞,一般,*,*,*
送り届ける	オクリトドケル	9734	動詞,一般,*,*,下一段-カ行,終止形-一般
リング	リング	9735	名詞,普通名詞,一般,*,*,*
危害を加える	キガイヲクワエル	9736	名詞+助詞+動詞
迎え撃つ	ムカエウツ	9737	動詞,一般,*,*,五段-タ行,終止形-一般
差し入れ	サシイレ	9738	名詞,普通名詞,サ変可能,*,*,*
口内	コウナイ	9739	名詞,普通名詞,一般,*,*,*
死刑	シケイ	9740	名詞,普通名詞,一般,*,*,*
荷	ニ	9741	名詞,普通名詞,一般,*,*,*
片目	カタメ	9742	名詞,普通名詞,一般,*,*,*
大柄	オオガラ	9743	名詞,普通名詞,形状詞可能,*,*,*
楽勝	ラクショウ	9744	名詞,普通名詞,サ変可能,*,*,*
ぶら下がる	ブラサガル	9745	動詞,一般,*,*,五段-ラ行,終止形-一般
怒号	ドゴウ	9746	名詞,普通名詞,サ変可能,*,*,*
そうみたい	ソウミタイ	9747	副詞+形状詞
操縦	ソウジュウ	9748	名詞,普通名詞,サ変可能,*,*,*
爆発音	バクハツオン	9749	名詞+名詞
士気	シキ	9750	名詞,普通名詞,一般,*,*,*
直々	ジキジキ	9751	名詞,普通名詞,一般,*,*,*
商業	ショウギョウ	9752	名詞,普通名詞,一般,*,*,*
補足	ホソク	9753	名詞,普通名詞,サ変可能,*,*,*
怪我人	ケガニン	9754	名詞,普通名詞,一般,*,*,*
弾き飛ばす	ハジキトバス	9755	動詞,一般,*,*,五段-サ行,終止形-一般
赤黒い	アカグロイ	9756	形容詞,一般,*,*,形容詞,終止形-一般
一段落	イチダンラク	9757	名詞,普通名詞,一般,*,*,*
陽	ヨウ	9758	名詞,普通名詞,副詞可能,*,*,*
漁る	アサル	9759	動詞,一般,*,*,五段-ラ行,終止形-一般
侵す	オカス	9760	動詞,一般,*,*,五段-サ行,終止形-一般
連合	レンゴウ	9761	名詞,普通名詞,サ変可能,*,*,*
廻る	マワル	9762	動詞,非自立可能,*,*,五段-ラ行,終止形-一般
思い直す	オモイナオス	9763	動詞,一般,*,*,五段-サ行,終止形-一般
資質	シシツ	9764	名詞,普通名詞,一般,*,*,*
昼飯	ヒルメシ	9765	名詞,普通名詞,一般,*,*,*
音色	ネイロ	9766	名詞,普通名詞,一般,*,*,*
家畜	カチク	9767	名詞,普通名詞,一般,*,*,*
八時	ハチジ	9768	名詞+名詞
顧問	コモン	9769	名詞,普通名詞,一般,*,*,*
ぶるぶる	ブルブル	9770	副詞,*,*,*,*,*
ほほう	ホホウ	9771	感動詞,一般,*,*,*,*
お金持ち	オカネモチ	9772	接頭辞+名詞
軽口	カルクチ	9773	名詞,普通名詞,一般,*,*,*
不審者	フシンシャ	9774	名詞,普通名詞,一般,*,*,*
ぽっかり	ポッカリ	9775	副詞,*,*,*,*,*
途方に暮れる	トホウニクレル	9776	名詞+助詞+動詞
十九	ジュウキュウ	9777	名詞,数詞,*,*,*,*
チビ	チビ	9778	名詞,普通名詞,形状詞可能,*,*,*
馬鹿馬鹿しい	バカバカシイ	9779	形容詞,一般,*,*,形容詞,終止形-一般
二人して	フタリシテ	9780	名詞+動詞+助詞
元凶	ゲンキョウ	9781	名詞,普通名詞,一般,*,*,*
喪失	ソウシツ	9782	名詞,普通名詞,サ変可能,*,*,*
ハンバーグ	ハンバーグ	9783	名詞,普通名詞,一般,*,*,*
胸中	キョウチュウ	9784	名詞,普通名詞,一般,*,*,*
ほどく	ホドク	9785	動詞,一般,*,*,五段-カ行,終止形-一般
虹	ニジ	9786	名詞,普通名詞,一般,*,*,*
精いっぱい	セイイッパイ	9787	名詞,普通名詞,副詞可能,*,*,*
ヒト	ヒト	9788	名詞,普通名詞,一般,*,*,*
なぞ	ナゾ	9789	名詞,普通名詞,一般,*,*,*
背もたれ	セモタレ	9790	名詞,普通名詞,一般,*,*,*
なにもかも	ナニモカモ	9791	代名詞+助詞+代名詞+助詞
カエル	カエル	9792	名詞,普通名詞,一般,*,*,*
気がない	キガナイ	9793	名詞+助詞+形容詞
気がかり	キガカリ	9794	形状詞,一般,*,*,*,*
ちい	チイ	9795	副詞,*,*,*,*,*
とかなんとか	トカナントカ	9796	助詞+助詞+代名詞+助詞+助詞
ワタシ	ワタシ	9797	代名詞,*,*,*,*,*
むき出し	ムキダシ	9798	名詞,普通名詞,一般,*,*,*
ほどほど	ホドホド	9799	名詞,普通名詞,形状詞可能,*,*,*
もらす	モラス	9800	動詞,一般,*,*,五段-サ行,終止形-一般
芝生	シバフ	9801	名詞,普通名詞,一般,*,*,*
常連	ジョウレン	9802	名詞,普通名詞,一般,*,*,*
疲弊	ヒヘイ	9803	名詞,普通名詞,サ変可能,*,*,*
十時	ジュウジ	9804	名詞+名詞
お祈り	オイノリ	9805	接頭辞+名詞
水滴	スイテキ	9806	名詞,普通名詞,一般,*,*,*
ふむふむ	フムフム	9807	感動詞+感動詞
戦況	センキョウ	9808	名詞,普通名詞,一般,*,*,*
オレンジ色	オレンジイロ	9809	名詞+名詞
全い	マッタイ	9810	形容詞,一般,*,*,形容詞,終止形-一般
埋め込む	ウメコム	9811	動詞,一般,*,*,五段-マ行,終止形-一般
容器	ヨウキ	9812	名詞,普通名詞,一般,*,*,*
張	チョウ	9813	名詞,固有名詞,人名,姓,*,*
いやでも	イヤデモ	9814	形状詞+助動詞+助詞
大国	タイコク	9815	名詞,普通名詞,一般,*,*,*
禍々しい	マガマガシイ	9816	形容詞,一般,*,*,形容詞,終止形-一般
簡素	カンソ	9817	形状詞,一般,*,*,*,*
腕時計	ウデドケイ	9818	名詞,普通名詞,一般,*,*,*
義母	ギボ	9819	名詞,普通名詞,一般,*,*,*
侵略	シンリャク	9820	名詞,普通名詞,サ変可能,*,*,*
だけでいい	ダケデイイ	9821	助詞+助詞+形容詞
一理	イチリ	9822	名詞,普通名詞,一般,*,*,*
踏ん張る	フンバル	9823	動詞,一般,*,*,五段-ラ行,終止形-一般
突き破る	ツキヤブル	9824	動詞,一般,*,*,五段-ラ行,終止形-一般
真横	マヨコ	9825	名詞,普通名詞,一般,*,*,*
さあて	サアテ	9826	感動詞,一般,*,*,*,*
無線	ムセン	9827	名詞,普通名詞,一般,*,*,*
矢先	ヤサキ	9828	名詞,普通名詞,副詞可能,*,*,*
言葉を選ぶ	コトバヲエラブ	9829	名詞+助詞+動詞
目を奪う	メヲウバウ	9830	名詞+助詞+動詞
爆破	バクハ	9831	名詞,普通名詞,サ変可能,*,*,*
行き着く	イキツク	9832	動詞,一般,*,*,五段-カ行,終止形-一般
黄	キ	9833	名詞,普通名詞,一般,*,*,*
狙撃	ソゲキ	9834	名詞,普通名詞,サ変可能,*,*,*
身を寄せる	ミヲヨセル	9836	名詞+助詞+動詞
温か	アタタカ	9837	形状詞,一般,*,*,*,*
西洋	セイヨウ	9838	名詞,普通名詞,一般,*,*,*
情け	ナサケ	9839	名詞,普通名詞,一般,*,*,*
賢者	ケンジャ	9840	名詞,普通名詞,一般,*,*,*
マッサージ	マッサージ	9841	名詞,普通名詞,サ変可能,*,*,*
先刻	センコク	9842	名詞,普通名詞,一般,*,*,*
助け出す	タスケダス	9843	動詞,一般,*,*,五段-サ行,終止形-一般
数多	アマタ	9844	副詞,*,*,*,*,*
昨年	サクネン	9845	名詞,普通名詞,副詞可能,*,*,*
見返り	ミカエリ	9846	名詞,普通名詞,一般,*,*,*
逸れる	ソレル	9847	動詞,一般,*,*,下一段-ラ行,終止形-一般
幼女	ヨウジョ	9848	名詞,普通名詞,一般,*,*,*
露わ	アラワ	9849	形状詞,一般,*,*,*,*
気が引ける	キガヒケル	9850	名詞+助詞+動詞
黒幕	クロマク	9851	名詞,普通名詞,一般,*,*,*
慣れ	ナレ	9852	名詞,普通名詞,一般,*,*,*
真逆	マギャク	9853	副詞,*,*,*,*,*
可能な限り	カノウナカギリ	9854	形状詞+助動詞+名詞
混む	コム	9855	動詞,一般,*,*,五段-マ行,終止形-一般
上達	ジョウタツ	9856	名詞,普通名詞,サ変可能,*,*,*
婿	ムコ	9857	名詞,普通名詞,一般,*,*,*
更なる	サラナル	9858	連体詞,*,*,*,*,*
六時	ロクジ	9859	名詞+名詞
奇遇	キグウ	9860	名詞,普通名詞,一般,*,*,*
身柄	ミガラ	9861	名詞,普通名詞,一般,*,*,*
釘	クギ	9862	名詞,普通名詞,一般,*,*,*
二十五	ニジュウゴ	9863	名詞,数詞,*,*,*,*
山々	ヤマヤマ	9864	名詞,普通名詞,一般,*,*,*
プリン	プリン	9865	名詞,普通名詞,一般,*,*,*
無垢	ムク	9866	名詞,普通名詞,形状詞可能,*,*,*
撒き散らす	マキチラス	9867	動詞,一般,*,*,五段-サ行,終止形-一般
やり遂げる	ヤリトゲル	9868	動詞,一般,*,*,下一段-ガ行,終止形-一般
目に映る	メニウツル	9869	名詞+助詞+動詞
押し返す	オシカエス	9870	動詞,一般,*,*,五段-サ行,終止形-一般
艦	カン	9871	名詞,普通名詞,一般,*,*,*
歪	イビツ	9872	形状詞,一般,*,*,*,*
胸の内	ムネノウチ	9873	名詞+助詞+名詞
奥底	オクソコ	9874	名詞,普通名詞,一般,*,*,*
乗っかる	ノッカル	9875	動詞,一般,*,*,五段-ラ行,終止形-一般
鮮血	センケツ	9876	名詞,普通名詞,一般,*,*,*
大差	タイサ	9877	名詞,普通名詞,一般,*,*,*
長居	ナガイ	9878	名詞,固有名詞,地名,一般,*,*
せめてもの	セメテモノ	9879	副詞+名詞
札	フダ	9880	名詞,普通名詞,一般,*,*,*
ナンパ	ナンパ	9881	名詞,普通名詞,サ変可能,*,*,*
フリ	フリ	9882	名詞,普通名詞,助数詞可能,*,*,*
もたれる	モタレル	9883	動詞+助動詞
こった	コッタ	9884	動詞+助動詞
ひとつひとつ	ヒトツヒトツ	9885	名詞+接尾辞+名詞+接尾辞
よぶ	ヨブ	9886	動詞,一般,*,*,五段-バ行,終止形-一般
なんとしても	ナントシテモ	9887	代名詞+助詞+動詞+助詞+助詞
建前	タテマエ	9888	名詞,普通名詞,一般,*,*,*
かなえる	カナエル	9889	動詞,一般,*,*,下一段-ア行,終止形-一般
どきどき	ドキドキ	9890	副詞,*,*,*,*,*
やっかい	ヤッカイ	9891	名詞,普通名詞,形状詞可能,*,*,*
噛みつく	カミツク	9892	動詞,一般,*,*,五段-カ行,終止形-一般
スッと	スット	9893	副詞+助詞
馴染み	ナジミ	9894	名詞,普通名詞,一般,*,*,*
ご用	ゴヨウ	9895	名詞,普通名詞,一般,*,*,*
よけい	ヨケイ	9896	副詞,*,*,*,*,*
コト	コト	9897	名詞,普通名詞,一般,*,*,*
ふたりとも	フタリトモ	9898	名詞+助詞+助詞
数ヶ月	スウカゲツ	9899	名詞,普通名詞,一般,*,*,*
さみしい	サミシイ	9900	形容詞,一般,*,*,形容詞,終止形-一般
その為	ソノタメ	9902	連体詞+名詞
編成	ヘンセイ	9903	名詞,普通名詞,サ変可能,*,*,*
絡まる	カラマル	9904	動詞,一般,*,*,五段-ラ行,終止形-一般
八月	ハチガツ	9905	名詞+名詞
染み	シミ	9906	名詞,普通名詞,一般,*,*,*
張本人	チョウホンニン	9907	名詞,普通名詞,一般,*,*,*
奢る	オゴル	9908	動詞,一般,*,*,五段-ラ行,終止形-一般
仕込み	シコミ	9909	名詞,普通名詞,一般,*,*,*
圧	アツ	9910	名詞,普通名詞,一般,*,*,*
休み時間	ヤスミジカン	9911	名詞,普通名詞,一般,*,*,*
目を背ける	メヲソムケル	9912	名詞+助詞+動詞
雄叫び	オタケビ	9913	名詞,普通名詞,一般,*,*,*
思い込み	オモイコミ	9914	名詞,普通名詞,一般,*,*,*
息子さん	ムスコサン	9915	名詞+接尾辞
救い出す	スクイダス	9916	動詞,一般,*,*,五段-サ行,終止形-一般
作動	サドウ	9917	名詞,普通名詞,サ変可能,*,*,*
号令	ゴウレイ	9918	名詞,普通名詞,サ変可能,*,*,*
因果	インガ	9919	名詞,普通名詞,形状詞可能,*,*,*
飛	ヒ	9920	名詞,普通名詞,一般,*,*,*
射程	シャテイ	9921	名詞,普通名詞,一般,*,*,*
精鋭	セイエイ	9922	名詞,普通名詞,形状詞可能,*,*,*
陥れる	オトシイレル	9923	動詞,一般,*,*,下一段-ラ行,終止形-一般
滅亡	メツボウ	9924	名詞,普通名詞,サ変可能,*,*,*
雄	オス	9925	名詞,普通名詞,一般,*,*,*
愛液	アイエキ	9926	名詞,普通名詞,一般,*,*,*
気分転換	キブンテンカン	9927	名詞,普通名詞,サ変可能,*,*,*
諸	ショ	9928	名詞,普通名詞,一般,*,*,*
手が届く	テガトドク	9929	名詞+助詞+動詞
満喫	マンキツ	9930	名詞,普通名詞,サ変可能,*,*,*
びっしり	ビッシリ	9931	副詞,*,*,*,*,*
酷	コク	9932	形状詞,一般,*,*,*,*
高み	タカミ	9933	名詞,普通名詞,一般,*,*,*
鋼鉄	コウテツ	9934	名詞,普通名詞,一般,*,*,*
達人	タツジン	9935	名詞,普通名詞,一般,*,*,*
ふれる	フレル	9936	動詞,一般,*,*,下一段-ラ行,終止形-一般
引っ掛かる	ヒッカカル	9937	動詞,一般,*,*,五段-ラ行,終止形-一般
蒼白	ソウハク	9938	名詞,普通名詞,形状詞可能,*,*,*
画	エ	9939	名詞,普通名詞,一般,*,*,*
うねる	ウネル	9940	動詞,一般,*,*,五段-ラ行,終止形-一般
中枢	チュウスウ	9941	名詞,普通名詞,一般,*,*,*
尚更	ナオサラ	9942	副詞,*,*,*,*,*
賑わう	ニギワウ	9943	動詞,一般,*,*,五段-ワア行,終止形-一般
あたたかい	アタタカイ	9944	形容詞,一般,*,*,形容詞,終止形-一般
飼い主	カイヌシ	9945	名詞,普通名詞,一般,*,*,*
二分	ニブン	9946	名詞+名詞
被せる	カブセル	9947	動詞,一般,*,*,下一段-サ行,終止形-一般
心苦しい	ココログルシイ	9948	形容詞,一般,*,*,形容詞,終止形-一般
ポスター	ポスター	9949	名詞,普通名詞,一般,*,*,*
はぐれる	ハグレル	9950	動詞,一般,*,*,下一段-ラ行,終止形-一般
トーン	トーン	9951	名詞,普通名詞,一般,*,*,*
議員	ギイン	9952	名詞,普通名詞,一般,*,*,*
走り続ける	ハシリツヅケル	9953	動詞+動詞
互角	ゴカク	9954	名詞,普通名詞,一般,*,*,*
従順	ジュウジュン	9955	名詞,普通名詞,形状詞可能,*,*,*
１個	イッコ	9956	名詞+接尾辞
煮る	ニル	9957	動詞,一般,*,*,上一段-ナ行,連体形-一般
ジャージ	ジャージ	9958	名詞,普通名詞,一般,*,*,*
押しつぶす	オシツブス	9959	動詞,一般,*,*,五段-サ行,終止形-一般
非常識	ヒジョウシキ	9960	名詞,普通名詞,形状詞可能,*,*,*
膣内	チツナイ	9961	名詞,普通名詞,一般,*,*,*
強盗	ゴウトウ	9962	名詞,普通名詞,一般,*,*,*
霞む	カスム	9963	動詞,一般,*,*,五段-マ行,終止形-一般
ハードル	ハードル	9964	名詞,普通名詞,一般,*,*,*
斜面	シャメン	9965	名詞,普通名詞,一般,*,*,*
ウッ	ウッ	9966	名詞,固有名詞,人名,一般,*,*
今日中に	キョウジュウニ	9967	名詞+接尾辞+助詞
邪	ヨコシマ	9968	名詞,普通名詞,一般,*,*,*
外壁	ガイヘキ	9969	名詞,普通名詞,一般,*,*,*
抑え込む	オサエコム	9970	動詞,一般,*,*,五段-マ行,終止形-一般
茶化す	チャカス	9971	動詞,一般,*,*,五段-サ行,終止形-一般
股	マタ	9972	名詞,普通名詞,一般,*,*,*
寝そべる	ネソベル	9973	動詞,一般,*,*,五段-ラ行,終止形-一般
飛び出る	トビデル	9974	動詞,一般,*,*,下一段-ダ行,終止形-一般
小川	オガワ	9975	名詞,固有名詞,人名,姓,*,*
二月	ニガツ	9976	名詞+名詞
身を任せる	ミヲマカセル	9977	名詞+助詞+動詞
ぽつん	ポツン	9978	副詞,*,*,*,*,*
望むところ	ノゾムトコロ	9979	動詞+名詞
あむ	アム	9980	動詞,一般,*,*,五段-マ行,終止形-一般
途方もない	トホウモナイ	9981	名詞+助詞+形容詞
ぶっきらぼう	ブッキラボウ	9982	名詞,普通名詞,形状詞可能,*,*,*
殴りつける	ナグリツケル	9983	動詞,一般,*,*,下一段-カ行,終止形-一般
のばす	ノバス	9984	動詞,一般,*,*,五段-サ行,終止形-一般
荒野	コウヤ	9985	名詞,普通名詞,一般,*,*,*
イタズラ	イタズラ	9986	名詞,普通名詞,サ変形状詞可能,*,*,*
ではなさそう	デハナサソウ	9987	助詞+助詞+形容詞+形状詞
弱み	ヨワミ	9988	名詞,普通名詞,一般,*,*,*
ほん	ホン	9989	代名詞,*,*,*,*,*
首をひねる	クビヲヒネル	9990	名詞+助詞+動詞
気をつけ	キヲツケ	9991	名詞+助詞+動詞
引きつける	ヒキツケル	9992	動詞,一般,*,*,下一段-カ行,終止形-一般
くち	クチ	9993	名詞,普通名詞,一般,*,*,*
だまる	ダマル	9994	動詞,一般,*,*,五段-ラ行,終止形-一般
ブツブツ	ブツブツ	9995	副詞,*,*,*,*,*
またもや	マタモヤ	9996	副詞,*,*,*,*,*
ごちそう	ゴチソウ	9997	名詞,普通名詞,サ変可能,*,*,*
まなざし	マナザシ	9998	名詞,普通名詞,一般,*,*,*
はぐらかす	ハグラカス	9999	動詞,一般,*,*,五段-サ行,終止形-一般
かます	カマス	10000	名詞,普通名詞,一般,*,*,*
