term	reading	frequency	kana_frequency
の	の	1	
は	は	2	
に	に	3	
を	を	4	
と	と	5	
も	も	6	
が	が	7	
で	で	8	
から	から	9	
だ	だ	10	
する	する	11	
か	か	12	
よ	よ	13	
ある	ある	14	
こと	こと	15	
なる	なる	16	
それ	それ	17	
いる	いる	18	
ね	ね	19	
思う	おもう	20	9493
この	この	21	
には	には	22	
でも	でも	23	
です	です	24	
その	その	25	
な	な	26	
言う	いう	27	86
って	って	28	
ない	ない	29	
んだ	んだ	30	
そう	そう	31	
私	わたし	32	1308
いい	いい	33	
これ	これ	34	
だった	だった	35	
見る	みる	36	110
だけ	だけ	37	
くる	くる	38	
さん	さん	39	
くれる	くれる	40	
やる	やる	41	
まで	まで	42	
もの	もの	43	
行く	いく	44	65
という	という	45	
もう	もう	46	
だから	だから	47	
そんな	そんな	48	
あの	あの	49	
だろう	だろう	50	
しまう	しまう	52	
来る	くる	53	38
ん	ん	54	
人	ひと	55	1876
ここ	ここ	56	
や	や	57	
し	し	58	
お	お	59	
とする	とする	60	
自分	じぶん	61	21298
じゃない	じゃない	62	
知る	しる	63	5092
なら	なら	64	
いく	いく	65	
わ	わ	66	
今	いま	67	1481
聞く	きく	68	2585
へ	へ	69	
ような	ような	70	
とは	とは	71	
何	なに	72	493
前	まえ	73	3288
出る	でる	74	1230
中	なか	75	1903
にも	にも	76	
ように	ように	77	
顔	かお	78	21491
である	である	79	
んです	んです	80	
また	また	81	
ながら	ながら	82	
なんて	なんて	83	
考える	かんがえる	84	34291
どう	どう	85	
いう	いう	86	
さ	さ	87	
そして	そして	88	
ため	ため	89	
まだ	まだ	90	
いや	いや	91	
ちょっと	ちょっと	92	
のに	のに	93	
できる	できる	94	
話	はなし	95	22696
とか	とか	96	
ぞ	ぞ	97	
そこ	そこ	98	
なの	なの	99	
ではない	ではない	100	
何	なん	101	151
待つ	まつ	102	3798
ので	ので	103	
ところ	ところ	104	
だって	だって	105	
だが	だが	106	
たち	たち	107	
こんな	こんな	108	
持つ	もつ	109	962
みる	みる	110	
声	こえ	111	27385
もらう	もらう	112	
入る	はいる	113	3389
手	て	114	
ですか	ですか	115	
見える	みえる	116	5999
方	ほう	117	530
目	め	118	
男	おとこ	119	31384
本当	ほんとう	120	6799
あなた	あなた	121	
今日	きょう	122	6099
ほど	ほど	123	
言葉	ことば	124	9678
らしい	らしい	125	
として	として	126	
など	など	127	
ただ	ただ	128	
しかし	しかし	129	
かな	かな	130	
違う	ちがう	131	3489
使う	つかう	132	7296
少し	すこし	133	5486
より	より	134	
時	とき	135	215
家	いえ	136	108601
あれ	あれ	137	
彼	かれ	138	8692
よい	よい	139	
人間	にんげん	140	37285
同じ	おなじ	141	12892
上	うえ	142	2329
よく	よく	143	
よう	よう	144	
とも	とも	145	
でしょう	でしょう	146	
出す	だす	147	961
どこ	どこ	148	
しか	しか	149	
悪い	わるい	150	8995
なん	なん	151	
時間	じかん	152	58496
部屋	へや	153	25995
わけ	わけ	154	
おく	おく	155	
かもしれない	かもしれない	156	
作る	つくる	157	2146
まま	まま	158	
て	て	159	
早い	はやい	160	5680
感じる	かんじる	161	51789
呼ぶ	よぶ	162	9886
話す	はなす	163	13581
何か	なにか	164	12785
のように	のように	165	
死ぬ	しぬ	166	30688
姿	すがた	167	15299
頭	あたま	168	15990
強い	つよい	169	13084
こう	こう	170	
いつも	いつも	171	
会う	あう	172	7503
ばかり	ばかり	173	
一緒に	いっしょに	174	4489
好き	すき	175	12502
相手	あいて	176	46490
帰る	かえる	177	
みんな	みんな	178	
音	おと	179	22799
うち	うち	180	
ずっと	ずっと	181	
のです	のです	182	
でした	でした	183	
食べる	たべる	184	13390
場所	ばしょ	185	56485
あと	あと	186	
どうして	どうして	187	
もっと	もっと	188	
くらい	くらい	189	
世界	せかい	190	39188
あげる	あげる	191	
戻る	もどる	192	8882
力	ちから	193	23487
仕事	しごと	194	31991
必要	ひつよう	195	63787
続ける	つづける	196	4298
つもり	つもり	197	
どんな	どんな	198	
誰	だれ	199	4887
による	による	200	
次	つぎ	201	13182
かける	かける	202	
見せる	みせる	203	860
動く	うごく	204	18386
となる	となる	205	
はず	はず	206	
子	こ	207	
歩く	あるく	208	20000
こちら	こちら	209	
きっと	きっと	210	
意味	いみ	211	37890
終わる	おわる	212	16189
変わる	かわる	213	7698
すぐに	すぐに	214	
とき	とき	215	
気持ち	きもち	216	19095
始める	はじめる	217	1807
大きい	おおきい	218	28070
ことになる	ことになる	219	
向かう	むかう	220	10093
何も	なにも	221	8984
受ける	うける	222	6484
日	ひ	223	
年	ねん	224	26702
心配	しんぱい	225	45798
教える	おしえる	226	26299
心	こころ	227	12690
立つ	たつ	228	14801
おる	おる	229	
やめる	やめる	230	
外	そと	231	17888
間	あいだ	232	8400
について	について	233	
よりも	よりも	234	
後	あと	235	186
様子	ようす	236	13598
忘れる	わすれる	237	18580
口	くち	238	9993
にとって	にとって	239	
名前	なまえ	240	43384
大きな	おおきな	241	34200
信じる	しんじる	242	46282
すぎる	すぎる	243	
なのに	なのに	244	
生きる	いきる	245	23587
問題	もんだい	246	45785
理由	りゆう	247	57387
それでも	それでも	248	
これから	これから	249	
以上	いじょう	250	45289
逃げる	にげる	251	19998
多い	おおい	252	25391
そういう	そういう	253	
絶対	ぜったい	254	11387
開く	ひらく	255	9293
今度	こんど	256	9189
最後	さいご	257	29198
最初	さいしょ	258	38696
こそ	こそ	259	
存在	そんざい	260	93161
誰か	だれか	261	8899
初めて	はじめて	262	3700
書く	かく	263	
取る	とる	264	431
高い	たかい	265	26484
もちろん	もちろん	266	
かも	かも	267	
べき	べき	268	
入れる	いれる	269	40500
体	からだ	270	5485
答える	こたえる	271	9497
そのまま	そのまま	272	
置く	おく	273	155
覚える	おぼえる	274	10692
あり	あり	275	
無理	むり	276	14486
ご	ご	277	
残る	のこる	278	17588
いけない	いけない	279	
長い	ながい	280	14193
普通	ふつう	281	9290
どういう	どういう	282	
守る	まもる	283	18589
とても	とても	284	
楽しい	たのしい	285	18989
どこか	どこか	286	
夜	よる	287	53101
感じ	かんじ	288	26190
気	き	289	
許す	ゆるす	290	10595
もし	もし	291	
驚く	おどろく	292	12691
別に	べつに	293	5190
離れる	はなれる	294	7088
いつ	いつ	295	
消える	きえる	296	29799
助ける	たすける	297	15297
止める	とめる	298	5587
困る	こまる	299	16496
かかる	かかる	300	
人	にん	302	60392
中	ちゅう	303	9580
方	かた	304	4189
飲む	のむ	305	7182
走る	はしる	306	30191
以外	いがい	307	54496
下	した	308	119792
買う	かう	309	4585
足	あし	310	11089
説明	せつめい	311	88517
読む	よむ	312	19896
女性	じょせい	313	
落ちる	おちる	314	11495
このまま	このまま	315	
つける	つける	316	
起きる	おきる	317	13200
あまり	あまり	318	
ことができる	ことができる	319	
続く	つづく	320	8492
すぐ	すぐ	321	
決める	きめる	322	12398
でもない	でもない	323	
状況	じょうきょう	324	117664
関係	かんけい	325	70793
ことがある	ことがある	326	
いただく	いただく	327	
先	さき	328	17995
伝える	つたえる	329	30594
ようになる	ようになる	330	
先に	さきに	331	16892
夢	ゆめ	332	23097
誰も	だれも	333	9500
小さい	ちいさい	334	25697
選ぶ	えらぶ	335	25282
こういう	こういう	336	
理解	りかい	337	142053
ですが	ですが	338	
場合	ばあい	339	40194
得る	える	340	1034
深い	ふかい	341	20798
見つける	みつける	342	13592
一度	いちど	343	22499
ほしい	ほしい	344	
なぜ	なぜ	345	
昔	むかし	346	13892
水	みず	347	21694
近く	ちかく	348	39380
進む	すすむ	349	14787
大変	たいへん	350	6585
としても	としても	351	
道	みち	352	17597
簡単	かんたん	353	24488
変える	かえる	354	6983
別	べつ	355	47900
なので	なので	356	
本	ほん	357	9989
完全	かんぜん	358	78501
状態	じょうたい	359	95343
しっかり	しっかり	360	
行う	おこなう	361	11993
送る	おくる	362	5987
形	かたち	363	9188
上げる	あげる	364	191
近づく	ちかづく	365	49797
乗る	のる	366	5088
与える	あたえる	367	18398
勝手	かって	368	26900
的	てき	369	43698
結果	けっか	370	63199
ために	ために	371	
朝	あさ	372	7978
新しい	あたらしい	373	32084
急	きゅう	374	18571
ようにする	ようにする	375	
自分で	じぶんで	376	52489
元	もと	377	2802
最近	さいきん	378	62592
大	だい	379	27001
決まる	きまる	380	11885
準備	じゅんび	381	64181
近い	ちかい	382	22587
失う	うしなう	383	31896
不安	ふあん	384	60782
残す	のこす	385	22684
安心	あんしん	386	58093
大事	だいじ	387	14785
ほとんど	ほとんど	388	
認める	みとめる	389	30193
特に	とくに	390	6595
求める	もとめる	391	22700
用意	ようい	392	28800
少ない	すくない	393	30087
まず	まず	394	
ことにする	ことにする	395	
始まる	はじまる	396	6086
家族	かぞく	397	68796
似る	にる	398	41989
用	よう	399	
元気	げんき	400	40288
後	ご	401	
に対して	にたいして	402	20289
生む	うむ	403	15996
思い	おもい	404	41186
なかなか	なかなか	405	
たくさん	たくさん	406	
目的	もくてき	407	106735
合う	あう	408	2179
生活	せいかつ	409	90878
方法	ほうほう	410	19900
なくなる	なくなる	411	
切る	きる	412	717
分	ぶん	413	5993
つく	つく	414	
としては	としては	415	
十分	じゅうぶん	416	16284
働く	はたらく	417	23099
若い	わかい	418	32184
歳	さい	419	54501
調べる	しらべる	420	27793
急ぐ	いそぐ	421	16899
必ず	かならず	422	13187
かどうか	かどうか	423	
途中	とちゅう	424	43484
側	がわ	425	16299
見つかる	みつかる	426	22596
重い	おもい	427	30199
期待	きたい	428	40977
集まる	あつまる	429	29394
その後	そのあと	430	2630
とる	とる	431	
ないと	ないと	432	
考え	かんがえ	433	73192
住む	すむ	434	73001
大切	たいせつ	435	33683
毎日	まいにち	436	61700
広い	ひろい	437	18287
やすい	やすい	438	
自由	じゆう	439	56591
になると	になると	440	
ないか	ないか	441	
原因	げんいん	442	141353
けど	けど	443	
俺	おれ	444	3086
ああ	ああ	445	
はい	はい	446	
じゃ	じゃ	447	
うん	うん	448	
お前	おまえ	449	3100
彼女	かのじょ	450	63886
みたい	みたい	451	
大丈夫	だいじょうぶ	452	8392
ちゃん	ちゃん	453	
よね	よね	454	
わかる	わかる	455	
え	え	456	
あっ	あっ	457	
僕	ぼく	458	3199
なんか	なんか	459	
ください	ください	460	
笑う	わらう	461	23383
なんだ	なんだ	462	
じゃあ	じゃあ	464	
分かる	わかる	465	455
様	さま	466	1379
まあ	まあ	467	
だろ	だろ	468	
ええ	ええ	469	
女	おんな	470	25086
君	きみ	471	8200
君	くん	472	3099
だけど	だけど	473	
二人	ふたり	474	3187
者	もの	475	79601
やっぱり	やっぱり	476	
でしょ	でしょ	477	
えっ	えっ	478	
ちゃんと	ちゃんと	479	
こっち	こっち	480	
すごい	すごい	481	
確かに	たしかに	482	3180
聞こえる	きこえる	483	14981
なんで	なんで	484	
先生	せんせい	485	24387
だろうか	だろうか	486	
まさか	まさか	487	
ようだ	ようだ	488	
ねえ	ねえ	489	
そうだ	そうだ	490	
なんです	なんです	491	
けれど	けれど	492	
なに	なに	493	
まるで	まるで	494	
他	ほか	495	1263
殺す	ころす	496	25494
事	こと	497	15
じゃないか	じゃないか	498	
胸	むね	499	21492
さっき	さっき	500	
思い出す	おもいだす	502	58599
へと	へと	503	
あんた	あんた	504	
おい	おい	505	
一番	いちばん	506	4199
一人	ひとり	507	1846
ありがとう	ありがとう	508	
そうか	そうか	509	
頼む	たのむ	510	10583
一つ	ひとつ	511	1352
表情	ひょうじょう	512	91848
ごめん	ごめん	513	
怖い	こわい	514	4689
良い	よい	515	139
ゆっくり	ゆっくり	516	
つまり	つまり	517	
だったら	だったら	518	
腕	うで	519	21989
それから	それから	520	
ほら	ほら	521	
あ	あ	522	
欲しい	ほしい	523	344
やはり	やはり	524	
確認	かくにん	525	121840
そうです	そうです	526	
全部	ぜんぶ	527	8585
何度	なんど	528	27289
そんなに	そんなに	529	
ほう	ほう	530	
子供	こども	531	22895
二	に	532	
光	ひかり	533	18285
おかしい	おかしい	534	
寝る	ねる	535	7600
なのだ	なのだ	536	
なるほど	なるほど	537	
もん	もん	538	
小さな	ちいさな	539	23384
瞬間	しゅんかん	540	64376
気がする	きがする	541	76749
今まで	いままで	542	8682
優しい	やさしい	543	4588
嫌	いや	544	1602
あいつ	あいつ	545	
ううん	ううん	546	
明日	あした	547	8592
泣く	なく	548	30783
頑張る	がんばる	549	3190
怒る	おこる	550	166687
はずだ	はずだ	551	
あんな	あんな	552	
娘	むすめ	553	29288
今回	こんかい	554	79910
やつ	やつ	555	
昨日	きのう	556	11587
ですから	ですから	557	
かしら	かしら	558	
変	へん	559	6101
探す	さがす	560	10586
しかも	しかも	561	
返す	かえす	562	10283
国	くに	563	14389
なあ	なあ	564	
当然	とうぜん	565	30792
座る	すわる	566	11496
でしょうか	でしょうか	567	
つつ	つつ	568	
ではある	ではある	569	
黙る	だまる	570	9994
気づく	きづく	571	55691
しばらく	しばらく	572	
いえ	いえ	573	
隠す	かくす	574	15093
気になる	きになる	575	54698
奥	おく	576	27701
向ける	むける	577	40696
笑顔	えがお	578	69480
かなり	かなり	579	
軽い	かるい	580	17997
目の前	めのまえ	581	93700
お願い	おねがい	582	14088
開ける	あける	583	4191
せい	せい	584	
まったく	まったく	585	
女の子	おんなのこ	586	62397
こんなに	こんなに	587	
しかない	しかない	588	
ならば	ならば	589	
とにかく	とにかく	590	
ことはない	ことはない	591	
痛い	いたい	592	4700
敵	てき	593	32286
一	いち	594	10096
実は	じつは	595	12899
後ろ	うしろ	596	8289
そこまで	そこまで	597	
物	もの	598	43
さらに	さらに	599	
髪	かみ	600	23700
一瞬	いっしゅん	602	62699
落ち着く	おちつく	603	21586
どうした	どうした	604	
隣	となり	605	10697
不思議	ふしぎ	606	13296
戦う	たたかう	607	30183
さあ	さあ	608	
こいつ	こいつ	609	
現れる	あらわれる	610	9094
そろそろ	そろそろ	611	
私たち	わたしたち	612	3783
記憶	きおく	613	72987
彼ら	かれら	614	21285
すべて	すべて	615	
学校	がっこう	616	58596
さえ	さえ	617	
情報	じょうほう	618	95964
意識	いしき	619	93909
というのは	というのは	620	
肩	かた	621	272691
色	いろ	622	28080
触れる	ふれる	623	
勝つ	かつ	624	26901
結局	けっきょく	625	23183
三	さん	626	85401
全然	ぜんぜん	627	8300
上がる	あがる	628	2135
げ	げ	629	
動き	うごき	630	38784
白い	しろい	631	40497
指	ゆび	632	33800
可能性	かのうせい	633	161021
赤い	あかい	634	28071
失礼	しつれい	635	61695
幸せ	しあわせ	636	14498
負ける	まける	637	21683
背中	せなか	638	48984
反応	はんのう	639	142322
壁	かべ	640	33196
どうやら	どうやら	641	
いきなり	いきなり	642	
空	そら	643	60901
約束	やくそく	644	38387
血	ち	645	
服	ふく	646	15583
恥ずかしい	はずかしい	647	17896
過ぎる	すぎる	648	243
事実	じじつ	649	83982
静か	しずか	650	15882
すむ	すむ	651	
行動	こうどう	652	182933
突然	とつぜん	653	19083
友達	ともだち	654	25100
喜ぶ	よろこぶ	655	11596
止まる	とまる	656	6996
命	いのち	657	18789
自身	じしん	658	67798
想像	そうぞう	659	69298
面白い	おもしろい	660	3985
父	ちち	661	37794
身	み	662	
渡す	わたす	663	11093
名	な	664	
ようやく	ようやく	665	
全員	ぜんいん	666	110757
頃	ころ	667	1805
そもそも	そもそも	668	
空気	くうき	669	89356
再び	ふたたび	670	8697
着る	きる	671	46101
母	はは	672	81401
首	くび	673	18596
美しい	うつくしい	674	30786
一体	いったい	675	1448
店	みせ	676	59789
程度	ていど	677	38981
届く	とどく	678	16791
さて	さて	679	
難しい	むずかしい	680	10286
向こう	むこう	681	10798
神	かみ	682	20998
気分	きぶん	683	85856
耳	みみ	684	25684
ごめんなさい	ごめんなさい	685	
通り	とおり	686	1959
ひどい	ひどい	687	
むしろ	むしろ	688	
飛ぶ	とぶ	689	7481
眠る	ねむる	690	26491
仲間	なかま	691	39589
でない	でない	692	
さすがに	さすがに	693	
山	やま	694	10390
感情	かんじょう	695	
ぐらい	ぐらい	696	
結構	けっこう	697	3890
すら	すら	698	
危険	きけん	699	57887
以前	いぜん	700	227608
もう一度	もういちど	703	25382
ありがとうございます	ありがとうございます	704	
どうぞ	どうぞ	705	
済む	すむ	706	651
とりあえず	とりあえず	707	
任せる	まかせる	708	6292
遅い	おそい	709	15783
気にする	きにする	710	56887
いくら	いくら	711	
本気	ほんき	712	77615
あら	あら	713	
正直	しょうじき	714	89010
動かす	うごかす	715	27982
事件	じけん	716	84171
きる	きる	717	
そういえば	そういえば	718	
おりる	おりる	719	
起こす	おこす	720	12286
周囲	しゅうい	721	93113
海	うみ	722	27492
すでに	すでに	723	
叫ぶ	さけぶ	724	20495
引く	ひく	725	4590
返事	へんじ	726	57995
逆	ぎゃく	727	53492
捨てる	すてる	728	16190
甘い	あまい	729	19899
窓	まど	730	35990
遊ぶ	あそぶ	731	20793
結婚	けっこん	732	42484
おお	おお	733	
会話	かいわ	734	107222
戻ってくる	もどってくる	735	18887
どうしたの	どうしたの	736	
邪魔	じゃま	737	15289
腰	こし	738	17590
その時	そのとき	739	1482
うまい	うまい	740	
握る	にぎる	741	18296
確か	たしか	742	3891
いっぱい	いっぱい	743	
部分	ぶぶん	744	110724
無事	ぶじ	745	27998
せっかく	せっかく	746	
風	かぜ	747	
起こる	おこる	748	11385
であろう	であろう	749	
熱い	あつい	750	24302
意外	いがい	751	143361
これ以上	これいじょう	752	137588
間違いない	まちがいない	753	18195
流れる	ながれる	754	36677
花	はな	755	7488
涙	なみだ	756	35379
やってくる	やってくる	757	
倒れる	たおれる	758	28489
人生	じんせい	759	97126
一人で	ひとりで	760	3787
もう少し	もうすこし	761	22391
襲う	おそう	762	25584
所	ところ	763	104
料理	りょうり	764	83453
決して	けっして	765	13090
愛する	あいする	766	44792
黒い	くろい	767	49485
冷たい	つめたい	768	22488
合わせる	あわせる	769	5097
楽しむ	たのしむ	770	39686
自然	しぜん	771	42385
納得	なっとく	772	56199
周り	まわり	773	4495
どうも	どうも	774	
珍しい	めずらしい	775	10299
いいから	いいから	776	
どうしても	どうしても	777	
疲れる	つかれる	778	42889
必死	ひっし	779	58988
前に	まえに	780	11399
内	ない	781	180101
追う	おう	782	4204
激しい	はげしい	783	15595
場	ば	784	
食う	くう	785	5602
慣れる	なれる	786	7987
勢い	いきおい	787	28077
答え	こたえ	788	48794
落とす	おとす	789	17084
同時に	どうじに	790	116642
判断	はんだん	791	131392
横	よこ	792	18080
町	まち	793	15294
報告	ほうこく	794	105204
食事	しょくじ	795	84269
緊張	きんちょう	796	72693
金	かね	797	61001
受け取る	うけとる	798	33288
まずは	まずは	799	
感謝	かんしゃ	800	73587
者	しゃ	802	
日本	にほん	803	49084
つい	つい	804	
並ぶ	ならぶ	805	14092
避ける	さける	806	22688
連絡	れんらく	807	75519
奪う	うばう	808	27795
過ごす	すごす	809	13985
狙う	ねらう	810	17799
向く	むく	811	
諦める	あきらめる	812	4491
足りる	たりる	813	27085
いろいろ	いろいろ	814	
そうする	そうする	815	
話をする	はなしをする	816	105030
望む	のぞむ	817	39199
一応	いちおう	818	13389
特別	とくべつ	819	40385
救う	すくう	820	197785
帰ってくる	かえってくる	821	27899
時代	じだい	822	83931
いらっしゃる	いらっしゃる	823	
いつか	いつか	824	
終わり	おわり	825	23800
語る	かたる	826	54498
繰り返す	くりかえす	827	17594
助かる	たすかる	828	43993
点	てん	829	28899
ところで	ところで	830	
運ぶ	はこぶ	831	30987
素直	すなお	832	31587
よし	よし	833	
態度	たいど	834	192717
失敗	しっぱい	835	64391
とこ	とこ	836	
全く	まったく	837	585
木	き	838	
それぞれ	それぞれ	839	
内容	ないよう	840	
と言われる	といわれる	841	4694
示す	しめす	842	22793
妙	みょう	843	27190
あんまり	あんまり	844	
冗談	じょうだん	845	35884
自ら	みずから	846	7980
低い	ひくい	847	32993
わざわざ	わざわざ	848	
そっち	そっち	849	
雰囲気	ふんいき	850	53785
はっきり	はっきり	851	
移動	いどう	852	81559
過去	かこ	853	314898
手伝う	てつだう	854	59676
描く	えがく	855	34897
余裕	よゆう	856	54185
なんとか	なんとか	857	
出会う	であう	858	35397
と言う	という	859	45
みせる	みせる	860	
やっと	やっと	861	
嫌い	きらい	862	12580
質問	しつもん	863	69583
人々	ひとびと	864	48179
どれ	どれ	865	
現実	げんじつ	866	106675
感覚	かんかく	867	91839
正しい	ただしい	868	44694
未来	みらい	869	43690
興味	きょうみ	870	97049
遠い	とおい	871	26195
ながらも	ながらも	872	
本人	ほんにん	873	250040
能力	のうりょく	874	150857
あの人	あのひと	875	26699
っぽい	っぽい	876	
それでは	それでは	877	
と言った	といった	878	920
その場	そのば	879	
事情	じじょう	880	116773
暗い	くらい	881	22101
あそこ	あそこ	882	
んで	んで	883	
休む	やすむ	884	33786
一緒	いっしょ	885	9481
おかげで	おかげで	886	
なさる	なさる	887	
息	いき	888	53601
これまで	これまで	889	
予定	よてい	890	132162
伝わる	つたわる	891	37899
距離	きょり	892	99654
どうせ	どうせ	893	
多く	おおく	894	67287
残念	ざんねん	895	28475
ま	ま	896	
終える	おえる	897	20894
覚悟	かくご	898	54794
勉強	べんきょう	899	53784
さすが	さすが	900	
上	じょう	901	60806
分	ふん	902	43101
風	ふう	903	2676
だけに	だけに	905	
自信	じしん	906	268882
我慢	がまん	907	16394
相談	そうだん	908	75135
死	し	909	
増える	ふえる	910	22191
離す	はなす	911	
半分	はんぶん	912	65882
人物	じんぶつ	913	161599
回る	まわる	914	4589
親	おや	915	74701
弱い	よわい	916	32191
っけ	っけ	917	
立てる	たてる	918	6388
この人	このひと	919	22299
といった	といった	920	
降りる	おりる	921	719
打つ	うつ	922	4391
席	せき	923	39003
経験	けいけん	924	166526
よろしく	よろしく	925	
すっかり	すっかり	926	
現在	げんざい	927	89300
広がる	ひろがる	928	17198
に対する	にたいする	929	29600
振る	ふる	930	2177
集める	あつめる	931	26881
当たる	あたる	932	2707
直接	ちょくせつ	933	75095
数	かず	934	24397
明るい	あかるい	935	40892
ということは	ということは	936	
件	けん	937	8798
当たり前	あたりまえ	938	11598
お金	おかね	939	53195
抱える	かかえる	940	12993
連れる	つれる	941	2933
他人	たにん	942	136722
母親	ははおや	943	135888
忙しい	いそがしい	944	23078
寂しい	さびしい	945	12387
くださる	くださる	946	
どうか	どうか	947	
誘う	さそう	948	31087
いたす	いたす	949	
立場	たちば	950	168699
そのため	そのため	951	
他に	ほかに	952	2876
大好き	だいすき	953	22500
協力	きょうりょく	954	131342
抜ける	ぬける	955	13196
持ってくる	もってくる	956	10496
のみ	のみ	957	
詳しい	くわしい	958	16096
押す	おす	959	6078
愛	あい	960	76478
だす	だす	961	
もつ	もつ	962	
変化	へんか	963	44392
男性	だんせい	964	191396
ような気がする	ようなきがする	965	150579
車	くるま	966	39192
断る	ことわる	967	30686
利用	りよう	968	36185
熱	ねつ	969	64182
というもの	というもの	970	
抱く	いだく	971	17498
苦しい	くるしい	972	29788
最高	さいこう	973	52400
満足	まんぞく	974	67593
無視	むし	975	137873
余計	よけい	976	9896
一気に	いっきに	977	37488
どちら	どちら	978	
成功	せいこう	979	78825
限り	かぎり	980	4393
代わりに	かわりに	981	9197
ではないか	ではないか	982	
父親	ちちおや	983	141771
通る	とおる	984	17094
暮らす	くらす	985	26986
わけではない	わけではない	986	
雨	あめ	987	24688
写真	しゃしん	988	97090
火	ひ	989	
否定	ひてい	990	136183
借りる	かりる	991	7478
面倒	めんどう	992	25587
人たち	ひとたち	993	26689
厳しい	きびしい	994	17083
危ない	あぶない	995	12288
どっち	どっち	996	
どうやって	どうやって	997	
ときに	ときに	998	
今から	いまから	999	15393
参加	さんか	1000	7181
隠れる	かくれる	1003	15088
裏	うら	1004	7885
短い	みじかい	1005	43300
ちょうど	ちょうど	1006	
機会	きかい	1007	
恐ろしい	おそろしい	1008	9677
大人	おとな	1009	19875
売る	うる	1010	2809
輝く	かがやく	1011	22296
すぎ	すぎ	1012	
耐える	たえる	1013	43597
悲しい	かなしい	1014	26097
たとえ	たとえ	1015	
受け入れる	うけいれる	1016	66187
どうしよう	どうしよう	1017	
味	あじ	1018	44291
迷う	まよう	1019	45200
手に入れる	てにいれる	1020	111063
どんどん	どんどん	1021	
関係ない	かんけいない	1022	106859
秘密	ひみつ	1023	35900
部	ぶ	1024	
例	れい	1025	111293
いずれ	いずれ	1026	
それにしても	それにしても	1027	
包む	つつむ	1028	14794
川	かわ	1029	205301
着く	つく	1030	2301
明らか	あきらか	1031	12583
そのもの	そのもの	1032	
地	ち	1033	
える	える	1034	
願う	ねがう	1035	22860
位置	いち	1036	36990
方向	ほうこう	1037	48685
戻す	もどす	1038	15000
一部	いちぶ	1039	96633
客	きゃく	1040	57690
薄い	うすい	1041	10989
よろしい	よろしい	1042	
調子	ちょうし	1043	51493
迎える	むかえる	1044	27798
流す	ながす	1045	31287
新た	あらた	1046	24895
平気	へいき	1047	29586
外す	はずす	1048	8988
かもしれません	かもしれません	1049	
改めて	あらためて	1050	5984
どれだけ	どれだけ	1051	
進める	すすめる	1052	37001
において	において	1053	
うるさい	うるさい	1054	
去る	さる	1055	4785
腹	はら	1056	14690
それ以上	それいじょう	1057	189935
くせに	くせに	1058	
たまに	たまに	1059	
と思われる	とおもわれる	1060	72092
間違う	まちがう	1061	20789
実際	じっさい	1062	36684
皆さん	みなさん	1063	18884
悩む	なやむ	1064	42481
迫る	せまる	1065	20996
まだまだ	まだまだ	1066	
第一	だいいち	1067	25299
友人	ゆうじん	1068	165531
練習	れんしゅう	1069	79085
と同時に	とどうじに	1070	146889
まさに	まさに	1071	
疑う	うたがう	1072	43082
目指す	めざす	1073	22392
右	みぎ	1074	56682
消す	けす	1075	20400
気に入る	きにいる	1076	128406
払う	はらう	1077	14686
性格	せいかく	1078	234789
それまで	それまで	1079	
かつて	かつて	1080	
遠く	とおく	1081	62388
今後	こんご	1082	100468
発見	はっけん	1083	87287
ことがない	ことがない	1084	
同じよう	おなじよう	1085	40597
希望	きぼう	1086	78364
ついに	ついに	1087	
集中	しゅうちゅう	1088	153317
万	まん	1089	37194
効果	こうか	1090	40486
意見	いけん	1091	54992
何より	なにより	1092	4296
そのこと	そのこと	1093	
息子	むすこ	1094	45997
訪れる	おとずれる	1095	31700
であれば	であれば	1096	
証拠	しょうこ	1097	42997
一日	いちにち	1098	76696
月	つき	1099	
遠慮	えんりょ	1100	53896
時	じ	1101	
名	めい	1102	32902
数	すう	1103	63397
実際に	じっさいに	1104	51798
暇	ひま	1105	12998
影響	えいきょう	1106	116994
相当	そうとう	1107	21993
なし	なし	1108	
のせいで	のせいで	1109	
建物	たてもの	1110	80006
ほぼ	ほぼ	1111	
重要	じゅうよう	1112	162923
せめて	せめて	1113	
後悔	こうかい	1114	66592
誰にも	だれにも	1115	21299
いなくなる	いなくなる	1116	
紹介	しょうかい	1117	77899
疑問	ぎもん	1118	117612
速い	はやい	1119	5680
抜く	ぬく	1120	9592
楽	らく	1121	17800
予想	よそう	1122	170511
超える	こえる	1123	16883
努力	どりょく	1124	122048
円	えん	1125	61791
立派	りっぱ	1126	18899
一方	いっぽう	1127	31282
確実	かくじつ	1128	143861
当時	とうじ	1129	
妻	つま	1130	22595
通う	かよう	1131	28601
流れ	ながれ	1132	59684
責任	せきにん	1133	99127
偶然	ぐうぜん	1134	59899
作業	さぎょう	1135	
運命	うんめい	1136	96930
どの	どの	1137	
伸びる	のびる	1138	12780
下がる	さがる	1139	12893
気をつける	きをつける	1140	106002
可能	かのう	1141	70783
支える	ささえる	1142	29187
非常	ひじょう	1143	46295
一歩	いっぽ	1144	81757
最も	もっとも	1145	3401
確かめる	たしかめる	1146	18189
乗せる	のせる	1147	5399
お話	おはなし	1148	32483
常に	つねに	1149	18083
通じる	つうじる	1150	65196
得意	とくい	1151	44100
二度と	にどと	1152	196138
関わる	かかわる	1153	7586
あんなに	あんなに	1154	
成長	せいちょう	1155	208234
遅れる	おくれる	1156	7196
本来	ほんらい	1157	97004
きり	きり	1158	
注意	ちゅうい	1159	103192
夏	なつ	1160	23290
取れる	とれる	1161	97996
計画	けいかく	1162	102383
直す	なおす	1163	6495
問う	とう	1164	2664
役	やく	1165	22008
その日	そのひ	1166	143392
にしても	にしても	1167	
解決	かいけつ	1168	127531
扱う	あつかう	1169	30699
重ねる	かさねる	1170	29293
ものがある	ものがある	1171	
混乱	こんらん	1172	109523
案内	あんない	1173	66886
寒い	さむい	1174	35079
罪	つみ	1175	43291
事態	じたい	1176	
行為	こうい	1177	
とともに	とともに	1178	
に向けて	にむけて	1179	28099
いつまでも	いつまでも	1180	
中心	ちゅうしん	1181	91134
条件	じょうけん	1182	114899
屋	や	1183	
左	ひだり	1184	61897
型	かた	1185	21100
展開	てんかい	1186	150760
残り	のこり	1187	42396
量	りょう	1188	97609
その中	そのなか	1189	16784
一切	いっさい	1190	12984
迷惑	めいわく	1191	59280
古い	ふるい	1192	45890
結ぶ	むすぶ	1193	25187
別れる	わかれる	1194	85144
というより	というより	1195	
抑える	おさえる	1196	
といい	といい	1197	
番	ばん	1198	
楽しみ	たのしみ	1199	39081
日々	ひび	1200	154055
年	とし	1201	111793
間	かん	1202	15203
気	げ	1203	629
下	もと	1204	2363
間違い	まちがい	1205	20590
なお	なお	1206	
その人	そのひと	1207	28586
頼る	たよる	1208	33191
目立つ	めだつ	1209	43791
苦労	くろう	1210	38987
ごと	ごと	1211	
信用	しんよう	1212	165310
唯一	ゆいいつ	1213	68893
寄る	よる	1214	
減る	へる	1215	15690
間に合う	まにあう	1216	41894
到着	とうちゃく	1217	101629
面	めん	1218	39889
差	さ	1219	
時には	ときには	1220	2335
価値	かち	1221	70698
対応	たいおう	1222	235838
額	がく	1223	19982
含む	ふくむ	1224	20698
まとめる	まとめる	1225	
すべき	すべき	1226	
有名	ゆうめい	1227	108179
反対	はんたい	1228	61989
安全	あんぜん	1229	91439
でる	でる	1230	
ついてる	ついてる	1231	
ぶり	ぶり	1232	
午後	ごご	1233	19794
切れる	きれる	1234	97147
活動	かつどう	1235	199341
時期	じき	1236	
際	さい	1237	7685
正確	せいかく	1238	119758
以来	いらい	1239	50197
大きくなる	おおきくなる	1240	59698
完成	かんせい	1241	50997
なり	なり	1242	
貸す	かす	1243	7696
新	しん	1244	
たった	たった	1245	
降る	ふる	1246	188301
最後まで	さいごまで	1247	66780
狭い	せまい	1248	16596
出かける	でかける	1249	22297
至る	いたる	1250	5895
でもある	でもある	1251	
一生	いっしょう	1252	86336
信頼	しんらい	1253	130926
不満	ふまん	1254	112102
といえば	といえば	1255	
全体	ぜんたい	1256	40299
よる	よる	1257	
病気	びょうき	1258	80601
複雑	ふくざつ	1259	101380
代	だい	1260	
含める	ふくめる	1261	32792
違い	ちがい	1262	16395
ほか	ほか	1263	
育てる	そだてる	1264	72696
ままに	ままに	1265	
少しでも	すこしでも	1266	36391
にくい	にくい	1267	
保つ	たもつ	1268	39390
回	かい	1269	40901
通す	とおす	1270	23894
役に立つ	やくにたつ	1271	105880
学ぶ	まなぶ	1272	55992
このよう	このよう	1273	
比べる	くらべる	1274	23396
限る	かぎる	1275	17195
対象	たいしょう	1276	
度	ど	1277	
そのうち	そのうち	1278	
世の中	よのなか	1279	96369
加える	くわえる	1280	
亡くなる	なくなる	1281	
最大	さいだい	1282	153144
人気	にんき	1283	117119
及ぶ	およぶ	1284	16390
将来	しょうらい	1285	87729
種類	しゅるい	1286	131496
半	はん	1287	
苦しむ	くるしむ	1288	76281
訴える	うったえる	1289	55582
ずつ	ずつ	1290	
たつ	たつ	1291	
関する	かんする	1292	65679
決定	けってい	1293	92466
なくす	なくす	1294	
分ける	わける	1295	11999
いわゆる	いわゆる	1296	
にかけて	にかけて	1297	
よな	よな	1298	
視線	しせん	1299	
嬉しい	うれしい	1300	1615
出来る	できる	1302	94
ダメ	ダメ	1303	
見つめる	みつめる	1304	17584
全て	すべて	1305	615
少女	しょうじょ	1306	195150
扉	とびら	1307	33493
わたし	わたし	1308	
もしかして	もしかして	1309	
俺たち	おれたち	1310	74193
瞳	ひとみ	1311	20582
先輩	せんぱい	1312	17999
皆	みんな	1313	178
奴	やつ	1314	555
はあ	はあ	1315	
五	ご	1316	
慌てる	あわてる	1317	4897
街	まち	1318	15294
達	たち	1319	107
というか	というか	1320	
なんだか	なんだか	1321	
攻撃	こうげき	1322	65184
なぁ	なぁ	1323	
妹	いもうと	1324	45496
じゃん	じゃん	1325	
立ち上がる	たちあがる	1326	60894
唇	くちびる	1327	15698
はっ	はっ	1328	
ねぇ	ねぇ	1329	
震える	ふるえる	1330	11994
浮かべる	うかべる	1331	19394
可愛い	かわいい	1332	1419
気付く	きづく	1333	55691
あー	あー	1334	
両手	りょうて	1335	110592
んん	んん	1336	
身体	からだ	1337	5485
すみません	すみません	1338	
三人	さんにん	1339	235730
お母さん	おかあさん	1340	10488
眺める	ながめる	1341	11086
何だ	なんだ	1342	462
ドア	ドア	1343	
床	ゆか	1344	24684
かい	かい	1345	
やがる	やがる	1346	
ベッド	ベッド	1347	
少年	しょうねん	1348	196247
そりゃ	そりゃ	1349	
森	もり	1350	60586
わけじゃない	わけじゃない	1351	
ひとつ	ひとつ	1352	
倒す	たおす	1353	25076
構う	かまう	1354	2253
響く	ひびく	1355	18574
あの子	あのこ	1356	163263
笑み	えみ	1357	45596
謝る	あやまる	1358	14371
振り返る	ふりかえる	1359	19692
かよ	かよ	1360	
仕方ない	しかたない	1361	4895
やがて	やがて	1362	
我々	われわれ	1363	5795
口にする	くちにする	1364	120978
バカ	バカ	1365	
ふと	ふと	1366	
肉	にく	1367	25389
まい	まい	1368	
地面	じめん	1369	103132
えっと	えっと	1370	
何で	なんで	1371	484
お父さん	おとうさん	1372	11288
叩く	たたく	1373	4194
そっか	そっか	1374	
見上げる	みあげる	1375	54480
声をかける	こえをかける	1376	158843
全身	ぜんしん	1377	292748
連中	れんちゅう	1378	104757
さま	さま	1379	
戦い	たたかい	1380	45689
告げる	つげる	1381	31383
気配	けはい	1382	38394
と共に	とともに	1383	1178
そっと	そっと	1384	
廊下	ろうか	1385	26088
取り出す	とりだす	1386	21693
影	かげ	1387	44789
色々	いろいろ	1388	814
噂	うわさ	1389	8985
四	よん	1390	181453
兄	あに	1391	21189
怒り	いかり	1392	168239
嘘	うそ	1393	2769
生徒	せいと	1394	62087
相変わらず	あいかわらず	1395	12992
浮かぶ	うかぶ	1396	23893
そうですね	そうですね	1397	
傷	きず	1398	35396
痛み	いたみ	1399	53391
放つ	はなつ	1400	21591
体	たい	1401	274038
なのです	なのです	1402	
背後	はいご	1403	290110
闇	やみ	1404	20099
おう	おう	1405	
普段	ふだん	1406	7798
綺麗	きれい	1407	1774
手紙	てがみ	1408	61887
下さる	くださる	1409	946
かのように	かのように	1410	
電話	でんわ	1411	71484
じっと	じっと	1412	
お願いします	おねがいします	1413	31999
だからこそ	だからこそ	1414	
挨拶	あいさつ	1415	7595
テーブル	テーブル	1416	
かね	かね	1417	
無駄	むだ	1418	19985
かわいい	かわいい	1419	
王	おう	1420	
さっさ	さっさ	1421	
２人	ふたり	1422	3187
村	むら	1423	
触る	さわる	1424	8789
六	ろく	1425	
駄目	だめ	1426	1474
巨大	きょだい	1427	131145
光景	こうけい	1428	99126
多分	たぶん	1429	1447
黒	くろ	1430	19886
ござる	ござる	1431	
石	いし	1432	23589
だよね	だよね	1433	
おそらく	おそらく	1434	
二つ	ふたつ	1435	5491
付き合う	つきあう	1436	4185
肌	はだ	1437	35293
武器	ぶき	1438	43195
当てる	あてる	1439	4382
椅子	いす	1440	19390
そいつ	そいつ	1441	
無い	ない	1442	29
恐怖	きょうふ	1443	87153
おいしい	おいしい	1444	
命令	めいれい	1445	96499
本当に	ほんとうに	1446	6196
たぶん	たぶん	1447	
いったい	いったい	1448	
す	す	1449	
マジ	マジ	1450	
口を開く	くちをひらく	1451	271907
匂い	におい	1452	4579
格好	かっこう	1453	18590
そうね	そうね	1454	
頬	ほお	1455	8699
っていう	っていう	1456	
クラス	クラス	1457	
いやいや	いやいや	1458	
それじゃ	それじゃ	1459	
尋ねる	たずねる	1460	8790
うわ	うわ	1461	
犬	いぬ	1462	33889
もはや	もはや	1463	
階段	かいだん	1464	85824
そう言う	そういう	1465	253
いいえ	いいえ	1466	
もしかしたら	もしかしたら	1467	
机	つくえ	1468	65089
先ほど	さきほど	1469	9098
ゲーム	ゲーム	1470	
勝負	しょうぶ	1471	68500
そうそう	そうそう	1472	
本物	ほんもの	1473	28490
だめ	だめ	1474	
レベル	レベル	1475	
真剣	しんけん	1476	65986
七	なな	1477	13298
星	ほし	1478	25790
まずい	まずい	1479	
教室	きょうしつ	1480	132154
いま	いま	1481	
そのとき	そのとき	1482	
鋭い	するどい	1483	20292
あたり	あたり	1484	
口調	くちょう	1485	
姉	あね	1486	18996
似合う	にあう	1487	10986
方がいい	ほうがいい	1488	1849
ちなみに	ちなみに	1489	
揺れる	ゆれる	1490	18577
話しかける	はなしかける	1491	97821
あるいは	あるいは	1492	
視界	しかい	1493	
そうだね	そうだね	1494	
限界	げんかい	1495	72293
作戦	さくせん	1496	111862
頭を下げる	あたまをさげる	1497	152131
申す	もうす	1498	14795
お互い	おたがい	1499	26300
なんじゃ	なんじゃ	1500	
家	け	1502	
既に	すでに	1503	723
取り戻す	とりもどす	1504	31487
右手	みぎて	1505	135535
女子	じょし	1506	
ばっかり	ばっかり	1507	
白	しろ	1508	196937
猫	ねこ	1509	19097
馬鹿	ばか	1510	3788
適当	てきとう	1511	40098
そば	そば	1512	
なんでも	なんでも	1513	
一言	ひとこと	1514	15780
心臓	しんぞう	1515	259055
なぜか	なぜか	1516	
酒	さけ	1517	137610
いいか	いいか	1518	
違いない	ちがいない	1519	9693
魂	たましい	1520	35897
空間	くうかん	1521	169186
真面目	まじめ	1522	9295
たる	たる	1523	
お礼	おれい	1524	94909
薬	くすり	1525	29896
お茶	おちゃ	1526	74654
味方	みかた	1527	60089
炎	ほのお	1528	42086
タイミング	タイミング	1529	
両親	りょうしん	1530	
様に	ように	1531	77
荷物	にもつ	1532	77332
それら	それら	1533	
細い	ほそい	1534	32491
警戒	けいかい	1535	
鍵	かぎ	1536	26039
飛び出す	とびだす	1537	31993
膝	ひざ	1538	11400
ほどに	ほどに	1539	
何とか	なんとか	1540	857
というのに	というのに	1541	
興奮	こうふん	1542	42183
褒める	ほめる	1543	10498
我が	わが	1544	5699
指示	しじ	1545	109447
弟	おとうと	1546	69291
っていうか	っていうか	1547	
わずか	わずか	1548	
十	じゅう	1549	26295
舌	した	1550	
鳴る	なる	1551	
穴	あな	1552	4983
そちら	そちら	1553	
タイプ	タイプ	1554	
随分	ずいぶん	1555	1592
差し出す	さしだす	1556	27595
やら	やら	1557	
八	はち	1558	23887
ども	ども	1559	
閉じる	とじる	1560	24792
光る	ひかる	1561	29482
勘違い	かんちがい	1562	57399
警察	けいさつ	1563	104660
何でも	なんでも	1564	1513
伸ばす	のばす	1565	9984
それに	それに	1566	
冷静	れいせい	1567	131841
第	だい	1568	10601
頂く	いただく	1569	327
怪しい	あやしい	1570	13996
馬	うま	1571	28191
衝撃	しょうげき	1572	142629
城	しろ	1573	
巻き込む	まきこむ	1574	37880
多少	たしょう	1575	111946
同士	どうし	1576	15592
って言う	っていう	1577	1456
そのよう	そのよう	1578	
恋人	こいびと	1579	74575
てる	てる	1580	
気がつく	きがつく	1581	111043
病院	びょういん	1582	87742
回す	まわす	1583	6200
わけない	わけない	1584	
汗	あせ	1585	34190
開始	かいし	1586	94997
それで	それで	1587	
まとも	まとも	1588	
青い	あおい	1589	35282
押さえる	おさえる	1590	10298
超	ちょう	1591	45279
ずいぶん	ずいぶん	1592	
提案	ていあん	1593	168228
悔しい	くやしい	1594	15895
一本	いっぽん	1595	91311
室	しつ	1596	
ってのは	ってのは	1597	
ど	ど	1598	
真実	しんじつ	1599	135879
研究	けんきゅう	1600	98879
人	じん	1601	
身体	しんたい	1603	
背	せ	1604	
いつの間にか	いつのまにか	1605	6092
我	われ	1606	9589
扱い	あつかい	1607	31500
回復	かいふく	1608	63792
どうでもいい	どうでもいい	1609	
知識	ちしき	1610	102939
恋	こい	1611	19697
抵抗	ていこう	1612	96442
ぜ	ぜ	1613	
犯人	はんにん	1614	119834
うれしい	うれしい	1615	
天	てん	1616	13785
広げる	ひろげる	1617	14996
に関して	にかんして	1618	64595
付く	つく	1619	414
文字	もじ	1620	31697
苦手	にがて	1621	68597
引っ張る	ひっぱる	1622	14982
解放	かいほう	1623	
ともかく	ともかく	1624	
箱	はこ	1625	36099
追いかける	おいかける	1626	62188
真っ赤	まっか	1627	22097
見事	みごと	1628	20189
ほんと	ほんと	1629	
絵	え	1630	
でございます	でございます	1631	
あああ	あああ	1632	
おはよう	おはよう	1633	
嫌う	きらう	1634	30597
破壊	はかい	1635	207111
壊れる	こわれる	1636	22087
拾う	ひろう	1637	28487
今夜	こんや	1638	68885
囲む	かこむ	1639	23891
知り合い	しりあい	1640	93847
単純	たんじゅん	1641	132209
船	ふね	1642	44599
中身	なかみ	1643	54692
系	けい	1644	
とんでもない	とんでもない	1645	
なりに	なりに	1646	
辺り	あたり	1647	1484
完璧	かんぺき	1648	63799
脱ぐ	ぬぐ	1649	14087
全力	ぜんりょく	1650	142019
無言	むごん	1651	
へえ	へえ	1652	
門	もん	1653	190801
仲良く	なかよく	1654	43782
技術	ぎじゅつ	1655	160110
それじゃあ	それじゃあ	1656	
殴る	なぐる	1657	25889
大量	たいりょう	1658	117557
沈黙	ちんもく	1659	118750
感触	かんしょく	1660	272823
思考	しこう	1661	
どころか	どころか	1662	
試す	ためす	1663	36696
島	しま	1664	25297
ということだ	ということだ	1665	
言い方	いいかた	1666	58295
会社	かいしゃ	1667	112508
経つ	たつ	1668	1291
やっぱ	やっぱ	1669	
趣味	しゅみ	1670	76271
張る	はる	1671	7397
主	ぬし	1672	24080
紙	かみ	1673	47198
隙	すき	1674	10376
何者	なにもの	1675	
ふん	ふん	1676	
いよいよ	いよいよ	1677	
従う	したがう	1678	36488
異常	いじょう	1679	168766
中央	ちゅうおう	1680	119561
久しぶり	ひさしぶり	1681	21296
正体	しょうたい	1682	
長	ちょう	1683	
戦争	せんそう	1684	70194
穏やか	おだやか	1685	17181
なんとなく	なんとなく	1686	
左右	さゆう	1687	168921
吸う	すう	1688	4980
柔らかい	やわらかい	1689	8693
構える	かまえる	1690	17589
ただし	ただし	1691	
赤	あか	1692	199916
授業	じゅぎょう	1693	104577
ゆく	ゆく	1694	
式	しき	1695	37588
何もない	なにもない	1696	9284
そんなもの	そんなもの	1697	
しれる	しれる	1698	
不可能	ふかのう	1699	191391
投げる	なげる	1700	72177
洗う	あらう	1703	33492
見守る	みまもる	1704	83878
焼く	やく	1705	18569
天井	てんじょう	1706	53082
鳥	とり	1707	
思いつく	おもいつく	1708	88367
あっさり	あっさり	1709	
男の子	おとこのこ	1710	91424
雪	ゆき	1711	56397
ふざける	ふざける	1712	
確信	かくしん	1713	280659
イメージ	イメージ	1714	
わけにはいかない	わけにはいかない	1715	
この世	このよ	1716	
悲鳴	ひめい	1717	90463
辛い	つらい	1718	2034
こ	こ	1719	
話題	わだい	1720	181311
認識	にんしき	1721	253965
振り向く	ふりむく	1722	24699
あまりにも	あまりにも	1723	
申し訳ない	もうしわけない	1724	62991
わあ	わあ	1725	
化する	かする	1726	
焦る	あせる	1727	17998
問題ない	もんだいない	1728	136021
突っ込む	つっこむ	1729	11584
制服	せいふく	1730	
やってみる	やってみる	1731	
もうすぐ	もうすぐ	1732	
驚き	おどろき	1733	31788
許可	きょか	1734	90699
映る	うつる	1735	
壊す	こわす	1736	22777
きちんと	きちんと	1737	
あっち	あっち	1738	
裏切る	うらぎる	1739	73775
人形	にんぎょう	1740	76390
鼻	はな	1741	189837
謎	なぞ	1742	14291
その間	そのあいだ	1743	17293
二十	はたち	1744	43393
了解	りょうかい	1745	56600
発言	はつげん	1746	225623
その手	そのて	1747	
大した	たいした	1748	5689
組む	くむ	1749	5073
手段	しゅだん	1750	141180
最悪	さいあく	1751	86979
呼び出す	よびだす	1752	74972
ありがたい	ありがたい	1753	
誤解	ごかい	1754	206190
メートル	メートル	1755	
訳	わけ	1756	154
吐く	はく	1757	69499
告白	こくはく	1758	167349
喉	のど	1759	10491
転がる	ころがる	1760	22089
旅	たび	1761	98501
見た目	みため	1762	127276
バレる	バレる	1763	
濡れる	ぬれる	1764	14788
呼吸	こきゅう	1765	97222
素晴らしい	すばらしい	1766	4699
出来事	できごと	1767	24594
行ってくる	いってくる	1768	5682
同様	どうよう	1769	202348
受け止める	うけとめる	1770	52588
少しずつ	すこしずつ	1771	32692
実に	じつに	1772	18993
自覚	じかく	1773	151181
きれい	きれい	1774	
見送る	みおくる	1775	116502
参る	まいる	1776	2592
爆発	ばくはつ	1777	83733
動揺	どうよう	1778	205201
着替える	きがえる	1779	81967
解く	とく	1780	25202
連れてくる	つれてくる	1781	23686
増す	ます	1782	
自体	じたい	1783	53389
東	ひがし	1784	59892
ぼんやり	ぼんやり	1785	
どうにか	どうにか	1786	
となると	となると	1787	
とはいえ	とはいえ	1788	
精神	せいしん	1789	
さっきから	さっきから	1790	
飛ばす	とばす	1791	23997
文句	もんく	1792	77606
踏む	ふむ	1793	10901
時点	じてん	1794	
発生	はっせい	1795	180467
あとで	あとで	1796	
付ける	つける	1797	316
つかむ	つかむ	1798	
沈む	しずむ	1799	42694
と同じように	とおなじように	1800	46888
内	うち	1801	180
抱く	だく	1802	2978
傷つける	きずつける	1803	77763
掃除	そうじ	1804	31892
ころ	ころ	1805	
二人とも	ふたりとも	1806	9898
はじめる	はじめる	1807	
道具	どうぐ	1808	79862
現場	げんば	1809	81452
春	はる	1810	41190
歴史	れきし	1811	108358
依頼	いらい	1812	194021
足音	あしおと	1813	49894
術	じゅつ	1814	61494
全	ぜん	1815	
たまる	たまる	1816	
手にする	てにする	1817	125030
一枚	いちまい	1818	115236
チャンス	チャンス	1819	
第二	だいに	1820	189513
ついでに	ついでに	1821	
思い出	おもいで	1822	92234
歌	うた	1823	17257
覆う	おおう	1824	3091
庭	にわ	1825	32180
ただいま	ただいま	1826	
応える	こたえる	1827	
だい	だい	1828	
ありがとうございました	ありがとうございました	1829	
恐れる	おそれる	1830	23291
毒	どく	1831	17301
騒ぐ	さわぐ	1832	22997
背負う	せおう	1833	63897
あまりに	あまりに	1834	
大学	だいがく	1835	98738
みな	みな	1836	
底	そこ	1837	287801
ぶつかる	ぶつかる	1838	
素敵	すてき	1839	8500
少々	しょうしょう	1840	
がな	がな	1841	
微妙	びみょう	1842	97088
担当	たんとう	1843	128015
お店	おみせ	1844	88693
怪我	けが	1845	7892
ひとり	ひとり	1846	
同じく	おなじく	1847	42094
例えば	たとえば	1848	2482
ほうがいい	ほうがいい	1849	
三十	さんじゅう	1850	131284
直後	ちょくご	1851	217405
調査	ちょうさ	1852	226124
今年	ことし	1853	7974
応援	おうえん	1854	76510
使用	しよう	1855	41397
言いながら	いいながら	1856	13394
早速	さっそく	1857	3600
玄関	げんかん	1858	80896
満ちる	みちる	1859	19391
予感	よかん	1860	121572
心の中	こころのなか	1861	115438
片手	かたて	1862	130190
逃げ出す	にげだす	1863	68300
速度	そくど	1864	237253
飛び込む	とびこむ	1865	28583
探る	さぐる	1866	14299
こら	こら	1867	
刺激	しげき	1868	52684
物語	ものがたり	1869	60092
男子	だんし	1870	260350
ありがと	ありがと	1871	
もしも	もしも	1872	
いいや	いいや	1873	
硬い	かたい	1874	12184
かあ	かあ	1875	
ひと	ひと	1876	
印象	いんしょう	1877	
感	かん	1878	
願い	ねがい	1879	55199
いくつか	いくつか	1880	
にしては	にしては	1881	
夫	おっと	1882	105201
意志	いし	1883	26697
あくまで	あくまで	1884	
魚	さかな	1885	24391
もともと	もともと	1886	
勝利	しょうり	1887	113576
意思	いし	1888	
もっとも	もっとも	1889	
こうする	こうする	1890	
察する	さっする	1891	64891
太陽	たいよう	1892	65382
ますます	ますます	1893	
歌う	うたう	1894	11589
大体	だいたい	1895	2100
才能	さいのう	1896	132136
と思ったら	とおもったら	1897	94000
はずがない	はずがない	1898	
果たす	はたす	1899	29687
選択	せんたく	1900	
並べる	ならべる	1901	21696
とっても	とっても	1902	
なか	なか	1903	
名乗る	なのる	1904	29097
東京	とうきょう	1905	105901
味わう	あじわう	1906	69796
燃える	もえる	1907	42485
自分でも	じぶんでも	1908	107837
真似	まね	1909	6889
越える	こえる	1910	16883
左手	ひだりて	1911	169028
懐かしい	なつかしい	1912	13695
パン	パン	1913	
入り口	いりぐち	1914	91326
部下	ぶか	1915	28594
間に	あいだに	1916	8800
鬼	おに	1917	24086
幼い	おさない	1918	55082
間違える	まちがえる	1919	26880
一度も	いちども	1920	59796
組	くみ	1921	39881
ほんの	ほんの	1922	
下げる	さげる	1923	10088
偉い	えらい	1924	3698
捕まえる	つかまえる	1925	7446
漂う	ただよう	1926	19589
鏡	かがみ	1927	35083
笑い	わらい	1928	58197
香り	かおり	1929	30485
この前	このまえ	1930	47592
優秀	ゆうしゅう	1931	128321
込める	こめる	1932	5481
発する	はっする	1933	52789
機	き	1934	
はずです	はずです	1935	
会	かい	1936	
あいつら	あいつら	1937	
たっぷり	たっぷり	1938	
わざと	わざと	1939	
崩れる	くずれる	1940	21281
いいこと	いいこと	1941	
証明	しょうめい	1942	
支配	しはい	1943	113729
潰す	つぶす	1944	6790
様々	さまざま	1945	2961
感心	かんしん	1946	85956
姿勢	しせい	1947	71279
先日	せんじつ	1948	211921
今すぐ	いますぐ	1949	16698
土地	とち	1950	40483
神様	かみさま	1951	43085
あらゆる	あらゆる	1952	
いろんな	いろんな	1953	
地下	ちか	1954	23884
承知	しょうち	1955	62888
に置いて	において	1956	1053
挟む	はさむ	1957	10791
年齢	ねんれい	1958	254751
とおり	とおり	1959	
西	にし	1960	13684
事故	じこ	1961	47589
やって来る	やってくる	1962	757
訓練	くんれん	1963	113736
学生	がくせい	1964	152579
用事	ようじ	1965	53985
一年	いちねん	1966	125165
捜す	さがす	1967	10586
組織	そしき	1968	153030
地上	ちじょう	1969	98112
責める	せめる	1970	108439
わけがない	わけがない	1971	
なす	なす	1972	
固い	かたい	1973	12184
おいおい	おいおい	1974	
すっごい	すっごい	1975	
防ぐ	ふせぐ	1976	35887
祈る	いのる	1977	57474
整える	ととのえる	1978	24499
帰り	かえり	1979	30498
温かい	あたたかい	1980	9944
把握	はあく	1981	73983
覗く	のぞく	1982	3992
九	きゅう	1983	44896
込む	こむ	1984	4273
笑い声	わらいごえ	1985	184215
音がする	おとがする	1986	149712
効く	きく	1987	5203
冬	ふゆ	1988	44787
ように言う	ようにいう	1989	19677
漏れる	もれる	1990	11585
勇気	ゆうき	1991	37199
預ける	あずける	1992	19788
仕方がない	しかたがない	1993	10699
表現	ひょうげん	1994	280159
テレビ	テレビ	1995	
揃う	そろう	1996	4197
記録	きろく	1997	137615
育つ	そだつ	1998	53889
まくる	まくる	1999	
好きになる	すきになる	2000	66885
金	きん	2002	22789
宣言	せんげん	2004	244161
体力	たいりょく	2005	153933
絶望	ぜつぼう	2006	165360
まっすぐ	まっすぐ	2007	
よろしくお願いします	よろしくおねがいします	2008	37683
もうちょっと	もうちょっと	2009	
ご飯	ごはん	2010	5198
秒	びょう	2011	41987
空く	あく	2012	3980
吹く	ふく	2013	14376
強引	ごういん	2014	107354
百	ひゃく	2015	41587
平和	へいわ	2016	100402
甘える	あまえる	2017	49097
だけでなく	だけでなく	2018	
数日	すうじつ	2019	258257
骨	ほね	2020	60797
だの	だの	2021	
情けない	なさけない	2022	36581
決意	けつい	2023	150922
知れる	しれる	2024	1698
言い訳	いいわけ	2025	5988
下りる	おりる	2026	719
観察	かんさつ	2027	117446
きつい	きつい	2028	
袋	ふくろ	2029	41698
違和感	いわかん	2030	211500
おっしゃる	おっしゃる	2031	
その通り	そのとおり	2032	4294
氷	こおり	2033	79032
つらい	つらい	2034	
北	きた	2035	51883
出て行く	でていく	2036	58899
寄せる	よせる	2037	16100
しょうがない	しょうがない	2038	
端	はし	2039	42901
メンバー	メンバー	2040	
助け	たすけ	2041	41617
布	ぬの	2042	54491
どうしようもない	どうしようもない	2043	
丁寧	ていねい	2044	19790
土	つち	2045	34300
たまたま	たまたま	2046	
だいぶ	だいぶ	2047	
下手	へた	2048	27380
永遠	えいえん	2049	105911
評価	ひょうか	2050	99572
景色	けしき	2051	
いくらでも	いくらでも	2052	
１人	ひとり	2053	1846
びっくり	びっくり	2054	
掛ける	かける	2055	202
固まる	かたまる	2056	23198
美人	びじん	2057	117337
だらけ	だらけ	2058	
地獄	じごく	2059	70478
今に	いまに	2060	13688
この先	このさき	2061	134881
外れる	はずれる	2062	13897
翌日	よくじつ	2063	
小	しょう	2064	6296
埋める	うめる	2065	45887
動物	どうぶつ	2066	63095
隙間	すきま	2067	26586
いかが	いかが	2068	
油断	ゆだん	2069	50797
貫く	つらぬく	2070	32293
線	せん	2071	51401
申し訳ありません	もうしわけありません	2072	60293
続き	つづき	2073	21687
ついている	ついている	2074	
何だか	なんだか	2075	1321
氏	し	2076	
刺す	さす	2077	
見かける	みかける	2078	47697
控える	ひかえる	2079	24392
靴	くつ	2080	14979
特殊	とくしゅ	2081	152022
主人	しゅじん	2082	106899
つ	つ	2083	
目標	もくひょう	2084	152657
みたいです	みたいです	2085	
やり方	やりかた	2086	54394
傷つく	きずつく	2087	97145
教師	きょうし	2088	267822
他にも	ほかにも	2089	7582
青	あお	2090	21592
泳ぐ	およぐ	2091	58689
騒ぎ	さわぎ	2092	31580
届ける	とどける	2093	33687
おかげ	おかげ	2094	
派手	はで	2095	55598
崩す	くずす	2096	26594
仕掛ける	しかける	2097	7486
からこそ	からこそ	2098	
本日	ほんじつ	2099	168694
だいたい	だいたい	2100	
力	りょく	2101	55197
実力	じつりょく	2102	183003
踊る	おどる	2103	28991
次第	しだい	2104	11297
雲	くも	2105	
たびに	たびに	2106	
捕まる	つかまる	2107	6596
破る	やぶる	2108	24298
巻く	まく	2109	17481
もう一つ	もうひとつ	2110	5397
役目	やくめ	2111	112074
３人	さんにん	2112	235730
自慢	じまん	2113	55884
今でも	いまでも	2114	19188
駅	えき	2115	22000
要求	ようきゅう	2116	131998
高校	こうこう	2117	
手を出す	てをだす	2118	284489
そしたら	そしたら	2119	
ぶつける	ぶつける	2120	
範囲	はんい	2121	114273
戦	せん	2122	
どっか	どっか	2123	
その上	そのうえ	2124	20596
と言い	といい	2125	1197
顔色	かおいろ	2126	110708
音楽	おんがく	2127	130821
映画	えいが	2128	71191
仮に	かりに	2129	29583
鉄	てつ	2130	25190
今朝	けさ	2131	18292
プレゼント	プレゼント	2132	
自分から	じぶんから	2133	88203
ついてくる	ついてくる	2134	
あがる	あがる	2135	
追いつく	おいつく	2136	67176
環境	かんきょう	2137	142919
主張	しゅちょう	2138	266664
染まる	そまる	2139	45389
注ぐ	そそぐ	2140	19184
奇妙	きみょう	2141	69791
正解	せいかい	2142	58994
満たす	みたす	2143	35882
暴れる	あばれる	2144	30888
宿	やど	2145	49793
つくる	つくる	2146	
慎重	しんちょう	2147	97246
閉める	しめる	2148	
表	おもて	2149	18488
大勢	おおぜい	2150	43188
促す	うながす	2151	15493
と言えば	といえば	2152	1255
心から	こころから	2153	85587
暑い	あつい	2154	24801
持ち上げる	もちあげる	2155	42296
蹴る	ける	2156	5697
折れる	おれる	2157	104696
終了	しゅうりょう	2158	
台	だい	2159	24101
昼	ひる	2160	22503
いかにも	いかにも	2161	
安い	やすい	2162	42601
出発	しゅっぱつ	2163	104041
機能	きのう	2164	75164
言い出す	いいだす	2165	39385
南	みなみ	2166	37883
管理	かんり	2167	
性	せい	2168	
純粋	じゅんすい	2169	161499
こっそり	こっそり	2170	
草	くさ	2171	25692
卒業	そつぎょう	2172	163963
契約	けいやく	2173	203635
基本的	きほんてき	2174	269229
からかう	からかう	2175	
作品	さくひん	2176	309423
ふる	ふる	2177	
ショック	ショック	2178	
あう	あう	2179	
なんでもない	なんでもない	2180	
目覚める	めざめる	2181	52291
夕方	ゆうがた	2182	116845
爪	つめ	2183	13700
確保	かくほ	2184	151247
生き物	いきもの	2185	55494
現状	げんじょう	2186	108175
照らす	てらす	2187	40181
たら	たら	2188	
糸	いと	2189	28804
時々	ときどき	2190	6288
幸い	さいわい	2191	25781
やあ	やあ	2192	
足元	あしもと	2193	70890
せいか	せいか	2194	
枚	まい	2195	48201
連れて行く	つれていく	2196	24092
緑	みどり	2197	17586
次々	つぎつぎ	2198	34599
社会	しゃかい	2199	176549
感動	かんどう	2200	210509
字	じ	2201	
堂々	どうどう	2202	21900
突く	つく	2203	17101
トイレ	トイレ	2204	
といっても	といっても	2205	
収まる	おさまる	2206	7336
濃い	こい	2207	24188
あえて	あえて	2208	
子ども	こども	2209	22895
命じる	めいじる	2210	109179
しゃべる	しゃべる	2211	
買い物	かいもの	2212	73994
あちこち	あちこち	2213	
こんにちは	こんにちは	2214	
不幸	ふこう	2215	186257
虫	むし	2216	47397
ひたすら	ひたすら	2217	
橋	はし	2218	
述べる	のべる	2219	20685
からって	からって	2220	
具合	ぐあい	2221	30082
おかしな	おかしな	2222	
刻む	きざむ	2223	39498
かく	かく	2224	
舞台	ぶたい	2225	99040
教育	きょういく	2226	148322
生	なま	2227	20295
返る	かえる	2228	14477
ものである	ものである	2229	
機械	きかい	2230	218135
にて	にて	2231	
細かい	こまかい	2232	30892
ったら	ったら	2233	
だからって	だからって	2234	
徐々に	じょじょに	2235	52798
田	た	2236	
最低	さいてい	2237	103897
発表	はっぴょう	2238	193857
施設	しせつ	2239	130265
恋愛	れんあい	2240	147986
三つ	みっつ	2241	27689
品	ひん	2242	
法	ほう	2243	
集団	しゅうだん	2244	248604
脳	のう	2245	
太い	ふとい	2246	51583
夫婦	ふうふ	2247	66100
浮く	うく	2248	12930
顔を出す	かおをだす	2249	249010
おっと	おっと	2250	
千	せん	2251	
渡る	わたる	2252	5990
かまう	かまう	2253	
指摘	してき	2254	
隅	すみ	2255	30391
圧倒的	あっとうてき	2256	210141
招く	まねく	2257	41589
うまくいく	うまくいく	2258	
具体的	ぐたいてき	2259	189063
監視	かんし	2260	67882
喜び	よろこび	2261	25176
ルール	ルール	2262	
生きていく	いきていく	2263	132468
声を出す	こえをだす	2264	191710
譲る	ゆずる	2265	23578
派	は	2266	
男女	だんじょ	2267	132426
仲	なか	2268	12501
最中	さいちゅう	2269	76236
交渉	こうしょう	2270	218660
内部	ないぶ	2271	289972
時に	ときに	2272	998
波	なみ	2273	60880
実家	じっか	2274	148767
説得	せっとく	2275	152125
会場	かいじょう	2276	
ある程度	あるていど	2277	66694
１つ	ひとつ	2278	1352
結論	けつろん	2279	301404
被害	ひがい	2280	142971
逃がす	にがす	2281	62483
素早い	すばやい	2282	11693
間もない	まもない	2283	5991
とっくに	とっくに	2284	
書類	しょるい	2285	163678
必要ない	ひつようない	2286	153921
共に	ともに	2287	2948
というのも	というのも	2288	
半ば	なかば	2289	15292
何もかも	なにもかも	2290	9791
浴びる	あびる	2291	28189
望み	のぞみ	2292	27483
生える	はえる	2293	29182
導く	みちびく	2294	38993
個人	こじん	2295	
代表	だいひょう	2296	106261
放っておく	ほうっておく	2297	29180
治療	ちりょう	2298	128024
直前	ちょくぜん	2299	200934
悟る	さとる	2300	28885
操作	そうさ	2302	14692
ほっと	ほっと	2303	
岩	いわ	2304	14090
やる気	やるき	2305	85830
単に	たんに	2306	21200
感想	かんそう	2307	
割れる	われる	2308	17397
ものすごい	ものすごい	2309	
狂う	くるう	2310	25493
下ろす	おろす	2311	6290
礼	れい	2312	31485
積む	つむ	2313	7577
生み出す	うみだす	2314	110490
容赦	ようしゃ	2315	62989
そうすれば	そうすれば	2316	
お客さん	おきゃくさん	2317	95791
あっという間に	あっというまに	2318	22892
整う	ととのう	2319	34780
稼ぐ	かせぐ	2320	35597
親しい	したしい	2321	76217
とのこと	とのこと	2322	
映像	えいぞう	2323	243066
残念ながら	ざんねんながら	2324	88986
会議	かいぎ	2325	112462
持っていく	もっていく	2326	19676
去年	きょねん	2327	139567
夢中	むちゅう	2328	52389
うえ	うえ	2329	
反省	はんせい	2330	117959
よほど	よほど	2331	
捉える	とらえる	2332	6390
接する	せっする	2333	94979
資料	しりょう	2334	128869
ときには	ときには	2335	
正面	しょうめん	2336	121990
この間	このあいだ	2337	16989
厄介	やっかい	2338	9891
預かる	あずかる	2339	13294
増やす	ふやす	2340	46089
時計	とけい	2341	85591
鳴らす	ならす	2342	16785
煙	けむり	2343	38596
交わす	かわす	2344	9733
達する	たっする	2345	88636
どうにも	どうにも	2346	
歯	は	2347	
だったり	だったり	2348	
休み	やすみ	2349	59097
移す	うつす	2350	17186
いかん	いかん	2351	
誓う	ちかう	2352	56381
おいで	おいで	2353	
つながる	つながる	2354	
に対し	にたいし	2355	256675
久しぶりに	ひさしぶりに	2356	31088
休憩	きゅうけい	2357	107068
重なる	かさなる	2358	43600
異なる	ことなる	2359	50389
段階	だんかい	2360	213560
逃れる	のがれる	2361	25173
もういい	もういい	2362	
もと	もと	2363	
登場	とうじょう	2364	94699
伏せる	ふせる	2365	31196
周辺	しゅうへん	2366	296925
目を覚ます	めをさます	2367	211997
人数	にんずう	2368	
移る	うつる	2369	
落ち込む	おちこむ	2370	71794
気にしない	きにしない	2371	128243
設定	せってい	2372	232553
一回	いっかい	2373	85910
辞める	やめる	2374	
侵入	しんにゅう	2375	
世間	せけん	2376	90871
仕方	しかた	2377	7900
居場所	いばしょ	2378	143960
互いに	たがいに	2379	26599
盛り上がる	もりあがる	2380	49885
発	はつ	2381	28397
都合	つごう	2382	44397
だんだん	だんだん	2383	
おや	おや	2384	
んな	んな	2385	
盗む	ぬすむ	2386	35791
お世話になる	おせわになる	2387	85368
処理	しょり	2388	104073
絡む	からむ	2389	15386
号	ごう	2390	
内側	うちがわ	2391	97028
もう一人	もうひとり	2392	10994
無意識	むいしき	2393	177379
湧く	わく	2394	
年間	ねんかん	2395	
奇跡	きせき	2396	84543
こりゃ	こりゃ	2397	
治る	なおる	2398	
医者	いしゃ	2399	49591
手に入る	てにはいる	2400	206868
強力	きょうりょく	2401	
一時	いちじ	2402	77808
一週間	いっしゅうかん	2403	164417
接触	せっしょく	2404	165558
お話し	おはなし	2405	32483
屋根	やね	2406	68794
自分自身	じぶんじしん	2407	271054
各	かく	2408	
個	こ	2409	
同意	どうい	2410	54299
角	かど	2411	30288
覚え	おぼえ	2412	28298
実感	じっかん	2413	168377
公園	こうえん	2414	78833
無	む	2415	
ですら	ですら	2416	
かつ	かつ	2417	
計算	けいさん	2418	114622
いまだ	いまだ	2419	
大声	おおごえ	2420	147800
乱暴	らんぼう	2421	63889
荒い	あらい	2422	115216
基本	きほん	2423	238532
世	よ	2424	
縁	えん	2425	26783
なるべく	なるべく	2426	
詰まる	つまる	2427	2806
三日	みっか	2428	34783
加わる	くわわる	2429	54780
さっぱり	さっぱり	2430	
縛る	しばる	2431	21578
何年	なんねん	2432	78295
強化	きょうか	2433	193359
データ	データ	2434	
謝罪	しゃざい	2435	205984
いちいち	いちいち	2436	
登る	のぼる	2437	5893
一斉に	いっせいに	2438	13891
ぜひ	ぜひ	2439	
材料	ざいりょう	2440	124288
しようとする	しようとする	2441	
ちょうだい	ちょうだい	2442	
掲げる	かかげる	2443	19288
常識	じょうしき	2444	279260
権利	けんり	2445	227051
昼間	ひるま	2446	71692
合図	あいず	2447	59295
飾る	かざる	2448	30075
ホテル	ホテル	2449	
誰でも	だれでも	2450	27881
だっけ	だっけ	2451	
両	りょう	2452	18299
意図	いと	2453	7971
一生懸命	いっしょうけんめい	2454	43695
つまらない	つまらない	2455	
溶ける	とける	2456	69691
運動	うんどう	2457	74288
見逃す	みのがす	2458	99866
もたらす	もたらす	2459	
負う	おう	2460	35501
正式	せいしき	2461	164543
どうかした	どうかした	2462	
実	じつ	2463	28891
何人	なんにん	2464	234153
とうとう	とうとう	2465	
市	し	2466	
いくつも	いくつも	2467	
以下	いか	2468	
貴重	きちょう	2469	72298
放す	はなす	2470	18084
通常	つうじょう	2471	231007
上る	のぼる	2472	5893
禁止	きんし	2473	161492
実験	じっけん	2474	97684
約	やく	2475	50502
してやる	してやる	2476	
晴れる	はれる	2477	46200
遊び	あそび	2478	46092
連続	れんぞく	2479	149185
狙い	ねらい	2480	27990
ページ	ページ	2481	
たとえば	たとえば	2482	
くだる	くだる	2483	
産む	うむ	2484	15996
力強い	ちからづよい	2485	184103
注文	ちゅうもん	2486	60485
どこにも	どこにも	2487	
とすると	とすると	2488	
倍	ばい	2489	22344
野	の	2490	
乗り込む	のりこむ	2491	57498
というと	というと	2492	
同情	どうじょう	2493	92786
楽しみにする	たのしみにする	2494	79876
こなす	こなす	2495	
秋	あき	2496	21902
尊敬	そんけい	2497	112232
復活	ふっかつ	2498	107435
上手	じょうず	2499	35283
における	における	2500	
中	じゅう	2501	14387
大	おお	2502	5302
生	せい	2503	30701
聴く	きく	2504	2585
ごく	ごく	2505	
解ける	とける	2506	16388
おとなしい	おとなしい	2507	
手足	てあし	2508	131119
野菜	やさい	2509	78522
だもの	だもの	2510	
となれば	となれば	2511	
尽くす	つくす	2512	6300
整理	せいり	2513	104037
日常	にちじょう	2514	255897
好み	このみ	2515	64381
どこまでも	どこまでも	2516	
汚れる	よごれる	2517	32394
泊まる	とまる	2518	104169
放置	ほうち	2519	192926
対策	たいさく	2520	
食べ物	たべもの	2521	57679
何でもない	なんでもない	2522	2180
いかに	いかに	2523	
ごとに	ごとに	2524	
そっくり	そっくり	2525	
複数	ふくすう	2526	287272
いいね	いいね	2527	
過ぎ	すぎ	2528	1012
浅い	あさい	2529	61392
若者	わかもの	2530	85522
呼びかける	よびかける	2531	56286
嫉妬	しっと	2532	35694
眠い	ねむい	2533	23899
拭く	ふく	2534	13282
理想	りそう	2535	43183
手前	てまえ	2536	38190
優先	ゆうせん	2537	217067
づらい	づらい	2538	
活躍	かつやく	2539	127280
と言っても	といっても	2540	2205
発揮	はっき	2541	69886
半年	はんとし	2542	132359
のんびり	のんびり	2543	
話し合う	はなしあう	2544	115503
交換	こうかん	2545	72291
いったん	いったん	2546	
痛む	いたむ	2547	14190
向き合う	むきあう	2548	71990
近寄る	ちかよる	2549	91316
開発	かいはつ	2550	170490
逆らう	さからう	2551	38487
拍手	はくしゅ	2552	95450
柱	はしら	2553	70794
種	くさ	2554	
がたい	がたい	2555	
によると	によると	2556	
その先	そのさき	2557	60486
単なる	たんなる	2558	38185
気味	きみ	2559	45084
でさえ	でさえ	2560	
犠牲	ぎせい	2561	79003
どおり	どおり	2562	
訪ねる	たずねる	2563	64981
引き受ける	ひきうける	2564	42494
詰める	つめる	2565	11259
資格	しかく	2566	
チェック	チェック	2567	
に似て	ににて	2568	208798
ある日	あるひ	2569	77316
玉	たま	2570	15204
愚か	おろか	2571	
せいぜい	せいぜい	2572	
癖	くせ	2573	6293
散る	ちる	2574	12385
維持	いじ	2575	143641
よっぽど	よっぽど	2576	
案外	あんがい	2577	50395
散歩	さんぽ	2578	57580
注目	ちゅうもく	2579	185405
お互いに	おたがいに	2580	32194
時間がかかる	じかんがかかる	2581	194241
今のところ	いまのところ	2582	21992
両方	りょうほう	2583	122176
便利	べんり	2584	89493
きく	きく	2585	
かねない	かねない	2586	
代わる	かわる	2587	
不自然	ふしぜん	2588	165948
どのよう	どのよう	2589	
転ぶ	ころぶ	2590	33391
恨む	うらむ	2591	
まいる	まいる	2592	
一般	いっぱん	2593	105900
乱れる	みだれる	2594	37996
前後	ぜんご	2595	119533
どうしたん	どうしたん	2596	
までもない	までもない	2597	
生じる	しょうじる	2598	231373
伺う	うかがう	2599	
聞かす	きかす	2600	43395
以降	いこう	2601	68579
引きずる	ひきずる	2602	24692
びっくりした	びっくりした	2603	
兄弟	きょうだい	2604	17180
体験	たいけん	2605	102978
ものになる	ものになる	2606	
自宅	じたく	2607	75669
強烈	きょうれつ	2608	205165
なさそう	なさそう	2609	
電車	でんしゃ	2610	125347
所属	しょぞく	2611	241857
今では	いまでは	2612	21488
たび	たび	2613	
ところへ	ところへ	2614	
応じる	おうじる	2615	127652
陥る	おちいる	2616	32695
始末	しまつ	2617	60687
乾く	かわく	2618	34697
真ん中	まんなか	2619	26688
ポイント	ポイント	2620	
旅行	りょこう	2621	102961
でして	でして	2622	
退屈	たいくつ	2623	52595
指す	さす	2624	
除く	のぞく	2625	
生命	せいめい	2626	103979
手伝い	てつだい	2627	105811
飽きる	あきる	2628	27093
かぶる	かぶる	2629	
そのあと	そのあと	2630	
魅力	みりょく	2631	109325
乗り越える	のりこえる	2632	60192
役割	やくわり	2633	142557
飯	めし	2634	21192
犯す	おかす	2635	28687
葉	は	2636	
持ち主	もちぬし	2637	98158
根	ね	2638	
きっかけ	きっかけ	2639	
苦痛	くつう	2640	210472
悲しみ	かなしみ	2641	51835
丸	まる	2642	10995
これら	これら	2643	
方々	かたがた	2644	31997
もったいない	もったいない	2645	
疑い	うたがい	2646	53881
危機	きき	2647	55702
選択肢	せんたくし	2648	274898
特徴	とくちょう	2649	152975
汚い	きたない	2650	27484
停止	ていし	2651	194502
一杯	いっぱい	2652	743
くっつく	くっつく	2653	
伴う	ともなう	2654	15989
変更	へんこう	2655	139681
に比べ	にくらべ	2656	30089
数える	かぞえる	2657	36291
ゼロ	ゼロ	2658	
等	とう	2659	
挙げる	あげる	2660	191
勘弁	かんべん	2661	41897
事前	じぜん	2662	191857
いっそ	いっそ	2663	
とう	とう	2664	
証	あかし	2665	33583
跡	あと	2666	63301
実行	じっこう	2667	247384
抜け出す	ぬけだす	2668	51793
相手にする	あいてにする	2669	106685
次第に	しだいに	2670	16996
勝ち	かち	2671	30984
化	か	2672	
対	たい	2673	99199
一方的	いっぽうてき	2674	223152
酔う	よう	2675	11201
ふう	ふう	2676	
商品	しょうひん	2677	
上下	じょうげ	2678	162298
惜しい	おしい	2679	14635
おめでとう	おめでとう	2680	
下る	くだる	2681	2483
かと思うと	かとおもうと	2682	65396
初	はつ	2683	
順調	じゅんちょう	2684	229710
優れる	すぐれる	2685	13687
誇る	ほこる	2686	34288
調整	ちょうせい	2687	152197
対処	たいしょ	2688	237502
夢を見る	ゆめをみる	2689	136389
二度	にど	2690	
困難	こんなん	2691	19093
グループ	グループ	2692	
バランス	バランス	2693	
追加	ついか	2694	104276
割る	わる	2695	12481
雇う	やとう	2696	42397
愛情	あいじょう	2697	115091
がち	がち	2698	
服装	ふくそう	2699	
スピード	スピード	2700	
主に	おもに	2702	34594
べく	べく	2703	
豊か	ゆたか	2704	32291
悩み	なやみ	2705	62995
棚	たな	2706	18198
あたる	あたる	2707	
感じがする	かんじがする	2708	92227
を通して	をとおして	2709	35588
この手	このて	2710	311106
保証	ほしょう	2711	
設置	せっち	2712	160985
近所	きんじょ	2713	124775
再開	さいかい	2714	
ぴったり	ぴったり	2715	
疲れ	つかれ	2716	48496
体調	たいちょう	2717	243447
かなう	かなう	2718	
対する	たいする	2719	41796
どちらも	どちらも	2720	
容易	ようい	2721	59390
できるだけ	できるだけ	2722	
頭から	あたまから	2723	94945
用いる	もちいる	2724	58192
付近	ふきん	2725	80136
筋	すじ	2726	23989
数字	すうじ	2727	150980
務める	つとめる	2728	12190
追い出す	おいだす	2729	112184
施す	ほどこす	2730	22486
叱る	しかる	2731	11882
にしておく	にしておく	2732	
要素	ようそ	2733	275550
安定	あんてい	2734	178246
およそ	およそ	2735	
アメリカ	アメリカ	2736	
場面	ばめん	2737	227945
一種	いっしゅ	2738	121497
季節	きせつ	2739	121666
こもる	こもる	2740	
添える	そえる	2741	27777
にもかかわらず	にもかかわらず	2742	
風景	ふうけい	2743	147251
かねる	かねる	2744	
しつこい	しつこい	2745	
新聞	しんぶん	2746	117405
不明	ふめい	2747	169074
今頃	いまごろ	2748	24192
かわいそう	かわいそう	2749	
憎む	にくむ	2750	51195
積極的	せっきょくてき	2751	209444
前回	ぜんかい	2752	238763
真の	しんの	2753	
成果	せいか	2754	
に従って	にしたがって	2755	18395
収める	おさめる	2756	13191
必要とする	ひつようとする	2757	251665
保護	ほご	2758	44585
成立	せいりつ	2759	220805
日本人	にほんじん	2760	197191
下す	くだす	2761	9684
申し上げる	もうしあげる	2762	74597
あちら	あちら	2763	
評判	ひょうばん	2764	103758
一面	いちめん	2765	40195
関係者	かんけいしゃ	2766	227367
ふさわしい	ふさわしい	2767	
個人的	こじんてき	2768	267117
うそ	うそ	2769	
生かす	いかす	2770	33397
いつから	いつから	2771	
入り込む	はいりこむ	2772	43981
年上	としうえ	2773	118968
最終的	さいしゅうてき	2774	
拒否	きょひ	2775	200817
セット	セット	2776	
家庭	かてい	2777	107382
明確	めいかく	2778	226267
特定	とくてい	2779	
出てくる	でてくる	2780	35386
はるか	はるか	2781	
そういうもの	そういうもの	2782	
決断	けつだん	2783	196464
欠ける	かける	2784	
地位	ちい	2785	9795
想定	そうてい	2786	
歓迎	かんげい	2787	109388
曲がる	まがる	2788	42693
たって	たって	2789	
表面	ひょうめん	2790	244070
不足	ふそく	2791	120111
でないと	でないと	2792	
２つ	ふたつ	2793	5491
近づける	ちかづける	2794	111750
提供	ていきょう	2795	242015
経過	けいか	2796	132467
熱心	ねっしん	2797	98871
出入り	でいり	2798	131035
処分	しょぶん	2799	196052
載る	のる	2800	301294
下	か	2801	
載せる	のせる	2803	5399
規模	きぼ	2804	106849
意味がある	いみがある	2805	189637
つまる	つまる	2806	
詳細	しょうさい	2807	163407
何回	なんかい	2808	
うる	うる	2809	
地域	ちいき	2810	209339
好む	このむ	2811	74829
悲しむ	かなしむ	2812	72684
よす	よす	2813	
始まり	はじまり	2814	17482
親子	おやこ	2815	45388
皮	かわ	2816	14020
備える	そなえる	2817	89065
持ち込む	もちこむ	2818	55296
成績	せいせき	2819	152938
指定	してい	2820	143355
頼み	たのみ	2821	218941
中には	なかには	2822	25695
一見	いっけん	2823	83979
固める	かためる	2824	26095
この中	このなか	2825	36900
地方	ちほう	2826	95270
世界中	せかいじゅう	2827	153496
念のため	ねんのため	2828	112324
大事にする	だいじにする	2829	79024
義務	ぎむ	2830	117746
世話	せわ	2831	35796
肝心	かんじん	2832	35194
見に行く	みにいく	2833	95838
塗る	ぬる	2834	13995
なしに	なしに	2835	
うっかり	うっかり	2836	
対抗	たいこう	2837	83971
本格的	ほんかくてき	2838	204189
身につける	みにつける	2839	168424
模様	もよう	2840	20296
おしまい	おしまい	2841	
発展	はってん	2842	109356
キロ	キロ	2843	
記す	しるす	2844	37483
作り	つくり	2845	23081
ところから	ところから	2846	
性質	せいしつ	2847	130138
どうしたらいい	どうしたらいい	2848	
慰める	なぐさめる	2849	23380
いざ	いざ	2850	
分かれる	わかれる	2851	16795
代わり	かわり	2852	7790
出会い	であい	2853	118964
座	ざ	2854	
入り	いり	2855	71482
出身	しゅっしん	2856	
案	あん	2857	252030
当初	とうしょ	2858	
実現	じつげん	2859	239692
文化	ぶんか	2860	123796
変わり	かわり	2861	
一定	いってい	2862	95568
目に見える	めにみえる	2863	
したる	したる	2864	
教わる	おそわる	2865	79686
引き出す	ひきだす	2866	56991
かえって	かえって	2867	
指導	しどう	2868	
深刻	しんこく	2869	115763
一般的	いっぱんてき	2870	
表す	あらわす	2871	16183
期間	きかん	2872	
じっくり	じっくり	2873	
築く	きずく	2874	60075
精神的	せいしんてき	2875	
ほかに	ほかに	2876	
逃す	のがす	2877	43387
極めて	きわめて	2878	10887
焼ける	やける	2879	28743
敷く	しく	2880	7876
負担	ふたん	2881	166484
方針	ほうしん	2882	137065
小学校	しょうがっこう	2883	245005
争い	あらそい	2884	78305
争う	あらそう	2885	26583
賛成	さんせい	2886	56096
経る	へる	2887	17393
姿を見せる	すがたをみせる	2888	146145
取り上げる	とりあげる	2889	25885
というものは	というものは	2890	
尽きる	つきる	2891	19378
新鮮	しんせん	2892	82411
思い切る	おもいきる	2893	57389
ものなら	ものなら	2894	
持ち出す	もちだす	2895	59384
重大	じゅうだい	2896	250154
共有	きょうゆう	2897	106773
勧める	すすめる	2898	6223
いいところ	いいところ	2899	
暮らし	くらし	2900	42599
日	にち	2901	30900
外	がい	2902	
大切にする	たいせつにする	2903	89312
抗議	こうぎ	2904	280588
割	わり	2905	6786
解釈	かいしゃく	2906	110873
夜中	よなか	2907	64693
一致	いっち	2908	13969
健康	けんこう	2909	78747
大いに	おおいに	2910	30700
その他	そのほか	2911	14682
にやっ	にやっ	2912	
余り	あまり	2913	318
社	しゃ	2914	
苦しみ	くるしみ	2915	88633
挑戦	ちょうせん	2916	90480
何十	なんじゅう	2917	120259
建てる	たてる	2918	
高まる	たかまる	2919	64686
よく言う	よくいう	2920	34395
毎年	まいとし	2921	43978
歩む	あゆむ	2922	53684
根拠	こんきょ	2923	136302
よそ	よそ	2924	
数々	かずかず	2925	69690
午前	ごぜん	2926	73093
高める	たかめる	2927	84709
余地	よち	2928	
来年	らいねん	2929	236869
足る	たる	2930	7302
からには	からには	2931	
利益	りえき	2932	164335
つれる	つれる	2933	
英語	えいご	2934	106677
最終	さいしゅう	2935	129453
中でも	なかでも	2936	16389
厚い	あつい	2937	12341
改める	あらためる	2938	20888
ケース	ケース	2939	
悪くなる	わるくなる	2940	53893
習う	ならう	2941	
達成	たっせい	2942	182718
前提	ぜんてい	2943	192156
帰す	かえす	2944	
減らす	へらす	2945	65488
つなぐ	つなぐ	2946	
分析	ぶんせき	2947	239328
ともに	ともに	2948	
役立つ	やくだつ	2949	148906
一時的	いちじてき	2950	248317
長年	ながねん	2951	151556
よくある	よくある	2952	
生涯	しょうがい	2953	
大胆	だいたん	2954	51585
こうした	こうした	2955	
こだわる	こだわる	2956	
共通	きょうつう	2957	207748
制限	せいげん	2958	132456
質	しつ	2959	27387
多数	たすう	2960	267098
さまざま	さまざま	2961	
定める	さだめる	2962	34792
外出	がいしゅつ	2963	
徹底的	てっていてき	2964	185957
比較的	ひかくてき	2965	206893
実際は	じっさいは	2966	87184
まとまる	まとまる	2967	
地元	じもと	2968	280347
恵まれる	めぐまれる	2969	48196
経営	けいえい	2970	194936
中止	ちゅうし	2971	241828
検討	けんとう	2972	
働き	はたらき	2973	42291
引き上げる	ひきあげる	2974	41596
提出	ていしゅつ	2975	240584
非難	ひなん	2976	190653
数年	すうねん	2977	
だく	だく	2978	
よくなる	よくなる	2979	
強める	つよめる	2980	86498
専門	せんもん	2981	111232
海外	かいがい	2982	63891
向け	むけ	2983	
行方	ゆくえ	2984	36884
傾向	けいこう	2985	
ものにする	ものにする	2986	
以内	いない	2987	64497
はじめ	はじめ	2988	
後半	こうはん	2989	
関連	かんれん	2990	136712
議論	ぎろん	2991	130159
拡大	かくだい	2992	266623
設ける	もうける	2993	34800
努める	つとめる	2994	37600
出席	しゅっせき	2995	257244
全国	ぜんこく	2996	243228
背景	はいけい	2997	168116
基準	きじゅん	2998	241661
どのように	どのように	2999	
思うように	おもうように	3000	142227
身近	みぢか	3002	191109
幅	はば	3003	26092
強調	きょうちょう	3004	
見直す	みなおす	3005	137060
占める	しめる	3006	
はぁ	はぁ	3007	
あたし	あたし	3008	
魔法	まほう	3009	49195
頷く	うなずく	3010	3098
剣	けん	3011	
呟く	つぶやく	3012	3191
微笑む	ほほえむ	3013	18797
ふふ	ふふ	3014	
撫でる	なでる	3015	6593
貴様	きさま	3016	18200
っす	っす	3017	
キス	キス	3018	
眼	め	3019	
屋敷	やしき	3020	32089
居る	いる	3021	18
美味しい	おいしい	3022	1444
貴族	きぞく	3023	127334
掴む	つかむ	3024	1798
すいません	すいません	3025	
顔を上げる	かおをあげる	3026	237645
戦闘	せんとう	3027	170021
貰う	もらう	3028	112
騎士	きし	3029	53399
よー	よー	3030	
魔	ま	3031	
軍	ぐん	3032	18199
魔力	まりょく	3033	92145
撃つ	うつ	3034	
王子	おうじ	3035	60891
ああああ	ああああ	3036	
凄い	すごい	3037	481
更に	さらに	3038	599
獣	けもの	3039	33092
苦笑	くしょう	3040	42200
デート	デート	3041	
呆れる	あきれる	3042	6798
手を伸ばす	てをのばす	3043	196178
己	おのれ	3044	5191
拳	こぶし	3045	13989
指先	ゆびさき	3046	113970
漏らす	もらす	3047	9800
喋る	しゃべる	3048	2211
悪魔	あくま	3049	73900
わたくし	わたくし	3050	
睨む	にらむ	3051	6393
声を上げる	こえをあげる	3052	151400
ふむ	ふむ	3053	
見開く	みひらく	3054	58481
上手い	うまい	3055	740
お兄ちゃん	おにいちゃん	3056	10894
御	ご	3057	277
お腹	おなか	3058	4190
何故	なぜ	3059	345
溢れる	あふれる	3060	4093
見下ろす	みおろす	3061	75701
はは	はは	3062	
老人	ろうじん	3063	104467
一同	いちどう	3064	
死体	したい	3065	
為	ため	3066	89
青年	せいねん	3067	158606
学園	がくえん	3068	288663
元々	もともと	3069	1886
口元	くちもと	3070	75426
舐める	なめる	3071	4669
戸惑う	とまどう	3072	22984
お姉ちゃん	おねえちゃん	3073	10097
ママ	ママ	3074	
母さん	かあさん	3075	33690
携帯	けいたい	3076	115716
音を立てる	おとをたてる	3077	250193
ははは	ははは	3078	
姫	ひめ	3079	26694
四人	よにん	3080	204836
一撃	いちげき	3081	108977
殿	どの	3082	10101
ヤツ	ヤツ	3083	
お前ら	おまえら	3084	9393
うわっ	うわっ	3085	
おれ	おれ	3086	
抱きしめる	だきしめる	3087	47973
まぁ	まぁ	3088	
気持ちいい	きもちいい	3089	18583
ある人	あるひと	3090	103833
おおう	おおう	3091	
うわあ	うわあ	3092	
わし	わし	3093	
うむ	うむ	3094	
ねー	ねー	3095	
ホント	ホント	3096	
さぁ	さぁ	3097	
うなずく	うなずく	3098	
くん	くん	3099	
おまえ	おまえ	3100	
震わせる	ふるわせる	3102	281005
首を振る	くびをふる	3103	209771
野郎	やろう	3104	25184
肉体	にくたい	3105	118870
操る	あやつる	3106	30598
っち	っち	3107	
恐らく	おそらく	3108	1434
想い	おもい	3109	41186
フッ	フッ	3110	
目を閉じる	めをとじる	3111	203252
ポケット	ポケット	3112	
馬車	ばしゃ	3113	34676
撮る	とる	3114	
私達	わたしたち	3115	3783
ええっ	ええっ	3116	
ナイフ	ナイフ	3117	
親父	おやじ	3118	9088
ヤバい	ヤバい	3119	
兵士	へいし	3120	268633
矢	や	3121	
見回す	みまわす	3122	71390
護衛	ごえい	3123	131938
兵	へい	3124	91091
ってば	ってば	3125	
首を傾げる	くびをかしげる	3126	140019
酷い	ひどい	3127	687
ちょっ	ちょっ	3128	
今更	いまさら	3129	6098
ドレス	ドレス	3130	
王国	おうこく	3131	187273
あはは	あはは	3132	
パパ	パパ	3133	
手を振る	てをふる	3134	224763
くそ	くそ	3135	
怯える	おびえる	3136	10190
飲み込む	のみこむ	3137	22382
程	ほど	3138	123
照れる	てれる	3139	30400
ノック	ノック	3140	
戦場	せんじょう	3141	
斬る	きる	3142	
内心	ないしん	3143	143209
脚	あし	3144	11089
技	わざ	3145	19388
スカート	スカート	3146	
安堵	あんど	3147	50475
顎	あご	3148	9143
メール	メール	3149	
最強	さいきょう	3150	84192
貴方	あなた	3151	121
脇	わき	3152	9495
人類	じんるい	3153	110182
お姉さん	おねえさん	3154	12900
囁く	ささやく	3155	5580
騙す	だます	3156	5082
とやら	とやら	3157	
塊	かたまり	3158	15798
呆然	ぼうぜん	3159	33395
チーム	チーム	3160	
お菓子	おかし	3161	
部隊	ぶたい	3162	
訊く	きく	3163	32402
発動	はつどう	3164	203533
呪い	のろい	3165	60685
試合	しあい	3166	61698
でしたら	でしたら	3167	
槍	やり	3168	186124
繋がる	つながる	3169	2354
やれやれ	やれやれ	3170	
弾く	ひく	3171	
僕たち	ぼくたち	3172	13281
みたいだ	みたいだ	3173	
なー	なー	3174	
僕ら	ぼくら	3175	13999
ええと	ええと	3176	
気持ちよい	きもちよい	3177	32882
ホントに	ホントに	3178	
ていうか	ていうか	3179	
たしかに	たしかに	3180	
おはようございます	おはようございます	3181	
おじさん	おじさん	3182	
お前たち	おまえたち	3183	10481
奴ら	やつら	3184	4386
ほんとに	ほんとに	3185	
君たち	きみたち	3186	19596
ふたり	ふたり	3187	
けれども	けれども	3188	
ため息をつく	ためいきをつく	3189	68496
がんばる	がんばる	3190	
つぶやく	つぶやく	3191	
立ち止まる	たちどまる	3192	86433
ことが出来る	ことができる	3193	319
モノ	モノ	3194	
ハッ	ハッ	3195	
アレ	アレ	3196	
お嬢様	おじょうさま	3197	70985
ため息	ためいき	3198	42099
ぼく	ぼく	3199	
かなあ	かなあ	3200	
城	じょう	3201	
伝説	でんせつ	3202	113416
銃	じゅう	3203	74797
盾	たて	3204	24245
駆け寄る	かけよる	3205	34778
無数	むすう	3206	99946
喧嘩	けんか	3207	15399
通路	つうろ	3208	236826
父さん	とうさん	3209	55798
天使	てんし	3210	161088
可愛らしい	かわいらしい	3211	8992
見渡す	みわたす	3212	109495
地図	ちず	3213	82842
傍	そば	3214	1512
大人しい	おとなしい	3215	2507
揺らす	ゆらす	3216	37196
困惑	こんわく	3217	
隊	たい	3218	255239
イベント	イベント	3219	
あのね	あのね	3220	
吐き出す	はきだす	3221	64287
目を向ける	めをむける	3222	264320
昨夜	ゆうべ	3223	8893
刀	かたな	3224	221923
気持ち悪い	きもちわるい	3225	58299
回収	かいしゅう	3226	143738
室内	しつない	3227	175721
脱出	だっしゅつ	3228	166814
竜	りゅう	3229	20799
画面	がめん	3230	272452
銀	ぎん	3231	25399
無茶	むちゃ	3232	18498
舞う	まう	3233	10883
夕食	ゆうしょく	3234	243152
歪む	ゆがむ	3235	12792
不意	ふい	3236	8397
刃	は	3237	
布団	ふとん	3238	24600
天才	てんさい	3239	90491
唐突	とうとつ	3240	74086
手に取る	てにとる	3241	236202
らしき	らしき	3242	
メイド	メイド	3243	
曲	きょく	3244	62900
親友	しんゆう	3245	127522
出現	しゅつげん	3246	193579
風呂	ふろ	3247	51881
任務	にんむ	3248	268900
ドキドキ	ドキドキ	3249	
膨らむ	ふくらむ	3250	11897
下着	したぎ	3251	112479
奥さん	おくさん	3252	64788
人影	ひとかげ	3253	126708
翼	つばさ	3254	47686
社長	しゃちょう	3255	247634
ダメージ	ダメージ	3256	
回避	かいひ	3257	298088
大地	だいち	3258	
染める	そめる	3259	38184
僅か	わずか	3260	1548
頭上	ずじょう	3261	217566
威力	いりょく	3262	121885
遮る	さえぎる	3263	12781
振り回す	ふりまわす	3264	36783
ったく	ったく	3265	
言う通り	いうとおり	3266	30192
目を細める	めをほそめる	3267	
サイズ	サイズ	3268	
攻める	せめる	3269	46599
試験	しけん	3270	228399
不機嫌	ふきげん	3271	66194
鍛える	きたえる	3272	52377
朝食	ちょうしょく	3273	189151
途端	とたん	3274	8900
地球	ちきゅう	3275	86111
かもしれん	かもしれん	3276	
食堂	しょくどう	3277	259857
気が付く	きがつく	3278	111043
店員	てんいん	3279	
カード	カード	3280	
もしもし	もしもし	3281	
ぎゅっと	ぎゅっと	3282	
一発	いっぱつ	3283	78731
うんうん	うんうん	3284	
教会	きょうかい	3285	
やばい	やばい	3286	
フフ	フフ	3287	
まえ	まえ	3288	
お父様	おとうさま	3289	45793
こいつら	こいつら	3290	
子供たち	こどもたち	3291	70497
かなぁ	かなぁ	3292	
問い	とい	3293	245868
そりゃあ	そりゃあ	3294	
ガキ	ガキ	3295	
コーヒー	コーヒー	3296	
ふふふ	ふふふ	3297	
なんだと	なんだと	3298	
あなたたち	あなたたち	3299	
押しつける	おしつける	3300	34095
様	ざま	3301	6056
小説	しょうせつ	3302	143316
眉	まゆ	3303	19593
小声	こごえ	3304	273796
拭う	ぬぐう	3305	8980
防御	ぼうぎょ	3306	96516
生き残る	いきのこる	3307	135824
皿	さら	3308	17178
五十	ごじゅう	3309	128639
バイト	バイト	3310	
彼氏	かれし	3311	261834
筋肉	きんにく	3312	106844
紅茶	こうちゃ	3313	236903
衣装	いしょう	3314	57298
突き出す	つきだす	3315	30681
罠	わな	3316	21794
片付ける	かたづける	3317	34297
駆ける	かける	3318	
充分	じゅうぶん	3319	16284
被害者	ひがいしゃ	3320	
卵	たまご	3321	30832
何やら	なにやら	3322	5297
カメラ	カメラ	3323	
混じる	まじる	3324	16498
空中	くうちゅう	3325	146448
匹	ひき	3326	61384
生物	せいぶつ	3327	227363
合流	ごうりゅう	3328	203594
足を止める	あしをとめる	3329	
いやあ	いやあ	3330	
再会	さいかい	3331	136548
羨ましい	うらやましい	3332	5598
二階	にかい	3333	120329
仕草	しぐさ	3334	16882
回転	かいてん	3335	82040
師匠	ししょう	3336	
跳ねる	はねる	3337	
お客様	おきゃくさま	3338	127901
待機	たいき	3339	265365
ほんの少し	ほんのすこし	3340	42895
即座に	そくざに	3341	115289
完了	かんりょう	3342	103091
手元	てもと	3343	77313
吸い込む	すいこむ	3344	58585
パーティー	パーティー	3345	
誕生日	たんじょうび	3346	96496
テスト	テスト	3347	
動作	どうさ	3348	220492
てめえ	てめえ	3349	
暴走	ぼうそう	3350	110935
お風呂	おふろ	3351	51291
言い切る	いいきる	3352	53398
気まずい	きまずい	3353	75931
挑む	いどむ	3354	50583
枝	えだ	3355	16891
台詞	せりふ	3356	23696
帯びる	おびる	3357	22983
女神	めがみ	3358	203141
片方	かたほう	3359	121141
反論	はんろん	3360	287932
返答	へんとう	3361	
黒髪	くろかみ	3362	127887
大会	たいかい	3363	169453
互い	たがい	3364	39898
鎧	よろい	3365	28197
噛む	かむ	3366	6897
ちらり	ちらり	3367	
袖	そで	3368	22797
装備	そうび	3369	119282
異様	いよう	3370	39299
迷い	まよい	3371	76526
戦力	せんりょく	3372	244106
体勢	たいせい	3373	
後方	こうほう	3374	
見覚え	みおぼえ	3375	
暗闇	くらやみ	3376	41694
輝き	かがやき	3377	48782
背を向ける	せをむける	3378	
屋上	おくじょう	3379	130972
曖昧	あいまい	3380	15095
システム	システム	3381	
お尻	おしり	3382	20385
わっ	わっ	3383	
のう	のう	3384	
無理やり	むりやり	3385	25890
かすか	かすか	3386	
問いかける	といかける	3387	165503
でござる	でござる	3388	
はいる	はいる	3389	
真っ白	まっしろ	3390	40086
手のひら	てのひら	3391	21893
越し	ごし	3392	13549
すなわち	すなわち	3393	
抱きつく	だきつく	3394	66787
気のせい	きのせい	3395	125129
見合わせる	みあわせる	3396	82634
ボタン	ボタン	3397	
めちゃくちゃ	めちゃくちゃ	3398	
イヤ	イヤ	3399	
ふーん	ふーん	3400	
身分	みぶん	3402	126720
砂	すな	3403	24700
都市	とし	3404	
第三	だいさん	3405	
師	し	3406	
旦那	だんな	3407	28384
不気味	ぶきみ	3408	51284
美	び	3409	
眼差し	まなざし	3410	9998
歓声	かんせい	3411	
時刻	じこく	3412	130656
ケーキ	ケーキ	3413	
宙	ちゅう	3414	17262
群れ	むれ	3415	44494
霧	きり	3416	
桜	さくら	3417	14296
手首	てくび	3418	93213
後にする	あとにする	3419	9685
素材	そざい	3420	208559
精一杯	せいいっぱい	3421	33385
広場	ひろば	3422	127472
裾	すそ	3423	19276
叶う	かなう	3424	2718
何となく	なんとなく	3425	1686
表示	ひょうじ	3426	183928
万が一	まんがいち	3427	153857
やけに	やけに	3428	
嵐	あらし	3429	31699
明かり	あかり	3430	14099
復讐	ふくしゅう	3431	
妄想	もうそう	3432	46592
変態	へんたい	3433	56781
宝石	ほうせき	3434	151023
具	ぐ	3435	
追い詰める	おいつめる	3436	93256
拘束	こうそく	3437	
そんな風に	そんなふうに	3438	4095
どうかな	どうかな	3439	
踏み込む	ふみこむ	3440	59198
かも知れない	かもしれない	3441	156
理屈	りくつ	3442	51977
滑る	すべる	3443	12096
英雄	えいゆう	3444	128338
先端	せんたん	3445	95431
まあまあ	まあまあ	3446	
ミス	ミス	3447	
針	はり	3448	25180
前方	ぜんぽう	3449	166550
窺う	うかがう	3450	4392
聖	せい	3451	207401
一時間	いちじかん	3452	212630
襲撃	しゅうげき	3453	174771
放課後	ほうかご	3454	190599
髪の毛	かみのけ	3455	90462
見捨てる	みすてる	3456	74671
覗き込む	のぞきこむ	3457	13489
故郷	こきょう	3458	127620
崩壊	ほうかい	3459	87911
嫌がる	いやがる	3460	7300
めく	めく	3461	
背筋	せすじ	3462	142448
民	たみ	3463	44294
推測	すいそく	3464	
選手	せんしゅ	3465	117738
じゃねぇ	じゃねぇ	3466	
いつも通り	いつもどおり	3467	31376
予想外	よそうがい	3468	221877
現象	げんしょう	3469	
無表情	むひょうじょう	3470	240016
淡々	たんたん	3471	50581
声がする	こえがする	3472	141777
三年	さんねん	3473	310520
陣	じん	3474	30302
息を吐く	いきをつく	3475	140123
へぇ	へぇ	3476	
ひとまず	ひとまず	3477	
ハハハ	ハハハ	3478	
握りしめる	にぎりしめる	3479	36496
立ち去る	たちさる	3480	97571
ウソ	ウソ	3481	
いい加減	いいかげん	3482	6890
かっ	かっ	3483	
引っかかる	ひっかかる	3484	10998
言うとおり	いうとおり	3485	30192
クソ	クソ	3486	
たどり着く	たどりつく	3487	9392
振るう	ふるう	3488	7796
ちがう	ちがう	3489	
いつもより	いつもより	3490	
おおい	おおい	3491	
今さら	いまさら	3492	6098
もしくは	もしくは	3493	
指さす	ゆびさす	3494	72096
ガラス	ガラス	3495	
果たして	はたして	3496	10685
ふうん	ふうん	3497	
やたら	やたら	3498	
なんとも	なんとも	3499	
やり取り	やりとり	3500	4092
歳	とし	3501	111793
一旦	いったん	3503	2546
に過ぎない	にすぎない	3504	5588
メッセージ	メッセージ	3505	
寸前	すんぜん	3506	164005
その辺	そのへん	3507	68381
目にする	めにする	3508	50898
とて	とて	3509	
四十	よんじゅう	3510	102156
正義	せいぎ	3511	303633
胸元	むなもと	3512	141393
冷える	ひえる	3513	29893
裸	はだか	3514	39486
なぜなら	なぜなら	3515	
棒	ぼう	3516	13100
ビル	ビル	3517	
皮肉	ひにく	3518	93820
巡る	めぐる	3519	6698
淡い	あわい	3520	40089
憧れる	あこがれる	3521	23691
杖	つえ	3522	35076
事になる	ことになる	3523	219
そこそこ	そこそこ	3524	
塞ぐ	ふさぐ	3525	7585
本来なら	ほんらいなら	3526	192138
薄暗い	うすぐらい	3527	60987
動き出す	うごきだす	3528	94222
柄	がら	3529	69483
削る	けずる	3530	47785
幽霊	ゆうれい	3531	76399
かもね	かもね	3532	
お酒	おさけ	3533	206416
封印	ふういん	3534	198468
獲物	えもの	3535	39387
若干	じゃっかん	3536	81028
候補	こうほ	3537	271514
誤魔化す	ごまかす	3538	3693
再生	さいせい	3539	143894
宿る	やどる	3540	56299
ぐっと	ぐっと	3541	
ギリギリ	ギリギリ	3542	
女王	じょおう	3543	123516
姿を消す	すがたをけす	3544	150962
シャツ	シャツ	3545	
継ぐ	つぐ	3546	13243
キャラ	キャラ	3547	
途端に	とたんに	3548	9687
致す	いたす	3549	949
食らう	くらう	3550	8795
ネット	ネット	3551	
懐	ふところ	3552	18000
蛇	へび	3553	40697
要するに	ようするに	3554	17889
走り出す	はしりだす	3555	163156
デザイン	デザイン	3556	
向き直る	むきなおる	3557	61293
怪物	かいぶつ	3558	82596
何人か	なんにんか	3559	263229
ゆえ	ゆえ	3560	
腐る	くさる	3561	16481
辿り着く	たどりつく	3562	9392
冷める	さめる	3563	
はーい	はーい	3564	
仮面	かめん	3565	112283
見据える	みすえる	3566	109052
唱える	となえる	3567	30687
通り過ぎる	とおりすぎる	3568	60595
谷	たに	3569	40289
何故か	なぜか	3570	1516
宇宙	うちゅう	3571	77349
金髪	きんぱつ	3572	166772
主人公	しゅじんこう	3573	267378
鈍い	にぶい	3574	29186
叫び	さけび	3575	54091
この辺り	このあたり	3576	5892
ルート	ルート	3577	
二日	ふつか	3578	98426
犯罪	はんざい	3579	194901
首を横に振る	くびをよこにふる	3580	
外見	がいけん	3581	
売れる	うれる	3582	55988
雷	かみなり	3583	59395
接近	せっきん	3584	240395
演技	えんぎ	3585	
真っ直ぐ	まっすぐ	3586	2007
ばっか	ばっか	3587	
しばし	しばし	3588	
んち	んち	3589	
しがみつく	しがみつく	3590	
引き寄せる	ひきよせる	3591	45987
それどころか	それどころか	3592	
化け物	ばけもの	3593	51185
セリフ	セリフ	3594	
叩きつける	たたきつける	3595	18079
なんだって	なんだって	3596	
付き	つき	3597	5079
とある	とある	3598	
マシ	マシ	3599	
さっそく	さっそく	3600	
戦	いくさ	3601	38287
解除	かいじょ	3602	168023
危うい	あやうい	3603	16675
地味	じみ	3604	64985
兄さん	にいさん	3605	30100
自殺	じさつ	3606	164644
ソファ	ソファ	3607	
灰色	はいいろ	3608	249820
吹き飛ばす	ふきとばす	3609	82494
倉庫	そうこ	3610	97174
金色	きんいろ	3611	112093
幸福	こうふく	3612	104987
押し付ける	おしつける	3613	34095
考え込む	かんがえこむ	3614	189210
治す	なおす	3615	6495
夏休み	なつやすみ	3616	107829
正面から	しょうめんから	3617	278198
儀式	ぎしき	3618	217066
舌打ち	したうち	3619	316746
中学	ちゅうがく	3620	223224
本心	ほんしん	3621	187619
折る	おる	3622	192001
尻尾	しっぽ	3623	12793
消滅	しょうめつ	3624	211168
耳元	みみもと	3625	140826
ファン	ファン	3626	
狼	おおかみ	3627	37187
本音	ほんね	3628	265286
リーダー	リーダー	3629	
姿を現す	すがたをあらわす	3630	78291
一族	いちぞく	3631	170257
ちっ	ちっ	3632	
ゆえに	ゆえに	3633	
エネルギー	エネルギー	3634	
欲望	よくぼう	3635	271500
配置	はいち	3636	303647
お兄さん	おにいさん	3637	16777
田舎	いなか	3638	34595
会長	かいちょう	3639	
この辺	このへん	3640	65600
小学生	しょうがくせい	3641	217650
十五	じゅうご	3642	137758
お疲れ	おつかれ	3643	23080
てっきり	てっきり	3644	
負け	まけ	3645	49595
部長	ぶちょう	3646	147491
手渡す	てわたす	3647	150031
眼鏡	めがね	3648	40284
キラキラ	キラキラ	3649	
堪える	こらえる	3650	4584
吐息	といき	3651	236881
目が覚める	めがさめる	3652	136233
でかい	でかい	3653	
雑誌	ざっし	3654	85728
帽子	ぼうし	3655	45592
警備	けいび	3656	122518
器用	きよう	3657	30889
校舎	こうしゃ	3658	
どく	どく	3659	
両腕	りょううで	3660	182968
商売	しょうばい	3661	76007
突破	とっぱ	3662	124529
身長	しんちょう	3663	
気を付ける	きをつける	3664	106002
お嬢さん	おじょうさん	3665	59388
戦士	せんし	3666	
漫画	まんが	3667	54084
姉妹	しまい	3668	
金属	きんぞく	3669	
言い聞かせる	いいきかせる	3670	61100
指輪	ゆびわ	3671	83760
閉じ込める	とじこめる	3672	38581
足取り	あしどり	3673	181436
目が合う	めがあう	3674	206092
商人	しょうにん	3675	
奴隷	どれい	3676	72080
塔	とう	3677	
羽	はね	3678	211489
ぽい	ぽい	3679	
起き上がる	おきあがる	3680	76949
俯く	うつむく	3681	4388
１人で	ひとりで	3682	3787
響き	ひびき	3683	26899
ご存じ	ごぞんじ	3684	44886
ごとく	ごとく	3685	
ノ	ノ	3686	
すぐさま	すぐさま	3687	
ちょうどいい	ちょうどいい	3688	
おー	おー	3689	
ありえない	ありえない	3690	
ごとき	ごとき	3691	
こぼれる	こぼれる	3692	
ごまかす	ごまかす	3693	
こぼす	こぼす	3694	
えーと	えーと	3695	
連れていく	つれていく	3696	24092
お疲れさま	おつかれさま	3697	23196
えらい	えらい	3698	
思いっきり	おもいっきり	3699	35798
はじめて	はじめて	3700	
書	しょ	3701	4429
捧げる	ささげる	3702	16889
素人	しろうと	3703	46780
快感	かいかん	3704	
無論	むろん	3705	9187
患者	かんじゃ	3706	181674
神経	しんけい	3707	104636
級	きゅう	3708	
ひょっとして	ひょっとして	3709	
見慣れる	みなれる	3710	135113
叶える	かなえる	3711	9889
怒鳴る	どなる	3712	14980
ノート	ノート	3713	
幻	まぼろし	3714	31187
這う	はう	3715	51085
二本	にほん	3716	
遭遇	そうぐう	3717	242710
メニュー	メニュー	3718	
断言	だんげん	3719	195185
乙女	おとめ	3720	50482
仕える	つかえる	3721	
制御	せいぎょ	3722	132278
大半	たいはん	3723	134015
さえも	さえも	3724	
値段	ねだん	3725	79485
兄貴	あにき	3726	57190
手を引く	てをひく	3727	279224
階	かい	3728	
力になる	ちからになる	3729	151224
すげえ	すげえ	3730	
見知る	みしる	3731	105858
プロ	プロ	3732	
微笑	びしょう	3733	
毛	け	3734	
そうなんです	そうなんです	3735	
尻	しり	3736	27992
想う	おもう	3737	9493
丸い	まるい	3738	17399
落下	らっか	3739	75273
どう見ても	どうみても	3740	23592
後輩	こうはい	3741	85686
理性	りせい	3742	162439
策	さく	3743	
カップ	カップ	3744	
部活	ぶかつ	3745	142045
出口	でぐち	3746	307946
驚愕	きょうがく	3747	66293
お昼	おひる	3748	60688
えへへ	えへへ	3749	
そうなると	そうなると	3750	
であります	であります	3751	
引き抜く	ひきぬく	3752	64778
加速	かそく	3753	
封じる	ふうじる	3754	115742
類	るい	3755	54474
なき	なき	3756	
横たわる	よこたわる	3757	67095
へへ	へへ	3758	
目を丸くする	めをまるくする	3759	294501
微か	かすか	3760	3386
服を着る	ふくをきる	3761	208623
数人	すうにん	3762	253905
高校生	こうこうせい	3763	256259
十年	じゅうねん	3764	187592
逸らす	そらす	3765	5694
一口	ひとくち	3766	31980
液体	えきたい	3767	182903
排除	はいじょ	3768	184909
閉まる	しまる	3769	34483
池	いけ	3770	49293
見抜く	みぬく	3771	92643
疲労	ひろう	3772	
士	し	3773	
祝福	しゅくふく	3774	150014
手放す	てばなす	3775	168837
咲く	さく	3776	96001
団	だん	3777	
故	ゆえ	3778	3560
これくらい	これくらい	3779	
睨みつける	にらみつける	3780	11990
意味がない	いみがない	3781	185417
気はない	きはない	3782	167476
わたしたち	わたしたち	3783	
時折	ときおり	3784	15499
いつだって	いつだって	3785	
声をあげる	こえをあげる	3786	151400
ひとりで	ひとりで	3787	
ばか	ばか	3788	
はしゃぐ	はしゃぐ	3789	
ずるい	ずるい	3790	
その代わり	そのかわり	3791	35384
フフフ	フフフ	3792	
少なくとも	すくなくとも	3793	28277
俺ら	おれら	3794	41386
はあっ	はあっ	3795	
使い	つかい	3796	46388
やだ	やだ	3797	
まつ	まつ	3798	
１年	いちねん	3799	125165
見せつける	みせつける	3800	67598
フォロー	フォロー	3801	
絞る	しぼる	3802	16674
好きにする	すきにする	3803	105836
いえいえ	いえいえ	3804	
固定	こてい	3805	119154
戸	と	3806	
嫁	よめ	3807	57881
不審	ふしん	3808	194571
同行	どうこう	3809	12402
鞄	かばん	3810	18992
飼う	かう	3811	251922
要る	いる	3812	701
センチ	センチ	3813	
畑	はたけ	3814	80459
電気	でんき	3815	100815
孤独	こどく	3816	136374
婚約	こんやく	3817	177374
予測	よそく	3818	274262
肯定	こうてい	3819	
そうなんですか	そうなんですか	3820	
上空	じょうくう	3821	285024
カウンター	カウンター	3822	
被る	かぶる	3823	2629
先程	さきほど	3824	9098
グラス	グラス	3825	
っきり	っきり	3826	
一匹	いっぴき	3827	80900
状	じょう	3828	31802
柔らか	やわらか	3829	13192
住人	じゅうにん	3830	161920
平然	へいぜん	3831	
心底	しんそこ	3832	77998
拒絶	きょぜつ	3833	160416
男の人	おとこのひと	3834	112347
横顔	よこがお	3835	
孫	まご	3836	33677
きっちり	きっちり	3837	
牙	きば	3838	51589
散々	さんざん	3839	5291
目撃	もくげき	3840	169019
ボール	ボール	3841	
躊躇	ちゅうちょ	3842	28982
滲む	にじむ	3843	6588
悲鳴を上げる	ひめいをあげる	3844	148758
捜査	そうさ	3845	
本能	ほんのう	3846	205577
木々	きぎ	3847	96788
指差す	ゆびさす	3848	72096
国家	こっか	3849	82343
購入	こうにゅう	3850	
賭ける	かける	3851	
皆様	みなさま	3852	68472
無邪気	むじゃき	3853	89004
幸運	こううん	3854	158516
帰って来る	かえってくる	3855	27899
友	とも	3856	
見張る	みはる	3857	38186
報酬	ほうしゅう	3858	110730
深呼吸	しんこきゅう	3859	161671
大人になる	おとなになる	3860	54296
ただでさえ	ただでさえ	3861	
作り出す	つくりだす	3862	39189
餌	えさ	3863	41491
間近	まぢか	3864	68476
着替え	きがえ	3865	227001
お帰り	おかえり	3866	4096
微笑み	ほほえみ	3867	36189
使い方	つかいかた	3868	110835
鳴く	なく	3869	
途切れる	とぎれる	3870	33787
出迎える	でむかえる	3871	117299
器	うつわ	3872	53798
高	こう	3873	
マスター	マスター	3874	
利く	きく	3875	5203
右腕	みぎうで	3876	211663
めくる	めくる	3877	
単語	たんご	3878	
だろうに	だろうに	3879	
ある意味	あるいみ	3880	
胸を張る	むねをはる	3881	142205
纏う	まとう	3882	4794
早々	そうそう	3883	33401
いじめる	いじめる	3884	
溜まる	たまる	3885	2701
っぱなし	っぱなし	3886	
腰を下ろす	こしをおろす	3887	132229
駆けつける	かけつける	3888	24489
早め	はやめ	3889	
けっこう	けっこう	3890	
たしか	たしか	3891	
かしこまる	かしこまる	3892	
飲み物	のみもの	3893	
いつの間に	いつのまに	3894	19094
のあまり	のあまり	3895	
ゴミ	ゴミ	3896	
同じくらい	おなじくらい	3897	68791
捕らえる	とらえる	3898	6390
ちっとも	ちっとも	3899	
アホ	アホ	3900	
暖かい	あたたかい	3901	9944
忠告	ちゅうこく	3902	163708
無意味	むいみ	3903	107464
騒がしい	さわがしい	3904	47190
脳裏	のうり	3905	
悪	あく	3906	34856
透明	とうめい	3907	76816
響き渡る	ひびきわたる	3908	48889
傾く	かたむく	3909	43893
仰ぐ	あおぐ	3910	25387
暴力	ぼうりょく	3911	122043
晩	ばん	3912	12275
お邪魔	おじゃま	3913	22185
領域	りょういき	3914	224324
小柄	こがら	3915	97883
お弁当	おべんとう	3916	74851
お休み	おやすみ	3917	4299
看板	かんばん	3918	67595
感じ取る	かんじとる	3919	310723
そう言えば	そういえば	3920	718
是非	ぜひ	3921	2439
カーテン	カーテン	3922	
メモ	メモ	3923	
勘	かん	3924	
大抵	たいてい	3925	6281
数十	すうじゅう	3926	315457
方面	ほうめん	3927	131595
植物	しょくぶつ	3928	163936
確率	かくりつ	3929	266255
例外	れいがい	3930	186739
支度	したく	3931	98515
罰	ばつ	3932	
こちらこそ	こちらこそ	3933	
演じる	えんじる	3934	
造る	つくる	3935	2146
避難	ひなん	3936	101570
入学	にゅうがく	3937	168590
お手伝い	おてつだい	3938	63480
美少女	びしょうじょ	3939	181499
誇り	ほこり	3940	
丘	おか	3941	20093
突き刺さる	つきささる	3942	63984
首筋	くびすじ	3943	95404
口に出す	くちにだす	3944	198746
興味深い	きょうみぶかい	3945	
弟子	でし	3946	16480
見当たる	みあたる	3947	96031
板	いた	3948	39596
反撃	はんげき	3949	214581
心の底	こころのそこ	3950	221417
唸る	うなる	3951	8888
トラブル	トラブル	3952	
しめる	しめる	3953	
所詮	しょせん	3954	9480
撮影	さつえい	3955	153854
一点	いってん	3956	78060
呪う	のろう	3957	59799
小屋	こや	3958	51393
汚す	よごす	3959	52898
その頃	そのころ	3960	29797
うふふ	うふふ	3961	
それはそれで	それはそれで	3963	
くそっ	くそっ	3964	
誘い	さそい	3965	78585
浮かび上がる	うかびあがる	3966	61498
遠ざかる	とおざかる	3967	114740
文句を言う	もんくをいう	3968	166495
店内	てんない	3969	
はっと	はっと	3970	
通信	つうしん	3971	126719
悪意	あくい	3972	186234
通用	つうよう	3973	109642
構成	こうせい	3974	122629
押し込む	おしこむ	3975	54999
当日	とうじつ	3976	204839
贈る	おくる	3977	65895
説教	せっきょう	3978	131582
つる	つる	3979	
あく	あく	3980	
好く	すく	3981	
襲いかかる	おそいかかる	3982	51087
鳴き声	なきごえ	3983	117923
いい子	いいこ	3984	46287
おもしろい	おもしろい	3985	
引き取る	ひきとる	3986	43097
あのさ	あのさ	3987	
ケンカ	ケンカ	3988	
顔をしかめる	かおをしかめる	3989	
どれくらい	どれくらい	3990	
おまけに	おまけに	3991	
のぞく	のぞく	3992	
ハハ	ハハ	3993	
手をかける	てをかける	3994	
１回	いっかい	3995	85910
だからといって	だからといって	3996	
突きつける	つきつける	3997	19000
さすがは	さすがは	3998	
あり得ない	ありえない	3999	3690
何らか	なんらか	4000	223889
歩み寄る	あゆみよる	4001	130351
等しい	ひとしい	4002	30785
垂れる	たれる	4003	18795
敏感	びんかん	4004	85313
深夜	しんや	4005	109344
輪	わ	4006	
鍋	なべ	4007	34592
この後	このあと	4008	32697
装う	よそおう	4009	36579
攻略	こうりゃく	4010	183472
億	おく	4011	
不快	ふかい	4012	150883
体重	たいじゅう	4013	209314
専用	せんよう	4014	50989
眉間	みけん	4015	65881
付き合い	つきあい	4016	13589
昇る	のぼる	4017	5893
湯	ゆ	4018	
晒す	さらす	4019	4692
残酷	ざんこく	4020	89718
放る	ほうる	4021	20166
歩	ほ	4022	
錯覚	さっかく	4023	99141
誘導	ゆうどう	4024	163585
救い	すくい	4025	
優雅	ゆうが	4026	64183
切り替える	きりかえる	4027	79696
罪悪感	ざいあくかん	4028	229080
気絶	きぜつ	4029	112300
理不尽	りふじん	4030	128641
好意	こうい	4031	80725
沢山	たくさん	4032	406
国民	こくみん	4033	194076
財布	さいふ	4034	78659
事務所	じむしょ	4035	222213
ああいう	ああいう	4036	
憧れ	あこがれ	4037	26087
魅力的	みりょくてき	4038	204494
人質	ひとじち	4039	109431
列	れつ	4040	46778
臭い	くさい	4041	6170
修行	しゅぎょう	4042	
率いる	ひきいる	4043	37496
怪訝	けげん	4044	28589
盛大	せいだい	4045	180159
職業	しょくぎょう	4046	209001
同然	どうぜん	4047	89755
腕を組む	うでをくむ	4048	139835
容姿	ようし	4049	
鎖	くさり	4050	
締める	しめる	4051	3953
内緒	ないしょ	4052	25404
反射的	はんしゃてき	4053	
パターン	パターン	4054	
到達	とうたつ	4055	264338
一件	いっけん	4056	
どう考えても	どうかんがえても	4057	189546
いい人	いいひと	4058	44985
装置	そうち	4059	90064
教授	きょうじゅ	4060	111122
包み込む	つつみこむ	4061	60300
衝動	しょうどう	4062	91813
尖る	とがる	4063	16093
親切	しんせつ	4064	80295
目に入る	めにはいる	4065	229756
ベンチ	ベンチ	4066	
埋まる	うまる	4067	30885
礼を言う	れいをいう	4068	165962
弾	たま	4069	15204
ニュース	ニュース	4070	
パンツ	パンツ	4071	
緩む	ゆるむ	4072	14100
潜む	ひそむ	4073	20181
はっきり言う	はっきりいう	4074	28886
再度	さいど	4075	191459
そうじゃなくて	そうじゃなくて	4076	
逮捕	たいほ	4077	98385
傍ら	かたわら	4078	18575
タオル	タオル	4079	
名誉	めいよ	4080	117087
配る	くばる	4081	40192
食	しょく	4082	29382
どうするか	どうするか	4083	
横目	よこめ	4084	190922
何とも	なんとも	4085	3499
医師	いし	4086	
界	かい	4087	
肩をすくめる	かたをすくめる	4088	238184
大げさ	おおげさ	4089	26793
おばさん	おばさん	4090	
心地よい	ここちよい	4091	58395
やりとり	やりとり	4092	
あふれる	あふれる	4093	
あくまでも	あくまでも	4094	
そんなふうに	そんなふうに	4095	
おかえり	おかえり	4096	
滅ぼす	ほろぼす	4097	48599
凄まじい	すさまじい	4098	6499
燃やす	もやす	4099	47882
そうだよね	そうだよね	4100	
額	ひたい	4101	26082
入口	いりぐち	4102	91326
文章	ぶんしょう	4103	159044
手を取る	てをとる	4104	246577
我に返る	われにかえる	4105	64881
茶	ちゃ	4106	21396
顔立ち	かおだち	4107	132288
その分	そのぶん	4108	20895
鼓動	こどう	4109	62486
貼る	はる	4110	7397
頭を抱える	あたまをかかえる	4111	205952
台所	だいどころ	4112	113261
相応しい	ふさわしい	4113	2767
人達	ひとたち	4114	26689
現代	げんだい	4115	239238
ネタ	ネタ	4116	
掌	てのひら	4117	21893
弁当	べんとう	4118	109756
顔面	がんめん	4119	264864
流	りゅう	4120	
何にも	なんにも	4121	5283
お母様	おかあさま	4122	40893
目線	めせん	4123	
権力	けんりょく	4124	161442
突入	とつにゅう	4125	187778
昼食	ちゅうしょく	4126	243598
十二	じゅうに	4127	73795
なのである	なのである	4128	
事がある	ことがある	4129	326
気遣う	きづかう	4130	92584
ズボン	ズボン	4131	
苦い	にがい	4132	33292
覚悟を決める	かくごをきめる	4133	141671
思い込む	おもいこむ	4134	153443
親戚	しんせき	4135	61286
意地悪	いじわる	4136	14493
遥か	はるか	4137	2781
大陸	たいりく	4138	207714
お湯	おゆ	4139	73300
加減	かげん	4140	28593
物音	ものおと	4141	169060
祖父	そふ	4142	80263
発想	はっそう	4143	
ハンカチ	ハンカチ	4144	
敗北	はいぼく	4145	205753
シンプル	シンプル	4146	
モデル	モデル	4147	
深々	ふかぶか	4148	57792
無限	むげん	4149	105943
足を踏み入れる	あしをふみいれる	4150	255104
見失う	みうしなう	4151	168078
お任せ	おまかせ	4152	23394
潰れる	つぶれる	4153	168989
食料	しょくりょう	4154	162663
数秒	すうびょう	4155	315660
バラバラ	バラバラ	4156	
テンション	テンション	4157	
上昇	じょうしょう	4158	109046
消費	しょうひ	4159	213129
言	げん	4160	44284
脅す	おどす	4161	43492
帰れ	かえれ	4162	94653
記事	きじ	4163	
顔を合わせる	かおをあわせる	4164	
混ぜる	まぜる	4165	20797
係	かかり	4166	
伝う	つたう	4167	22095
叫び声	さけびごえ	4168	128132
未だ	まだ	4169	90
寝室	しんしつ	4170	140679
夫人	ふじん	4171	
無理矢理	むりやり	4172	25890
らっしゃる	らっしゃる	4173	
高級	こうきゅう	4174	94134
脅威	きょうい	4175	93048
緩める	ゆるめる	4176	13888
すく	すく	4177	
上司	じょうし	4178	239296
用件	ようけん	4179	
調子に乗る	ちょうしにのる	4180	154364
遅刻	ちこく	4181	82200
食材	しょくざい	4182	
試みる	こころみる	4183	46495
横になる	よこになる	4184	116931
つきあう	つきあう	4185	
取引	とりひき	4186	117173
何かしら	なにかしら	4187	22693
３年	さんねん	4188	310520
かた	かた	4189	
おなか	おなか	4190	
あける	あける	4191	
ホッと	ホッと	4192	
言いかける	いいかける	4193	34775
たたく	たたく	4194	
顔つき	かおつき	4195	106805
鮮やか	あざやか	4196	23285
そろう	そろう	4197	
お言葉	おことば	4198	45499
いちばん	いちばん	4199	
そんなもん	そんなもん	4200	
度	たび	4202	2613
街	がい	4203	42604
刃	やいば	4205	153879
恨み	うらみ	4206	34782
曲げる	まげる	4207	30680
いじる	いじる	4208	
差す	さす	4209	136380
到底	とうてい	4210	14290
繋ぐ	つなぐ	4211	2946
プライド	プライド	4212	
職人	しょくにん	4213	
像	ぞう	4214	5084
枕	まくら	4215	33585
差し込む	さしこむ	4216	32100
図書館	としょかん	4217	163068
可能性が高い	かのうせいがたかい	4218	
同時	どうじ	4219	117427
弱点	じゃくてん	4220	165034
おっさん	おっさん	4221	
政府	せいふ	4222	
確定	かくてい	4223	254375
矛盾	むじゅん	4224	85395
泣き声	なきごえ	4225	
振動	しんどう	4226	84547
真っ先に	まっさきに	4227	31375
自転車	じてんしゃ	4228	196881
耳にする	みみにする	4229	233339
帰宅	きたく	4230	199467
目的地	もくてきち	4231	
再現	さいげん	4232	208340
拒む	こばむ	4233	61884
無力	むりょく	4234	243184
林	はやし	4235	60590
愉快	ゆかい	4236	47083
言い放つ	いいはなつ	4237	99945
値	あたい	4238	74394
揃える	そろえる	4239	7794
死亡	しぼう	4240	201443
苦笑い	にがわらい	4241	149916
任す	まかす	4242	25089
ふっと	ふっと	4243	
塩	しお	4244	
ボロボロ	ボロボロ	4245	
賢い	かしこい	4246	33193
あの頃	あのころ	4247	29786
銀色	ぎんいろ	4248	149631
磨く	みがく	4249	42097
静寂	せいじゃく	4250	125515
夜空	よぞら	4251	150053
眩しい	まぶしい	4252	7087
自己紹介	じこしょうかい	4253	189465
構造	こうぞう	4254	127934
にっこり	にっこり	4255	
大型	おおがた	4256	187340
工場	こうじょう	4257	82812
手配	てはい	4258	157752
切り裂く	きりさく	4259	134400
黄金	おうごん	4260	102765
先頭	せんとう	4261	79829
サイン	サイン	4262	
有効	ゆうこう	4263	122144
女の人	おんなのひと	4264	117987
砕ける	くだける	4265	22999
何事	なにごと	4266	30097
弓	ゆみ	4267	46782
光栄	こうえい	4268	311323
バス	バス	4269	
リスク	リスク	4270	
ようこそ	ようこそ	4271	
押し寄せる	おしよせる	4272	56083
こむ	こむ	4273	
出番	でばん	4274	165677
皮膚	ひふ	4275	36083
二回	にかい	4276	166942
牛	うし	4277	
砕く	くだく	4278	40297
支援	しえん	4279	233220
湖	みずうみ	4280	76982
さも	さも	4281	
班	はん	4282	
別れ	わかれ	4283	51697
慕う	したう	4284	55997
めっちゃ	めっちゃ	4285	
進行	しんこう	4286	
番号	ばんごう	4287	184191
掛かる	かかる	4288	300
人差し指	ひとさしゆび	4289	136024
済み	ずみ	4290	28696
持ち	もち	4291	28001
祭り	まつり	4292	30884
ハッと	ハッと	4293	
そのとおり	そのとおり	4294	
というところ	というところ	4295	
なにより	なにより	4296	
たちまち	たちまち	4297	
つづける	つづける	4298	
おやすみ	おやすみ	4299	
っこ	っこ	4300	
店	てん	4301	
種	たね	4302	29087
角度	かくど	4303	290827
振り払う	ふりはらう	4304	50688
三度	さんど	4305	208352
絶叫	ぜっきょう	4306	
課題	かだい	4307	
本番	ほんばん	4308	194109
温泉	おんせん	4309	90938
ライン	ライン	4310	
外部	がいぶ	4311	
子供の頃	こどものころ	4312	112281
言動	げんどう	4313	183486
向き	むき	4314	24893
坂	さか	4315	22193
知り合う	しりあう	4316	165539
崩れ落ちる	くずれおちる	4317	72991
ふりをする	ふりをする	4318	
せん	せん	4319	
胃	い	4320	
経緯	いきさつ	4321	16492
自室	じしつ	4322	
爆弾	ばくだん	4323	100390
見届ける	みとどける	4324	108912
とっとと	とっとと	4325	
馬鹿にする	ばかにする	4326	22794
こんな風に	こんなふうに	4327	5000
絆	きずな	4328	41092
豪華	ごうか	4329	75512
仕業	しわざ	4330	26385
硬直	こうちょく	4331	
病	やまい	4332	54186
高度	こうど	4333	143186
霊	れい	4334	
振り下ろす	ふりおろす	4335	62093
頼もしい	たのもしい	4336	42500
捜索	そうさく	4337	
意	い	4338	
好奇心	こうきしん	4339	
言い返す	いいかえす	4340	83645
戻って来る	もどってくる	4341	18887
未だに	いまだに	4342	77347
スープ	スープ	4343	
蘇る	よみがえる	4344	7193
お方	おかた	4345	56498
マンション	マンション	4346	
哀れ	あわれ	4347	18282
駆け出す	かけだす	4348	42988
別人	べつじん	4349	203316
博士	はかせ	4350	61890
派遣	はけん	4351	122449
咄嗟に	とっさに	4352	4688
あれこれ	あれこれ	4353	
トップ	トップ	4354	
弱る	よわる	4355	78340
掘る	ほる	4356	13082
身内	みうち	4357	88917
体内	たいない	4358	104208
独特	どくとく	4359	197106
励ます	はげます	4360	35683
反対側	はんたいがわ	4361	149840
体温	たいおん	4362	202499
お返し	おかえし	4363	53078
座り込む	すわりこむ	4364	46794
気楽	きらく	4365	224140
入院	にゅういん	4366	168037
運	うん	4367	21901
腰掛ける	こしかける	4368	68389
生意気	なまいき	4369	61693
ステージ	ステージ	4370	
美味い	うまい	4371	740
寄り添う	よりそう	4372	54473
偉大	いだい	4373	42499
目つき	めつき	4374	101391
住民	じゅうみん	4375	271586
都	と	4376	
よいしょ	よいしょ	4377	
携帯電話	けいたいでんわ	4378	184676
コート	コート	4379	
風邪	かぜ	4380	29385
力を込める	ちからをこめる	4381	212830
あてる	あてる	4382	
狩り	かり	4383	127396
ことによって	ことによって	4384	
なんという	なんという	4385	
やつら	やつら	4386	
わがまま	わがまま	4387	
うつむく	うつむく	4388	
４人	よにん	4389	204836
なしで	なしで	4390	
うつ	うつ	4391	
うかがう	うかがう	4392	
かぎり	かぎり	4393	
今のうち	いまのうち	4394	30886
チッ	チッ	4395	
話し合い	はなしあい	4396	229285
振る舞う	ふるまう	4397	17193
うっすら	うっすら	4398	
向こう側	むこうがわ	4399	68588
さほど	さほど	4400	
心	しん	4401	
場	じょう	4402	
取り囲む	とりかこむ	4403	40594
観念	かんねん	4404	64698
登録	とうろく	4405	124337
スイッチ	スイッチ	4406	
殺人	さつじん	4407	119365
道路	どうろ	4408	193440
殺し	ころし	4409	246585
サービス	サービス	4410	
気を遣う	きをつかう	4411	230754
次々に	つぎつぎに	4412	43000
斜め	ななめ	4413	48392
懸命	けんめい	4414	47894
中庭	なかにわ	4415	232453
有利	ゆうり	4416	107149
夕飯	ゆうはん	4417	131243
探索	たんさく	4418	313419
刺さる	ささる	4419	36596
揉む	もむ	4420	5096
ぐるぐる	ぐるぐる	4421	
履く	はく	4422	6193
呪文	じゅもん	4423	68195
恐る恐る	おそるおそる	4424	8990
決まり	きまり	4425	39895
誕生	たんじょう	4426	76964
贅沢	ぜいたく	4427	17786
監督	かんとく	4428	106969
しょ	しょ	4429	
すっと	すっと	4430	
職員	しょくいん	4431	242105
釣る	つる	4432	3979
手間	てま	4433	70990
庇う	かばう	4434	4985
ポーズ	ポーズ	4435	
シーン	シーン	4436	
破れる	やぶれる	4437	37391
スタイル	スタイル	4438	
ふわふわ	ふわふわ	4439	
上位	じょうい	4440	219385
なんぞ	なんぞ	4441	
降り注ぐ	ふりそそぐ	4442	55179
色んな	いろんな	4443	1953
目を逸らす	めをそらす	4444	253675
新人	しんじん	4445	288063
気力	きりょく	4446	162068
赤ちゃん	あかちゃん	4447	58181
突撃	とつげき	4448	114395
死者	ししゃ	4449	
ペース	ペース	4450	
判明	はんめい	4451	
明かす	あかす	4452	41490
観る	みる	4453	110
人目	ひとめ	4454	
証言	しょうげん	4455	82661
どころ	どころ	4456	
なあに	なあに	4457	
勢力	せいりょく	4458	195652
中学生	ちゅうがくせい	4459	
醜い	みにくい	4460	35895
蓋	ふた	4461	7976
思い浮かべる	おもいうかべる	4462	206487
制する	せいする	4463	92342
人格	じんかく	4464	165097
涙を流す	なみだをながす	4465	190360
まさしく	まさしく	4466	
兼ねる	かねる	4467	2744
からすれば	からすれば	4468	
曇る	くもる	4469	32378
上着	うわぎ	4470	77138
五分	ごぶ	4471	47971
中途半端	ちゅうとはんぱ	4472	195631
緊急	きんきゅう	4473	143048
決心	けっしん	4474	147789
念	ねん	4475	30502
検査	けんさ	4476	122103
運転	うんてん	4477	128154
解散	かいさん	4478	230131
不利	ふり	4479	
スペース	スペース	4480	
凝視	ぎょうし	4481	224302
何かと	なにかと	4482	15387
象徴	しょうちょう	4483	282078
支払う	しはらう	4484	153578
焦り	あせり	4485	48585
絶える	たえる	4486	16298
横から	よこから	4487	115131
かわす	かわす	4488	
いっしょに	いっしょに	4489	
迷惑をかける	めいわくをかける	4490	111910
あきらめる	あきらめる	4491	
１日	いちにち	4492	76696
よーし	よーし	4493	
というわけだ	というわけだ	4494	
まわり	まわり	4495	
いやらしい	いやらしい	4496	
よこす	よこす	4497	
嘘をつく	うそをつく	4498	27896
なんとかなる	なんとかなる	4499	
打ち合わせ	うちあわせ	4500	89008
一	ひと	4501	68301
公	こう	4503	
飛び降りる	とびおりる	4504	47892
顔を覗く	かおをのぞく	4505	230991
挑発	ちょうはつ	4506	128652
帰還	きかん	4507	143283
欠片	かけら	4508	9182
否	いいえ	4509	1466
コンビニ	コンビニ	4510	
秘める	ひめる	4511	61591
反射	はんしゃ	4512	195414
本部	ほんぶ	4513	211023
泥	どろ	4514	20095
化粧	けしょう	4515	97880
惚れる	ほれる	4516	29997
踏み出す	ふみだす	4517	79709
くぐる	くぐる	4518	
可哀想	かわいそう	4519	2749
目に遭う	めにあう	4520	62691
世話になる	せわになる	4521	163919
機嫌	きげん	4522	37800
分厚い	ぶあつい	4523	64489
無関係	むかんけい	4524	236697
昼休み	ひるやすみ	4525	200665
そんな中	そんななか	4526	38196
何一つ	なにひとつ	4527	103346
切ない	せつない	4528	24295
すらも	すらも	4529	
政治	せいじ	4530	185256
ダンス	ダンス	4531	
層	そう	4532	
警告	けいこく	4533	284085
着地	ちゃくち	4534	142196
旧	きゅう	4535	
アピール	アピール	4536	
満面	まんめん	4537	241759
嗅ぐ	かぐ	4538	14887
方角	ほうがく	4539	121033
息をつく	いきをつく	4540	140123
温度	おんど	4541	98413
投げ出す	なげだす	4542	85391
独り言	ひとりごと	4543	23794
悪夢	あくむ	4544	182694
位	くらい	4545	165201
傘	かさ	4546	50685
カレー	カレー	4547	
もう一回	もういっかい	4548	57491
苦しめる	くるしめる	4549	93210
ぽつり	ぽつり	4550	
異変	いへん	4551	221150
市民	しみん	4552	
在る	ある	4553	14
陰	かげ	4554	14283
眼前	がんぜん	4555	
迎えに来る	むかえにくる	4556	84526
説	せつ	4557	
職	しょく	4558	167352
こする	こする	4559	
合格	ごうかく	4560	121066
クリア	クリア	4561	
敷地	しきち	4562	
限定	げんてい	4563	127810
喰う	くう	4564	5602
一角	いっかく	4565	88177
取り込む	とりこむ	4566	45189
思い返す	おもいかえす	4567	208661
じみる	じみる	4568	
お疲れ様	おつかれさま	4569	23196
力を入れる	ちからをいれる	4570	251040
意地	いじ	4571	17197
あるらしい	あるらしい	4572	
紫	むらさき	4573	49389
使命	しめい	4574	258100
追い込む	おいこむ	4575	118937
あからさま	あからさま	4576	
興味を持つ	きょうみをもつ	4577	252844
結婚式	けっこんしき	4578	271222
におい	におい	4579	
引き返す	ひきかえす	4580	52985
お断り	おことわり	4581	58175
ただただ	ただただ	4582	
わかりやすい	わかりやすい	4583	
こらえる	こらえる	4584	
かう	かう	4585	
もしや	もしや	4586	
いわば	いわば	4587	
やさしい	やさしい	4588	
まわる	まわる	4589	
ひく	ひく	4590	
いでる	いでる	4591	
あの方	あのかた	4592	64194
こととなる	こととなる	4593	
ばれる	ばれる	4594	
真っ暗	まっくら	4595	33988
うわー	うわー	4596	
どなた	どなた	4597	
多すぎる	おおすぎる	4598	131996
子たち	こたち	4599	99897
マズイ	マズイ	4600	
臭い	におい	4601	4579
お待たせしました	おまたせしました	4602	52584
熊	くま	4603	12493
放棄	ほうき	4604	
芝居	しばい	4605	57300
水面	すいめん	4606	206139
お別れ	おわかれ	4607	61093
無くなる	なくなる	4608	411
群	ぐん	4609	
振り	ふり	4610	6088
損	そん	4611	17299
匂いがする	においがする	4612	14693
高速	こうそく	4613	
瓶	びん	4614	22712
お気に入り	おきにいり	4615	153878
吸収	きゅうしゅう	4616	141284
一個	いっこ	4617	77760
段	だん	4618	45194
憎い	にくい	4619	70102
進化	しんか	4620	194416
ふわり	ふわり	4621	
乱す	みだす	4622	48994
集合	しゅうごう	4623	137936
抜き	ぬき	4624	36983
息を吐く	いきをはく	4625	242969
煽る	あおる	4626	317218
油	あぶら	4627	
瞼	まぶた	4628	8786
混ざる	まざる	4629	33696
繰り出す	くりだす	4630	53683
年下	としした	4631	
初対面	しょたいめん	4632	183549
同僚	どうりょう	4633	140399
神社	じんじゃ	4634	90347
に限って	にかぎって	4635	28788
緊張感	きんちょうかん	4636	268729
敵意	てきい	4637	193772
墓	はか	4638	24569
前に進む	まえにすすむ	4639	149440
指揮	しき	4640	14689
解消	かいしょう	4641	104142
劣る	おとる	4642	52793
頭部	とうぶ	4643	290217
泡	あわ	4644	6697
潜る	もぐる	4645	23193
スタート	スタート	4646	
休日	きゅうじつ	4647	
持って行く	もっていく	4648	19676
涼しい	すずしい	4649	51975
頼り	たより	4650	26882
閉ざす	とざす	4651	40595
披露	ひろう	4652	104174
きょとん	きょとん	4653	
優しくする	やさしくする	4654	31683
卑怯	ひきょう	4655	25188
干渉	かんしょう	4656	
スタッフ	スタッフ	4657	
一階	いっかい	4658	
冒険	ぼうけん	4659	81096
親指	おやゆび	4660	70594
肘	ひじ	4661	18394
立ち尽くす	たちつくす	4662	181385
何事も	なにごとも	4663	33091
騒動	そうどう	4664	193300
切り出す	きりだす	4665	44889
起動	きどう	4666	104024
目当て	めあて	4667	53092
繊細	せんさい	4668	119962
なめる	なめる	4669	
パソコン	パソコン	4670	
衝突	しょうとつ	4671	111927
誰だって	だれだって	4672	43086
身を乗り出す	みをのりだす	4673	
打ち明ける	うちあける	4674	44288
自己	じこ	4675	
思惑	おもわく	4676	63187
そうかもしれない	そうかもしれない	4677	
対峙	たいじ	4678	188504
借金	しゃっきん	4679	151595
遺体	いたい	4680	
紐	ひも	4681	12581
惹く	ひく	4682	
同	どう	4683	
手続き	てつづき	4684	143617
すれ違う	すれちがう	4685	29398
くすぐったい	くすぐったい	4686	
ほとんどない	ほとんどない	4687	
とっさに	とっさに	4688	
こわい	こわい	4689	
上手くいく	うまくいく	4690	2258
お久しぶり	おひさしぶり	4691	43290
さらす	さらす	4692	
おばあちゃん	おばあちゃん	4693	
といわれる	といわれる	4694	
噴き出す	ふきだす	4695	37587
手がかり	てがかり	4696	128782
心当たり	こころあたり	4697	124785
面倒くさい	めんどうくさい	4698	55697
すばらしい	すばらしい	4699	
いたい	いたい	4700	
高	たか	4702	6862
概念	がいねん	4703	148805
に決まっている	にきまっている	4704	26885
日本語	にほんご	4705	140824
余	よ	4706	
潤む	うるむ	4707	21593
嘆く	なげく	4708	60494
力が抜ける	ちからがぬける	4709	225148
幼い頃	おさないころ	4710	99494
殺害	さつがい	4711	169807
招待	しょうたい	4712	96593
決着	けっちゃく	4713	193095
放り込む	ほうりこむ	4714	50593
振り上げる	ふりあげる	4715	44973
黄色い	きいろい	4716	128386
尾	お	4717	
お姫様	おひめさま	4718	76262
ペン	ペン	4719	
非	ひ	4720	
不安定	ふあんてい	4721	
カップル	カップル	4722	
快楽	かいらく	4723	215983
受け継ぐ	うけつぐ	4724	67483
撤退	てったい	4725	162716
相性	あいしょう	4726	
遭う	あう	4727	7503
一度だけ	いちどだけ	4728	104825
最期	さいご	4729	
スーツ	スーツ	4730	
なくても	なくても	4731	
決定的	けっていてき	4732	288155
要請	ようせい	4733	
配慮	はいりょ	4734	189536
員	いん	4735	
義理	ぎり	4736	14186
理論	りろん	4737	140646
ぶる	ぶる	4738	
まして	まして	4739	
物騒	ぶっそう	4740	56576
連れ出す	つれだす	4741	74814
一晩	ひとばん	4742	108118
ぎこちない	ぎこちない	4743	
鳴り響く	なりひびく	4744	99554
友情	ゆうじょう	4745	135508
ライバル	ライバル	4746	
緑色	みどりいろ	4747	142976
留守	るす	4748	43697
二度目	にどめ	4749	
如く	ごとく	4750	3685
さっと	さっと	4751	
見に来る	みにくる	4752	109643
ＯＫ	オッケー	4753	6005
アドバイス	アドバイス	4754	
冷蔵庫	れいぞうこ	4755	141233
優勝	ゆうしょう	4756	111878
気遣い	きづかい	4757	286224
不要	ふよう	4758	251511
青ざめる	あおざめる	4759	81839
章	しょう	4760	
現に	げんに	4761	61490
凍る	こおる	4762	58795
吹き飛ぶ	ふきとぶ	4763	92778
気にしないで	きにしないで	4764	189544
覚醒	かくせい	4765	262459
サポート	サポート	4766	
裂く	さく	4767	20002
止む	やむ	4768	4788
たった一人	たったひとり	4769	16690
着ける	つける	4770	316
退く	しりぞく	4771	54493
本体	ほんたい	4772	185334
地点	ちてん	4773	266481
素振り	そぶり	4774	11790
きっぱり	きっぱり	4775	
大騒ぎ	おおさわぎ	4776	109057
存じる	ぞんじる	4777	48090
初日	しょにち	4778	215570
年頃	としごろ	4779	86571
持って来る	もってくる	4780	10496
独立	どくりつ	4781	166174
効率	こうりつ	4782	218315
陽	ひ	4783	
さる	さる	4785	
そこで	そこで	4786	
弱々しい	よわよわしい	4787	87751
やむ	やむ	4788	
投げつける	なげつける	4789	82908
絶対に	ぜったいに	4790	18371
死に	しに	4791	
考えてみれば	かんがえてみれば	4792	202559
いい感じ	いいかんじ	4793	90272
まとう	まとう	4794	
あるだけ	あるだけ	4795	
ケガ	ケガ	4796	
ご迷惑	ごめいわく	4797	96002
眉をひそめる	まゆをひそめる	4798	93088
こん	こん	4799	
なんというか	なんというか	4800	
物体	ぶったい	4801	302697
差し上げる	さしあげる	4802	11591
交流	こうりゅう	4803	210158
仕込む	しこむ	4804	43798
なぞる	なぞる	4805	
収穫	しゅうかく	4806	130848
直撃	ちょくげき	4807	208939
各地	かくち	4808	
拠点	きょてん	4809	284861
四つ	よっつ	4810	56791
アイドル	アイドル	4811	
急速	きゅうそく	4812	182793
キッチン	キッチン	4813	
欲	よく	4814	
最低限	さいていげん	4815	216131
へん	へん	4816	
久々	ひさびさ	4817	43693
国内	こくない	4818	
樹	き	4819	
無防備	むぼうび	4820	259875
兄妹	けいまい	4821	
浮気	うわき	4822	84833
すっきり	すっきり	4823	
眠り	ねむり	4824	58086
一行	いっこう	4825	
放送	ほうそう	4826	
花火	はなび	4827	104858
きゃあ	きゃあ	4828	
金額	きんがく	4829	209552
天気	てんき	4830	85640
浸る	ひたる	4831	21600
心地	ここち	4832	52492
プール	プール	4833	
店主	てんしゅ	4834	186675
無用	むよう	4835	27298
らか	らか	4836	
情熱	じょうねつ	4837	207358
瞬時	しゅんじ	4838	204213
歩み	あゆみ	4839	37888
洗濯	せんたく	4840	67599
毎回	まいかい	4841	205221
ジュース	ジュース	4842	
道理	どうり	4843	67880
元に戻る	もとにもどる	4844	70091
同級生	どうきゅうせい	4845	
相手をする	あいてをする	4846	178325
嫌がらせ	いやがらせ	4847	37386
うんざり	うんざり	4848	
結末	けつまつ	4849	158177
一刻も早く	いっこくもはやく	4850	147907
滞在	たいざい	4851	180827
ふらふら	ふらふら	4852	
通過	つうか	4853	60582
落ち着ける	おちつける	4854	54590
なんてこと	なんてこと	4855	
読み取る	よみとる	4856	98272
文	ぶん	4857	170226
であれ	であれ	4858	
紅	くれない	4859	126421
動機	どうき	4860	
一通り	ひととおり	4861	23282
末	すえ	4862	31000
特有	とくゆう	4863	242503
演奏	えんそう	4864	131937
後を追う	あとをおう	4865	134685
誘拐	ゆうかい	4866	75906
放り出す	ほうりだす	4867	67371
順番	じゅんばん	4868	128494
イケメン	イケメン	4869	
無礼	ぶれい	4870	93672
澄む	すむ	4871	
じゃう	じゃう	4872	
距離を取る	きょりをとる	4873	
何気ない	なにげない	4874	24989
信仰	しんこう	4875	287526
お土産	おみやげ	4876	20800
発射	はっしゃ	4877	140972
小娘	こむすめ	4878	116866
そうすると	そうすると	4879	
上半身	じょうはんしん	4880	229333
荒れる	あれる	4881	42690
リアル	リアル	4882	
滅びる	ほろびる	4883	49795
行方不明	ゆくえふめい	4884	165077
いくつ	いくつ	4885	
仕組み	しくみ	4886	53100
だれ	だれ	4887	
ハッキリ	ハッキリ	4888	
３日	みっか	4889	34783
どっちも	どっちも	4890	
向かい合う	むかいあう	4891	63993
２人とも	ふたりとも	4892	9898
なおさら	なおさら	4893	
ついていく	ついていく	4894	
しかたない	しかたない	4895	
目をやる	めをやる	4896	202025
あわてる	あわてる	4897	
かといって	かといって	4898	
良く	よく	4899	143
後ろ姿	うしろすがた	4900	75899
弾	だん	4901	
位	い	4902	
愛しい	いとしい	4903	24181
リボン	リボン	4904	
片隅	かたすみ	4905	64592
大規模	だいきぼ	4906	240039
コントロール	コントロール	4907	
館	やかた	4908	48084
巨人	きょじん	4909	121400
よしよし	よしよし	4910	
この際	このさい	4911	117250
映す	うつす	4912	
ものとする	ものとする	4913	
悲劇	ひげき	4914	169373
見学	けんがく	4915	190573
整備	せいび	4916	264767
痛	つう	4917	
箇所	かしょ	4918	95881
席を立つ	せきをたつ	4919	
アパート	アパート	4920	
文字通り	もじどおり	4921	262986
全滅	ぜんめつ	4922	136860
不愉快	ふゆかい	4923	117061
鈴	すず	4924	24494
小僧	こぞう	4925	75149
取材	しゅざい	4926	282286
余る	あまる	4927	25083
乾杯	かんぱい	4928	22184
太る	ふとる	4929	52092
または	または	4930	
ありゃ	ありゃ	4931	
知恵	ちえ	4932	32496
習慣	しゅうかん	4933	113494
溺れる	おぼれる	4934	29188
耳を傾ける	みみをかたむける	4935	
ピンク	ピンク	4936	
次回	じかい	4937	132643
弾む	はずむ	4938	18188
長い間	ながいあいだ	4939	88322
パワー	パワー	4940	
申し訳ございません	もうしわけございません	4941	88601
観客	かんきゃく	4942	137520
一員	いちいん	4943	221055
引き起こす	ひきおこす	4944	57200
割と	わりと	4945	5788
阻止	そし	4946	207479
圧倒	あっとう	4947	112680
真相	しんそう	4948	
一家	いっか	4949	
ビール	ビール	4950	
外国	がいこく	4951	138864
情	じょう	4952	61703
一礼	いちれい	4953	
面々	めんめん	4954	313088
企画	きかく	4955	120296
何しろ	なにしろ	4956	8394
諸君	しょくん	4957	89102
来週	らいしゅう	4958	143712
やり直す	やりなおす	4959	36889
お部屋	おへや	4960	69097
お呼び	および	4961	128226
華やか	はなやか	4962	52495
企業	きぎょう	4963	186458
さえあれば	さえあれば	4964	
腹が立つ	はらがたつ	4965	165625
手入れ	ていれ	4966	
遊びに来る	あそびにくる	4967	89410
さようなら	さようなら	4968	
お祝い	おいわい	4969	84566
極端	きょくたん	4970	141392
一緒になる	いっしょになる	4971	30983
本に	ほんに	4972	28793
呼び止める	よびとめる	4973	82885
急激	きゅうげき	4974	291788
何百	なんびゃく	4975	225738
下半身	かはんしん	4976	
うるせえ	うるせえ	4977	
左腕	さわん	4978	232373
かなー	かなー	4979	
すう	すう	4980	
いくらなんでも	いくらなんでも	4981	
ろくに	ろくに	4982	
あな	あな	4983	
時間をかける	じかんをかける	4984	
かばう	かばう	4985	
ためらう	ためらう	4986	
もしかすると	もしかすると	4987	
こないだ	こないだ	4988	
いかなる	いかなる	4989	
打ち込む	うちこむ	4990	57982
バカにする	バカにする	4991	
キツい	キツい	4992	
ヶ月	かげつ	4993	205810
どのくらい	どのくらい	4994	
ところが	ところが	4995	
いささか	いささか	4996	
えーっと	えーっと	4997	
いやー	いやー	4998	
ほれ	ほれ	4999	
こんなふうに	こんなふうに	5000	
開ける	ひらける	5001	29631
十数	じゅうすう	5002	235799
強制	きょうせい	5003	84842
立ち向かう	たちむかう	5004	104532
機関	きかん	5005	
上等	じょうとう	5006	97959
迫力	はくりょく	5007	207928
箸	はし	5008	15407
託する	たくする	5009	52893
身構える	みがまえる	5010	137875
黙り込む	だまりこむ	5011	52881
開催	かいさい	5012	270728
物事	ものごと	5013	28493
に従い	にしたがい	5014	54782
製	せい	5015	
渦	うず	5016	25989
気にするな	きにするな	5017	195749
留める	とめる	5018	5587
馴染む	なじむ	5019	12384
突如	とつじょ	5020	89907
駆け抜ける	かけぬける	5021	60600
束	たば	5022	36181
両者	りょうしゃ	5023	266953
営業	えいぎょう	5024	234753
口を挟む	くちをはさむ	5025	259691
何だって	なんだって	5026	3596
尋常	じんじょう	5027	103129
どうにかなる	どうにかなる	5028	
脳内	のうない	5029	195376
くるり	くるり	5030	
絶句	ぜっく	5031	212854
辺	へん	5032	4816
痙攣	けいれん	5033	38400
神聖	しんせい	5034	303118
採用	さいよう	5035	131183
些細	ささい	5036	18093
とは限らない	とはかぎらない	5037	39787
考慮	こうりょ	5038	197128
駆る	かる	5039	7764
赤ん坊	あかんぼう	5040	134321
本質	ほんしつ	5041	218939
オーラ	オーラ	5042	
そういうことか	そういうことか	5043	
憎しみ	にくしみ	5044	76157
誘惑	ゆうわく	5045	105053
がっかり	がっかり	5046	
体格	たいかく	5047	198938
州	しゅう	5048	44981
一瞥	いちべつ	5049	
露骨	ろこつ	5050	102069
生地	きじ	5051	46182
擦る	する	5052	60801
人材	じんざい	5053	239799
運営	うんえい	5054	206500
何事か	なにごとか	5055	32380
出来	でき	5056	
着物	きもの	5057	14696
作り上げる	つくりあげる	5058	36582
歪める	ゆがめる	5059	19386
再	さい	5060	
結果的	けっかてき	5061	
獲得	かくとく	5062	187149
上回る	うわまわる	5063	111611
突進	とっしん	5064	152441
資金	しきん	5065	197048
降ろす	おろす	5066	6290
猿	さる	5067	36113
チャイム	チャイム	5068	
称する	しょうする	5069	107151
爽やか	さわやか	5070	14292
崖	がけ	5071	47972
正気	しょうき	5072	79603
くむ	くむ	5073	
くすぐる	くすぐる	5074	
癒す	いやす	5075	26790
生まれ	うまれ	5076	80723
へー	へー	5077	
見出す	みいだす	5078	97514
つき	つき	5079	
わざとらしい	わざとらしい	5080	
ってね	ってね	5081	
だます	だます	5082	
ましてや	ましてや	5083	
ぞう	ぞう	5084	
仕掛け	しかけ	5085	30289
割に	わりに	5086	6279
受付	うけつけ	5087	
のる	のる	5088	
膝をつく	ひざをつく	5089	43200
こと自体	ことじたい	5090	103624
からといって	からといって	5091	
しる	しる	5092	
当然のこと	とうぜんのこと	5093	115240
ていい	ていい	5094	
一つ一つ	ひとつひとつ	5095	9885
もむ	もむ	5096	
あわせる	あわせる	5097	
引きつる	ひきつる	5098	13397
そん	そん	5099	
しき	しき	5100	
印	しるし	5101	15388
センス	センス	5102	
耳に入る	みみにはいる	5103	
案の定	あんのじょう	5104	94755
悪化	あっか	5105	58691
数時間	すうじかん	5106	260525
繰り広げる	くりひろげる	5107	56389
気軽	きがる	5108	169728
目を輝かす	めをかがやかす	5109	
過程	かてい	5110	
泣き出す	なきだす	5111	130888
前髪	まえがみ	5112	183306
重み	おもみ	5113	107498
出してくれる	だしてくれる	5114	46097
武装	ぶそう	5115	166437
ほらほら	ほらほら	5116	
ニヤニヤ	ニヤニヤ	5117	
一層	いっそう	5118	6692
恥	はじ	5119	23579
肩を落とす	かたをおとす	5120	278293
たげる	たげる	5121	
よくする	よくする	5122	
語	ご	5123	
泉	いずみ	5124	36797
深める	ふかめる	5125	113579
通	つう	5126	8791
宗教	しゅうきょう	5127	181079
指示を出す	しじをだす	5128	
モード	モード	5129	
路地	ろじ	5130	52558
未知	みち	5131	
副	ふく	5132	
憎悪	ぞうお	5133	73177
傷口	きずぐち	5134	110975
力を貸す	ちからをかす	5135	237558
この場合	このばあい	5136	131535
思想	しそう	5137	83297
遊びに行く	あそびにいく	5138	105035
ストレス	ストレス	5139	
こういった	こういった	5140	
手加減	てかげん	5141	141286
勤める	つとめる	5142	12190
我ながら	われながら	5143	37387
前向き	まえむき	5144	195809
沈める	しずめる	5145	34992
抗う	あらがう	5146	25000
幕	まく	5147	29303
比較	ひかく	5148	119985
揺さぶる	ゆさぶる	5149	34685
傾ける	かたむける	5150	37693
広大	こうだい	5151	261407
無謀	むぼう	5152	128121
偽物	にせもの	5153	39990
顔を見せる	かおをみせる	5154	
痕跡	こんせき	5155	293514
殺意	さつい	5156	187262
一段	いちだん	5157	44190
賑やか	にぎやか	5158	10300
ベル	ベル	5159	
咳払い	せきばらい	5160	24293
青白い	あおじろい	5161	67490
代物	しろもの	5162	39997
教科書	きょうかしょ	5163	200004
っぷり	っぷり	5164	
宝	たから	5165	16979
であるから	であるから	5166	
巣	す	5167	
娘さん	むすめさん	5168	118808
密着	みっちゃく	5169	236047
浮かれる	うかれる	5170	62297
破滅	はめつ	5171	246066
上品	じょうひん	5172	153265
赴く	おもむく	5173	30086
転がす	ころがす	5174	41396
ヒント	ヒント	5175	
果て	はて	5176	47501
察知	さっち	5177	64285
跳ぶ	とぶ	5178	7481
広まる	ひろまる	5179	58091
奥様	おくさま	5180	95803
懸念	けねん	5181	68485
中断	ちゅうだん	5182	188778
単位	たんい	5183	169205
妨害	ぼうがい	5184	197164
犯罪者	はんざいしゃ	5185	195089
頼りない	たよりない	5186	42591
見返す	みかえす	5187	135908
砂糖	さとう	5188	61678
にやり	にやり	5189	
べつに	べつに	5190	
おのれ	おのれ	5191	
興味ない	きょうみない	5192	
あらかじめ	あらかじめ	5193	
何という	なんという	5194	4385
３つ	みっつ	5195	27689
おずおず	おずおず	5196	
片づける	かたづける	5197	34297
ごはん	ごはん	5198	
きゃっ	きゃっ	5199	
さりげない	さりげない	5200	
月	げつ	5202	35559
刹那	せつな	5204	71085
ついで	ついで	5205	
二百	にひゃく	5206	114267
手を貸す	てをかす	5207	283620
潜り込む	もぐりこむ	5208	18486
手術	しゅじゅつ	5209	141155
持ち帰る	もちかえる	5210	104671
ものですから	ものですから	5211	
生き延びる	いきのびる	5212	157764
むく	むく	5213	
早朝	そうちょう	5214	
揺らぐ	ゆらぐ	5215	37997
バッグ	バッグ	5216	
対面	たいめん	5217	148630
症状	しょうじょう	5218	67790
動画	どうが	5219	
毛布	もうふ	5220	121509
どんだけ	どんだけ	5221	
散らばる	ちらばる	5222	48386
市場	しじょう	5223	
聞き出す	ききだす	5224	81907
存分	ぞんぶん	5225	60194
レース	レース	5226	
微塵	みじん	5227	25690
現	げん	5228	
鼻を鳴らす	はなをならす	5229	302496
アニメ	アニメ	5230	
うっとり	うっとり	5231	
基礎	きそ	5232	85081
気を失う	きをうしなう	5233	249377
渦巻く	うずまく	5234	47396
週	しゅう	5235	
共	とも	5236	20301
濡らす	ぬらす	5237	37687
芯	しん	5238	88068
離婚	りこん	5239	46698
間抜け	まぬけ	5240	27299
番組	ばんぐみ	5241	227056
膨大	ぼうだい	5242	85477
聞き取る	ききとる	5243	65588
訪問	ほうもん	5244	194211
薄れる	うすれる	5245	50296
コップ	コップ	5246	
普段から	ふだんから	5247	36000
思い知る	おもいしる	5248	162697
誇らしい	ほこらしい	5249	83424
不自由	ふじゆう	5250	141971
数百	すうひゃく	5251	234434
飛び散る	とびちる	5252	86512
物言い	ものいい	5253	83159
居間	いま	5254	
殺気	さっき	5255	
不器用	ぶきよう	5256	112278
真	ま	5257	
衣服	いふく	5258	121752
翌朝	よくあさ	5259	
紳士	しんし	5260	306156
他国	たこく	5261	233181
駒	こま	5262	132597
泥棒	どろぼう	5263	41700
すかさず	すかさず	5264	
着せる	きせる	5265	32683
幹部	かんぶ	5266	204272
解説	かいせつ	5267	248334
彼方	かなた	5268	19988
突き刺す	つきさす	5269	65589
松	まつ	5270	24583
頂点	ちょうてん	5271	214645
思い浮かぶ	おもいうかぶ	5272	251956
美女	びじょ	5273	125269
ぐったり	ぐったり	5274	
港	みなと	5275	39591
食欲	しょくよく	5276	305737
圧力	あつりょく	5277	235396
失望	しつぼう	5278	160258
瞬き	まばたき	5279	12383
入手	にゅうしゅ	5280	220926
寺	じ	5281	
ぶつ	ぶつ	5282	
なんにも	なんにも	5283	
力ない	ちからない	5284	226636
問いかけ	といかけ	5285	
こんばんは	こんばんは	5286	
はめる	はめる	5287	
やらかす	やらかす	5288	
面持ち	おももち	5289	55175
わあっ	わあっ	5290	
さんざん	さんざん	5291	
はずない	はずない	5292	
落ち着き	おちつき	5293	54899
仲間たち	なかまたち	5294	109589
生まれてくる	うまれてくる	5295	100419
といえど	といえど	5296	
なにやら	なにやら	5297	
ええっと	ええっと	5298	
つか	つか	5299	
かざす	かざす	5300	
本	もと	5301	2802
類	たぐい	5303	16192
枠	わく	5304	32802
不在	ふざい	5305	236115
退治	たいじ	5306	56099
目を見る	めをみる	5307	211430
以後	いご	5308	71480
飛行機	ひこうき	5309	96399
よっしゃ	よっしゃ	5310	
サボる	サボる	5311	
震え	ふるえ	5312	42187
処刑	しょけい	5313	151323
愛らしい	あいらしい	5314	129991
血液	けつえき	5315	196319
送り込む	おくりこむ	5316	123709
縦	たて	5317	21681
科学	かがく	5318	
さよなら	さよなら	5319	
丸める	まるめる	5320	38100
後退	こうたい	5321	
戸惑い	とまどい	5322	50478
役に立てる	やくにたてる	5323	153751
ホール	ホール	5324	
関心	かんしん	5325	190406
防衛	ぼうえい	5326	216157
タイトル	タイトル	5327	
アップ	アップ	5328	
頼りになる	たよりになる	5329	71079
双方	そうほう	5330	
夢見る	ゆめみる	5331	102305
図る	はかる	5332	14211
区	く	5333	
ゆったり	ゆったり	5334	
来たる	きたる	5335	6995
その上で	そのうえで	5336	14786
試練	しれん	5337	280300
ぐう	ぐう	5338	
登校	とうこう	5339	136148
マーク	マーク	5340	
頂戴	ちょうだい	5341	2442
モテる	モテる	5342	
保存	ほぞん	5343	212872
的確	てきかく	5344	211626
帰り道	かえりみち	5345	162246
敵う	かなう	5346	2718
引き裂く	ひきさく	5347	72299
美貌	びぼう	5348	83466
給料	きゅうりょう	5349	
数分	すうふん	5350	246578
天国	てんごく	5351	115364
心強い	こころづよい	5352	158676
障害	しょうがい	5353	54693
祝う	いわう	5354	103287
かと思えば	かとおもえば	5355	132168
有する	ゆうする	5356	82783
まあね	まあね	5357	
破片	はへん	5358	158572
連携	れんけい	5359	106542
言われてみれば	いわれてみれば	5360	54778
涙目	なみだめ	5361	265550
割り込む	わりこむ	5362	84770
エンジン	エンジン	5363	
ずれる	ずれる	5364	
大して	たいして	5365	12297
絶望的	ぜつぼうてき	5366	226843
吐き捨てる	はきすてる	5367	
忠実	ちゅうじつ	5368	192668
拳を握る	こぶしをにぎる	5369	82336
垂らす	たらす	5370	25498
全体に	ぜんたいに	5371	83357
消耗	しょうもう	5372	169688
申し訳なさそう	もうしわけなさそう	5373	121941
予約	よやく	5374	213312
欲する	ほっする	5375	71293
消え去る	きえさる	5376	184151
湯気	ゆげ	5377	75814
湿る	しめる	5378	26401
ぽかん	ぽかん	5379	
頻繁	ひんぱん	5380	54198
独自	どくじ	5381	210200
ご褒美	ごほうび	5382	35986
くう	くう	5383	
祈り	いのり	5384	56280
引き継ぐ	ひきつぐ	5385	83636
外側	そとがわ	5386	128332
力が入る	ちからがはいる	5387	
思案	しあん	5388	
菓子	かし	5389	23865
かろうじて	かろうじて	5390	
くれぐれも	くれぐれも	5391	
驚くほど	おどろくほど	5392	54297
おめでとうございます	おめでとうございます	5393	
これまでに	これまでに	5394	
申し出	もうしで	5395	
それとも	それとも	5396	
もうひとつ	もうひとつ	5397	
１	いち	5398	10096
のせる	のせる	5399	
みるみる	みるみる	5400	
道	どう	5401	
両足	りょうあし	5402	148601
担う	になう	5403	14382
測る	はかる	5404	
一室	いっしつ	5405	242629
一般人	いっぱんじん	5406	298094
直感	ちょっかん	5407	149286
要は	ようは	5408	33895
縄	なわ	5409	34799
進路	しんろ	5410	148798
灰	はい	5411	
目を伏せる	めをふせる	5412	
常	つね	5413	25396
真顔	まがお	5414	187825
心得る	こころえる	5415	64499
豚	ぶた	5416	38691
ワイン	ワイン	5417	
コース	コース	5418	
強大	きょうだい	5419	
身を包む	みをつつむ	5420	274260
華	はな	5421	7488
唾	つば	5422	12400
午前中	ごぜんちゅう	5423	
駅前	えきまえ	5424	224233
修理	しゅうり	5425	192275
我が家	わがや	5426	169529
中国	ちゅうごく	5427	160539
ヒーロー	ヒーロー	5428	
頭を振る	かぶりをふる	5429	57381
気の毒	きのどく	5430	109134
正	せい	5431	
演出	えんしゅつ	5432	206686
対立	たいりつ	5433	233080
またしても	またしても	5434	
輩	やから	5435	28791
喫茶店	きっさてん	5436	190037
ささやか	ささやか	5437	
区別	くべつ	5438	124190
世代	せだい	5439	227969
じっと見る	じっとみる	5440	79936
飾り	かざり	5441	49390
声が出る	こえがでる	5442	218744
好き勝手	すきかって	5443	170190
連れて来る	つれてくる	5444	23686
他者	たしゃ	5445	
封筒	ふうとう	5446	114969
頑丈	がんじょう	5447	52799
メイン	メイン	5448	
険しい	けわしい	5449	38997
性能	せいのう	5450	
作成	さくせい	5451	255694
総	そう	5452	
断つ	たつ	5453	7001
何とかなる	なんとかなる	5454	4499
次元	じげん	5455	
たった今	たったいま	5456	22383
作家	さっか	5457	142465
充実	じゅうじつ	5458	214849
一連	いちれん	5459	131898
財産	ざいさん	5460	160790
回答	かいとう	5461	94268
改善	かいぜん	5462	169823
作	さく	5463	67801
懇願	こんがん	5464	283411
露出	ろしゅつ	5465	169474
無造作	むぞうさ	5466	58598
溶かす	とかす	5467	
張り切る	はりきる	5468	25081
即答	そくとう	5469	267720
阻む	はばむ	5470	45586
裏腹	うらはら	5471	58787
苛立ち	いらだち	5472	38285
予算	よさん	5473	229118
佇む	たたずむ	5474	13588
追い払う	おいはらう	5475	116794
お似合い	おにあい	5476	112403
手袋	てぶくろ	5477	101150
小型	こがた	5478	135871
主役	しゅやく	5479	199698
なんだかんだ	なんだかんだ	5480	
こめる	こめる	5481	
行き	いき	5482	
当たり	あたり	5483	7403
ご機嫌	ごきげん	5484	32193
からだ	からだ	5485	
すこし	すこし	5486	
引っ越す	ひっこす	5487	74656
もがく	もがく	5488	
カッコ	カッコ	5489	
お祭り	おまつり	5490	74489
ふたつ	ふたつ	5491	
もって	もって	5492	
つまむ	つまむ	5493	
さらう	さらう	5494	
見てもらう	みてもらう	5495	36300
成り立つ	なりたつ	5496	30297
たかが	たかが	5498	
気合い	きあい	5499	199052
それなら	それなら	5500	
頭	とう	5501	92301
子	し	5502	
島	とう	5503	
何だと	なんだと	5504	3298
図	ず	5505	
照明	しょうめい	5506	115835
握手	あくしゅ	5507	87836
敵対	てきたい	5508	287416
言葉を失う	ことばをうしなう	5509	203172
用がある	ようがある	5510	24275
企む	たくらむ	5511	14990
頭痛	ずつう	5512	184421
処置	しょち	5513	89261
目を通す	めをとおす	5514	
記念	きねん	5515	
物理的	ぶつりてき	5516	239516
たり	たり	5517	
明白	めいはく	5518	264449
反動	はんどう	5519	302362
やめておく	やめておく	5520	
温める	あたためる	5521	29000
詰め寄る	つめよる	5522	51878
院	いん	5523	169720
平凡	へいぼん	5524	179810
平穏	へいおん	5525	161722
中年	ちゅうねん	5526	102037
了承	りょうしょう	5527	168379
四方	しほう	5528	185457
小さい頃	ちいさいころ	5529	100256
私自身	わたしじしん	5530	219487
執着	しゅうちゃく	5531	106020
出来上がる	できあがる	5532	10396
装飾	そうしょく	5533	311659
踵を返す	きびすをかえす	5534	105592
道中	どうちゅう	5535	148818
身動き	みうごき	5536	205062
ぽん	ぽん	5537	
練る	ねる	5538	25588
のち	のち	5539	
通話	つうわ	5540	189503
不穏	ふおん	5541	128585
目を離す	めをはなす	5542	
一流	いちりゅう	5543	219246
拷問	ごうもん	5544	74085
歓喜	かんき	5545	
聞き返す	ききかえす	5546	65081
パートナー	パートナー	5547	
古代	こだい	5548	244586
リスト	リスト	5549	
青春	せいしゅん	5550	141270
販売	はんばい	5551	206896
さする	さする	5552	
前進	ぜんしん	5553	95966
盛る	もる	5554	6492
言語	げんご	5555	135757
羽織る	はおる	5556	31296
逆転	ぎゃくてん	5557	180472
初めから	はじめから	5558	14798
呼び方	よびかた	5559	162436
どうしたら	どうしたら	5560	
虎	とら	5561	20988
切り捨てる	きりすてる	5562	179640
に当たって	にあたって	5563	6195
厳重	げんじゅう	5564	88551
幸せにする	しあわせにする	5565	81934
埃	ほこり	5566	16381
宿題	しゅくだい	5567	149887
してみれば	してみれば	5568	
スーパー	スーパー	5569	
指名	しめい	5570	179665
縫う	ぬう	5571	8596
属する	ぞくする	5572	63898
刃物	はもの	5573	244738
原	はら	5574	
寿命	じゅみょう	5575	131253
まみれる	まみれる	5576	
これで	これで	5577	
にこやか	にこやか	5578	
どこにもない	どこにもない	5579	
ささやく	ささやく	5580	
いっつも	いっつも	5581	
１時間	いちじかん	5582	212630
どうでもよい	どうでもよい	5583	
吠える	ほえる	5584	12997
および	および	5585	
フランス	フランス	5586	
とめる	とめる	5587	
にすぎない	にすぎない	5588	
静かに	しずかに	5589	46500
ビックリ	ビックリ	5590	
引き続く	ひきつづく	5591	72698
ざわめき	ざわめき	5592	
つつく	つつく	5593	
有様	ありさま	5594	13600
折	おり	5595	60885
とてつもない	とてつもない	5596	
らも	らも	5597	
うらやましい	うらやましい	5598	
投げかける	なげかける	5599	89059
飛びつく	とびつく	5600	39690
辛い	からい	5601	14840
交代	こうたい	5603	102295
予想通り	よそうどおり	5604	306168
手助け	てだすけ	5605	188384
出	で	5606	
辿る	たどる	5607	6896
構え	かまえ	5608	48692
調べ	しらべ	5609	50290
鞭	むち	5610	29244
舞い上がる	まいあがる	5611	89787
空っぽ	からっぽ	5612	21088
十三	じゅうさん	5613	125329
富	とみ	5614	54386
黄色	きいろ	5615	82772
包丁	ほうちょう	5616	82739
囚われる	とらわれる	5617	7992
甲高い	かんだかい	5618	66687
ねえねえ	ねえねえ	5619	
粉	こな	5620	27780
どうかと思う	どうかとおもう	5621	162289
猛烈	もうれつ	5622	99162
設備	せつび	5623	256904
小刻み	こきざみ	5624	98457
だに	だに	5625	
感嘆	かんたん	5626	150507
呑む	のむ	5627	7182
痺れる	しびれる	5628	12195
強いる	しいる	5629	6600
物質	ぶっしつ	5630	180805
後頭部	こうとうぶ	5631	
シャワー	シャワー	5632	
待ち合わせ	まちあわせ	5633	186450
法律	ほうりつ	5634	296966
重	じゅう	5635	67890
吹き出す	ふきだす	5636	37587
提示	ていじ	5637	
社員	しゃいん	5638	175740
だらしない	だらしない	5639	
明後日	あさって	5640	12588
ぱっと	ぱっと	5641	
送り出す	おくりだす	5642	130792
十六	じゅうろく	5643	120136
曰く	いわく	5644	13285
前日	ぜんじつ	5645	259667
何日	なんにち	5646	143672
宝物	たからもの	5647	78334
救出	きゅうしゅつ	5648	207116
芸術	げいじゅつ	5649	159693
職場	しょくば	5650	
衣	ころも	5651	44491
住所	じゅうしょ	5652	238730
過剰	かじょう	5653	116010
汚れ	よごれ	5654	82463
日頃	ひごろ	5655	103951
すっ	すっ	5656	
球	きゅう	5657	
手を打つ	てをうつ	5658	158583
本棚	ほんだな	5659	142830
現実的	げんじつてき	5660	222061
形成	けいせい	5661	
自力	じりき	5662	
側から	そばから	5663	13181
例え	たとえ	5664	30501
ひっそり	ひっそり	5665	
さえすれば	さえすれば	5666	
倒れ込む	たおれこむ	5667	90407
重力	じゅうりょく	5668	247797
空を飛ぶ	そらをとぶ	5669	169011
浴びせる	あびせる	5670	48296
くらいなら	くらいなら	5671	
軌道	きどう	5672	
国境	こっきょう	5673	200732
ついさっき	ついさっき	5674	
一直線	いっちょくせん	5675	
権限	けんげん	5676	110869
募る	つのる	5677	26895
くるくる	くるくる	5678	
言うまでもない	いうまでもない	5679	19282
はやい	はやい	5680	
真っ黒	まっくろ	5681	60387
いってくる	いってくる	5682	
ニコニコ	ニコニコ	5683	
ご一緒	ごいっしょ	5684	47196
このくらい	このくらい	5685	
ノリ	ノリ	5686	
賭け	かけ	5687	
１週間	いっしゅうかん	5688	164417
たいした	たいした	5689	
はじめまして	はじめまして	5690	
語りかける	かたりかける	5691	158536
ご両親	ごりょうしん	5692	233516
あらあら	あらあら	5693	
そらす	そらす	5694	
ごらん	ごらん	5695	
おそらくは	おそらくは	5696	
ける	ける	5697	
思い当たる	おもいあたる	5698	186807
わが	わが	5699	
みっともない	みっともない	5700	
徹底	てってい	5701	163545
陰に	いんに	5702	
宮	みや	5703	24881
致命的	ちめいてき	5704	187797
修復	しゅうふく	5705	
稽古	けいこ	5706	41497
誤る	あやまる	5707	104135
流れ込む	ながれこむ	5708	115169
側面	そくめん	5709	194917
寝かせる	ねかせる	5710	88765
一緒にする	いっしょにする	5711	43975
ムカつく	ムカつく	5712	
見極める	みきわめる	5713	119028
仰向け	あおむけ	5714	37294
不敵	ふてき	5715	162671
修正	しゅうせい	5716	290982
恋をする	こいをする	5717	225597
棟	むね	5718	256087
見物	けんぶつ	5719	103565
紛れる	まぎれる	5720	15191
主義	しゅぎ	5721	125302
ゴール	ゴール	5722	
よくよく	よくよく	5723	
日曜日	にちようび	5724	170569
もどかしい	もどかしい	5725	
食器	しょっき	5726	141553
切	せつ	5727	20100
未熟	みじゅく	5728	159264
保管	ほかん	5729	169721
大通り	おおどおり	5730	185999
手作り	てづくり	5731	140263
恐縮	きょうしゅく	5732	121862
作用	さよう	5733	258218
と比べて	とくらべて	5734	57471
禁じる	きんじる	5735	
引退	いんたい	5736	282928
知らせ	しらせ	5737	51992
根性	こんじょう	5738	75588
枯れる	かれる	5739	7973
重たい	おもたい	5740	103810
一向に	いっこうに	5741	21094
高価	こうか	5742	35081
付け加える	つけくわえる	5743	48983
愚痴	ぐち	5744	25694
ずらす	ずらす	5745	
遠ざける	とおざける	5746	120993
切断	せつだん	5747	200751
統一	とういつ	5748	238266
標的	ひょうてき	5749	226768
大切な人	たいせつなひと	5750	119153
この方	このかた	5751	31696
妊娠	にんしん	5752	119496
流行	りゅうこう	5753	101840
初めまして	はじめまして	5754	5690
傲慢	ごうまん	5755	59288
臨む	のぞむ	5756	29700
六十	ろくじゅう	5757	132270
成す	なす	5758	1972
制止	せいし	5759	
行	こう	5760	177201
宿す	やどす	5761	86151
域	いき	5762	
にこにこ	にこにこ	5763	
ならともかく	ならともかく	5764	
言い分	いいぶん	5765	105245
ざっと	ざっと	5766	
家事	かじ	5767	63198
ミルク	ミルク	5768	
拗ねる	すねる	5769	7210
ぶつぶつ	ぶつぶつ	5770	
家具	かぐ	5771	202344
降り立つ	おりたつ	5772	74097
冷静になる	れいせいになる	5773	
恩	おん	5774	197578
視点	してん	5775	
鐘	かね	5776	
空ける	あける	5777	4191
誰にでも	だれにでも	5778	51194
他人事	ひとごと	5779	45492
代償	だいしょう	5780	
復帰	ふっき	5781	137415
豊富	ほうふ	5782	132326
麻痺	まひ	5783	32786
に応じて	におうじて	5784	127769
なおも	なおも	5785	
組み合わせ	くみあわせ	5786	149129
ありそう	ありそう	5787	
わりと	わりと	5788	
おしゃべり	おしゃべり	5789	
うずくまる	うずくまる	5790	
ご苦労	ごくろう	5791	51998
冷や汗	ひやあせ	5792	128035
どうにもならない	どうにもならない	5793	
すぐにでも	すぐにでも	5794	
われわれ	われわれ	5795	
ところでは	ところでは	5796	
向かい	むかい	5797	60787
おかえりなさい	おかえりなさい	5798	
控えめ	ひかえめ	5799	51480
ぎりぎり	ぎりぎり	5800	
教え	おしえ	5801	82985
上機嫌	じょうきげん	5802	122758
志	こころざし	5803	65888
今月	こんげつ	5804	249733
ニヤリ	ニヤリ	5805	
可憐	かれん	5806	41683
逃走	とうそう	5807	
自分の力	じぶんのちから	5808	260558
そりゃそうだ	そりゃそうだ	5809	
老	ろう	5810	
もとへ	もとへ	5811	
溜める	ためる	5812	8090
愕然	がくぜん	5813	55195
掻く	かく	5814	2224
多	た	5815	
密か	ひそか	5816	6989
事業	じぎょう	5817	142712
惜しむ	おしむ	5818	41592
果物	くだもの	5819	64897
に備えて	にそなえて	5820	40686
申し出る	もうしでる	5821	162666
飲み干す	のみほす	5822	86715
実戦	じっせん	5823	
偽	にせ	5824	36385
見下す	みくだす	5825	131716
異性	いせい	5826	
知らす	しらす	5827	90137
偽り	いつわり	5828	50297
ぐるりと	ぐるりと	5829	
パニック	パニック	5830	
とんだ	とんだ	5831	
ストレート	ストレート	5832	
音声	おんせい	5833	210429
よく見ると	よくみると	5834	64480
思い切り	おもいきり	5835	153086
振り切る	ふりきる	5836	61998
写る	うつる	5837	304911
反発	はんぱつ	5838	110999
学	がく	5839	
学年	がくねん	5840	238000
堪能	たんのう	5841	88056
からすると	からすると	5842	
生まれ変わる	うまれかわる	5843	119269
堂	どう	5844	32301
神妙	しんみょう	5845	121823
ドラマ	ドラマ	5846	
所有	しょゆう	5847	218021
取り返す	とりかえす	5848	52886
紡ぐ	つむぐ	5849	43385
一冊	いっさつ	5850	117518
商店街	しょうてんがい	5851	247425
裏側	うらがわ	5852	125168
率	りつ	5853	
書物	しょもつ	5854	139089
引き離す	ひきはなす	5855	76787
詰め込む	つめこむ	5856	42689
ビビる	ビビる	5857	
怪しむ	あやしむ	5858	42482
形式	けいしき	5859	230742
出向く	でむく	5860	116999
日記	にっき	5861	78492
狂気	きょうき	5862	87989
往復	おうふく	5863	209874
世紀	せいき	5864	228924
シーツ	シーツ	5865	
目の当たり	まのあたり	5866	70885
積み上げる	つみあげる	5867	72189
微笑ましい	ほほえましい	5868	38899
兼	けん	5869	
従業員	じゅうぎょういん	5870	
未練	みれん	5871	82152
計る	はかる	5872	
正常	せいじょう	5873	
真正面	ましょうめん	5874	265980
陽気	ようき	5875	77098
栄養	えいよう	5876	98509
意識を失う	いしきをうしなう	5877	289423
予備	よび	5878	277214
解き放つ	ときはなつ	5879	102502
絞り出す	しぼりだす	5880	58178
不意打ち	ふいうち	5881	91788
根本的	こんぽんてき	5882	237650
地区	ちく	5883	25965
はまる	はまる	5884	
いまいち	いまいち	5885	
それはない	それはない	5886	
手つき	てつき	5887	152967
ぴたり	ぴたり	5888	
お見舞い	おみまい	5889	73193
しみじみ	しみじみ	5890	
腰かける	こしかける	5891	68389
このあたり	このあたり	5892	
のぼる	のぼる	5893	
ともあれ	ともあれ	5894	
いたる	いたる	5895	
見つけ出す	みつけだす	5896	89650
それと	それと	5897	
笑いかける	わらいかける	5898	220277
じゃなきゃ	じゃなきゃ	5899	
始め	はじめ	5900	2988
所	しょ	5901	251501
小	こ	5902	
館	かん	5903	120001
説得力	せっとくりょく	5904	298201
境	さかい	5905	37100
保護者	ほごしゃ	5906	191589
杯	はい	5907	91901
この野郎	このやろう	5908	68581
犯行	はんこう	5909	116937
不良	ふりょう	5910	143822
回数	かいすう	5911	289288
足を運ぶ	あしをはこぶ	5912	
仲直り	なかなおり	5913	104839
通報	つうほう	5914	166089
ややこしい	ややこしい	5915	
拾い上げる	ひろいあげる	5916	65496
格	かく	5917	
工夫	くふう	5918	37192
驚かす	おどろかす	5919	48494
訂正	ていせい	5920	194011
納める	おさめる	5921	13191
生き返る	いきかえる	5922	115185
お楽しみ	おたのしみ	5923	73986
屈辱	くつじょく	5924	141025
一筋	ひとすじ	5925	37193
通り抜ける	とおりぬける	5926	85542
後者	こうしゃ	5927	
映し出す	うつしだす	5928	93621
その気になる	そのきになる	5929	274051
大嫌い	だいきらい	5930	82432
触れ合う	ふれあう	5931	44286
担ぐ	かつぐ	5932	17185
順番に	じゅんばんに	5933	144090
適切	てきせつ	5934	186965
延々	えんえん	5935	39497
軍隊	ぐんたい	5936	165966
火事	かじ	5937	88010
追及	ついきゅう	5938	140844
取り残す	とりのこす	5939	80887
却下	きゃっか	5940	285615
ふふん	ふふん	5941	
素	す	5942	
立て直す	たてなおす	5943	77511
末に	すえに	5944	58490
解体	かいたい	5945	115726
別々	べつべつ	5946	66199
断ち切る	たちきる	5947	107719
実在	じつざい	5948	242205
試しに	ためしに	5949	32877
知	ち	5950	
批判	ひはん	5951	119558
スプーン	スプーン	5952	
意を決する	いをけっする	5953	
籠	かご	5954	14987
最大限	さいだいげん	5955	243712
張り付く	はりつく	5956	28797
恥じる	はじる	5957	85181
三回	さんかい	5958	306967
埋め尽くす	うめつくす	5959	91899
堅い	かたい	5960	12184
真意	しんい	5961	
引っ込む	ひっこむ	5962	33280
守り	まもり	5963	53991
愛おしい	いとおしい	5964	26285
強制的	きょうせいてき	5965	270258
古	いにしえ	5966	28284
ついつい	ついつい	5967	
内臓	ないぞう	5968	73685
今となっては	いまとなっては	5969	38800
面会	めんかい	5970	161829
極める	きわめる	5971	33086
免れる	まぬがれる	5972	32179
幻想	げんそう	5973	150036
息苦しい	いきぐるしい	5974	226018
第四	だいよん	5975	220094
時間が経つ	じかんがたつ	5976	
アイデア	アイデア	5977	
冷やす	ひやす	5978	71996
お家	おうち	5979	6691
お目にかかる	おめにかかる	5980	81607
ってか	ってか	5981	
２回	にかい	5982	166942
アリ	アリ	5983	
あらためて	あらためて	5984	
パッと	パッと	5985	
せえ	せえ	5986	
おくる	おくる	5987	
いいわけ	いいわけ	5988	
それなのに	それなのに	5989	
わたる	わたる	5990	
まもない	まもない	5991	
都合のいい	つごうのいい	5992	115507
ぶん	ぶん	5993	
やっていく	やっていく	5994	
気まぐれ	きまぐれ	5995	61295
きっかけに	きっかけに	5996	
お守り	おまもり	5997	74670
出て来る	でてくる	5998	35386
みえる	みえる	5999	
ド	ド	6000	
二週間	にしゅうかん	6001	286854
青空	あおぞら	6002	80129
天然	てんねん	6003	42279
飛び上がる	とびあがる	6004	42989
オッケー	オッケー	6005	
甘やかす	あまやかす	6006	88740
絡める	からめる	6007	26998
越す	こす	6008	17785
後日	ごじつ	6009	128282
婦人	ふじん	6010	
吉	きち	6011	
当人	とうにん	6012	261229
信念	しんねん	6013	
待ち構える	まちかまえる	6014	101985
抱き寄せる	だきよせる	6015	131138
万全	ばんぜん	6016	191225
境遇	きょうぐう	6017	130335
業務	ぎょうむ	6018	215519
面倒を見る	めんどうをみる	6019	94215
ほっとく	ほっとく	6020	
押し倒す	おしたおす	6021	124667
黙々	もくもく	6022	77802
一目	ひとめ	6023	50799
改造	かいぞう	6024	191783
押さえつける	おさえつける	6025	40380
手遅れ	ておくれ	6026	224524
講義	こうぎ	6027	
どうだい	どうだい	6028	
放り投げる	ほうりなげる	6029	109528
土下座	どげざ	6030	137833
そら	そら	6031	
好きなだけ	すきなだけ	6032	100603
牛乳	ぎゅうにゅう	6033	134468
華奢	きゃしゃ	6034	38994
不吉	ふきつ	6035	136874
運転手	うんてんしゅ	6036	260974
ラッキー	ラッキー	6037	
真っ青	まっさお	6038	47497
三百	さんびゃく	6039	117726
そうですが	そうですが	6040	
風情	ふぜい	6041	39291
官	かん	6042	
詩	し	6043	
振り絞る	ふりしぼる	6044	36678
背の高い	せのたかい	6045	251126
紫色	むらさきいろ	6046	143514
立ち直る	たちなおる	6047	130287
フォーク	フォーク	6048	
継続	けいぞく	6049	235503
沼	ぬま	6050	49489
京都	きょうと	6051	
一分	いちぶ	6052	
所へ	ところへ	6053	2614
レストラン	レストラン	6054	
功績	こうせき	6055	
ざま	ざま	6056	
会釈	えしゃく	6057	59389
するべき	するべき	6058	
活用	かつよう	6059	
あったかい	あったかい	6060	
劇	げき	6061	37085
一夜	いちや	6062	119317
目元	めもと	6063	161439
受験	じゅけん	6064	206654
足場	あしば	6065	166198
誠実	せいじつ	6066	197168
文明	ぶんめい	6067	
合間	あいま	6068	52690
根元	ねもと	6069	93320
目前	もくぜん	6070	
静まり返る	しずまりかえる	6071	54695
暴く	あばく	6072	37482
旗	はた	6073	
仲良し	なかよし	6074	42289
滝	たき	6075	20494
画像	がぞう	6076	
銀行	ぎんこう	6077	160864
おす	おす	6078	
すがる	すがる	6079	
２	に	6080	
あいにく	あいにく	6081	
気にかける	きにかける	6082	186205
か月	かげつ	6083	205810
まだしも	まだしも	6084	
よくやった	よくやった	6085	
はじまる	はじまる	6086	
ごろ	ごろ	6087	
ふり	ふり	6088	
イライラ	イライラ	6089	
何度も	なんども	6090	66995
しきりに	しきりに	6091	
いつのまにか	いつのまにか	6092	
こめかみ	こめかみ	6093	
弾ける	はじける	6094	101468
りする	りする	6095	
行き先	いきさき	6096	224921
金持ち	かねもち	6097	140760
いまさら	いまさら	6098	
きょう	きょう	6099	
並	なみ	6100	13990
干す	ほす	6102	38889
伝言	でんごん	6103	201286
疑問に思う	ぎもんにおもう	6104	255955
縮める	ちぢめる	6105	41585
帯	おび	6106	29284
かの	かの	6107	
上目遣い	うわめづかい	6108	168055
プログラム	プログラム	6109	
クール	クール	6110	
井	い	6111	
公開	こうかい	6112	296559
貧乏	びんぼう	6113	85299
要望	ようぼう	6114	74485
その際	そのさい	6115	74275
苛立つ	いらだつ	6116	28600
制度	せいど	6117	281077
費用	ひよう	6118	130515
滅多に	めったに	6119	7883
脅かす	おびやかす	6120	34689
トラック	トラック	6121	
遂げる	とげる	6122	26192
相応	そうおう	6123	115043
皆無	かいむ	6124	152888
気取る	きどる	6125	65700
察し	さっし	6126	
弁護士	べんごし	6127	147994
足早	あしばや	6128	187565
対照的	たいしょうてき	6129	302888
十七	じゅうしち	6130	189879
価値観	かちかん	6131	
一秒	いちびょう	6132	241929
定期的	ていきてき	6133	259354
励む	はげむ	6134	55683
歩き回る	あるきまわる	6135	103708
半日	はんにち	6136	236547
日差し	ひざし	6137	131326
タクシー	タクシー	6138	
現地	げんち	6139	125497
集う	つどう	6140	67796
交える	まじえる	6141	34489
尊重	そんちょう	6142	165927
一帯	いったい	6143	
柵	さく	6144	19734
ほんのり	ほんのり	6145	
臆病	おくびょう	6146	62195
版	はん	6147	200143
地震	じしん	6148	
恐れ	おそれ	6149	20191
悪戯	いたずら	6150	6885
畳	たたみ	6151	46798
お詫び	おわび	6152	17491
絶対的	ぜったいてき	6153	252544
どうと	どうと	6154	
連	れん	6155	147389
でもって	でもって	6156	
戦略	せんりゃく	6157	226262
のみならず	のみならず	6158	
見て取る	みてとる	6159	
加工	かこう	6160	
ターゲット	ターゲット	6161	
豆	まめ	6162	100701
疑惑	ぎわく	6163	149802
鼻先	はなさき	6164	207733
リズム	リズム	6165	
研究所	けんきゅうじょ	6166	231458
何があっても	なにがあっても	6167	29989
小鳥	ことり	6168	34294
吹っ飛ぶ	ふっとぶ	6169	46987
くさい	くさい	6170	
街中	まちなか	6171	131956
質問をする	しつもんをする	6172	283308
出世	しゅっせ	6173	130433
十八	じゅうはち	6174	128739
とぼける	とぼける	6175	
高鳴る	たかなる	6176	131929
忍び込む	しのびこむ	6177	48192
局	きょく	6178	87614
甲	こう	6179	209401
汁	しる	6180	37792
見	み	6181	
冗談じゃない	じょうだんじゃない	6182	96918
追跡	ついせき	6183	149417
最善	さいぜん	6184	
よろめく	よろめく	6185	
贈り物	おくりもの	6186	73480
きらきら	きらきら	6187	
ポン	ポン	6188	
ご挨拶	ごあいさつ	6189	28988
ひっくり返す	ひっくりかえす	6190	41482
くっつける	くっつける	6191	
それこそ	それこそ	6192	
はく	はく	6193	
さながら	さながら	6194	
にあたって	にあたって	6195	
ほんとうに	ほんとうに	6196	
無理もない	むりもない	6197	66986
ねだる	ねだる	6198	
言うことを聞く	いうことをきく	6199	44584
まわす	まわす	6200	
車	しゃ	6201	13694
器	き	6202	
悪	わる	6203	19647
軽蔑	けいべつ	6204	46892
だけあって	だけあって	6205	
大物	おおもの	6206	131811
脇腹	わきばら	6207	205799
今晩	こんばん	6208	66098
雑談	ざつだん	6209	241001
言い残す	いいのこす	6210	90999
スケジュール	スケジュール	6211	
共にする	ともにする	6212	36097
当分	とうぶん	6213	66898
キャラクター	キャラクター	6214	
庶民	しょみん	6215	201445
コピー	コピー	6216	
散らす	ちらす	6217	31789
平静	へいせい	6218	141014
威嚇	いかく	6219	59891
手早い	てばやい	6220	130361
迎えに行く	むかえにいく	6221	117705
明ける	あける	6222	4191
すすめる	すすめる	6223	
気を抜く	きをぬく	6224	
無能	むのう	6225	151826
チーズ	チーズ	6226	
吹き込む	ふきこむ	6227	
濁る	にごる	6228	49190
見透かす	みすかす	6229	153714
走り去る	はしりさる	6230	197332
並み	なみ	6231	13990
乳	ちち	6232	43795
委員	いいん	6233	45900
建つ	たつ	6234	
皺	しわ	6235	12586
委員長	いいんちょう	6236	223256
仕入れる	しいれる	6237	137382
都会	とかい	6238	297784
従える	したがえる	6239	51980
食い込む	くいこむ	6240	58389
有無	うむ	6241	95535
何なのか	なんなのか	6242	10792
記者	きしゃ	6243	
構築	こうちく	6244	222661
宣伝	せんでん	6245	158804
参加者	さんかしゃ	6246	293410
当の	とうの	6247	52888
仮	かり	6248	
生産	せいさん	6249	146991
存在感	そんざいかん	6250	246572
願望	がんぼう	6251	
最	さい	6252	29727
五百	ごひゃく	6253	119029
と言うと	というと	6254	2492
対決	たいけつ	6255	261767
お辞儀	おじぎ	6256	27386
関わり	かかわり	6257	25388
快い	こころよい	6258	42879
京	きょう	6259	114043
やっつける	やっつける	6260	
引き下がる	ひきさがる	6261	65587
助言	じょげん	6262	182552
気が済む	きがすむ	6263	253781
万人	ばんにん	6264	
口々	くちぐち	6265	244987
食卓	しょくたく	6266	
旅立つ	たびだつ	6267	131544
分だけ	ぶんだけ	6268	42477
貢献	こうけん	6269	101492
とどまる	とどまる	6270	
天下	てんか	6271	154288
最新	さいしん	6272	
就職	しゅうしょく	6273	209660
大幅	おおはば	6274	255699
寝顔	ねがお	6275	
ドン	ドン	6276	
めんどくさい	めんどくさい	6277	
１枚	いちまい	6278	115236
わりに	わりに	6279	
見たところ	みたところ	6280	12894
たいてい	たいてい	6281	
湧き上がる	わきあがる	6282	36986
おやすみなさい	おやすみなさい	6283	
わけではありません	わけではありません	6284	
及び	および	6285	5585
抱きかかえる	だきかかえる	6286	99807
おもむろに	おもむろに	6287	
ときどき	ときどき	6288	
ひと言	ひとこと	6289	15780
おろす	おろす	6290	
もとより	もとより	6291	
まかせる	まかせる	6292	
くせ	くせ	6293	
タダ	タダ	6294	
２日	ふつか	6295	98426
しょう	しょう	6296	
子どもたち	こどもたち	6297	70497
つくづく	つくづく	6298	
１本	いっぽん	6299	91311
つくす	つくす	6300	
冊	さつ	6301	40591
取り乱す	とりみだす	6302	90934
今になって	いまになって	6303	38992
塀	へい	6304	8890
調達	ちょうたつ	6305	
不便	ふべん	6306	151675
無人	むじん	6307	141269
からして	からして	6308	
ってよ	ってよ	6309	
四年	よねん	6310	
肺	はい	6311	249201
病人	びょうにん	6312	148424
スポーツ	スポーツ	6313	
究極	きゅうきょく	6314	158945
支持	しじ	6315	
咎める	とがめる	6316	22594
読書	どくしょ	6317	188603
手を上げる	てをあげる	6318	242796
口実	こうじつ	6319	295302
原稿	げんこう	6320	89017
あしらう	あしらう	6321	
色気	いろけ	6322	122450
髪型	かみがた	6323	
少なくなる	すくなくなる	6324	85420
細工	さいく	6325	74743
留まる	とまる	6326	6996
のく	のく	6327	
体制	たいせい	6328	82954
行き来	ゆきき	6329	66090
礼儀	れいぎ	6330	128207
粒	つぶ	6331	19796
押し殺す	おしころす	6332	101048
空腹	くうふく	6333	140040
急ぎ	いそぎ	6334	83469
ピンチ	ピンチ	6335	
有能	ゆうのう	6336	169950
人口	じんこう	6337	127576
だったろう	だったろう	6338	
平等	びょうどう	6339	112328
そっぽを向く	そっぽをむく	6340	58699
得	とく	6341	71201
頭脳	ずのう	6342	128326
走り回る	はしりまわる	6343	141907
入れ替わる	いれかわる	6344	81667
不正	ふせい	6345	163496
眠気	ねむけ	6346	
ぞっと	ぞっと	6347	
軽やか	かろやか	6348	63500
どうせなら	どうせなら	6349	
貧しい	まずしい	6350	79448
に沿って	にそって	6351	125622
決する	けっする	6352	76865
何度でも	なんどでも	6353	103077
低下	ていか	6354	166817
身を隠す	みをかくす	6355	259120
手柄	てがら	6356	62891
言葉を交わす	ことばをかわす	6357	92070
幾	いく	6358	32801
ほい	ほい	6359	
取り組む	とりくむ	6360	87115
五日	いつか	6361	
横切る	よこぎる	6362	75421
違反	いはん	6363	100718
調理	ちょうり	6364	211507
侮辱	ぶじょく	6365	90936
経済	けいざい	6366	209648
重視	じゅうし	6367	220044
直し	なおし	6368	52987
裁判	さいばん	6369	114963
形相	ぎょうそう	6370	68598
代理	だいり	6371	86834
欲求	よっきゅう	6372	289889
平	ひら	6373	18290
網	あみ	6374	27690
コツ	コツ	6375	
牽制	けんせい	6376	233861
建設	けんせつ	6377	224931
出血	しゅっけつ	6378	240292
大気	たいき	6379	259168
割って入る	わってはいる	6380	150594
役者	やくしゃ	6381	
死人	しにん	6382	
睡眠	すいみん	6383	135950
不	ふ	6384	
拍子	ひょうし	6385	
寺	てら	6386	
いってらっしゃい	いってらっしゃい	6387	
たてる	たてる	6388	
まし	まし	6389	
とらえる	とらえる	6390	
おもちゃ	おもちゃ	6391	
ってな	ってな	6392	
にらむ	にらむ	6393	
すり抜ける	すりぬける	6394	39798
できるようになる	できるようになる	6395	
通りかかる	とおりかかる	6396	80492
めでたい	めでたい	6397	
２時	にじ	6398	
振る舞い	ふるまい	6399	26291
めがける	めがける	6400	
放出	ほうしゅつ	6402	277149
無理をする	むりをする	6403	114264
気恥ずかしい	きはずかしい	6404	
一瞬にして	いっしゅんにして	6405	240399
ストップ	ストップ	6406	
陸	りく	6407	39099
とく	とく	6408	
奪い取る	うばいとる	6409	88230
突き飛ばす	つきとばす	6410	62791
向上	こうじょう	6411	257295
先月	せんげつ	6412	
懐く	なつく	6413	18478
流行る	はやる	6414	
個室	こしつ	6415	120312
目を合わせる	めをあわせる	6416	
竹	たけ	6417	
威厳	いげん	6418	96543
欠かす	かかす	6419	41990
にわかに	にわかに	6420	
お顔	おかお	6421	110997
抱き上げる	だきあげる	6422	82116
立ちはだかる	たちはだかる	6423	84144
自動	じどう	6424	152092
共感	きょうかん	6425	216127
核	かく	6426	194601
すんなり	すんなり	6427	
率直	そっちょく	6428	168150
仕切る	しきる	6429	
心境	しんきょう	6430	190271
承諾	しょうだく	6431	137380
ちょい	ちょい	6432	
離脱	りだつ	6433	213084
入	いり	6434	71482
右側	みぎがわ	6435	
段々	だんだん	6436	2383
報告書	ほうこくしょ	6437	288446
自動車	じどうしゃ	6438	169123
人殺し	ひとごろし	6439	75790
二重	にじゅう	6440	68294
植える	うえる	6441	224856
丈	たけ	6442	13976
逃亡	とうぼう	6443	197988
落胆	らくたん	6444	143459
足跡	あしあと	6445	95943
対等	たいとう	6446	91068
学者	がくしゃ	6447	185741
野球	やきゅう	6448	128484
メリット	メリット	6449	
ベスト	ベスト	6450	
立ち寄る	たちよる	6451	98344
取り付ける	とりつける	6452	31389
抱き合う	だきあう	6453	98990
数学	すうがく	6454	243614
精	せい	6455	
毎朝	まいあさ	6456	205534
自業自得	じごうじとく	6457	120029
切り離す	きりはなす	6458	119477
至るまで	いたるまで	6459	21783
無理はない	むりはない	6460	74921
投入	とうにゅう	6461	172667
漠然	ばくぜん	6462	66190
心細い	こころぼそい	6463	119429
代々	だいだい	6464	286037
反する	はんする	6465	93263
突っ立つ	つったつ	6466	34393
もう少しで	もうすこしで	6467	68385
しっ	しっ	6468	
罵る	ののしる	6469	26098
取り繕う	とりつくろう	6470	48781
侮る	あなどる	6471	30488
巻	かん	6472	
利	り	6473	
鹿	しか	6474	105101
滑らか	なめらか	6475	13289
わく	わく	6476	
日が暮れる	ひがくれる	6477	220501
破裂	はれつ	6478	113534
気を使う	きをつかう	6479	230754
活かす	いかす	6480	33397
幹	みき	6481	27697
しばらくの間	しばらくのあいだ	6482	28598
出くわす	でくわす	6483	70079
うける	うける	6484	
これこそ	これこそ	6485	
日付	ひづけ	6486	199157
なるだけ	なるだけ	6487	
あのよう	あのよう	6488	
ろくな	ろくな	6489	
ことごとく	ことごとく	6490	
決めつける	きめつける	6491	60580
もる	もる	6492	
をもって	をもって	6493	
釣り	つり	6494	35992
なおす	なおす	6495	
見せかける	みせかける	6496	51290
山ほど	やまほど	6497	152075
意味ない	いみない	6498	194993
すさまじい	すさまじい	6499	
なんと	なんと	6500	
イギリス	イギリス	6502	
手際	てぎわ	6503	84794
埋もれる	うもれる	6504	79221
滑稽	こっけい	6505	38294
引っ張り出す	ひっぱりだす	6506	56283
１０分	じっぷん	6507	228074
同感	どうかん	6508	208856
はにかむ	はにかむ	6509	
ここら	ここら	6510	
どうかしら	どうかしら	6511	
行使	こうし	6512	300993
各々	おのおの	6513	20689
動き回る	うごきまわる	6514	126589
茶色	ちゃいろ	6515	152416
二枚	にまい	6516	136891
交互	こうご	6517	108371
本名	ほんみょう	6518	226141
ペット	ペット	6519	
業者	ぎょうしゃ	6520	311986
押し当てる	おしあてる	6521	77440
流し込む	ながしこむ	6522	122735
専門家	せんもんか	6523	
亡くす	なくす	6524	
小走り	こばしり	6525	259495
気を取り直す	きをとりなおす	6526	299370
逃げ込む	にげこむ	6527	102051
各国	かっこく	6528	228181
べきではない	べきではない	6529	
同志	どうし	6530	59090
手の甲	てのこう	6531	
さらり	さらり	6532	
忘れ物	わすれもの	6533	101383
しょっちゅう	しょっちゅう	6534	
情報収集	じょうほうしゅうしゅう	6535	261962
説く	とく	6536	307201
裏切り	うらぎり	6537	124506
頼りにする	たよりにする	6538	65594
少なからず	すくなからず	6539	76692
形状	けいじょう	6540	
頼むから	たのむから	6541	71495
プレッシャー	プレッシャー	6542	
ひらひら	ひらひら	6543	
即	そく	6544	
押し出す	おしだす	6545	91349
必ずしも	かならずしも	6546	51098
進展	しんてん	6547	
頑固	がんこ	6548	56589
性別	せいべつ	6549	277539
責任者	せきにんしゃ	6550	245476
自嘲	じちょう	6551	
割り切る	わりきる	6552	82960
見計らう	みはからう	6553	94228
比	ひ	6554	
失格	しっかく	6555	163623
と考えられる	とかんがえられる	6556	206824
態勢	たいせい	6557	
動じる	どうじる	6558	71796
裂ける	さける	6559	
ライト	ライト	6560	
パス	パス	6561	
ハート	ハート	6562	
テーマ	テーマ	6563	
儚い	はかない	6564	20994
今こそ	いまこそ	6565	32796
真理	しんり	6566	
手を回す	てをまわす	6567	
鮮明	せんめい	6568	99726
果てる	はてる	6569	25897
売り	うり	6570	12591
毎晩	まいばん	6571	150491
連想	れんそう	6572	
伝統	でんとう	6573	119468
洋服	ようふく	6574	132089
狼狽	ろうばい	6575	40596
最適	さいてき	6576	266687
お約束	おやくそく	6577	127874
光を放つ	ひかりをはなつ	6578	298375
米	こめ	6579	53479
難い	にくい	6580	1267
科	か	6581	
ぶちまける	ぶちまける	6582	
夜明け	よあけ	6583	100579
さらなる	さらなる	6584	
たいへん	たいへん	6585	
うろつく	うろつく	6586	
紛れもない	まぎれもない	6587	16387
にじむ	にじむ	6588	
あーあ	あーあ	6589	
なだめる	なだめる	6590	
ヨーロッパ	ヨーロッパ	6591	
につき	につき	6592	
なでる	なでる	6593	
火をつける	ひをつける	6594	305229
とくに	とくに	6595	
つかまる	つかまる	6596	
目をそらす	めをそらす	6597	253675
年寄り	としより	6598	60898
さまよう	さまよう	6599	
しいる	しいる	6600	
留まる	とどまる	6601	6270
取り除く	とりのぞく	6602	60999
使いこなす	つかいこなす	6603	127435
先週	せんしゅう	6604	128225
そうでなければ	そうでなければ	6605	
長男	ちょうなん	6606	
悲痛	ひつう	6607	180179
由来	ゆらい	6608	59885
客観的	きゃっかんてき	6609	262150
置き去り	おきざり	6610	83054
弄ぶ	もてあそぶ	6611	14484
緩い	ゆるい	6612	10987
背中を押す	せなかをおす	6613	268039
進歩	しんぽ	6614	315256
乏しい	とぼしい	6615	55196
許し	ゆるし	6616	41798
住まう	すまう	6617	16487
元に戻す	もとにもどす	6618	75699
久しい	ひさしい	6619	54195
済ます	すます	6620	35292
に加え	にくわえ	6621	143539
順に	じゅんに	6622	142012
敬語	けいご	6623	
怠る	おこたる	6624	57591
寒気	さむけ	6625	83451
十一	じゅういち	6626	112553
お帰りなさい	おかえりなさい	6627	5798
誓い	ちかい	6628	107064
感染	かんせん	6629	
不可解	ふかかい	6630	248087
輪郭	りんかく	6631	77521
夕日	ゆうひ	6632	52500
十日	とおか	6633	153467
欠点	けってん	6634	153798
ざわつく	ざわつく	6635	
どうしたものか	どうしたものか	6636	
雑	ざつ	6637	261136
公式	こうしき	6638	
口に運ぶ	くちにはこぶ	6639	
費やす	ついやす	6640	67690
予言	よげん	6641	130399
覆す	くつがえす	6642	36499
表紙	ひょうし	6643	60585
開放	かいほう	6644	69293
渋々	しぶしぶ	6645	12487
要する	ようする	6646	46516
気温	きおん	6647	205585
初め	はじめ	6648	2988
透ける	すける	6649	44200
設計	せっけい	6650	163238
信号	しんごう	6651	143103
また今度	またこんど	6652	85355
度胸	どきょう	6653	92788
打撃	だげき	6654	187196
専念	せんねん	6655	196383
ぬるい	ぬるい	6656	
数日後	すうじつご	6657	
窮屈	きゅうくつ	6658	57988
時間帯	じかんたい	6659	
お願いだから	おねがいだから	6660	69991
正反対	せいはんたい	6661	303704
嫌悪	けんお	6662	
用心	ようじん	6663	112579
河	かわ	6664	205301
個性	こせい	6665	117253
本題	ほんだい	6666	267950
面影	おもかげ	6667	41584
最優先	さいゆうせん	6668	
待ち受ける	まちうける	6669	137073
駆け込む	かけこむ	6670	45090
体質	たいしつ	6671	229167
申請	しんせい	6672	
よさそう	よさそう	6673	
痩せる	やせる	6674	17686
武	ぶ	6675	
お迎え	おむかえ	6676	76237
負傷	ふしょう	6677	217006
表向き	おもてむき	6678	76016
一変	いっぺん	6679	265167
長引く	ながびく	6680	162221
医療	いりょう	6681	
摘む	つむ	6682	250202
替える	かえる	6683	
あくび	あくび	6684	
集まり	あつまり	6685	80254
生まれて初めて	うまれてはじめて	6686	134643
べし	べし	6687	
根本	こんぽん	6688	137015
くつろぐ	くつろぐ	6689	
すする	すする	6690	
おうち	おうち	6691	
いっそう	いっそう	6692	
ある時	あるとき	6693	14294
痛っ	いたっ	6694	110985
ドイツ	ドイツ	6695	
おろか	おろか	6696	
あわ	あわ	6697	
めぐる	めぐる	6698	
うろたえる	うろたえる	6699	
しばしば	しばしば	6700	
角	かく	6701	
大金	たいきん	6702	189734
わくわく	わくわく	6703	
直る	なおる	6704	16099
成る	なる	6705	16
特性	とくせい	6706	214326
火花	ひばな	6707	
考え事	かんがえごと	6708	201979
実績	じっせき	6709	269069
知性	ちせい	6710	140452
早口	はやくち	6711	217522
介入	かいにゅう	6712	210292
人種	じんしゅ	6713	213741
濃厚	のうこう	6714	132662
推薦	すいせん	6715	110767
必死になって	ひっしになって	6716	169390
引き連れる	ひきつれる	6717	42496
丈夫	じょうぶ	6718	31791
飢える	うえる	6719	31184
名付ける	なづける	6720	302441
その気	そのき	6721	
マイナス	マイナス	6722	
お時間	おじかん	6723	218304
ピンク色	ピンクいろ	6724	301072
筆	ふで	6725	67738
追放	ついほう	6726	206133
授ける	さずける	6727	44994
透き通る	すきとおる	6728	55791
プラス	プラス	6729	
発達	はったつ	6730	204145
話し始める	はなしはじめる	6731	219782
読者	どくしゃ	6732	274196
びる	びる	6733	
コメント	コメント	6734	
留守番	るすばん	6735	87560
無縁	むえん	6736	184290
分野	ぶんや	6737	305606
本性	ほんしょう	6738	
そわそわ	そわそわ	6739	
鈍る	にぶる	6740	48000
感激	かんげき	6741	229864
見比べる	みくらべる	6742	152260
徹夜	てつや	6743	120109
右足	みぎあし	6744	208826
権	けん	6745	
至極	しごく	6746	23284
最後の最後	さいごのさいご	6747	133411
苦戦	くせん	6748	119989
独占	どくせん	6749	153662
繰り返し	くりかえし	6750	65978
成し遂げる	なしとげる	6751	47281
初期	しょき	6752	
絶妙	ぜつみょう	6753	232535
一滴	いってき	6754	191325
突き止める	つきとめる	6755	27794
ちらちら	ちらちら	6756	
左側	ひだりがわ	6757	
一環	いっかん	6758	112761
正す	ただす	6759	
連絡を取る	れんらくをとる	6760	197887
とうに	とうに	6761	
十四	じゅうし	6762	
無責任	むせきにん	6763	222663
人員	じんいん	6764	263805
手を組む	てをくむ	6765	
三本	さんぼん	6766	149879
手順	てじゅん	6767	243675
意味不明	いみふめい	6768	279918
補う	おぎなう	6769	74079
遠目	とおめ	6770	223108
養う	やしなう	6771	70980
悪口	わるぐち	6772	312983
惨め	みじめ	6773	13495
キレる	キレる	6774	
見て回る	みてまわる	6775	131770
場合によって	ばあいによって	6776	193320
二十歳	はたち	6777	43393
揺する	ゆする	6778	
迎え入れる	むかえいれる	6779	148335
命を落とす	いのちをおとす	6780	145283
朝日	あさひ	6781	52286
こうなると	こうなると	6782	
ちゃう	ちゃう	6783	
源	みなもと	6784	60718
ばい	ばい	6785	
わり	わり	6786	
口ぶり	くちぶり	6787	67378
良くなる	よくなる	6788	2979
ガス	ガス	6789	
つぶす	つぶす	6790	
積もる	つもる	6791	32181
やかましい	やかましい	6792	
歯を食いしばる	はをくいしばる	6793	
下に	しもに	6794	204623
引き出し	ひきだし	6795	48287
おかわり	おかわり	6796	
そんなわけで	そんなわけで	6797	
あきれる	あきれる	6798	
ほんとう	ほんとう	6799	
よって	よって	6800	
前	ぜん	6801	26898
空	から	6802	142901
平均	へいきん	6803	214537
引き戻す	ひきもどす	6804	74791
首都	しゅと	6805	103254
揺れ	ゆれ	6806	61398
人手	ひとで	6807	
ばっちり	ばっちり	6808	
工事	こうじ	6809	
どうしたって	どうしたって	6810	
一月	いちがつ	6811	243704
早	はや	6812	10164
五つ	いつつ	6813	65689
アルバイト	アルバイト	6814	
軽々	かるがる	6815	76783
予想以上	よそういじょう	6816	
じわじわ	じわじわ	6817	
期	き	6818	
団体	だんたい	6819	308516
上では	うえでは	6820	58797
大臣	だいじん	6821	191161
襟	えり	6822	33995
永久	えいきゅう	6823	185830
脅迫	きょうはく	6824	154070
何でもいい	なんでもいい	6825	41682
仲が良い	なかがよい	6826	184968
出場	しゅつじょう	6827	265240
潮	しお	6828	13974
連れ去る	つれさる	6829	105643
造り	つくり	6830	23081
収入	しゅうにゅう	6831	210959
退ける	しりぞける	6832	45590
音もなく	おともなく	6833	295030
沢	さわ	6834	19777
途絶える	とだえる	6835	56880
座席	ざせき	6836	192964
憂鬱	ゆううつ	6837	50895
呼び寄せる	よびよせる	6838	87863
行事	ぎょうじ	6839	108292
見習う	みならう	6840	132676
土曜日	どようび	6841	217177
限りない	かぎりない	6842	48397
嘲笑	ちょうしょう	6843	295500
果実	かじつ	6844	306733
タイム	タイム	6845	
持ち合わせる	もちあわせる	6846	89646
余韻	よいん	6847	295998
務め	つとめ	6848	34188
全体的	ぜんたいてき	6849	
快適	かいてき	6850	197116
数多く	かずおおく	6851	
緩やか	ゆるやか	6852	12285
敗れる	やぶれる	6853	
一心	いっしん	6854	115659
成人	せいじん	6855	220254
お付き合い	おつきあい	6856	21000
委員会	いいんかい	6857	152050
相違	そうい	6858	75964
一昨日	おととい	6859	16692
昭和	しょうわ	6860	151334
当事者	とうじしゃ	6861	264657
たか	たか	6862	
とことん	とことん	6863	
楽器	がっき	6864	
交際	こうさい	6865	295463
勝	しょう	6866	
尊い	とうとい	6867	105828
身を守る	みをまもる	6868	
変わりない	かわりない	6869	84525
過酷	かこく	6870	260928
バタバタ	バタバタ	6871	
絵画	かいが	6872	239889
引っ込める	ひっこめる	6873	32794
正当	せいとう	6874	125058
熱気	ねっき	6875	196403
包み	つつみ	6876	59480
確証	かくしょう	6877	
経由	けいゆ	6878	
一転	いってん	6879	35999
に加えて	にくわえて	6880	33197
全開	ぜんかい	6881	162336
突き進む	つきすすむ	6882	96353
嫌味	いやみ	6883	50391
手出し	てだし	6884	222560
いたずら	いたずら	6885	
さぞ	さぞ	6886	
でっかい	でっかい	6887	
うなだれる	うなだれる	6888	
まね	まね	6889	
いいかげん	いいかげん	6890	
遅く	おそく	6891	52184
さらさら	さらさら	6892	
ワクワク	ワクワク	6893	
一人一人	ひとりひとり	6894	22489
たりとも	たりとも	6895	
たどる	たどる	6896	
かむ	かむ	6897	
やしない	やしない	6898	
おごる	おごる	6899	
慌ただしい	あわただしい	6900	18799
開く	あく	6901	3980
堪える	たえる	6902	43597
公	おおやけ	6903	57546
血管	けっかん	6904	265536
追求	ついきゅう	6905	
賛同	さんどう	6906	47094
秩序	ちつじょ	6907	150208
要因	よういん	6908	
自称	じしょう	6909	
大学生	だいがくせい	6910	291787
償う	つぐなう	6911	53887
デザート	デザート	6912	
聞き覚え	ききおぼえ	6913	298784
嫌になる	いやになる	6914	26593
救急車	きゅうきゅうしゃ	6915	195800
デビュー	デビュー	6916	
強気	つよき	6917	161412
悪人	あくにん	6918	167288
通称	つうしょう	6919	
拝む	おがむ	6920	57292
屈する	くっする	6921	104951
各自	かくじ	6922	
夫妻	ふさい	6923	55898
離れ	はなれ	6924	114795
彩る	いろどる	6925	68798
供給	きょうきゅう	6926	239728
増加	ぞうか	6927	220485
真摯	しんし	6928	46197
聞き流す	ききながす	6929	161332
車内	しゃない	6930	
先祖	せんぞ	6931	29083
カバー	カバー	6932	
必然	ひつぜん	6933	202526
手を差し伸べる	てをさしのべる	6934	
岡	おか	6935	20093
投げ捨てる	なげすてる	6936	105150
ごっこ	ごっこ	6937	
無念	むねん	6938	106716
男らしい	おとこらしい	6939	193197
検索	けんさく	6940	124298
妥当	だとう	6941	241115
据える	すえる	6942	18889
解析	かいせき	6943	286559
失態	しったい	6944	
制作	せいさく	6945	
覚める	さめる	6946	
昼寝	ひるね	6947	61386
強	きょう	6948	
華麗	かれい	6949	
無難	ぶなん	6950	99729
ふらつく	ふらつく	6951	
書き込む	かきこむ	6952	41686
しゃがむ	しゃがむ	6953	
莫大	ばくだい	6954	77537
没頭	ぼっとう	6955	198071
口走る	くちばしる	6956	215995
腹立たしい	はらだたしい	6957	194839
彼自身	かれじしん	6958	173055
徒歩	とほ	6959	59093
仕上げる	しあげる	6960	71791
政治家	せいじか	6961	
見過ごす	みすごす	6962	161356
質問に答える	しつもんにこたえる	6963	
実践	じっせん	6964	131732
来月	らいげつ	6965	247246
悲惨	ひさん	6966	108010
耳打ち	みみうち	6967	242341
大阪	おおさか	6968	86751
翻弄	ほんろう	6969	64096
通り越す	とおりこす	6970	107078
帰国	きこく	6971	134716
手応え	てごたえ	6972	314876
手招き	てまねき	6973	
深まる	ふかまる	6974	135308
海岸	かいがん	6975	
反抗	はんこう	6976	248882
ホーム	ホーム	6977	
見込む	みこむ	6978	28385
組み合わせる	くみあわせる	6979	111662
素性	すじょう	6980	72380
面する	めんする	6981	136409
業	ぎょう	6982	150201
かえる	かえる	6983	
あり得る	ありうる	6984	93453
まんま	まんま	6985	
おつもり	おつもり	6986	
分かりやすい	わかりやすい	6987	4583
できる限り	できるかぎり	6988	79650
ひそか	ひそか	6989	
手当て	てあて	6990	99129
しでかす	しでかす	6991	
たまえ	たまえ	6992	
見込み	みこみ	6993	316367
くわえる	くわえる	6994	
きたる	きたる	6995	
とまる	とまる	6996	
ところどころ	ところどころ	6997	
方がよい	ほうがよい	6998	10182
いいって言う	いいっていう	6999	17089
大きめ	おおきめ	7000	149869
真に	まことに	7002	7389
まれ	まれ	7003	
時間の問題	じかんのもんだい	7004	
この頃	このごろ	7005	15385
一息	ひといき	7006	70283
お世話	おせわ	7007	112103
毎日のように	まいにちのように	7008	206941
補充	ほじゅう	7009	229914
嗚咽	おえつ	7010	54400
来	らい	7011	115092
諭す	さとす	7012	49598
甲斐	かい	7013	
敬意	けいい	7014	135668
津	つ	7015	
疑念	ぎねん	7016	
七十	しちじゅう	7017	
善	ぜん	7018	18793
沸く	わく	7019	6476
階級	かいきゅう	7020	201099
合計	ごうけい	7021	
数少ない	かずすくない	7022	259115
問い詰める	といつめる	7023	157958
同等	どうとう	7024	136434
闘う	たたかう	7025	30183
観光	かんこう	7026	86416
世界一	せかいいち	7027	148339
奥深い	おくふかい	7028	149480
節	ふし	7029	26487
踊り	おどり	7030	50585
学問	がくもん	7031	129749
生活を送る	せいかつをおくる	7032	
抜群	ばつぐん	7033	75616
距離を置く	きょりをおく	7034	
下品	げひん	7035	185203
危険性	きけんせい	7036	
細長い	ほそながい	7037	140438
定番	ていばん	7038	228925
痕	あと	7039	63301
演説	えんぜつ	7040	
指し示す	さししめす	7041	88962
プラン	プラン	7042	
四日	よっか	7043	66189
和	わ	7044	
退院	たいいん	7045	142101
耳を澄ます	みみをすます	7046	204481
奉仕	ほうし	7047	302350
明らかになる	あきらかになる	7048	68278
出歩く	であるく	7049	65100
コーナー	コーナー	7050	
年後	ねんご	7051	
更新	こうしん	7052	
渋い	しぶい	7053	44796
法則	ほうそく	7054	224114
サイト	サイト	7055	
圧迫	あっぱく	7056	159380
足首	あしくび	7057	252807
同い年	おないどし	7058	185858
お風呂に入る	おふろにはいる	7059	151804
束ねる	たばねる	7060	62287
先行	せんこう	7061	237567
じりじり	じりじり	7062	
大層	たいそう	7063	13986
見舞う	みまう	7064	64180
執拗	しつよう	7065	59800
補助	ほじょ	7066	189843
後回し	あとまわし	7067	59889
警戒心	けいかいしん	7068	
近頃	ちかごろ	7069	51787
息をする	いきをする	7070	152315
匹敵	ひってき	7071	167448
意図的	いとてき	7072	
現金	げんきん	7073	127835
労働	ろうどう	7074	134029
浜	はま	7075	46521
抱え込む	かかえこむ	7076	56780
効果的	こうかてき	7077	206949
スムーズ	スムーズ	7078	
驚くべき	おどろくべき	7079	49494
持ち歩く	もちあるく	7080	185093
居心地	いごこち	7081	103985
断じて	だんじて	7082	242455
軒	けん	7083	109652
稀	まれ	7084	7003
言葉をかける	ことばをかける	7085	77499
押しかける	おしかける	7086	55183
まぶしい	まぶしい	7087	
はなれる	はなれる	7088	
なびく	なびく	7089	
うまくやる	うまくやる	7090	
大きすぎる	おおきすぎる	7091	128316
ひねる	ひねる	7092	
立ち上る	たちのぼる	7093	45278
かすめる	かすめる	7094	
ざわめく	ざわめく	7095	
どん	どん	7096	
悔やむ	くやむ	7097	70786
正直なところ	しょうじきなところ	7098	
呼びかけ	よびかけ	7099	135038
踏みつける	ふみつける	7100	75511
表	ひょう	7101	
その度	そのたび	7102	52285
形態	けいたい	7103	
カット	カット	7104	
名目	めいもく	7105	81319
学習	がくしゅう	7106	161939
競争	きょうそう	7107	98550
有力	ゆうりょく	7108	228161
口に入る	くちにはいる	7109	
頭に浮かぶ	あたまにうかぶ	7110	217852
速やか	すみやか	7111	26994
視察	しさつ	7112	304182
物語る	ものがたる	7113	88399
プライベート	プライベート	7114	
往来	おうらい	7115	99567
隔てる	へだてる	7116	31094
弱気	よわき	7117	96589
それ以来	それいらい	7118	225244
巧み	たくみ	7119	29496
観測	かんそく	7120	196474
周	しゅう	7121	
こそこそ	こそこそ	7122	
窓際	まどぎわ	7123	115423
だけしか	だけしか	7124	
前半	ぜんはん	7125	263143
報う	むくう	7126	67994
目で追う	めでおう	7127	236436
拝見	はいけん	7128	263620
応用	おうよう	7129	136977
見当	けんとう	7130	69789
現時点	げんじてん	7131	
長時間	ちょうじかん	7132	247598
考え直す	かんがえなおす	7133	186555
借り	かり	7134	
関節	かんせつ	7135	143073
血を流す	ちをながす	7136	309653
死後	しご	7137	211952
週末	しゅうまつ	7138	301258
言ったって	いったって	7139	16400
人前で	ひとまえで	7140	183892
しばらくすると	しばらくすると	7141	
腕前	うでまえ	7142	107229
休息	きゅうそく	7143	
製造	せいぞう	7144	
追いやる	おいやる	7145	70183
乗り切る	のりきる	7146	86793
それ自体	それじたい	7147	303126
集中力	しゅうちゅうりょく	7148	288338
募集	ぼしゅう	7149	219881
リラックス	リラックス	7150	
絶好	ぜっこう	7151	117760
勝る	まさる	7152	24078
論	ろん	7153	24193
不服	ふふく	7154	168711
一日中	いちにちじゅう	7155	230114
百年	ひゃくねん	7156	152902
何時	なんじ	7157	33588
検証	けんしょう	7158	
現役	げんえき	7159	237945
警察官	けいさつかん	7160	218047
心なしか	こころなしか	7161	56990
豪快	ごうかい	7162	128723
葛藤	かっとう	7163	72097
因縁	いんねん	7164	247320
苦悩	くのう	7165	102168
花が咲く	はながさく	7166	196908
心情	しんじょう	7167	
容疑者	ようぎしゃ	7168	206797
身勝手	みがって	7169	209268
自在	じざい	7170	97756
見受ける	みうける	7171	117400
正気	せいき	7172	
休暇	きゅうか	7173	
必須	ひっす	7174	203738
治安	ちあん	7175	199496
祝い	いわい	7176	55489
失せる	うせる	7177	26198
寝床	ねどこ	7178	73490
好きなように	すきなように	7179	109464
らな	らな	7180	
さんか	さんか	7181	
のむ	のむ	7182	
年月	としつき	7183	99154
寝ぼける	ねぼける	7184	71998
眠りにつく	ねむりにつく	7185	124861
ありとあらゆる	ありとあらゆる	7186	
のめる	のめる	7187	
がん	がん	7188	
ご案内	ごあんない	7189	142405
気がつくと	きがつくと	7190	204106
ちっちゃい	ちっちゃい	7191	
どういたしまして	どういたしまして	7192	
よみがえる	よみがえる	7193	
成り行き	なりゆき	7194	27089
ずーっと	ずーっと	7195	
おくれる	おくれる	7196	
食いつく	くいつく	7197	77611
ほのか	ほのか	7198	
押しのける	おしのける	7199	56988
電話をかける	でんわをかける	7200	245024
反響	はんきょう	7202	159811
一台	いちだい	7203	200842
に取って	にとって	7204	239
健全	けんぜん	7205	136610
お越し	おこし	7206	
弱	じゃく	7207	60397
詐欺	さぎ	7208	52197
人通り	ひとどおり	7209	195943
すねる	すねる	7210	
好都合	こうつごう	7211	
笑い出す	わらいだす	7212	116788
高貴	こうき	7213	67288
賞	しょう	7214	
広める	ひろめる	7215	64892
見合う	みあう	7216	65098
権威	けんい	7217	139525
降参	こうさん	7218	151584
知人	ちじん	7219	170066
定義	ていぎ	7220	309181
お知らせ	おしらせ	7221	82442
早急	そうきゅう	7222	289826
半端	はんぱ	7223	69590
高らか	たからか	7224	66800
遮断	しゃだん	7225	98315
おやおや	おやおや	7226	
報道	ほうどう	7227	230950
意向	いこう	7228	
待ち	まち	7229	
召し上がる	めしあがる	7230	53198
揺る	ゆる	7231	7495
思い描く	おもいえがく	7232	221925
自信満々	じしんまんまん	7233	273356
群がる	むらがる	7234	41988
革命	かくめい	7235	
生存	せいぞん	7236	291497
呼ばわり	よばわり	7237	65582
あとから	あとから	7238	
好ましい	このましい	7239	126740
拍子抜け	ひょうしぬけ	7240	166069
行列	ぎょうれつ	7241	160379
無料	むりょう	7242	220053
日曜	にちよう	7243	
に反して	にはんして	7244	243411
支障	ししょう	7245	267610
芽生える	めばえる	7246	117621
犠牲者	ぎせいしゃ	7247	219355
大小	だいしょう	7248	121976
凝る	こる	7249	10464
でよ	でよ	7250	
自分勝手	じぶんかって	7251	205542
動向	どうこう	7252	
明らかにする	あきらかにする	7253	64282
週間	しゅうかん	7254	208493
暁	あかつき	7255	29692
片付く	かたづく	7256	57890
気安い	きやすい	7257	68098
害	がい	7258	31028
孤立	こりつ	7259	192470
探し出す	さがしだす	7260	67400
お連れ	おつれ	7261	64399
公表	こうひょう	7262	
逃げ場	にげば	7263	
背伸び	せのび	7264	166151
本能的	ほんのうてき	7265	283599
万能	ばんのう	7266	192629
ゆらゆら	ゆらゆら	7267	
犠牲になる	ぎせいになる	7268	162604
積み重ねる	つみかさねる	7269	85654
品物	しなもの	7270	110884
疑わしい	うたがわしい	7271	84208
朝早く	あさはやく	7272	283256
くっきり	くっきり	7273	
いたって	いたって	7274	
リード	リード	7275	
一人前	いちにんまえ	7276	122109
研究者	けんきゅうしゃ	7277	294266
初耳	はつみみ	7278	168723
社会的	しゃかいてき	7279	
涙が出る	なみだがでる	7280	163836
蓄積	ちくせき	7281	200317
外国人	がいこくじん	7282	173792
仕事中	しごとちゅう	7283	296772
直	じき	7284	16463
いつにない	いつにない	7285	
つながり	つながり	7286	
ちと	ちと	7287	
荒らす	あらす	7288	35097
目をつける	めをつける	7289	117813
ひっくり返る	ひっくりかえる	7290	36194
良いこと	よいこと	7291	18089
お供	おとも	7292	72900
すぐそば	すぐそば	7293	
あっけない	あっけない	7294	
までも	までも	7295	
つかう	つかう	7296	
引き込む	ひきこむ	7297	55081
決着をつける	けっちゃくをつける	7298	
長いこと	ながいこと	7299	85059
いやがる	いやがる	7300	
云々	うんぬん	7303	23689
作者	さくしゃ	7304	149325
手を入れる	てをいれる	7305	270976
猶予	ゆうよ	7306	142695
荒々しい	あらあらしい	7307	68376
元通り	もとどおり	7308	44978
白状	はくじょう	7309	189366
生々しい	なまなましい	7310	52600
飛び交う	とびかう	7311	84427
所持	しょじ	7312	99773
援助	えんじょ	7313	170007
断定	だんてい	7314	262907
差別	さべつ	7315	150324
事項	じこう	7316	237981
第三者	だいさんしゃ	7317	
欠く	かく	7318	
選挙	せんきょ	7319	124921
沿い	ぞい	7320	24991
律儀	りちぎ	7321	94963
計	けい	7322	19105
危	き	7323	
中心とする	ちゅうしんとする	7324	
アウト	アウト	7325	
成分	せいぶん	7326	264159
有名人	ゆうめいじん	7327	
極力	きょくりょく	7328	163311
心理	しんり	7329	
惑わす	まどわす	7330	60284
囲う	かこう	7331	84503
人間関係	にんげんかんけい	7332	
採る	とる	7333	
慰め	なぐさめ	7334	45096
すっぽり	すっぽり	7335	
おさまる	おさまる	7336	
切り上げる	きりあげる	7337	99904
主な	おもな	7338	50292
恩人	おんじん	7339	190023
思い知らす	おもいしらす	7340	
建築	けんちく	7341	211986
隠し事	かくしごと	7342	113423
話題になる	わだいになる	7343	
畳む	たたむ	7344	14485
出張	しゅっちょう	7345	195225
ずる	ずる	7346	
駆使	くし	7347	
連なる	つらなる	7348	41899
読み	よみ	7349	32196
後ろめたい	うしろめたい	7350	47485
独身	どくしん	7351	161732
痛々しい	いたいたしい	7352	74666
住居	じゅうきょ	7353	225768
うろうろ	うろうろ	7354	
水分	すいぶん	7355	79595
短時間	たんじかん	7356	
焦点	しょうてん	7357	
原理	げんり	7358	203534
仮定	かてい	7359	
放題	ほうだい	7360	63492
衰える	おとろえる	7361	62292
延長	えんちょう	7362	165628
切り取る	きりとる	7363	142073
突き放す	つきはなす	7364	93754
せねば	せねば	7365	
しなやか	しなやか	7366	
言い合う	いいあう	7367	77198
身を引く	みをひく	7368	260092
当	とう	7369	
割合	わりあい	7370	53890
手を合わせる	てをあわせる	7371	309191
破棄	はき	7372	35889
来客	らいきゃく	7373	200227
両側	りょうがわ	7374	159010
記述	きじゅつ	7375	228190
見解	けんかい	7376	112657
合	ごう	7377	
席に着く	せきにつく	7378	227692
初めは	はじめは	7379	14784
罵倒	ばとう	7380	199209
を回って	をめぐって	7381	15997
適する	てきする	7382	136709
仲がいい	なかがいい	7383	142663
持ちかける	もちかける	7384	42890
ごちそうさま	ごちそうさま	7385	
死ぬほど	しぬほど	7386	
お出かけ	おでかけ	7387	36585
ためになる	ためになる	7388	
まことに	まことに	7389	
いいかい	いいかい	7390	
第１	だいいち	7391	25299
かじる	かじる	7392	
のしかかる	のしかかる	7393	
立ち入る	たちいる	7394	112295
聞きつける	ききつける	7395	67190
お使い	おつかい	7396	30895
はる	はる	7397	
そうかい	そうかい	7398	
取り巻く	とりまく	7399	32600
納得がいく	なっとくがいく	7400	188880
入る	いる	7401	
的	まと	7402	27388
笑	わら	7404	
しんどい	しんどい	7405	
関与	かんよ	7406	99806
謙遜	けんそん	7407	67093
当面	とうめん	7408	210474
ぐっすり	ぐっすり	7409	
足す	たす	7410	16384
交わる	まじわる	7411	78669
案じる	あんじる	7412	93138
寝不足	ねぶそく	7413	239236
看病	かんびょう	7414	149883
自動的	じどうてき	7415	302145
危機感	ききかん	7416	176834
間柄	あいだがら	7417	82479
偽る	いつわる	7418	57473
すべ	すべ	7419	
分類	ぶんるい	7420	268186
特権	とっけん	7421	201369
委ねる	ゆだねる	7422	26386
規則	きそく	7423	92758
岸	きし	7424	36299
定まる	さだまる	7425	68497
推す	おす	7426	
連れ戻す	つれもどす	7427	89792
少数	しょうすう	7428	292654
生前	せいぜん	7429	
寝起き	ねおき	7430	149181
次から次へと	つぎからつぎへと	7431	90154
開き直る	ひらきなおる	7432	94738
恩恵	おんけい	7433	241404
返し	かえし	7434	84079
焦げる	こげる	7435	39393
空になる	からになる	7436	36893
付き添う	つきそう	7437	40400
支え	ささえ	7438	89037
規定	きてい	7439	231000
競う	きそう	7440	56674
どっと	どっと	7441	
過ち	あやまち	7442	42392
引き換え	ひきかえ	7443	232796
そそくさ	そそくさ	7444	
格闘	かくとう	7445	112195
つかまえる	つかまえる	7446	
思いがけない	おもいがけない	7447	113335
脅し	おどし	7448	56093
異論	いろん	7449	
記載	きさい	7450	243542
清潔	せいけつ	7451	162810
占領	せんりょう	7452	117401
ポジション	ポジション	7453	
勤務	きんむ	7454	160656
晴らす	はらす	7455	58482
大部分	だいぶぶん	7456	259177
損ねる	そこねる	7457	24093
うんと	うんと	7458	
徹する	てっする	7459	90539
就く	つく	7460	18801
正真正銘	しょうしんしょうめい	7461	164776
こだわり	こだわり	7462	
予告	よこく	7463	197391
重苦しい	おもくるしい	7464	135279
鼻歌	はなうた	7465	136515
がかる	がかる	7466	
見入る	みいる	7467	30300
著しい	いちじるしい	7468	44982
北海道	ほっかいどう	7469	164254
頂上	ちょうじょう	7470	79824
踏まえる	ふまえる	7471	50000
力を合わせる	ちからをあわせる	7472	193373
入れ替える	いれかえる	7473	90032
臨時	りんじ	7474	86871
直接的	ちょくせつてき	7475	300785
見とれる	みとれる	7476	64895
強がる	つよがる	7477	121286
かりる	かりる	7478	
たくましい	たくましい	7479	
よりによって	よりによって	7480	
とぶ	とぶ	7481	
どちらかというと	どちらかというと	7482	
ちょうどよい	ちょうどよい	7483	
ロシア	ロシア	7484	
のんき	のんき	7485	
しかける	しかける	7486	
そのうちに	そのうちに	7487	
はな	はな	7488	
あげく	あげく	7489	
せいにする	せいにする	7490	
がかり	がかり	7491	
をおいて	をおいて	7493	
打ち消す	うちけす	7494	137139
ゆる	ゆる	7495	
すくう	すくう	7496	
仕方のない	しかたのない	7497	38284
申し込む	もうしこむ	7498	166477
一息つく	ひといきつく	7499	187223
汗をかく	あせをかく	7500	153644
家	や	7501	
色	しょく	7502	
葬る	ほうむる	7504	90145
物足りない	ものたりない	7505	135732
気を取られる	きをとられる	7506	287993
この通り	このとおり	7507	13287
憂い	うれい	7508	68678
影響力	えいきょうりょく	7509	265321
顔見知り	かおみしり	7510	
強固	きょうこ	7511	69078
ついて来る	ついてくる	7512	2134
お伺い	おうかがい	7513	44597
背が高い	せがたかい	7514	262773
年代	ねんだい	7515	300375
参考	さんこう	7516	109728
口を出す	くちをだす	7517	225066
閉鎖	へいさ	7518	302806
認定	にんてい	7519	
公平	こうへい	7520	101064
やり過ごす	やりすごす	7521	27591
政治的	せいじてき	7522	296074
アルコール	アルコール	7523	
明	めい	7524	
写真を撮る	しゃしんをとる	7525	295219
項目	こうもく	7526	143649
年生	ねんせい	7527	278486
図星	ずぼし	7528	91407
活気	かっき	7529	102309
辛抱	しんぼう	7530	46899
見破る	みやぶる	7531	139715
潔い	いさぎよい	7532	36887
細か	こまか	7533	45981
今週	こんしゅう	7534	
事柄	ことがら	7535	50494
迅速	じんそく	7536	108446
代金	だいきん	7537	222454
価格	かかく	7538	
無性に	むしょうに	7539	68196
連れ込む	つれこむ	7540	70486
直ちに	ただちに	7541	10978
言葉遣い	ことばづかい	7542	89782
盛ん	さかん	7543	20398
単独	たんどく	7544	137834
合理的	ごうりてき	7545	225896
判定	はんてい	7546	224318
人より	ひとより	7547	77673
旨	むね	7548	80623
詮索	せんさく	7549	
念を押す	ねんをおす	7550	163195
片っ端から	かたっぱしから	7551	51891
妥協	だきょう	7552	132238
溶け込む	とけこむ	7553	57489
所在	しょざい	7554	162268
数年前	すうねんまえ	7555	
安易	あんい	7556	
遂行	すいこう	7557	111213
汲む	くむ	7558	20607
電源	でんげん	7559	301682
店舗	てんぽ	7560	112685
責任を取る	せきにんをとる	7561	267087
持て余す	もてあます	7562	26888
かん	かん	7563	
安	やす	7564	
食い止める	くいとめる	7565	68690
生死	せいし	7566	
恋しい	こいしい	7567	127200
素質	そしつ	7568	229586
育ち	そだち	7569	86532
市内	しない	7570	
延びる	のびる	7571	12780
甲斐がある	かいがある	7572	23591
溝	みぞ	7573	37995
誠意	せいい	7574	233912
言い張る	いいはる	7575	83136
克服	こくふく	7576	150453
つむ	つむ	7577	
ある種	あるしゅ	7578	
休める	やすめる	7579	63096
にわたって	にわたって	7580	
くら	くら	7581	
ほかにも	ほかにも	7582	
あたかも	あたかも	7583	
近いうちに	ちかいうちに	7584	163198
ふさぐ	ふさぐ	7585	
かかわる	かかわる	7586	
またまた	またまた	7587	
売り上げ	うりあげ	7588	242343
３時	さんじ	7589	248578
させていただく	させていただく	7590	
しまい	しまい	7591	
たやすい	たやすい	7592	
と言ってもいい	といってもいい	7593	23888
実際のところ	じっさいのところ	7594	97459
あいさつ	あいさつ	7595	
色とりどり	いろとりどり	7596	124412
つぶる	つぶる	7597	
わけにはいきません	わけにはいきません	7598	
道のり	みちのり	7599	83249
ねる	ねる	7600	
移行	いこう	7602	41797
手先	てさき	7603	194663
大手	おおて	7604	195511
見送り	みおくり	7605	
それはそれは	それはそれは	7606	
賢明	けんめい	7607	
健在	けんざい	7608	181481
ことにより	ことにより	7609	
この目で	このめで	7610	
面識	めんしき	7611	
乾燥	かんそう	7612	94477
片足	かたあし	7613	166621
冴える	さえる	7614	21499
適度	てきど	7615	252181
必然的	ひつぜんてき	7616	292898
心の準備	こころのじゅんび	7617	217661
承認	しょうにん	7618	73599
端から	はしから	7619	64494
古びる	ふるびる	7620	116671
気分が悪い	きぶんがわるい	7621	316847
最小限	さいしょうげん	7622	
まいか	まいか	7623	
同席	どうせき	7624	
安らか	やすらか	7625	59580
娯楽	ごらく	7626	126229
大統領	だいとうりょう	7627	150903
読み上げる	よみあげる	7628	168856
まんまと	まんまと	7629	
何千	なんぜん	7630	
談笑	だんしょう	7631	292479
仕返し	しかえし	7632	74593
毎度	まいど	7633	31298
取り合う	とりあう	7634	35599
子孫	しそん	7635	203592
弱まる	よわまる	7636	164365
お見通し	おみとおし	7637	200400
旅に出る	たびにでる	7638	190737
盛り上げる	もりあげる	7639	97261
思い通り	おもいどおり	7640	229675
腹を立てる	はらをたてる	7641	162495
ごゆっくり	ごゆっくり	7642	
運用	うんよう	7643	215527
簡潔	かんけつ	7644	131280
満つ	みつ	7645	28101
もち	もち	7646	
絶つ	たつ	7647	7001
追い返す	おいかえす	7648	160290
一様	いちよう	7649	78889
改良	かいりょう	7650	159855
ベース	ベース	7651	
間際	まぎわ	7652	54484
限度	げんど	7653	281567
何か用	なんかよう	7654	151058
退散	たいさん	7655	99580
多大	ただい	7656	65586
とどめる	とどめる	7657	
発覚	はっかく	7658	193494
空想	くうそう	7659	164453
泊める	とめる	7660	
語り合う	かたりあう	7661	198647
手っ取り早い	てっとりばやい	7662	85615
ガタガタ	ガタガタ	7663	
懲りる	こりる	7664	34686
自負	じふ	7665	112236
どうやったら	どうやったら	7666	
お世辞	おせじ	7667	87515
形跡	けいせき	7668	125218
依存	いぞん	7669	141333
割く	さく	7670	20002
確立	かくりつ	7671	206375
充満	じゅうまん	7672	186736
言い過ぎる	いいすぎる	7673	77427
接点	せってん	7674	309027
入れ	いれ	7675	
この上	このうえ	7676	41689
数千	すうせん	7677	274235
業界	ぎょうかい	7678	
素朴	そぼく	7679	87525
絶大	ぜつだい	7680	
勇敢	ゆうかん	7681	102280
その下に	そのしたに	7682	
味がする	あじがする	7683	170453
乗り気	のりき	7684	152495
さい	さい	7685	
おかげさまで	おかげさまで	7686	
自分のために	じぶんのために	7687	191203
細かいこと	こまかいこと	7688	83217
３	さん	7689	85401
早く	はやく	7690	78082
話し声	はなしごえ	7691	
そうとも	そうとも	7692	
想像がつく	そうぞうがつく	7693	257989
次に	つぎに	7694	31049
まったい	まったい	7695	
かす	かす	7696	
３回	さんかい	7697	306967
かわる	かわる	7698	
踏みにじる	ふみにじる	7699	60887
思いつき	おもいつき	7700	237518
石	こく	7701	
対	つい	7702	128601
悪気	わるぎ	7703	199290
同一	どういつ	7704	
反映	はんえい	7705	195372
注意深い	ちゅういぶかい	7706	
隅々	すみずみ	7707	35789
中間	ちゅうかん	7708	115415
解明	かいめい	7709	255865
中学校	ちゅうがっこう	7710	231302
出産	しゅっさん	7711	294993
サッカー	サッカー	7712	
押し上げる	おしあげる	7713	89368
郊外	こうがい	7714	
親族	しんぞく	7715	309269
弁解	べんかい	7716	163875
不運	ふうん	7717	20788
何時間	なんじかん	7718	245216
審査	しんさ	7719	
怖い顔	こわいかお	7720	213716
強まる	つよまる	7721	147680
取り入れる	とりいれる	7722	77655
株	かぶ	7723	24694
実質	じっしつ	7724	
小石	こいし	7725	70285
誠に	まことに	7726	7389
臭	しゅう	7727	
無知	むち	7728	29503
人柄	ひとがら	7729	115723
見苦しい	みぐるしい	7730	113992
名称	めいしょう	7731	136917
漢字	かんじ	7732	231572
次ぐ	つぐ	7733	56501
印刷	いんさつ	7734	212203
活発	かっぱつ	7735	89500
沿う	そう	7736	7601
発明	はつめい	7737	142955
苦	く	7738	
参考になる	さんこうになる	7739	198158
制	せい	7740	
過激	かげき	7741	274824
っぱ	っぱ	7742	
職務	しょくむ	7743	
会合	かいごう	7744	214268
暮れる	くれる	7745	66301
番目	ばんめ	7746	106743
表明	ひょうめい	7747	
無口	むくち	7748	160488
喜ばしい	よろこばしい	7749	66397
センター	センター	7750	
数回	すうかい	7751	
念入り	ねんいり	7752	162460
だるい	だるい	7753	
消化	しょうか	7754	37389
間隔	かんかく	7755	
良好	りょうこう	7756	208948
押し切る	おしきる	7757	113154
全面的	ぜんめんてき	7758	
蓄える	たくわえる	7759	31786
何物	なにもの	7760	19092
強要	きょうよう	7761	
コミュニケーション	コミュニケーション	7762	
日中	にっちゅう	7763	250090
かる	かる	7764	
愛想	あいそ	7765	57194
視野	しや	7766	67498
産	さん	7767	
辞退	じたい	7768	293184
愛す	あいす	7769	68097
意義	いぎ	7770	46878
過ぎ去る	すぎさる	7771	97129
期限	きげん	7772	
早まる	はやまる	7773	67280
参考にする	さんこうにする	7774	217777
注意を払う	ちゅういをはらう	7775	293453
範囲内	はんいない	7776	
ギャップ	ギャップ	7777	
発行	はっこう	7778	
食後	しょくご	7779	248943
依然として	いぜんとして	7780	101145
その道	そのみち	7781	199584
か否か	かいなか	7782	163800
主要	しゅよう	7783	127286
し始める	しはじめる	7784	24390
アプローチ	アプローチ	7785	
然	ぜん	7786	
どころではない	どころではない	7787	
目につく	めにつく	7788	167161
閉じこもる	とじこもる	7789	56699
かわり	かわり	7790	
くの	くの	7791	
際に	さいに	7792	49180
身なり	みなり	7793	50686
そろえる	そろえる	7794	
うつる	うつる	7795	
ふるう	ふるう	7796	
たたえる	たたえる	7797	
ふだん	ふだん	7798	
年ぶり	ねんぶり	7799	265463
そのくせ	そのくせ	7800	
行	ぎょう	7801	33017
米	べい	7802	73596
着用	ちゃくよう	7803	
前者	ぜんしゃ	7804	272268
待遇	たいぐう	7805	150139
乗客	じょうきゃく	7806	283527
要領	ようりょう	7807	
復興	ふっこう	7808	202953
日課	にっか	7809	74689
ステップ	ステップ	7810	
色彩	しきさい	7811	229830
需要	じゅよう	7812	
打ち切る	うちきる	7813	110980
元来	がんらい	7814	110721
衝撃的	しょうげきてき	7815	292832
乗り出す	のりだす	7816	40577
を巡って	をめぐって	7817	15997
写す	うつす	7818	51483
連日	れんじつ	7819	264010
一から	いちから	7820	68378
総合	そうごう	7821	68495
出版	しゅっぱん	7822	130742
無関心	むかんしん	7823	284530
主催	しゅさい	7824	220100
一目見る	ひとめみる	7825	244703
自分一人	じぶんひとり	7826	141569
打	だ	7827	
葬式	そうしき	7828	120222
肉体的	にくたいてき	7829	294807
につれ	につれ	7830	
仕立てる	したてる	7831	61289
糧	かて	7832	248597
乱れ	みだれ	7833	284769
署名	しょめい	7834	165995
就任	しゅうにん	7835	258492
見通し	みとおし	7836	
縮まる	ちぢまる	7837	75310
見通す	みとおす	7838	119401
順	じゅん	7839	31796
どうしてる	どうしてる	7840	
夜が明ける	よがあける	7841	
呼び名	よびな	7842	
一軒	いっけん	7843	
破綻	はたん	7844	73073
長生き	ながいき	7845	187058
洗練	せんれん	7846	167734
同居	どうきょ	7847	216402
終始	しゅうし	7848	120127
そうでない	そうでない	7849	
経歴	けいれき	7850	215423
和らぐ	やわらぐ	7851	34488
料金	りょうきん	7852	217282
減少	げんしょう	7853	121417
立ち上げる	たちあげる	7854	198000
対話	たいわ	7855	81432
備わる	そなわる	7856	53783
オープン	オープン	7857	
路上	ろじょう	7858	221792
際立つ	きわだつ	7859	57286
分間	ふんかん	7860	312526
故障	こしょう	7861	229499
投資	とうし	7862	105260
安心感	あんしんかん	7863	
感情的	かんじょうてき	7864	304439
共同	きょうどう	7865	128487
良心	りょうしん	7866	123384
組み立てる	くみたてる	7867	183351
日間	ひあい	7868	
古くから	ふるくから	7869	150165
関東	かんとう	7870	
発売	はつばい	7871	282420
夜遅く	よるおそく	7872	
悪者	わるもの	7873	68188
金銭	きんせん	7874	108369
災害	さいがい	7875	131810
しく	しく	7876	
まく	まく	7877	
一端	いったん	7878	
困ったこと	こまったこと	7879	90906
損なう	そこなう	7880	25085
すます	すます	7881	
わきまえる	わきまえる	7882	
めったに	めったに	7883	
結びつく	むすびつく	7884	81924
うら	うら	7885	
結びつける	むすびつける	7886	73296
見当がつく	けんとうがつく	7887	127857
にあたり	にあたり	7888	
支払い	しはらい	7889	275101
かぶせる	かぶせる	7890	
ありのまま	ありのまま	7891	
けが	けが	7892	
手をつける	てをつける	7893	
あおる	あおる	7894	
早すぎる	はやすぎる	7895	102394
ばかりか	ばかりか	7896	
立ち会う	たちあう	7897	112004
顧みる	かえりみる	7898	29582
このところ	このところ	7899	
しかた	しかた	7900	
次	じ	7901	
各	おのおの	7902	20689
中にも	なかにも	7903	35090
不都合	ふつごう	7904	162010
短期間	たんきかん	7905	275460
気がある	きがある	7906	84051
世話をする	せわをする	7907	140467
撤回	てっかい	7908	143512
半数	はんすう	7909	105934
方向性	ほうこうせい	7910	249535
後押し	あとおし	7911	126535
断固	だんこ	7912	206397
収集	しゅうしゅう	7913	50291
平日	へいじつ	7914	223007
軽快	けいかい	7915	107214
実物	じつぶつ	7916	237584
想像力	そうぞうりょく	7917	
理想的	りそうてき	7918	313340
思う存分	おもうぞんぶん	7919	185543
軸	じく	7920	35088
痛感	つうかん	7921	285919
沖	おき	7922	24384
集	しゅう	7923	
改まる	あらたまる	7924	32984
注視	ちゅうし	7925	
災難	さいなん	7926	121380
劇的	げきてき	7927	228897
効率的	こうりつてき	7928	265684
遅れ	おくれ	7929	51082
印象的	いんしょうてき	7930	258824
身元	みもと	7931	86520
中心部	ちゅうしんぶ	7932	
負	ふ	7933	
に当たり	にあたり	7934	7888
政策	せいさく	7935	
直面	ちょくめん	7936	
初めに	はじめに	7937	8197
料	りょう	7938	
偏見	へんけん	7939	151393
歴史的	れきしてき	7940	
設立	せつりつ	7941	315467
転じる	てんじる	7942	
ならでは	ならでは	7943	
格段	かくだん	7944	166807
繁栄	はんえい	7945	
人気がある	にんきがある	7946	
事実上	じじつじょう	7947	255686
インタビュー	インタビュー	7948	
かかわらず	かかわらず	7949	
責任を持つ	せきにんをもつ	7950	287469
混雑	こんざつ	7951	152437
面積	めんせき	7952	264622
代える	かえる	7953	
調	ちょう	7954	
催す	もよおす	7955	35394
導入	どうにゅう	7956	
メーカー	メーカー	7957	
学生時代	がくせいじだい	7958	251360
南部	なんぶ	7959	136566
不公平	ふこうへい	7960	201913
に限らず	にかぎらず	7961	295178
も一つ	もひとつ	7962	20190
生き生き	いきいき	7963	32797
早める	はやめる	7964	36578
存続	そんぞく	7965	298492
痛める	いためる	7966	
このため	このため	7967	
と見られる	とみられる	7968	19497
農家	のうか	7969	311854
情勢	じょうせい	7970	
いと	いと	7971	
たびたび	たびたび	7972	
かれる	かれる	7973	
ことし	ことし	7974	
１万	いちまん	7975	125334
ふた	ふた	7976	
２週間	にしゅうかん	7977	286854
あさ	あさ	7978	
インド	インド	7979	
みずから	みずから	7980	
１０日	とおか	7981	153467
ありあり	ありあり	7982	
このように	このように	7983	
かけ離れる	かけはなれる	7984	60079
さえない	さえない	7985	
１０時	じゅうじ	7986	119912
なれる	なれる	7987	
みなす	みなす	7988	
５日	いつか	7989	
またがる	またがる	7990	
４年	よねん	7991	
とらわれる	とらわれる	7992	
急に	きゅうに	7993	63088
心がける	こころがける	7994	113764
はねる	はねる	7995	
心身	しんしん	7996	222355
５	ご	7997	
４つ	よっつ	7998	56791
見なす	みなす	7999	7988
しのぐ	しのぐ	8000	
末	まつ	8001	
着	ちゃく	8002	48487
文書	ぶんしょ	8003	222338
尽力	じんりょく	8004	128005
診断	しんだん	8005	
交互に	こうごに	8006	254102
日程	にってい	8007	
請求	せいきゅう	8008	
毎日毎日	まいにちまいにち	8009	214583
浸透	しんとう	8010	292211
省く	はぶく	8011	46797
悩ます	なやます	8012	66376
必要性	ひつようせい	8013	
その一方	そのいっぽう	8014	102730
妨げる	さまたげる	8015	45187
便	びん	8016	
費	ひ	8017	
脱する	だっする	8018	97885
正午	しょうご	8019	120911
典型的	てんけいてき	8020	287159
親しみ	したしみ	8021	258524
容疑	ようぎ	8022	175635
営む	いとなむ	8023	66393
日常生活	にちじょうせいかつ	8024	
実質的	じっしつてき	8025	
手法	しゅほう	8026	
格別	かくべつ	8027	60085
適用	てきよう	8028	268908
着実	ちゃくじつ	8029	
順序	じゅんじょ	8030	127888
実態	じったい	8031	200553
全体で	ぜんたいで	8033	117914
改革	かいかく	8034	212488
無条件	むじょうけん	8035	250428
受け付ける	うけつける	8036	85544
付け	つけ	8037	97322
転落	てんらく	8038	151084
措置	そち	8039	207770
歴代	れきだい	8040	308356
毎月	まいつき	8041	244947
富む	とむ	8042	53494
極度	きょくど	8043	
戦後	せんご	8044	137689
言い渡す	いいわたす	8045	102139
従来	じゅうらい	8046	232362
試み	こころみ	8047	68297
日常的	にちじょうてき	8048	
柔軟	じゅうなん	8049	164703
掲載	けいさい	8050	190345
担当者	たんとうしゃ	8051	
世界的	せかいてき	8052	
防止	ぼうし	8053	108976
病気になる	びょうきになる	8054	150242
経済的	けいざいてき	8055	285538
横浜	よこはま	8056	124036
自分なり	じぶんなり	8057	
発信	はっしん	8058	245857
言及	げんきゅう	8059	219114
県	けん	8060	
実施	じっし	8061	193106
近年	きんねん	8062	301061
普及	ふきゅう	8063	117673
原則	げんそく	8064	130463
訴え	うったえ	8065	127270
進出	しんしゅつ	8066	255964
住宅	じゅうたく	8067	269454
携わる	たずさわる	8068	49282
インターネット	インターネット	8069	
転換	てんかん	8070	
ビジネス	ビジネス	8071	
産業	さんぎょう	8072	186150
第一歩	だいいっぽ	8073	
自立	じりつ	8074	
民間	みんかん	8075	
定着	ていちゃく	8076	
望ましい	のぞましい	8077	127003
好	こう	8078	
長期	ちょうき	8079	210465
不当	ふとう	8080	79278
影響を及ぼす	えいきょうをおよぼす	8081	297046
厳格	げんかく	8082	142951
個別	こべつ	8083	246539
協議	きょうぎ	8084	
メディア	メディア	8085	
規制	きせい	8086	
４時	よじ	8087	88603
５時	ごじ	8088	65585
４月	しがつ	8089	120354
ためる	ためる	8090	
当てはまる	あてはまる	8091	37893
８時	はちじ	8092	140907
思いやり	おもいやり	8093	167156
はじめとする	はじめとする	8094	
４日	よっか	8095	66189
ならう	ならう	8096	
９時	くじ	8097	
６時	ろくじ	8098	185233
７時	しちじ	8099	191597
つなげる	つなげる	8100	
合意	ごうい	8101	134984
観点	かんてん	8102	163342
全般	ぜんぱん	8103	286569
教訓	きょうくん	8104	202919
両国	りょうこく	8105	276539
景気	けいき	8106	115848
会見	かいけん	8107	134569
輸入	ゆにゅう	8108	
意欲	いよく	8109	105768
余儀なくされる	よぎなくされる	8110	132172
相次ぐ	あいつぐ	8111	75683
役割を果たす	やくわりをはたす	8112	
国際	こくさい	8113	214421
緩和	かんわ	8114	104149
不可欠	ふかけつ	8115	
先立つ	さきだつ	8116	81424
東京都	とうきょうと	8117	
打ち出す	うちだす	8118	108182
幅広い	はばひろい	8119	213190
冒頭	ぼうとう	8120	150266
平成	へいせい	8121	
に基づいて	にもとづいて	8122	49692
魔物	まもの	8123	164700
俺達	おれたち	8124	74193
殿下	でんか	8125	134706
婚約者	こんやくしゃ	8126	141913
令嬢	れいじょう	8127	
勇者	ゆうしゃ	8128	75167
魔王	まおう	8129	
陛下	へいか	8130	152980
スキル	スキル	8131	
隊長	たいちょう	8132	116901
魔術	まじゅつ	8133	105715
魔女	まじょ	8134	78452
国王	こくおう	8135	250553
王都	おうと	8136	108646
お姉	おねえ	8137	36085
結界	けっかい	8138	
帝国	ていこく	8139	127038
頰	ほお	8140	8699
嬢	じょう	8141	19574
伯爵	はくしゃく	8142	113396
姉さん	ねえさん	8143	29197
精霊	せいれい	8144	91327
スマホ	スマホ	8145	
族	ぞく	8146	31099
召喚	しょうかん	8147	
王族	おうぞく	8148	253037
使用人	しようにん	8149	
おっぱい	おっぱい	8150	
公爵	こうしゃく	8151	
王女	おうじょ	8152	228015
筈	はず	8153	206
水着	みずぎ	8154	149225
ウチ	ウチ	8155	
父上	ちちうえ	8156	161755
刑事	けいじ	8157	167209
勿論	もちろん	8158	266
魔法使い	まほうつかい	8159	105532
声を掛ける	こえをかける	8160	158843
兵器	へいき	8161	238278
討伐	とうばつ	8162	168332
エッチ	エッチ	8163	
クラスメイト	クラスメイト	8164	
将軍	しょうぐん	8165	102829
噓	うそ	8166	2769
妖精	ようせい	8167	73894
ボス	ボス	8168	
流石に	さすがに	8169	693
騎士団	きしだん	8170	180104
種族	しゅぞく	8171	187538
領地	りょうち	8172	
属性	ぞくせい	8173	153629
リビング	リビング	8174	
寮	りょう	8175	
兄様	にいさま	8176	40791
侍女	じじょ	8177	
冒険者	ぼうけんしゃ	8178	118749
貴女	きじょ	8179	285511
王宮	おうきゅう	8180	
異世界	いせかい	8181	193914
アイテム	アイテム	8182	
龍	りゅう	8183	20799
洞窟	どうくつ	8184	71183
ランク	ランク	8185	
変身	へんしん	8186	94724
アンタ	アンタ	8187	
このうち	このうち	8188	
身につく	みにつく	8189	159247
じゃねー	じゃねー	8190	
基づく	もとづく	8191	49889
オレ	オレ	8192	
アイツ	アイツ	8193	
ボク	ボク	8194	
３月	さんがつ	8195	241131
キミ	キミ	8196	
はじめに	はじめに	8197	
ハァ	ハァ	8198	
そなた	そなた	8199	
きみ	きみ	8200	
石	せき	8201	
モンスター	モンスター	8202	
近付く	ちかづく	8203	49797
領	りょう	8204	
領主	りょうしゅ	8205	
弾丸	だんがん	8206	161513
街道	かいどう	8207	68594
双子	ふたご	8208	60091
嚙む	かむ	8209	6897
王様	おうさま	8210	88681
ドラゴン	ドラゴン	8211	
転移	てんい	8212	254109
ギルド	ギルド	8213	
当主	とうしゅ	8214	
執事	しつじ	8215	251385
魔術師	まじゅつし	8216	240963
○	まる	8217	
里	さと	8218	23747
兄ちゃん	にいちゃん	8219	24389
喰らう	くらう	8220	8795
皇帝	こうてい	8221	
王家	おうけ	8222	
相棒	あいぼう	8223	209605
お前さん	おまえさん	8224	68695
旦那様	だんなさま	8225	45391
狩る	かる	8226	
漆黒	しっこく	8227	
前世	ぜんせい	8228	
摑む	つかむ	8229	1798
ヒロイン	ヒロイン	8230	
暗殺	あんさつ	8231	207475
祭	まつり	8232	30884
エレベーター	エレベーター	8233	
お嬢	おじょう	8234	58089
団長	だんちょう	8235	143403
呻く	うめく	8236	10393
飛行	ひこう	8237	82940
店長	てんちょう	8238	182615
王妃	おうひ	8239	307808
生徒会	せいとかい	8240	279119
聖女	せいじょ	8241	
神殿	しんでん	8242	
呟き	つぶやき	8243	12784
強張る	こわばる	8244	9588
姉ちゃん	ねえちゃん	8245	17883
マント	マント	8246	
巨体	きょたい	8247	
プレイ	プレイ	8248	
声音	せいおん	8249	
股間	こかん	8250	182117
鞘	さや	8251	28199
平民	へいみん	8252	213668
クッキー	クッキー	8253	
何処	どこ	8254	148
エリア	エリア	8255	
討つ	うつ	8256	
厨房	ちゅうぼう	8257	104904
叩き込む	たたきこむ	8258	52490
村人	むらびと	8259	151480
つーか	つーか	8260	
云う	いう	8261	86
弾く	はじく	8262	9397
足下	あしもと	8263	70890
侯爵	こうしゃく	8264	
屋台	やたい	8265	253004
息を呑む	いきをのむ	8266	182592
加護	かご	8267	
盗賊	とうぞく	8268	135150
クリスマス	クリスマス	8269	
仕留める	しとめる	8270	22686
ねん	ねん	8271	
卿	きょう	8272	
探偵	たんてい	8273	94768
訊ねる	たずねる	8274	8790
使者	ししゃ	8275	219254
激突	げきとつ	8276	186709
細める	ほそめる	8277	62884
方が良い	ほうがいい	8278	1849
ぬいぐるみ	ぬいぐるみ	8279	
事はない	ことはない	8280	591
コイツ	コイツ	8282	
首をかしげる	くびをかしげる	8283	140019
アタシ	アタシ	8284	
さー	さー	8285	
ご主人様	ごしゅじんさま	8286	54597
ハア	ハア	8287	
パーティ	パーティ	8288	
うしろ	うしろ	8289	
ウサギ	ウサギ	8290	
なにせ	なにせ	8291	
アハハ	アハハ	8292	
気持	きもち	8293	19095
分る	わかる	8294	455
コレ	コレ	8295	
見やる	みやる	8296	65681
ううむ	ううむ	8297	
仰る	おっしゃる	8298	2031
おじいちゃん	おじいちゃん	8299	
ぜんぜん	ぜんぜん	8300	
警官	けいかん	8301	
唾液	だえき	8302	115738
ワンピース	ワンピース	8303	
薔薇	ばら	8304	16491
ロボット	ロボット	8305	
軍人	ぐんじん	8306	162574
拳銃	けんじゅう	8307	159009
ピアノ	ピアノ	8308	
部員	ぶいん	8309	128244
握り締める	にぎりしめる	8310	36496
蹴り	けり	8311	154234
病室	びょうしつ	8312	175302
包帯	ほうたい	8313	62583
じゃろう	じゃろう	8314	
従者	じゅうしゃ	8315	152690
事にする	ことにする	8316	395
見張り	みはり	8317	128567
乳首	ちくび	8318	51500
むむ	むむ	8319	
銃声	じゅうせい	8320	242063
ちん	ちん	8321	
躊躇う	ためらう	8322	4986
坊	ぼう	8323	289048
ロープ	ロープ	8324	
くすくす	くすくす	8325	
締め付ける	しめつける	8326	28585
カフェ	カフェ	8327	
結晶	けっしょう	8328	137508
広間	ひろま	8329	130707
ヶ	ヶ	8330	
砂漠	さばく	8331	64531
叔父	おじ	8332	10317
巫女	みこ	8333	33386
大将	たいしょう	8334	
テント	テント	8335	
モニター	モニター	8336	
絶頂	ぜっちょう	8337	169421
部室	ぶしつ	8338	194622
潜入	せんにゅう	8339	183716
感知	かんち	8340	
邪悪	じゃあく	8341	151508
お陰で	おかげで	8342	886
鋼	はがね	8343	59290
マイク	マイク	8344	
気持ち良い	きもちいい	8345	18583
剣士	けんし	8346	101581
怯む	ひるむ	8347	11300
バイク	バイク	8348	
治癒	ちゆ	8349	77918
ローブ	ローブ	8350	
蠢く	うごめく	8351	13983
庭園	ていえん	8352	256423
抱き締める	だきしめる	8353	47973
解る	わかる	8354	455
フロア	フロア	8355	
檻	おり	8356	
包囲	ほうい	8357	226601
咆哮	ほうこう	8358	
乳房	ちぶさ	8359	78399
ああん	ああん	8360	
推理	すいり	8361	187648
軋む	きしむ	8362	17096
雫	しずく	8363	19696
如き	ごとき	8364	3691
胴体	どうたい	8365	152986
戦術	せんじゅつ	8366	165432
閣下	かっか	8367	287601
男爵	だんしゃく	8368	139737
煙草	たばこ	8369	20386
無傷	むきず	8370	
決闘	けっとう	8371	
轟音	ごうおん	8372	
突き立てる	つきたてる	8373	64193
フード	フード	8374	
魔法陣	まほうじん	8375	190211
ぶっちゃける	ぶっちゃける	8376	
体育館	たいいくかん	8377	239207
耐性	たいせい	8378	
長身	ちょうしん	8379	
向う	むかう	8380	10093
ソファー	ソファー	8381	
はー	はー	8382	
一ヶ月	いっかげつ	8383	275724
凍りつく	こおりつく	8384	83382
灯り	あかり	8385	14099
あははは	あははは	8386	
ネズミ	ネズミ	8387	
悲鳴をあげる	ひめいをあげる	8388	148758
ツッコミ	ツッコミ	8389	
クズ	クズ	8390	
おっきい	おっきい	8391	
だいじょうぶ	だいじょうぶ	8392	
デカい	デカい	8393	
なにしろ	なにしろ	8394	
我らが	われらが	8395	124377
間合い	まあい	8396	150749
ふい	ふい	8397	
ご主人	ごしゅじん	8398	77103
あのう	あのう	8399	
あいだ	あいだ	8400	
炎	えん	8401	
真	しん	8402	
アイス	アイス	8403	
丁度	ちょうど	8404	1006
淹れる	いれる	8405	251917
中々	なかなか	8406	405
激痛	げきつう	8407	
崎	さき	8408	
同盟	どうめい	8409	
執務室	しつむしつ	8410	283042
補給	ほきゅう	8411	203193
チョコ	チョコ	8412	
折角	せっかく	8413	746
容易い	たやすい	8414	7592
先代	せんだい	8415	108312
砦	とりで	8416	46291
子供達	こどもたち	8417	70497
薬草	やくそう	8418	312227
護る	まもる	8419	18589
突き上げる	つきあげる	8420	48489
習得	しゅうとく	8421	209748
援護	えんご	8422	109880
担任	たんにん	8423	159283
追撃	ついげき	8424	197233
視線を落とす	しせんをおとす	8425	
お前達	おまえたち	8426	10481
跳躍	ちょうやく	8427	169014
迷宮	めいきゅう	8428	142105
触手	しょくしゅ	8429	
温もり	ぬくもり	8430	10694
エプロン	エプロン	8431	
上級	じょうきゅう	8432	187636
壁際	かべぎわ	8433	112381
事が出来る	ことができる	8434	319
祖母	そぼ	8435	86003
課	か	8436	
判る	わかる	8437	455
凛	りん	8438	
酒場	さかば	8439	194591
変装	へんそう	8440	
坊主	ぼうず	8441	57692
迂闊	うかつ	8442	11098
草原	そうげん	8443	
壊滅	かいめつ	8444	104060
汝	な	8445	
その辺り	そのあたり	8446	8696
有る	ある	8447	14
気合	きあい	8448	199052
閃光	せんこう	8449	
筆頭	ひっとう	8450	184508
決戦	けっせん	8451	196963
チケット	チケット	8452	
精液	せいえき	8453	141729
ステータス	ステータス	8454	
混じり	まじり	8455	13587
ひょっとしたら	ひょっとしたら	8456	
鑑定	かんてい	8457	255695
辺境	へんきょう	8458	
無し	なし	8459	1108
足止め	あしどめ	8460	285356
繋がり	つながり	8461	7286
列車	れっしゃ	8462	164023
斧	おの	8463	27399
昨晩	さくばん	8464	274570
次期	じき	8465	
無様	ぶざま	8466	29489
浄化	じょうか	8467	241582
傭兵	ようへい	8468	110345
凶悪	きょうあく	8469	288024
エロい	エロい	8470	
兄上	あにうえ	8471	117200
短剣	たんけん	8472	
歩き始める	あるきはじめる	8473	211506
遺跡	いせき	8474	
水晶	すいしょう	8475	
っつー	っつー	8476	
殲滅	せんめつ	8477	77170
邸	てい	8478	
あの娘	あのこ	8479	163263
絡みつく	からみつく	8480	24593
溜息	ためいき	8481	42099
まー	まー	8482	
思いだす	おもいだす	8483	58599
クマ	クマ	8484	
殆ど	ほとんど	8485	388
切り札	きりふだ	8486	307067
ゆう	ゆう	8487	
キレイ	キレイ	8488	
太もも	ふともも	8489	27196
お主	おぬし	8490	9585
あはははは	あはははは	8491	
つづく	つづく	8492	
ン	ン	8493	
はっはっは	はっはっは	8494	
ご存知	ごぞんじ	8495	44886
裏切り者	うらぎりもの	8496	102913
舞	まい	8497	68601
飛びかかる	とびかかる	8498	38390
照れくさい	てれくさい	8499	58583
すてき	すてき	8500	
絨毯	じゅうたん	8501	32188
文化祭	ぶんかさい	8502	160959
ちょっぴり	ちょっぴり	8503	
剣術	けんじゅつ	8504	216047
チョコレート	チョコレート	8505	
消失	しょうしつ	8506	199278
ぎょっと	ぎょっと	8507	
蝶	ちょう	8508	105039
秘書	ひしょ	8509	149158
体育	たいいく	8510	185214
特訓	とっくん	8511	
嫁ぐ	とつぐ	8512	87656
ランプ	ランプ	8513	
一年生	いちねんせい	8514	190164
受け流す	うけながす	8515	160274
なんざ	なんざ	8516	
江戸	えど	8517	54489
瞬く間に	またたくまに	8518	43093
腹部	ふくぶ	8519	
配下	はいか	8520	196154
物資	ぶっし	8521	109345
宴	うたげ	8522	61894
帝	みかど	8523	53984
妾	めかけ	8524	50488
三階	さんがい	8525	
訳じゃない	わけじゃない	8526	1351
嘆息	たんそく	8527	301707
制圧	せいあつ	8528	234990
パーセント	パーセント	8529	
蜜	みつ	8530	20545
妖怪	ようかい	8531	
その事	そのこと	8532	1093
ダンジョン	ダンジョン	8533	
命中	めいちゅう	8534	202561
てめぇ	てめぇ	8535	
称号	しょうごう	8536	196188
助手	じょしゅ	8537	150902
侵入者	しんにゅうしゃ	8538	213699
ベルト	ベルト	8539	
恐い	こわい	8540	4689
回り込む	まわりこむ	8541	43497
シャッター	シャッター	8542	
校内	こうない	8543	
エルフ	エルフ	8544	
狐	きつね	8545	34772
セックス	セックス	8546	
看護師	かんごし	8547	248729
きゅっと	きゅっと	8548	
恰好	かっこう	8549	18590
身に着ける	みにつける	8550	168424
革	かわ	8551	42401
スルー	スルー	8552	
詠唱	えいしょう	8553	151729
マスク	マスク	8554	
至近距離	しきんきょり	8555	283786
料理人	りょうりにん	8556	257974
唖然	あぜん	8557	51197
妃	ひ	8558	
火傷	やけど	8559	8590
コンクリート	コンクリート	8560	
絵を描く	えをかく	8561	154198
虚空	こくう	8562	77861
無敵	むてき	8563	116947
図書室	としょしつ	8564	305347
流石	さすが	8565	900
処	ところ	8566	104
異国	いこく	8567	221562
必殺	ひっさつ	8568	104729
之	これ	8569	34
亀裂	きれつ	8570	
幻覚	げんかく	8571	
蹂躙	じゅうりん	8572	55384
金貨	きんか	8573	
役人	やくにん	8574	258185
燃え上がる	もえあがる	8575	101875
為す	なす	8576	1972
っしょ	っしょ	8577	
零れる	こぼれる	8578	3692
射精	しゃせい	8579	105558
もじもじ	もじもじ	8580	
片付け	かたづけ	8581	65478
開閉	かいへい	8582	300600
距離を詰める	きょりをつめる	8583	
すげぇ	すげぇ	8584	
ぜんぶ	ぜんぶ	8585	
それより	それより	8586	
ワシ	ワシ	8587	
友だち	ともだち	8588	25100
メガネ	メガネ	8589	
やけど	やけど	8590	
幼なじみ	おさななじみ	8591	76735
あした	あした	8592	
ちょいと	ちょいと	8593	
暫く	しばらく	8594	572
故に	ゆえに	8595	3633
ぬう	ぬう	8596	
幼馴染	おさななじみ	8597	76735
忌々しい	いまいましい	8598	22497
カバン	カバン	8599	
我が国	わがくに	8600	108713
教	きょう	8601	
浮遊	ふゆう	8602	117894
電波	でんぱ	8603	258361
渾身	こんしん	8604	
女房	にょうぼう	8605	99565
装着	そうちゃく	8606	
守護	しゅご	8607	64100
前線	ぜんせん	8608	
迎撃	げいげき	8609	210534
俺様	おれさま	8610	88255
訝しい	いぶかしい	8611	30897
個体	こたい	8612	120100
研究室	けんきゅうしつ	8613	306283
郎	ろう	8614	
紋章	もんしょう	8615	290409
初心者	しょしんしゃ	8616	310870
奇襲	きしゅう	8617	108044
民衆	みんしゅう	8618	237162
混沌	こんとん	8619	69490
目を瞑る	めをつぶる	8620	223743
残骸	ざんがい	8621	125685
顔を背ける	かおをそむける	8622	
羞恥	しゅうち	8623	
鼻で笑う	はなでわらう	8624	
鍛錬	たんれん	8625	200548
園	その	8626	210201
喘ぐ	あえぐ	8627	18091
学院	がくいん	8628	
呪	じゅ	8629	
逢う	あう	8630	7503
跳ね上がる	はねあがる	8631	55993
接続	せつぞく	8632	
戦慄	せんりつ	8633	58399
瞬く	しばたたく	8634	22599
玉座	ぎょくざ	8635	167417
恋人同士	こいびとどうし	8636	146691
基地	きち	8637	26698
こくり	こくり	8638	
ジャンプ	ジャンプ	8639	
指揮官	しきかん	8640	228412
ブロック	ブロック	8641	
雑魚	ざこ	8642	78744
男達	おとこだて	8643	
またも	またも	8644	
致命傷	ちめいしょう	8645	214134
化ける	ばける	8646	55600
銃弾	じゅうだん	8647	
侍	さむらい	8648	38500
髭	ひげ	8649	13436
おめえ	おめえ	8650	
灯る	ともる	8651	21897
転生	てんせい	8652	
愛人	あいじん	8653	130684
呑み込む	のみこむ	8654	22382
鱗	うろこ	8655	33885
衆	しゅう	8656	269307
手を繋ぐ	てをつなぐ	8657	165836
工房	こうぼう	8658	79281
壺	つぼ	8659	18370
スパイ	スパイ	8660	
白髪	しらが	8661	54470
客人	きゃくじん	8662	225400
妹さん	いもうとさん	8663	192728
神話	しんわ	8664	
缶	かん	8665	132102
乗っ取る	のっとる	8666	
偵察	ていさつ	8667	119639
ぼーっと	ぼーっと	8668	
突っ伏す	つっぷす	8669	45287
将	しょう	8670	
新作	しんさく	8671	194156
守	もり	8672	24599
噴く	ふく	8673	
ゾンビ	ゾンビ	8674	
跪く	ひざまずく	8675	13590
解	かい	8676	
占い	うらない	8677	74866
寝台	しんだい	8678	
案件	あんけん	8679	225024
反転	はんてん	8680	300301
言葉に詰まる	ことばにつまる	8681	158944
いままで	いままで	8682	
こみ上げる	こみあげる	8683	15900
見つめ合う	みつめあう	8684	102697
口をつぐむ	くちをつぐむ	8685	231773
おぞましい	おぞましい	8686	
けども	けども	8687	
メシ	メシ	8688	
事ができる	ことができる	8689	319
ちくしょう	ちくしょう	8690	
冷ややか	ひややか	8691	65388
かれ	かれ	8692	
やわらかい	やわらかい	8693	
ワケ	ワケ	8694	
口ごもる	くちごもる	8695	123777
そのあたり	そのあたり	8696	
ふたたび	ふたたび	8697	
ため息を吐く	ためいきをつく	8698	68496
ほお	ほお	8699	
死神	しにがみ	8700	204949
クッション	クッション	8701	
暗黒	あんこく	8702	232503
にも関わらず	にもかかわらず	8703	2742
虚ろ	うつろ	8704	15791
笛	ふえ	8705	14182
商会	しょうかい	8706	
羽目になる	はめになる	8707	16697
数名	すうめい	8708	289020
羊	ひつじ	8709	45882
一万	いちまん	8710	125334
凶器	きょうき	8711	
生徒会長	せいとかいちょう	8712	295660
吸血鬼	きゅうけつき	8713	201724
神々	かみがみ	8714	157031
奏でる	かなでる	8715	50600
銃口	じゅうこう	8716	
液	えき	8717	
理	り	8718	
井戸	いど	8719	41889
女子生徒	じょしせいと	8720	
何せ	なにせ	8721	8291
絵本	えほん	8722	78883
一団	いちだん	8723	
城壁	じょうへき	8724	210193
どする	どする	8725	
顔を歪める	かおをゆがめる	8726	
ストーカー	ストーカー	8727	
身体能力	しんたいのうりょく	8728	
虚しい	むなしい	8729	11100
サンドイッチ	サンドイッチ	8730	
手を挙げる	てをあげる	8731	242796
武士	ぶし	8732	33799
王城	おうじょう	8733	
零す	こぼす	8734	3694
に付いて	について	8735	233
駐車場	ちゅうしゃじょう	8736	227684
買い取る	かいとる	8737	
繫がる	つながる	8738	2354
幾つか	いくつか	8739	1880
仕様	しよう	8740	194946
使い手	つかいて	8741	
暗がり	くらがり	8742	86486
挿入	そうにゅう	8743	149959
装甲	そうこう	8744	
尋問	じんもん	8745	88434
尾行	びこう	8746	260291
女子高生	じょしこうせい	8747	219066
兎	うさぎ	8748	11891
君達	きみたち	8749	19596
眉を寄せる	まゆをよせる	8750	158099
予定通り	よていどおり	8751	277272
彷徨う	さまよう	8752	6599
浴衣	ゆかた	8753	49288
魅了	みりょう	8754	218131
撃退	げきたい	8755	203086
眼下	がんか	8756	
正座	せいざ	8757	
炸裂	さくれつ	8758	103936
校門	こうもん	8759	279795
茂み	しげみ	8760	49879
苦々しい	にがにがしい	8761	65392
ソース	ソース	8763	
浸かる	つかる	8764	14897
処女	しょじょ	8765	110898
純白	じゅんぱく	8766	
彼女自身	かのじょじしん	8767	269826
脈	みゃく	8768	80530
神官	しんかん	8769	
奥歯	おくば	8770	312464
転校	てんこう	8771	131220
宿屋	やどや	8772	
伊達	だて	8773	
魔獣	まじゅう	8774	161288
変換	へんかん	8775	141686
駆け上がる	かけあがる	8776	56495
滅ぶ	ほろぶ	8777	71282
押し黙る	おしだまる	8778	104769
射撃	しゃげき	8779	
課長	かちょう	8780	125397
家出	いえで	8781	86624
集落	しゅうらく	8782	316760
声を張り上げる	こえをはりあげる	8783	291883
リンゴ	リンゴ	8784	
後ずさる	あとずさる	8785	35794
まぶた	まぶた	8786	
立ちあがる	たちあがる	8787	60894
クラブ	クラブ	8788	
さわる	さわる	8789	
たずねる	たずねる	8790	
つう	つう	8791	
アハハハ	アハハハ	8792	
出入り口	でいりぐち	8793	
じいさん	じいさん	8794	
くらう	くらう	8795	
訳ではない	わけではない	8796	986
寄りかかる	よりかかる	8797	38689
けん	けん	8798	
まとわりつく	まとわりつく	8799	
あいだに	あいだに	8800	
土	ど	8801	
ぶっ	ぶっ	8802	
侵攻	しんこう	8803	
男子生徒	だんしせいと	8804	
物凄い	ものすごい	8805	2309
一手	いって	8806	166199
無いと	ないと	8807	432
眼光	がんこう	8808	
宮殿	きゅうでん	8809	209184
授業中	じゅぎょうちゅう	8810	234719
階段を上る	かいだんをのぼる	8811	293493
桃	もも	8812	14096
玩具	おもちゃ	8813	6391
瓦礫	がれき	8814	39399
目を凝らす	めをこらす	8815	265129
きょろきょろ	きょろきょろ	8816	
先導	せんどう	8817	71089
口の端	くちのは	8818	248728
砲	ほう	8819	
弄る	いじる	8820	4208
書斎	しょさい	8821	129896
監禁	かんきん	8822	105005
言葉通り	ことばどおり	8823	107704
要塞	ようさい	8824	
全裸	ぜんら	8825	
採取	さいしゅ	8826	124644
階層	かいそう	8827	
僕達	ぼくたち	8828	13281
紅い	あかい	8829	28071
木製	もくせい	8830	275972
旅人	たびびと	8831	130946
ラーメン	ラーメン	8832	
八十	はちじゅう	8833	115629
区画	くかく	8834	122572
レシピ	レシピ	8835	
射る	いる	8836	
重量	じゅうりょう	8837	224772
側近	そっきん	8838	245808
背筋を伸ばす	せすじをのばす	8839	
子爵	ししゃく	8840	
難易度	なんいど	8841	
手を叩く	てをたたく	8842	296076
力を抜く	ちからをぬく	8843	246610
リアクション	リアクション	8844	
白衣	はくい	8845	91929
イエス	イエス	8846	
げっ	げっ	8847	
急かす	せかす	8848	28796
トンネル	トンネル	8849	
保健室	ほけんしつ	8850	186907
某	ぼう	8851	
バイバイ	バイバイ	8852	
正論	せいろん	8853	233506
トラウマ	トラウマ	8854	
銀髪	ぎんぱつ	8855	221597
又	また	8856	81
双	そう	8857	255001
反則	はんそく	8858	132146
同調	どうちょう	8859	
ぶんぶん	ぶんぶん	8860	
慈悲	じひ	8861	110846
彼等	かれら	8862	21285
爺	じじ	8863	31096
ごくり	ごくり	8864	
命を奪う	いのちをうばう	8865	218032
シート	シート	8866	
撒く	まく	8867	7877
宰相	さいしょう	8868	
大袈裟	おおげさ	8869	26793
鬱陶しい	うっとうしい	8870	14091
胴	どう	8871	
イラスト	イラスト	8872	
殺し合う	ころしあう	8873	170032
お嫁さん	およめさん	8874	62487
畜生	ちくしょう	8875	8690
苦悶	くもん	8876	58296
屍	しかばね	8877	49987
プロポーズ	プロポーズ	8878	
遊園地	ゆうえんち	8879	105974
車両	しゃりょう	8880	208327
攻撃力	こうげきりょく	8881	227560
もどる	もどる	8882	
すげー	すげー	8883	
オチ	オチ	8884	
現われる	あらわれる	8885	9094
なになに	なになに	8886	
ゴメン	ゴメン	8887	
うなる	うなる	8888	
不意に	ふいに	8889	14395
へい	へい	8890	
にやにや	にやにや	8891	
コラ	コラ	8892	
ゆうべ	ゆうべ	8893	
どのみち	どのみち	8894	
おじいさん	おじいさん	8895	
ぼろぼろ	ぼろぼろ	8896	
夕暮れ	ゆうぐれ	8897	110374
変る	かわる	8898	7698
だれか	だれか	8899	
とたん	とたん	8900	
原	げん	8901	
花嫁	はなよめ	8902	161251
羽根	はね	8903	211489
風呂場	ふろば	8904	136002
捻る	ひねる	8905	7092
物理	ぶつり	8906	51295
封	ふう	8907	46102
あんま	あんま	8908	
真上	まうえ	8909	151549
想定外	そうていがい	8910	
ゲート	ゲート	8911	
本命	ほんめい	8912	143969
大男	おおおとこ	8913	142312
斬撃	ざんげき	8914	272790
羽ばたく	はばたく	8915	36979
問答無用	もんどうむよう	8916	211983
軍勢	ぐんぜい	8917	159105
言葉を紡ぐ	ことばをつむぐ	8918	210278
手帳	てちょう	8919	152526
寝転がる	ねころがる	8920	127266
寄越す	よこす	8921	4497
四月	しがつ	8922	120354
千年	せんねん	8923	151897
仮説	かせつ	8924	
威圧感	いあつかん	8925	
背中を向ける	せなかをむける	8926	220068
たじろぐ	たじろぐ	8927	
歌声	うたごえ	8928	153552
言葉を切る	ことばをきる	8929	101925
恐るべき	おそるべき	8930	41591
私服	しふく	8931	
溢れ出す	あふれだす	8932	43494
ペニス	ペニス	8933	
会議室	かいぎしつ	8934	243229
失踪	しっそう	8935	93229
裏口	うらぐち	8936	236555
水色	みずいろ	8937	141420
信者	しんじゃ	8938	
連行	れんこう	8939	149896
シチュエーション	シチュエーション	8940	
ゲット	ゲット	8941	
膨れる	ふくれる	8942	19585
部外者	ぶがいしゃ	8943	
水中	すいちゅう	8944	203255
勧誘	かんゆう	8945	207828
王太子	おうたいし	8946	
憶える	おぼえる	8947	10692
罪人	ざいにん	8948	
脱がす	ぬがす	8949	83272
魔族	まぞく	8950	306587
紙袋	かみぶくろ	8951	224484
しゃがみ込む	しゃがみこむ	8952	11782
顔を覆う	かおをおおう	8953	277324
ぼうっと	ぼうっと	8954	
鶏	にわとり	8955	55882
異形	いぎょう	8956	
囮	おとり	8957	18894
有	ゆう	8958	8487
収納	しゅうのう	8959	
っつう	っつう	8960	
体中	からだじゅう	8961	56197
張り詰める	はりつめる	8962	53196
女優	じょゆう	8963	237933
獅子	しし	8964	22593
ロビー	ロビー	8965	
尚	なお	8966	1206
降伏	こうふく	8967	
見惚れる	みとれる	8968	64895
水音	みずおと	8969	192691
姫様	ひめさま	8970	65185
縋る	すがる	8971	6079
口に含む	くちにふくむ	8972	
子犬	こいぬ	8973	112385
引き留める	ひきとめる	8974	47200
回想	かいそう	8975	
襲い掛かる	おそいかかる	8976	51087
たん	たん	8977	
大分	だいぶ	8978	2047
花びら	はなびら	8979	76249
ぬぐう	ぬぐう	8980	
腕組み	うでぐみ	8981	136823
まじ	まじ	8982	
切っ先	きっさき	8983	71685
なにも	なにも	8984	
うわさ	うわさ	8985	
クソッ	クソッ	8986	
見習い	みならい	8987	
はずす	はずす	8988	
溜息をつく	ためいきをつく	8989	68496
おそるおそる	おそるおそる	8990	
頑な	かたくな	8991	22899
かわいらしい	かわいらしい	8992	
ウフフ	ウフフ	8993	
おにぎり	おにぎり	8994	
わるい	わるい	8995	
これぐらい	これぐらい	8996	
色合い	いろあい	8997	241360
おやつ	おやつ	8998	
月明かり	つきあかり	8999	
バッチリ	バッチリ	9000	
聖	ひじり	9001	71806
羽	わ	9002	
系統	けいとう	9004	135850
勝者	しょうしゃ	9005	
四肢	しし	9006	
強敵	きょうてき	9007	
脆い	もろい	9008	11797
謁見	えっけん	9009	
素手	すで	9010	92371
お茶会	おちゃかい	9011	182299
分解	ぶんかい	9012	202589
レア	レア	9013	
はしたない	はしたない	9014	
そんで	そんで	9015	
出力	しゅつりょく	9016	243911
プレイヤー	プレイヤー	9017	
初恋	はつこい	9018	143781
程に	ほどに	9019	1539
五月	ごがつ	9020	260743
咥える	くわえる	9021	6994
殺到	さっとう	9022	131824
滴る	したたる	9023	23395
孕む	はらむ	9024	17489
細身	ほそみ	9025	
冷気	れいき	9026	245512
凶暴	きょうぼう	9027	281994
警護	けいご	9028	121560
声色	こわいろ	9029	85422
部品	ぶひん	9030	199319
肩を竦める	かたをすくめる	9031	238184
機体	きたい	9032	
逡巡	しゅんじゅん	9033	83397
着信音	ちゃくしんおん	9034	
出来るだけ	できるだけ	9035	2722
サラダ	サラダ	9036	
賊	ぞく	9037	
突き	つき	9038	189357
悪役	あくやく	9039	225489
己が	おのが	9040	35484
傷を負う	きずをおう	9041	219601
噴水	ふんすい	9042	197756
小首を傾げる	こくびをかしげる	9043	217032
ライブ	ライブ	9044	
ラジオ	ラジオ	9045	
一際	ひときわ	9046	9294
オーケー	オーケー	9047	
星空	ほしぞら	9048	227817
消し去る	けしさる	9049	229785
特化	とっか	9050	79134
口説く	くどく	9051	70891
貫通	かんつう	9052	218333
ぼやく	ぼやく	9053	
膨れ上がる	ふくれあがる	9054	33299
お喋り	おしゃべり	9055	5789
捕獲	ほかく	9056	142504
愛撫	あいぶ	9057	89798
創造	そうぞう	9058	163702
と言うか	というか	9059	1320
躱す	かわす	9060	4488
蜘蛛	くも	9061	14991
エスコート	エスコート	9062	
敵に回す	てきにまわす	9063	
耐えきれる	たえきれる	9064	92624
ガード	ガード	9065	
悶える	もだえる	9066	31400
相対	そうたい	9067	
薪	まき	9068	84484
粉砕	ふんさい	9069	281944
飛び立つ	とびたつ	9071	98113
お皿	おさら	9072	131378
そういうことなら	そういうことなら	9073	
ぐちゃぐちゃ	ぐちゃぐちゃ	9074	
生身	なまみ	9075	271410
シルエット	シルエット	9076	
込み上げる	こみあげる	9077	15900
早足	はやあし	9078	116453
目玉	めだま	9079	108261
身を起こす	みをおこす	9080	
コスプレ	コスプレ	9081	
引き締める	ひきしめる	9082	44394
やない	やない	9083	
パンチ	パンチ	9084	
楽園	らくえん	9085	130855
着信	ちゃくしん	9086	
大人びる	おとなびる	9087	70782
おやじ	おやじ	9088	
くれてやる	くれてやる	9089	
おばちゃん	おばちゃん	9090	
うめき声	うめきごえ	9091	205781
口づけ	くちづけ	9092	44087
おおよそ	おおよそ	9093	
あらわれる	あらわれる	9094	
なんだっけ	なんだっけ	9095	
あてがう	あてがう	9096	
ギュッと	ギュッと	9097	
さきほど	さきほど	9098	
ズル	ズル	9099	
キャー	キャー	9100	
がっくり	がっくり	9101	
悪党	あくとう	9102	291707
旅館	りょかん	9103	156378
偽装	ぎそう	9104	112641
遂に	ついに	9105	1087
得体の知れない	えたいのしれない	9106	91824
体型	たいけい	9107	197569
パジャマ	パジャマ	9108	
三月	さんがつ	9109	241131
ひんやり	ひんやり	9110	
手綱	たづな	9111	63297
シリーズ	シリーズ	9112	
皆殺し	みなごろし	9113	219917
香	こう	9114	
交差	こうさ	9115	62489
梅	うめ	9116	25381
目をつぶる	めをつぶる	9117	223743
閃く	ひらめく	9118	12579
変形	へんけい	9119	296600
隊員	たいいん	9120	
幻影	げんえい	9121	199604
給仕	きゅうじ	9122	103772
無くす	なくす	9123	1294
治める	おさめる	9124	
ロック	ロック	9125	
オリジナル	オリジナル	9126	
近衛	このえ	9127	
当然ながら	とうぜんながら	9128	160987
注ぎ込む	そそぎこむ	9129	79272
不能	ふのう	9130	144180
酸素	さんそ	9131	163043
破壊力	はかいりょく	9132	271383
即死	そくし	9133	
か細い	かぼそい	9134	40193
刺繍	ししゅう	9135	65892
プリント	プリント	9136	
嫌悪感	けんおかん	9137	265719
サンキュー	サンキュー	9138	
出掛ける	でかける	9139	22297
携える	たずさえる	9140	40082
融合	ゆうごう	9141	167697
取得	しゅとく	9142	
あご	あご	9143	
はて	はて	9144	
半身	はんしん	9145	
ぴくり	ぴくり	9146	
ビクビク	ビクビク	9147	
手の平	てのひら	9148	21893
廃墟	はいきょ	9149	302805
祭壇	さいだん	9150	
片腕	かたうで	9151	200623
数値	すうち	9152	154260
道場	どうじょう	9153	
創る	つくる	9154	2146
時間を稼ぐ	じかんをかせぐ	9155	301575
死骸	しがい	9156	
馬鹿げる	ばかげる	9157	28994
封鎖	ふうさ	9158	184658
健気	けなげ	9159	25384
隣国	りんごく	9160	280851
人体	じんたい	9161	
職員室	しょくいんしつ	9162	211937
独り	ひとり	9163	1846
押し潰す	おしつぶす	9164	66699
爺さん	じいさん	9165	8794
対戦	たいせん	9166	132315
自我	じが	9167	57195
興味津々	きょうみしんしん	9168	194865
他ならない	ほかならない	9169	24483
揉める	もめる	9170	10893
パーツ	パーツ	9171	
眼球	がんきゅう	9172	290354
喉を鳴らす	のどをならす	9173	121540
引き締まる	ひきしまる	9174	50181
第五	だいご	9175	
距離感	きょりかん	9176	
返信	へんしん	9177	
するり	するり	9178	
脱力	だつりょく	9179	
いじめ	いじめ	9180	
コ	コ	9181	
かけら	かけら	9182	
ソレ	ソレ	9183	
ひとしきり	ひとしきり	9184	
よぎる	よぎる	9185	
マネ	マネ	9186	
むろん	むろん	9187	
かたち	かたち	9188	
こんど	こんど	9189	
どいつもこいつも	どいつもこいつも	9190	
おんなじ	おんなじ	9191	
名残惜しい	なごりおしい	9192	119522
噛みしめる	かみしめる	9193	19300
まみれ	まみれ	9194	
そういや	そういや	9195	
落ちつく	おちつく	9196	21586
かわりに	かわりに	9197	
よける	よける	9198	
グッと	グッと	9199	
口をつける	くちをつける	9200	162924
水	すい	9201	
側	そば	9202	1512
空く	すく	9203	4177
素	もと	9204	2802
宮廷	きゅうてい	9205	244480
砂浜	すなはま	9206	
棘	とげ	9207	33699
細胞	さいぼう	9208	123602
攫う	さらう	9209	5494
死角	しかく	9210	
手持ち	てもち	9211	237378
グラウンド	グラウンド	9212	
勝敗	しょうはい	9213	118883
階下	かいか	9214	
婚姻	こんいん	9215	293891
十歳	じゅっさい	9216	267038
亀	かめ	9217	33188
校長	こうちょう	9218	
魔道	まどう	9219	260802
両肩	りょうかた	9220	
思い至る	おもいいたる	9221	
運び込む	はこびこむ	9222	106760
地形	ちけい	9223	142630
勝ち目	かちめ	9224	159968
香水	こうすい	9225	286549
刀身	とうしん	9226	
近隣	きんりん	9227	235697
体を起こす	からだをおこす	9228	158653
一組	ひとくみ	9229	151822
反	はん	9230	
不味い	まずい	9231	1479
懸ける	かける	9232	202
敬礼	けいれい	9233	151098
万一	まんいち	9234	94292
鷹	たか	9235	
組み込む	くみこむ	9236	126978
実体	じったい	9237	
優	ゆう	9238	49091
鼻息	はないき	9239	237786
呆ける	ぼける	9240	22699
怒声	どせい	9241	
連絡先	れんらくさき	9242	280290
編む	あむ	9243	9980
判別	はんべつ	9244	253877
思いきや	おもいきや	9245	122238
砕け散る	くだけちる	9246	167098
人混み	ひとごみ	9247	109314
堪る	たまる	9248	1816
目配せ	めくばせ	9249	116038
微動	びどう	9250	165648
兵隊	へいたい	9251	130635
波打つ	なみうつ	9252	232076
しょんぼり	しょんぼり	9253	
拡散	かくさん	9254	309979
応答	おうとう	9255	259929
微笑みかける	ほほえみかける	9256	56376
勝ち誇る	かちほこる	9257	198323
御用	ごよう	9258	107787
損傷	そんしょう	9259	134030
殿	との	9260	128894
強度	きょうど	9261	137165
ぼやける	ぼやける	9262	
視覚	しかく	9263	82177
絹	きぬ	9264	45293
強者	きょうしゃ	9265	
吊り上げる	つりあげる	9266	39880
衛兵	えいへい	9267	229873
毛皮	けがわ	9268	137142
洗脳	せんのう	9269	150747
無残	むざん	9270	48787
セクハラ	セクハラ	9271	
鈍感	どんかん	9272	187402
別荘	べっそう	9273	140721
端末	たんまつ	9274	251977
たった一つ	たったひとつ	9275	17291
両目	りょうめ	9276	
喚く	わめく	9277	10797
路	じ	9278	
こぼれ落ちる	こぼれおちる	9279	54897
引きこもる	ひきこもる	9280	44996
先ほどから	さきほどから	9281	33795
１番	いちばん	9282	4199
ははあ	ははあ	9283	
なにもない	なにもない	9284	
これっぽっち	これっぽっち	9285	
チラリ	チラリ	9286	
あだ名	あだな	9287	44088
多め	おおめ	9288	
詫びる	わびる	9289	32798
ふつう	ふつう	9290	
ムダ	ムダ	9291	
アア	アア	9292	
ひらく	ひらく	9293	
ひときわ	ひときわ	9294	
まじめ	まじめ	9295	
浮き上がる	うきあがる	9296	86446
足手まとい	あしでまとい	9297	251763
サラ	サラ	9298	
かき消す	かきけす	9299	84773
この度	このたび	9300	61987
里	り	9301	
塾	じゅく	9302	36891
軍団	ぐんだん	9303	164954
障壁	しょうへき	9304	
門番	もんばん	9305	
では無い	ではない	9306	100
Ｔシャツ	ティーシャツ	9307	113175
ジャケット	ジャケット	9308	
火照る	ほてる	9309	28388
打ち付ける	うちつける	9310	61885
即ち	すなわち	9311	3393
山道	やまみち	9312	121934
恍惚	こうこつ	9313	
小指	こゆび	9314	186743
極まりない	きわまりない	9315	30490
滑り込む	すべりこむ	9316	39993
領土	りょうど	9317	244963
ジ	ジ	9318	
轟く	とどろく	9319	25693
付与	ふよ	9320	24289
あっと	あっと	9321	
世間話	せけんばなし	9322	262190
重々しい	おもおもしい	9323	96982
時間稼ぎ	じかんかせぎ	9324	
前置き	まえおき	9325	152241
愚か者	おろかもの	9326	121649
宙に浮く	ちゅうにうく	9327	278233
逝く	いく	9328	65
たま	たま	9329	
場違い	ばちがい	9330	244641
重傷	じゅうしょう	9331	
首輪	くびわ	9332	117015
赤面	せきめん	9333	204420
ゴム	ゴム	9334	
村長	そんちょう	9335	
異質	いしつ	9336	198842
蒼い	あおい	9337	35282
伸びをする	のびをする	9338	55392
辛うじて	かろうじて	9339	5390
脱ぎ捨てる	ぬぎすてる	9340	65784
高位	こうい	9341	128419
アクセサリー	アクセサリー	9342	
補佐	ほさ	9343	105844
面接	めんせつ	9344	215815
吐き気	はきけ	9345	136966
剣を抜く	つるぎをぬく	9346	
の様に	のように	9347	165
留学	りゅうがく	9348	287534
何処か	どこか	9349	286
伝承	でんしょう	9350	236750
母ちゃん	かあちゃん	9351	36383
隔離	かくり	9352	58594
お仕置き	おしおき	9353	26588
石畳	いしだたみ	9354	149934
飛び回る	とびまわる	9355	78172
咳	せき	9356	14367
授かる	さずかる	9357	82370
ファイル	ファイル	9358	
援軍	えんぐん	9359	213323
儀	ぎ	9360	
子猫	こねこ	9361	69782
飛び越える	とびこえる	9362	77640
目を見張る	めをみはる	9363	292965
赤子	あかご	9364	67177
真下	ました	9365	104220
編集	へんしゅう	9366	100705
切り替わる	きりかわる	9367	201988
血が流れる	ちがながれる	9368	
迷子	まいご	9369	76065
撃破	げきは	9370	
躍る	おどる	9371	74854
継承	けいしょう	9372	108460
だからと言って	だからといって	9373	3996
舌を出す	したをだす	9374	266287
至急	しきゅう	9375	92088
同胞	どうほう	9376	203462
合宿	がっしゅく	9377	162468
仇	あだ	9378	22481
騎	き	9379	
言葉を返す	ことばをかえす	9380	174646
目尻	めじり	9381	108598
腕力	わんりょく	9382	208903
後継者	こうけいしゃ	9383	
ハ	ハ	9384	
ちっぽけ	ちっぽけ	9385	
ほー	ほー	9386	
結局のところ	けっきょくのところ	9387	86120
２階	にかい	9388	120329
引き渡す	ひきわたす	9389	89690
引き止める	ひきとめる	9390	47200
しかしながら	しかしながら	9391	
たどりつく	たどりつく	9392	
おまえら	おまえら	9393	
呼び出し	よびだし	9394	292592
ぎゃあ	ぎゃあ	9395	
振りかぶる	ふりかぶる	9396	53087
はじく	はじく	9397	
モン	モン	9398	
えっち	えっち	9399	
音をたてる	おとをたてる	9400	250193
裏手	うらて	9401	249593
ずるずる	ずるずる	9402	
丸ごと	まるごと	9403	18500
軽	けい	9404	
立ち位置	たちいち	9405	283087
二年生	にねんせい	9406	303271
各種	かくしゅ	9407	
貪る	むさぼる	9408	18493
心の声	こころのこえ	9409	
突き抜ける	つきぬける	9410	66384
開け放つ	あけはなつ	9411	83868
逃げ切る	にげきる	9412	156949
警備員	けいびいん	9413	
態度を取る	たいどをとる	9414	271941
まじまじ	まじまじ	9415	
地下室	ちかしつ	9416	191858
老婆	ろうば	9417	237880
心当たりがある	こころあたりがある	9418	163570
進学	しんがく	9419	
論理	ろんり	9420	180508
赤らめる	あからめる	9421	63883
防具	ぼうぐ	9422	224760
四角い	しかくい	9423	192979
特徴的	とくちょうてき	9424	
感慨	かんがい	9425	
幾つも	いくつも	9426	2467
もぐもぐ	もぐもぐ	9427	
名刺	めいし	9428	122492
月光	げっこう	9429	77303
トマト	トマト	9430	
ゴブリン	ゴブリン	9431	
諦め	あきらめ	9432	27893
様になる	ようになる	9433	330
特製	とくせい	9434	
体当たり	たいあたり	9435	186461
遺産	いさん	9436	45688
むっと	むっと	9437	
駆け巡る	かけめぐる	9438	51293
芸	げい	9439	119795
お宅	おたく	9440	17500
暗殺者	あんさつしゃ	9441	
冷酷	れいこく	9442	214961
ぐいぐい	ぐいぐい	9443	
子息	しそく	9444	130879
殻	から	9445	128801
遠巻き	とおまき	9446	
コンビ	コンビ	9447	
儂	わし	9448	3093
哲学	てつがく	9449	133744
遠距離	えんきょり	9450	253287
恨めしい	うらめしい	9451	36084
心外	しんがい	9452	251255
協力者	きょうりょくしゃ	9453	
花束	はなたば	9454	210341
危惧	きぐ	9455	58785
空白	くうはく	9456	208005
背丈	せたけ	9457	103318
燃料	ねんりょう	9458	266317
静けさ	しずけさ	9459	73588
雑草	ざっそう	9460	152932
ごろごろ	ごろごろ	9461	
狂	きょう	9462	
牢	ろう	9463	
生気	せいき	9464	
真夜中	まよなか	9465	96539
野生	やせい	9466	
可	か	9467	
帝都	ていと	9468	249433
スピーカー	スピーカー	9469	
数歩	すうほ	9470	231102
診察	しんさつ	9471	218881
正門	せいもん	9472	
遡る	さかのぼる	9473	15590
堕ちる	おちる	9474	11495
長ける	たける	9475	26597
受話器	じゅわき	9476	206844
陰謀	いんぼう	9477	190514
ままならない	ままならない	9478	
敢えて	あえて	9479	2208
しょせん	しょせん	9480	
いっしょ	いっしょ	9481	
ゴロゴロ	ゴロゴロ	9482	
以て	もって	9483	5492
フリをする	フリをする	9484	
びくびく	びくびく	9485	
マンガ	マンガ	9486	
ピッタリ	ピッタリ	9487	
持ち物	もちもの	9488	109515
ばらばら	ばらばら	9489	
手をつく	てをつく	9490	
じい	じい	9491	
なぜだか	なぜだか	9492	
おもう	おもう	9493	
と言って	といって	9494	18598
わき	わき	9495	
死にかける	しにかける	9496	152053
こたえる	こたえる	9497	
頃合い	ころあい	9498	59286
いいとこ	いいとこ	9499	
だれも	だれも	9500	
値	ち	9501	
頬を染める	ほおをそめる	9502	186003
窮地	きゅうち	9503	155060
城内	じょうない	9504	161049
亡霊	ぼうれい	9505	
恐らくは	おそらくは	9506	5696
生命力	せいめいりょく	9507	187136
香りがする	かおりがする	9508	102319
マスコミ	マスコミ	9509	
蹴散らす	けちらす	9510	82472
ストーリー	ストーリー	9511	
行き交う	ゆきかう	9512	96885
コード	コード	9513	
気圧される	けおされる	9514	119455
部署	ぶしょ	9515	117572
派閥	はばつ	9516	
ガンガン	ガンガン	9517	
反乱	はんらん	9518	
変貌	へんぼう	9519	119658
マナー	マナー	9520	
実のところ	じつのところ	9521	55998
大剣	たいけん	9522	
オレンジ	オレンジ	9523	
手下	てした	9524	170552
大概	たいがい	9525	19774
小動物	しょうどうぶつ	9526	
血筋	ちすじ	9527	105615
文学	ぶんがく	9528	246145
大歓迎	だいかんげい	9529	162875
切り抜ける	きりぬける	9530	101388
生成	せいせい	9531	
不本意	ふほんい	9532	242457
立て続け	たてつづけ	9533	58088
キモイ	キモイ	9534	
経験値	けいけんち	9535	282339
宿命	しゅくめい	9536	229653
ぽんぽん	ぽんぽん	9537	
要	よう	9538	27401
家臣	かしん	9539	
シナリオ	シナリオ	9540	
御者	ぎょしゃ	9541	93205
九時	くじ	9542	
役員	やくいん	9543	
劇場	げきじょう	9544	163312
極限	きょくげん	9545	303407
恐れ入る	おそれいる	9546	53900
家柄	いえがら	9547	
上層部	じょうそうぶ	9548	
カラオケ	カラオケ	9549	
無駄にする	むだにする	9550	72393
九十	きゅうじゅう	9551	124276
保険	ほけん	9552	
しっとり	しっとり	9553	
眩い	まばゆい	9554	12891
スライム	スライム	9555	
わっと	わっと	9556	
初代	しょだい	9557	284678
舟	ふね	9558	44599
視力	しりょく	9559	167626
常人	じょうじん	9560	
一人暮らし	ひとりぐらし	9561	148625
デスク	デスク	9562	
締まる	しまる	9563	34483
粒子	りゅうし	9564	142473
三時	さんじ	9565	248578
悠然	ゆうぜん	9566	
消え失せる	きえうせる	9567	225249
沸騰	ふっとう	9568	97361
膣	ちつ	9569	61680
ずらり	ずらり	9570	
陣取る	じんどる	9571	197770
若き	わかき	9572	224320
握り返す	にぎりかえす	9573	119462
獣人	じゅうじん	9574	148743
陽光	ようこう	9575	126519
急所	きゅうしょ	9576	238370
桃色	ももいろ	9577	90817
部位	ぶい	9578	39286
びくりと	びくりと	9579	
ちゅう	ちゅう	9580	
見舞い	みまい	9581	94296
スッキリ	スッキリ	9582	
てっぺん	てっぺん	9583	
終る	おわる	9584	16189
おぬし	おぬし	9585	
いい男	いいおとこ	9586	143276
あーん	あーん	9587	
こわばる	こわばる	9588	
われ	われ	9589	
今日のところは	きょうのところは	9590	117515
ステキ	ステキ	9591	
ぬく	ぬく	9592	
思いきり	おもいきり	9593	153086
手すり	てすり	9594	58591
さよう	さよう	9595	
言える	いえる	9596	20688
あれっ	あれっ	9597	
キョロキョロ	キョロキョロ	9598	
フラフラ	フラフラ	9599	
じゃあね	じゃあね	9600	
行く手	ゆくて	9602	72094
悠長	ゆうちょう	9603	83610
飛び跳ねる	とびはねる	9604	75105
ちょこん	ちょこん	9605	
才	さい	9606	22971
先方	せんぽう	9607	75486
話は別	はなしはべつ	9608	257764
相談に乗る	そうだんにのる	9609	219788
定か	さだか	9610	51689
ぞろぞろ	ぞろぞろ	9611	
競技	きょうぎ	9612	151476
養子	ようし	9613	
製作	せいさく	9614	
ぶつかり合う	ぶつかりあう	9615	26587
大いなる	おおいなる	9616	72498
縮む	ちぢむ	9617	62500
淑女	しゅくじょ	9618	256142
ちらっと	ちらっと	9619	
筒	つつ	9620	51801
頭が痛い	あたまがいたい	9621	197470
分身	ぶんしん	9622	150287
生き残り	いきのこり	9623	
朦朧	もうろう	9624	30299
威圧	いあつ	9625	143638
許	もと	9626	2363
掲示板	けいじばん	9627	283668
垣間見る	かいまみる	9628	88520
エロ	エロ	9629	
直視	ちょくし	9630	209096
洗濯物	せんたくもの	9631	127660
食糧	しょくりょう	9632	
子供っぽい	こどもっぽい	9633	163088
様な	ような	9634	70
校庭	こうてい	9635	
打ち砕く	うちくだく	9636	113259
迷子になる	まいごになる	9637	128033
外套	がいとう	9638	
朗らか	ほがらか	9639	33090
寄り道	よりみち	9640	250241
静止	せいし	9641	300650
入力	にゅうりょく	9642	271128
無茶苦茶	むちゃくちゃ	9643	14200
枕元	まくらもと	9644	57687
口出し	くちだし	9645	284272
エース	エース	9646	
オーナー	オーナー	9647	
球体	きゅうたい	9648	
クリーム	クリーム	9649	
巡回	じゅんかい	9650	212655
美術	びじゅつ	9651	214372
転送	てんそう	9652	140067
眉根を寄せる	まゆねをよせる	9653	
ダッシュ	ダッシュ	9654	
大喜び	おおよろこび	9655	131040
今宵	こよい	9656	32684
タコ	タコ	9657	
同期	どうき	9658	308497
裁く	さばく	9659	
賞賛	しょうさん	9660	105071
吹っ飛ばす	ふっとばす	9661	56695
緊急事態	きんきゅうじたい	9662	224775
小物	こもの	9663	278902
害する	がいする	9664	270375
輸送	ゆそう	9665	152788
湯船	ゆぶね	9666	95387
支配者	しはいしゃ	9667	
彫刻	ちょうこく	9668	151769
飛び乗る	とびのる	9669	71899
がっちり	がっちり	9670	
心中	しんじゅう	9671	151697
ハマる	ハマる	9672	
ごきげんよう	ごきげんよう	9673	
もたれかかる	もたれかかる	9674	
奇怪	きかい	9675	73078
引っ越し	ひっこし	9676	131161
おそろしい	おそろしい	9677	
ことば	ことば	9678	
ネコ	ネコ	9679	
とろける	とろける	9680	
ほぐす	ほぐす	9681	
かすれる	かすれる	9682	
あん	あん	9683	
くだす	くだす	9684	
あとにする	あとにする	9685	
窓ガラス	まどガラス	9686	121767
とたんに	とたんに	9687	
降りかかる	ふりかかる	9688	39394
口をきく	くちをきく	9689	255002
ヘン	ヘン	9690	
にこり	にこり	9691	
言いだす	いいだす	9692	39385
ちがいない	ちがいない	9693	
チラチラ	チラチラ	9694	
声かけ	こえかけ	9695	275762
ズレる	ズレる	9696	
アッ	アッ	9697	
おまけ	おまけ	9698	
じゃろ	じゃろ	9699	
席につく	せきにつく	9700	227692
ひょいと	ひょいと	9701	
物陰	ものかげ	9702	83975
泣き叫ぶ	なきさけぶ	9703	215444
結合	けつごう	9704	256335
白銀	はくぎん	9705	249121
走り抜ける	はしりぬける	9706	165135
善意	ぜんい	9707	
もやもや	もやもや	9708	
三年生	さんねんせい	9709	
火力	かりょく	9710	
点数	てんすう	9711	215799
幾度も	いくども	9712	120262
ネクタイ	ネクタイ	9713	
余程	よほど	9714	2331
手近	てぢか	9715	162714
苛む	さいなむ	9716	27991
仕組む	しくむ	9717	68492
送信	そうしん	9718	
地帯	ちたい	9719	221738
専属	せんぞく	9720	140854
ネックレス	ネックレス	9721	
腑に落ちる	ふにおちる	9722	117670
あんな風に	あんなふうに	9723	10592
縮こまる	ちぢこまる	9724	67773
模する	もする	9725	16983
機構	きこう	9726	
呼応	こおう	9727	212671
柳	やなぎ	9728	54492
バター	バター	9729	
返り討ち	かえりうち	9730	189326
脈打つ	みゃくうつ	9731	218298
靴下	くつした	9732	71391
送り届ける	おくりとどける	9734	148564
リング	リング	9735	
危害を加える	きがいをくわえる	9736	295637
迎え撃つ	むかえうつ	9737	99466
差し入れ	さしいれ	9738	204674
口内	こうない	9739	
死刑	しけい	9740	
荷	に	9741	
片目	かため	9742	
大柄	おおがら	9743	169104
楽勝	らくしょう	9744	203355
ぶら下がる	ぶらさがる	9745	25174
怒号	どごう	9746	93826
そうみたい	そうみたい	9747	
操縦	そうじゅう	9748	168728
爆発音	ばくはつおん	9749	
士気	しき	9750	
直々	じきじき	9751	26789
商業	しょうぎょう	9752	193278
補足	ほそく	9753	131874
怪我人	けがにん	9754	124539
弾き飛ばす	はじきとばす	9755	88248
赤黒い	あかぐろい	9756	143123
一段落	いちだんらく	9757	184161
陽	よう	9758	
漁る	あさる	9759	19085
侵す	おかす	9760	64699
連合	れんごう	9761	197586
廻る	まわる	9762	4589
思い直す	おもいなおす	9763	
資質	ししつ	9764	166373
昼飯	ひるめし	9765	83946
音色	ねいろ	9766	253376
家畜	かちく	9767	225430
八時	はちじ	9768	140907
顧問	こもん	9769	
ぶるぶる	ぶるぶる	9770	
ほほう	ほほう	9771	
お金持ち	おかねもち	9772	166611
軽口	かるくち	9773	
不審者	ふしんしゃ	9774	243634
ぽっかり	ぽっかり	9775	
途方に暮れる	とほうにくれる	9776	90533
十九	じゅうきゅう	9777	197869
チビ	チビ	9778	
馬鹿馬鹿しい	ばかばかしい	9779	18477
二人して	ふたりして	9780	32788
元凶	げんきょう	9781	191861
喪失	そうしつ	9782	
ハンバーグ	ハンバーグ	9783	
胸中	きょうちゅう	9784	197232
ほどく	ほどく	9785	
虹	にじ	9786	29598
精いっぱい	せいいっぱい	9787	33385
ヒト	ヒト	9788	
なぞ	なぞ	9789	
背もたれ	せもたれ	9790	244249
なにもかも	なにもかも	9791	
カエル	カエル	9792	
気がない	きがない	9793	140655
気がかり	きがかり	9794	251469
ちい	ちい	9795	
とかなんとか	とかなんとか	9796	
ワタシ	ワタシ	9797	
むき出し	むきだし	9798	128574
ほどほど	ほどほど	9799	
もらす	もらす	9800	
芝生	しばふ	9801	90912
常連	じょうれん	9802	132616
疲弊	ひへい	9803	150414
十時	じゅうじ	9804	119912
お祈り	おいのり	9805	90535
水滴	すいてき	9806	
ふむふむ	ふむふむ	9807	
戦況	せんきょう	9808	
オレンジ色	オレンジいろ	9809	210735
全い	まったい	9810	7695
埋め込む	うめこむ	9811	121637
容器	ようき	9812	237211
張	ちょう	9813	
いやでも	いやでも	9814	
大国	たいこく	9815	267815
禍々しい	まがまがしい	9816	42880
簡素	かんそ	9817	150019
腕時計	うでどけい	9818	198819
義母	ぎぼ	9819	84106
侵略	しんりゃく	9820	166360
だけでいい	だけでいい	9821	
一理	いちり	9822	209328
踏ん張る	ふんばる	9823	34284
突き破る	つきやぶる	9824	101436
真横	まよこ	9825	258194
さあて	さあて	9826	
無線	むせん	9827	
矢先	やさき	9828	72088
言葉を選ぶ	ことばをえらぶ	9829	199787
目を奪う	めをうばう	9830	
爆破	ばくは	9831	142124
行き着く	いきつく	9832	52596
黄	き	9833	
狙撃	そげき	9834	104632
身を寄せる	みをよせる	9836	
温か	あたたか	9837	23698
西洋	せいよう	9838	123935
情け	なさけ	9839	53790
賢者	けんじゃ	9840	143556
マッサージ	マッサージ	9841	
先刻	せんこく	9842	
助け出す	たすけだす	9843	119232
数多	あまた	9844	23399
昨年	さくねん	9845	250971
見返り	みかえり	9846	220244
逸れる	それる	9847	14994
幼女	ようじょ	9848	123575
露わ	あらわ	9849	13388
気が引ける	きがひける	9850	
黒幕	くろまく	9851	246612
慣れ	なれ	9852	25192
真逆	まぎゃく	9853	212041
可能な限り	かのうなかぎり	9854	304651
混む	こむ	9855	4273
上達	じょうたつ	9856	244459
婿	むこ	9857	37287
更なる	さらなる	9858	6584
六時	ろくじ	9859	185233
奇遇	きぐう	9860	279562
身柄	みがら	9861	189041
釘	くぎ	9862	35896
二十五	にじゅうご	9863	215879
山々	やまやま	9864	27788
プリン	プリン	9865	
無垢	むく	9866	36402
撒き散らす	まきちらす	9867	54898
やり遂げる	やりとげる	9868	35098
目に映る	めにうつる	9869	
押し返す	おしかえす	9870	117391
艦	かん	9871	
歪	いびつ	9872	18191
胸の内	むねのうち	9873	
奥底	おくそこ	9874	
乗っかる	のっかる	9875	37089
鮮血	せんけつ	9876	
大差	たいさ	9877	223734
長居	ながい	9878	249764
せめてもの	せめてもの	9879	
札	ふだ	9880	51313
ナンパ	ナンパ	9881	
フリ	フリ	9882	
もたれる	もたれる	9883	
こった	こった	9884	
ひとつひとつ	ひとつひとつ	9885	
よぶ	よぶ	9886	
なんとしても	なんとしても	9887	
建前	たてまえ	9888	85941
かなえる	かなえる	9889	
どきどき	どきどき	9890	
やっかい	やっかい	9891	
噛みつく	かみつく	9892	28390
スッと	スッと	9893	
馴染み	なじみ	9894	18293
ご用	ごよう	9895	107787
よけい	よけい	9896	
コト	コト	9897	
ふたりとも	ふたりとも	9898	
数ヶ月	すうかげつ	9899	
さみしい	さみしい	9900	
その為	そのため	9902	951
編成	へんせい	9903	224548
絡まる	からまる	9904	31300
八月	はちがつ	9905	215741
染み	しみ	9906	24197
張本人	ちょうほんにん	9907	282702
奢る	おごる	9908	6899
仕込み	しこみ	9909	
圧	あつ	9910	
休み時間	やすみじかん	9911	231026
目を背ける	めをそむける	9912	
雄叫び	おたけび	9913	89395
思い込み	おもいこみ	9914	
息子さん	むすこさん	9915	139772
救い出す	すくいだす	9916	109385
作動	さどう	9917	99164
号令	ごうれい	9918	166184
因果	いんが	9919	239964
飛	ひ	9920	
射程	しゃてい	9921	137837
精鋭	せいえい	9922	184624
陥れる	おとしいれる	9923	55786
滅亡	めつぼう	9924	163467
雄	おす	9925	47601
愛液	あいえき	9926	164571
気分転換	きぶんてんかん	9927	248060
諸	しょ	9928	
手が届く	てがとどく	9929	270301
満喫	まんきつ	9930	168877
びっしり	びっしり	9931	
酷	こく	9932	122601
高み	たかみ	9933	108961
鋼鉄	こうてつ	9934	
達人	たつじん	9935	152625
ふれる	ふれる	9936	
引っ掛かる	ひっかかる	9937	10998
蒼白	そうはく	9938	91425
画	え	9939	
うねる	うねる	9940	
中枢	ちゅうすう	9941	154360
尚更	なおさら	9942	4893
賑わう	にぎわう	9943	23695
あたたかい	あたたかい	9944	
飼い主	かいぬし	9945	
二分	にぶん	9946	221279
被せる	かぶせる	9947	7890
心苦しい	こころぐるしい	9948	267128
ポスター	ポスター	9949	
はぐれる	はぐれる	9950	
トーン	トーン	9951	
議員	ぎいん	9952	
走り続ける	はしりつづける	9953	304590
互角	ごかく	9954	162932
従順	じゅうじゅん	9955	181472
１個	いっこ	9956	77760
煮る	にる	9957	
ジャージ	ジャージ	9958	
押しつぶす	おしつぶす	9959	66699
非常識	ひじょうしき	9960	215069
膣内	ちつない	9961	297245
強盗	ごうとう	9962	110836
霞む	かすむ	9963	16683
ハードル	ハードル	9964	
斜面	しゃめん	9965	117417
ウッ	ウッ	9966	
今日中に	きょうじゅうに	9967	130410
邪	よこしま	9968	35183
外壁	がいへき	9969	240161
抑え込む	おさえこむ	9970	
茶化す	ちゃかす	9971	46900
股	また	9972	81901
寝そべる	ねそべる	9973	78277
飛び出る	とびでる	9974	109569
小川	おがわ	9975	114058
二月	にがつ	9976	274839
身を任せる	みをまかせる	9977	274987
ぽつん	ぽつん	9978	
望むところ	のぞむところ	9979	72382
あむ	あむ	9980	
途方もない	とほうもない	9981	57181
ぶっきらぼう	ぶっきらぼう	9982	
殴りつける	なぐりつける	9983	57788
のばす	のばす	9984	
荒野	こうや	9985	
イタズラ	イタズラ	9986	
ではなさそう	ではなさそう	9987	
弱み	よわみ	9988	
ほん	ほん	9989	
首をひねる	くびをひねる	9990	160121
気をつけ	きをつけ	9991	110875
引きつける	ひきつける	9992	24290
くち	くち	9993	
だまる	だまる	9994	
ブツブツ	ブツブツ	9995	
またもや	またもや	9996	
ごちそう	ごちそう	9997	
まなざし	まなざし	9998	
はぐらかす	はぐらかす	9999	
かます	かます	10000	
