term	reading	rank	normalized_form
の	ノ	1	の
は	ハ	2	は
に	ニ	3	に
を	ヲ	4	を
と	ト	5	と
も	モ	6	も
が	ガ	7	が
で	デ	8	で
から	カラ	9	から
だ	ダ	10	だ
する	スル	11	為る
か	カ	12	か
よ	ヨ	13	よ
ある	アル	14	有る
こと	コト	15	こと
なる	ナル	16	成る
それ	ソレ	17	其れ
いる	イル	18	居る
ね	ネ	19	ね
思う	オモウ	20	思う
この	コノ	21	此の
には	ニハ	22	には
でも	デモ	23	でも
です	デス	24	です
その	ソノ	25	其の
な	ナ	26	だ
言う	イウ	27	言う
って	ッテ	28	って
ない	ナイ	29	無い
んだ	ンダ	30	んだ
そう	ソウ	31	そう
私	ワタシ	32	私
いい	イイ	33	良い
これ	コレ	34	此れ
だった	ダッタ	35	だった
見る	ミル	36	見る
だけ	ダケ	37	だけ
くる	クル	38	来る
さん	サン	39	さん
くれる	クレル	40	呉れる
やる	ヤル	41	遣る
まで	マデ	42	まで
もの	モノ	43	物
行く	イク	44	行く
という	トイウ	45	という
もう	モウ	46	もう
だから	ダカラ	47	だから
そんな	ソンナ	48	そんな
あの	アノ	49	あの
だろう	ダロウ	50	だ
しまう	シマウ	52	仕舞う
来る	クル	53	来る
ん	ン	54	んっ
人	ヒト	55	人
ここ	ココ	56	此処
や	ヤ	57	や
し	シ	58	き
お	オ	59	御
とする	トスル	60	とする
自分	ジブン	61	自分
じゃない	ジャナイ	62	じゃない
知る	シル	63	知る
なら	ナラ	64	だ
いく	イク	65	行く
わ	ワ	66	わ
今	イマ	67	今
聞く	キク	68	聞く
へ	ヘ	69	へ
ような	ヨウナ	70	ような
とは	トハ	71	とは
何	ナニ	72	何
前	マエ	73	前
出る	デル	74	出る
中	ナカ	75	中
にも	ニモ	76	にも
ように	ヨウニ	77	ように
顔	カオ	78	顔
である	デアル	79	である
んです	ンデス	80	んです
また	マタ	81	又
ながら	ナガラ	82	ながら
なんて	ナンテ	83	なんて
考える	カンガエル	84	考える
どう	ドウ	85	どう
いう	イウ	86	言う
さ	サ	87	さ
そして	ソシテ	88	そして
ため	タメ	89	為
まだ	マダ	90	未だ
いや	イヤ	91	否
ちょっと	チョット	92	一寸
のに	ノニ	93	のに
できる	デキル	94	出来る
話	ハナシ	95	話
とか	トカ	96	とか
ぞ	ゾ	97	ぞ
そこ	ソコ	98	そこ
なの	ナノ	99	なの
ではない	デハナイ	100	ではない
何	ナン	101	何
待つ	マツ	102	待つ
ので	ノデ	103	ので
ところ	トコロ	104	所
だって	ダッテ	105	だって
だが	ダガ	106	だが
たち	タチ	107	たち
こんな	コンナ	108	こんな
持つ	モツ	109	持つ
みる	ミル	110	見る
声	コエ	111	声
もらう	モラウ	112	貰う
入る	ハイル	113	入る
手	テ	114	手
ですか	デスカ	115	ですか
見える	ミエル	116	見える
方	ホウ	117	方
目	メ	118	目
男	オトコ	119	男
本当	ホントウ	120	本当
あなた	アナタ	121	貴方
今日	キョウ	122	今日
ほど	ホド	123	ほど
言葉	コトバ	124	言葉
らしい	ラシイ	125	らしい
として	トシテ	126	として
など	ナド	127	など
ただ	タダ	128	唯
しかし	シカシ	129	然し
かな	カナ	130	かな
違う	チガウ	131	違う
使う	ツカウ	132	使う
少し	スコシ	133	少し
より	ヨリ	134	より
時	トキ	135	時
家	イエ	136	家
あれ	アレ	137	彼れ
彼	カレ	138	彼
よい	ヨイ	139	良い
人間	ニンゲン	140	人間
同じ	オナジ	141	同じ
上	ウエ	142	上
よく	ヨク	143	良く
よう	ヨウ	144	よう
とも	トモ	145	とも
でしょう	デショウ	146	です
出す	ダス	147	出す
どこ	ドコ	148	どこ
しか	シカ	149	しか
悪い	ワルイ	150	悪い
なん	ナン	151	何
時間	ジカン	152	時間
部屋	ヘヤ	153	部屋
わけ	ワケ	154	訳
おく	オク	155	おく
かもしれない	カモシレナイ	156	かもしれない
作る	ツクル	157	作る
まま	ママ	158	侭
て	テ	159	で
早い	ハヤイ	160	早い
感じる	カンジル	161	感じる
呼ぶ	ヨブ	162	呼ぶ
話す	ハナス	163	話す
何か	ナニカ	164	何か
のように	ノヨウニ	165	のように
死ぬ	シヌ	166	死ぬ
姿	スガタ	167	姿
頭	アタマ	168	頭
強い	ツヨイ	169	強い
こう	コウ	170	こう
いつも	イツモ	171	いつも
会う	アウ	172	会う
ばかり	バカリ	173	ばかり
一緒に	イッショニ	174	一緒に
好き	スキ	175	好き
相手	アイテ	176	相手
帰る	カエル	177	帰る
みんな	ミンナ	178	皆
音	オト	179	音
うち	ウチ	180	うち
ずっと	ズット	181	ずっと
のです	ノデス	182	のです
でした	デシタ	183	でした
食べる	タベル	184	食べる
場所	バショ	185	場所
あと	アト	186	後
どうして	ドウシテ	187	どうして
もっと	モット	188	もっと
くらい	クライ	189	くらい
世界	セカイ	190	世界
あげる	アゲル	191	上げる
戻る	モドル	192	戻る
力	チカラ	193	力
仕事	シゴト	194	仕事
必要	ヒツヨウ	195	必要
続ける	ツヅケル	196	続ける
つもり	ツモリ	197	積もり
どんな	ドンナ	198	どんな
誰	ダレ	199	誰
による	ニヨル	200	による
次	ツギ	201	次
かける	カケル	202	かける
見せる	ミセル	203	見せる
動く	ウゴク	204	動く
となる	トナル	205	となる
はず	ハズ	206	筈
子	コ	207	子
歩く	アルク	208	歩く
こちら	コチラ	209	此方
きっと	キット	210	きっと
意味	イミ	211	意味
終わる	オワル	212	終わる
変わる	カワル	213	変わる
すぐに	スグニ	214	すぐに
とき	トキ	215	時
気持ち	キモチ	216	気持ち
始める	ハジメル	217	始める
大きい	オオキイ	218	大きい
ことになる	コトニナル	219	ことになる
向かう	ムカウ	220	向かう
何も	ナニモ	221	何も
受ける	ウケル	222	受ける
日	ヒ	223	日
年	ネン	224	年
心配	シンパイ	225	心配
教える	オシエル	226	教える
心	ココロ	227	心
立つ	タツ	228	立つ
おる	オル	229	居る
やめる	ヤメル	230	やめる
外	ソト	231	外
間	アイダ	232	間
について	ニツイテ	233	について
よりも	ヨリモ	234	よりも
後	アト	235	後
様子	ヨウス	236	様子
忘れる	ワスレル	237	忘れる
口	クチ	238	口
にとって	ニトッテ	239	にとって
名前	ナマエ	240	名前
大きな	オオキナ	241	大きな
信じる	シンジル	242	信じる
すぎる	スギル	243	過ぎる
なのに	ナノニ	244	なのに
生きる	イキル	245	生きる
問題	モンダイ	246	問題
理由	リユウ	247	理由
それでも	ソレデモ	248	それでも
これから	コレカラ	249	これから
以上	イジョウ	250	以上
逃げる	ニゲル	251	逃げる
多い	オオイ	252	多い
そういう	ソウイウ	253	そういう
絶対	ゼッタイ	254	絶対
開く	ヒラク	255	開く
今度	コンド	256	今度
最後	サイゴ	257	最後
最初	サイショ	258	最初
こそ	コソ	259	こそ
存在	ソンザイ	260	存在
誰か	ダレカ	261	誰か
初めて	ハジメテ	262	初めて
書く	カク	263	書く
取る	トル	264	取る
高い	タカイ	265	高い
もちろん	モチロン	266	勿論
かも	カモ	267	かも
べき	ベキ	268	べし
入れる	イレル	269	入れる
体	カラダ	270	体
答える	コタエル	271	答える
そのまま	ソノママ	272	そのまま
置く	オク	273	置く
覚える	オボエル	274	覚える
あり	アリ	275	有り
無理	ムリ	276	無理
ご	ゴ	277	五
残る	ノコル	278	残る
いけない	イケナイ	279	いけない
長い	ナガイ	280	長い
普通	フツウ	281	普通
どういう	ドウイウ	282	どういう
守る	マモル	283	守る
とても	トテモ	284	迚も
楽しい	タノシイ	285	楽しい
どこか	ドコカ	286	どこか
夜	ヨル	287	夜
感じ	カンジ	288	感じ
気	キ	289	気
許す	ユルス	290	許す
もし	モシ	291	若し
驚く	オドロク	292	驚く
別に	ベツニ	293	別に
離れる	ハナレル	294	離れる
いつ	イツ	295	いつ
消える	キエル	296	消える
助ける	タスケル	297	助ける
止める	トメル	298	止める
困る	コマル	299	困る
かかる	カカル	300	掛かる
人	ニン	302	人
中	チュウ	303	中
方	カタ	304	方
飲む	ノム	305	飲む
走る	ハシル	306	走る
以外	イガイ	307	以外
下	シタ	308	下
買う	カウ	309	買う
足	アシ	310	足
説明	セツメイ	311	説明
読む	ヨム	312	読む
女性	ジョセイ	313	女性
落ちる	オチル	314	落ちる
このまま	コノママ	315	このまま
つける	ツケル	316	つける
起きる	オキル	317	起きる
あまり	アマリ	318	余り
ことができる	コトガデキル	319	ことができる
続く	ツヅク	320	続く
すぐ	スグ	321	直ぐ
決める	キメル	322	決める
でもない	デモナイ	323	でもない
状況	ジョウキョウ	324	状況
関係	カンケイ	325	関係
ことがある	コトガアル	326	ことがある
いただく	イタダク	327	頂く
先	サキ	328	先
伝える	ツタエル	329	伝える
ようになる	ヨウニナル	330	ようになる
先に	サキニ	331	先に
夢	ユメ	332	夢
誰も	ダレモ	333	誰も
小さい	チイサイ	334	小さい
選ぶ	エラブ	335	選ぶ
こういう	コウイウ	336	こういう
理解	リカイ	337	理解
ですが	デスガ	338	ですが
場合	バアイ	339	場合
得る	エル	340	得る
深い	フカイ	341	深い
見つける	ミツケル	342	見付ける
一度	イチド	343	一度
ほしい	ホシイ	344	欲しい
なぜ	ナゼ	345	何故
昔	ムカシ	346	昔
水	ミズ	347	水
近く	チカク	348	近く
進む	ススム	349	進む
大変	タイヘン	350	大変
としても	トシテモ	351	としても
道	ミチ	352	道
簡単	カンタン	353	簡単
変える	カエル	354	変える
別	ベツ	355	別
なので	ナノデ	356	なので
本	ホン	357	本
完全	カンゼン	358	完全
状態	ジョウタイ	359	状態
しっかり	シッカリ	360	確り
行う	オコナウ	361	行う
送る	オクル	362	送る
形	カタチ	363	形
上げる	アゲル	364	上げる
近づく	チカヅク	365	近付く
乗る	ノル	366	乗る
与える	アタエル	367	与える
勝手	カッテ	368	勝手
的	テキ	369	的
結果	ケッカ	370	結果
ために	タメニ	371	ために
朝	アサ	372	朝
新しい	アタラシイ	373	新しい
急	キュウ	374	急
ようにする	ヨウニスル	375	ようにする
自分で	ジブンデ	376	自分で
元	モト	377	元
最近	サイキン	378	最近
大	ダイ	379	大
決まる	キマル	380	決まる
準備	ジュンビ	381	準備
近い	チカイ	382	近い
失う	ウシナウ	383	失う
不安	フアン	384	不安
残す	ノコス	385	残す
安心	アンシン	386	安心
大事	ダイジ	387	大事
ほとんど	ホトンド	388	殆ど
認める	ミトメル	389	認める
特に	トクニ	390	特に
求める	モトメル	391	求める
用意	ヨウイ	392	用意
少ない	スクナイ	393	少ない
まず	マズ	394	先ず
ことにする	コトニスル	395	ことにする
始まる	ハジマル	396	始まる
家族	カゾク	397	家族
似る	ニル	398	似る
用	ヨウ	399	用
元気	ゲンキ	400	元気
後	ゴ	401	後
に対して	ニタイシテ	402	に対して
生む	ウム	403	生む
思い	オモイ	404	思い
なかなか	ナカナカ	405	中々
たくさん	タクサン	406	沢山
目的	モクテキ	407	目的
合う	アウ	408	合う
生活	セイカツ	409	生活
方法	ホウホウ	410	方法
なくなる	ナクナル	411	なくなる
切る	キル	412	切る
分	ブン	413	分
つく	ツク	414	付く
としては	トシテハ	415	としては
十分	ジュウブン	416	十分
働く	ハタラク	417	働く
若い	ワカイ	418	若い
歳	サイ	419	年
調べる	シラベル	420	調べる
急ぐ	イソグ	421	急ぐ
必ず	カナラズ	422	必ず
かどうか	カドウカ	423	かどうか
途中	トチュウ	424	途中
側	ガワ	425	側
見つかる	ミツカル	426	見付かる
重い	オモイ	427	重い
期待	キタイ	428	期待
集まる	アツマル	429	集まる
その後	ソノアト	430	その後
とる	トル	431	とる
ないと	ナイト	432	ないと
考え	カンガエ	433	考え
住む	スム	434	住む
大切	タイセツ	435	大切
毎日	マイニチ	436	毎日
広い	ヒロイ	437	広い
やすい	ヤスイ	438	易い
自由	ジユウ	439	自由
になると	ニナルト	440	になると
ないか	ナイカ	441	ないか
原因	ゲンイン	442	原因
けど	ケド	443	けれど
俺	オレ	444	俺
ああ	アア	445	ああ
はい	ハイ	446	はい
じゃ	ジャ	447	で
うん	ウン	448	うん
お前	オマエ	449	御前
彼女	カノジョ	450	彼女
みたい	ミタイ	451	みたい
大丈夫	ダイジョウブ	452	大丈夫
ちゃん	チャン	453	ちゃん
よね	ヨネ	454	よね
わかる	ワカル	455	分かる
え	エ	456	えー
あっ	アッ	457	あっ
僕	ボク	458	僕
なんか	ナンカ	459	なんか
ください	クダサイ	460	下さる
笑う	ワラウ	461	笑う
なんだ	ナンダ	462	なんだ
じゃあ	ジャア	464	で
分かる	ワカル	465	分かる
様	サマ	466	様
まあ	マア	467	まあ
だろ	ダロ	468	だ
ええ	エエ	469	ええ
女	オンナ	470	女
君	キミ	471	君
君	クン	472	君
だけど	ダケド	473	だけど
二人	フタリ	474	二人
者	モノ	475	者
やっぱり	ヤッパリ	476	矢張り
でしょ	デショ	477	です
えっ	エッ	478	えっ
ちゃんと	チャント	479	ちゃんと
こっち	コッチ	480	此方
すごい	スゴイ	481	凄い
確かに	タシカニ	482	確かに
聞こえる	キコエル	483	聞こえる
なんで	ナンデ	484	なんで
先生	センセイ	485	先生
だろうか	ダロウカ	486	だろうか
まさか	マサカ	487	まさか
ようだ	ヨウダ	488	ようだ
ねえ	ネエ	489	ねえ
そうだ	ソウダ	490	そうだ
なんです	ナンデス	491	なんです
けれど	ケレド	492	けれど
なに	ナニ	493	何
まるで	マルデ	494	丸で
他	ホカ	495	他
殺す	コロス	496	殺す
事	コト	497	事
じゃないか	ジャナイカ	498	じゃないか
胸	ムネ	499	胸
さっき	サッキ	500	さっき
思い出す	オモイダス	502	思い出す
へと	ヘト	503	へと
あんた	アンタ	504	貴方
おい	オイ	505	おい
一番	イチバン	506	一番
一人	ヒトリ	507	一人
ありがとう	アリガトウ	508	有り難う
そうか	ソウカ	509	そうか
頼む	タノム	510	頼む
一つ	ヒトツ	511	一つ
表情	ヒョウジョウ	512	表情
ごめん	ゴメン	513	御免
怖い	コワイ	514	怖い
良い	ヨイ	515	良い
ゆっくり	ユックリ	516	ゆっくり
つまり	ツマリ	517	詰まり
だったら	ダッタラ	518	だったら
腕	ウデ	519	腕
それから	ソレカラ	520	それから
ほら	ホラ	521	ほら
あ	ア	522	あー
欲しい	ホシイ	523	欲しい
やはり	ヤハリ	524	矢張り
確認	カクニン	525	確認
そうです	ソウデス	526	そうです
全部	ゼンブ	527	全部
何度	ナンド	528	何度
そんなに	ソンナニ	529	そんなに
ほう	ホウ	530	ほう
子供	コドモ	531	子供
二	ニ	532	2
光	ヒカリ	533	光
おかしい	オカシイ	534	可笑しい
寝る	ネル	535	寝る
なのだ	ナノダ	536	なのだ
なるほど	ナルホド	537	成る程
もん	モン	538	もん
小さな	チイサナ	539	小さな
瞬間	シュンカン	540	瞬間
気がする	キガスル	541	気がする
今まで	イママデ	542	今迄
優しい	ヤサシイ	543	優しい
嫌	イヤ	544	嫌
あいつ	アイツ	545	彼奴
ううん	ウウン	546	ううん
明日	アシタ	547	明日
泣く	ナク	548	泣く
頑張る	ガンバル	549	頑張る
怒る	オコル	550	怒る
はずだ	ハズダ	551	はずだ
あんな	アンナ	552	あんな
娘	ムスメ	553	娘
今回	コンカイ	554	今回
やつ	ヤツ	555	奴
昨日	キノウ	556	昨日
ですから	デスカラ	557	ですから
かしら	カシラ	558	かしら
変	ヘン	559	変
探す	サガス	560	探す
しかも	シカモ	561	然も
返す	カエス	562	返す
国	クニ	563	国
なあ	ナア	564	なあ
当然	トウゼン	565	当然
座る	スワル	566	座る
でしょうか	デショウカ	567	でしょうか
つつ	ツツ	568	つつ
ではある	デハアル	569	ではある
黙る	ダマル	570	黙る
気づく	キヅク	571	気付く
しばらく	シバラク	572	暫く
いえ	イエ	573	いえ
隠す	カクス	574	隠す
気になる	キニナル	575	気になる
奥	オク	576	奥
向ける	ムケル	577	向ける
笑顔	エガオ	578	笑顔
かなり	カナリ	579	可成
軽い	カルイ	580	軽い
目の前	メノマエ	581	目の前
お願い	オネガイ	582	御願い
開ける	アケル	583	開ける
せい	セイ	584	せい
まったく	マッタク	585	全く
女の子	オンナノコ	586	女の子
こんなに	コンナニ	587	こんなに
しかない	シカナイ	588	しかない
ならば	ナラバ	589	ならば
とにかく	トニカク	590	兎に角
ことはない	コトハナイ	591	ことはない
痛い	イタイ	592	痛い
敵	テキ	593	敵
一	イチ	594	1
実は	ジツハ	595	実は
後ろ	ウシロ	596	後ろ
そこまで	ソコマデ	597	そこまで
物	モノ	598	物
さらに	サラニ	599	更に
髪	カミ	600	髪
一瞬	イッシュン	602	一瞬
落ち着く	オチツク	603	落ち着く
どうした	ドウシタ	604	どうした
隣	トナリ	605	隣
不思議	フシギ	606	不思議
戦う	タタカウ	607	戦う
さあ	サア	608	さあ
こいつ	コイツ	609	此奴
現れる	アラワレル	610	現れる
そろそろ	ソロソロ	611	そろそろ
私たち	ワタシタチ	612	私達
記憶	キオク	613	記憶
彼ら	カレラ	614	彼ら
すべて	スベテ	615	全て
学校	ガッコウ	616	学校
さえ	サエ	617	さえ
情報	ジョウホウ	618	情報
意識	イシキ	619	意識
というのは	トイウノハ	620	というのは
肩	カタ	621	肩
色	イロ	622	色
触れる	フレル	623	触れる
勝つ	カツ	624	勝つ
結局	ケッキョク	625	結局
三	サン	626	3
全然	ゼンゼン	627	全然
上がる	アガル	628	上がる
げ	ゲ	629	げ
動き	ウゴキ	630	動き
白い	シロイ	631	白い
指	ユビ	632	指
可能性	カノウセイ	633	可能性
赤い	アカイ	634	赤い
失礼	シツレイ	635	失礼
幸せ	シアワセ	636	幸せ
負ける	マケル	637	負ける
背中	セナカ	638	背中
反応	ハンノウ	639	反応
壁	カベ	640	壁
どうやら	ドウヤラ	641	どうやら
いきなり	イキナリ	642	行成
空	ソラ	643	空
約束	ヤクソク	644	約束
血	チ	645	血
服	フク	646	服
恥ずかしい	ハズカシイ	647	恥ずかしい
過ぎる	スギル	648	過ぎる
事実	ジジツ	649	事実
静か	シズカ	650	静か
すむ	スム	651	すむ
行動	コウドウ	652	行動
突然	トツゼン	653	突然
友達	トモダチ	654	友達
喜ぶ	ヨロコブ	655	喜ぶ
止まる	トマル	656	止まる
命	イノチ	657	命
自身	ジシン	658	自身
想像	ソウゾウ	659	想像
面白い	オモシロイ	660	面白い
父	チチ	661	父
身	ミ	662	身
渡す	ワタス	663	渡す
名	ナ	664	名
ようやく	ヨウヤク	665	漸く
全員	ゼンイン	666	全員
頃	コロ	667	頃
そもそも	ソモソモ	668	抑
空気	クウキ	669	空気
再び	フタタビ	670	再び
着る	キル	671	着る
母	ハハ	672	母
首	クビ	673	首
美しい	ウツクシイ	674	美しい
一体	イッタイ	675	一体
店	ミセ	676	店
程度	テイド	677	程度
届く	トドク	678	届く
さて	サテ	679	扠
難しい	ムズカシイ	680	難しい
向こう	ムコウ	681	向こう
神	カミ	682	神
気分	キブン	683	気分
耳	ミミ	684	耳
ごめんなさい	ゴメンナサイ	685	ごめんなさい
通り	トオリ	686	通り
ひどい	ヒドイ	687	酷い
むしろ	ムシロ	688	寧ろ
飛ぶ	トブ	689	飛ぶ
眠る	ネムル	690	眠る
仲間	ナカマ	691	仲間
でない	デナイ	692	でない
さすがに	サスガニ	693	さすがに
山	ヤマ	694	山
感情	カンジョウ	695	感情
ぐらい	グライ	696	くらい
結構	ケッコウ	697	結構
すら	スラ	698	すら
危険	キケン	699	危険
以前	イゼン	700	以前
もう一度	モウイチド	703	もう一度
ありがとうございます	アリガトウゴザイマス	704	ありがとうございます
どうぞ	ドウゾ	705	どうぞ
済む	スム	706	済む
とりあえず	トリアエズ	707	取り敢えず
任せる	マカセル	708	任せる
遅い	オソイ	709	遅い
気にする	キニスル	710	気にする
いくら	イクラ	711	幾ら
本気	ホンキ	712	本気
あら	アラ	713	あら
正直	ショウジキ	714	正直
動かす	ウゴカス	715	動かす
事件	ジケン	716	事件
きる	キル	717	切る
そういえば	ソウイエバ	718	そういえば
おりる	オリル	719	下りる
起こす	オコス	720	起こす
周囲	シュウイ	721	周囲
海	ウミ	722	海
すでに	スデニ	723	既に
叫ぶ	サケブ	724	叫ぶ
引く	ヒク	725	引く
返事	ヘンジ	726	返事
逆	ギャク	727	逆
捨てる	ステル	728	捨てる
甘い	アマイ	729	甘い
窓	マド	730	窓
遊ぶ	アソブ	731	遊ぶ
結婚	ケッコン	732	結婚
おお	オオ	733	おお
会話	カイワ	734	会話
戻ってくる	モドッテクル	735	戻ってくる
どうしたの	ドウシタノ	736	どうしたの
邪魔	ジャマ	737	邪魔
腰	コシ	738	腰
その時	ソノトキ	739	その時
うまい	ウマイ	740	旨い
握る	ニギル	741	握る
確か	タシカ	742	確か
いっぱい	イッパイ	743	一杯
部分	ブブン	744	部分
無事	ブジ	745	無事
せっかく	セッカク	746	折角
風	カゼ	747	風
起こる	オコル	748	起こる
であろう	デアロウ	749	であろう
熱い	アツイ	750	熱い
意外	イガイ	751	意外
これ以上	コレイジョウ	752	これ以上
間違いない	マチガイナイ	753	間違いない
流れる	ナガレル	754	流れる
花	ハナ	755	花
涙	ナミダ	756	涙
やってくる	ヤッテクル	757	やってくる
倒れる	タオレル	758	倒れる
人生	ジンセイ	759	人生
一人で	ヒトリデ	760	一人で
もう少し	モウスコシ	761	もう少し
襲う	オソウ	762	襲う
所	トコロ	763	所
料理	リョウリ	764	料理
決して	ケッシテ	765	決して
愛する	アイスル	766	愛する
黒い	クロイ	767	黒い
冷たい	ツメタイ	768	冷たい
合わせる	アワセル	769	合わせる
楽しむ	タノシム	770	楽しむ
自然	シゼン	771	自然
納得	ナットク	772	納得
周り	マワリ	773	周り
どうも	ドウモ	774	どうも
珍しい	メズラシイ	775	珍しい
いいから	イイカラ	776	いいから
どうしても	ドウシテモ	777	どうしても
疲れる	ツカレル	778	疲れる
必死	ヒッシ	779	必死
前に	マエニ	780	前に
内	ナイ	781	内
追う	オウ	782	追う
激しい	ハゲシイ	783	激しい
場	バ	784	場
食う	クウ	785	食う
慣れる	ナレル	786	慣れる
勢い	イキオイ	787	勢い
答え	コタエ	788	答え
落とす	オトス	789	落とす
同時に	ドウジニ	790	同時に
判断	ハンダン	791	判断
横	ヨコ	792	横
町	マチ	793	町
報告	ホウコク	794	報告
食事	ショクジ	795	食事
緊張	キンチョウ	796	緊張
金	カネ	797	金
受け取る	ウケトル	798	受け取る
まずは	マズハ	799	まずは
感謝	カンシャ	800	感謝
者	シャ	802	者
日本	ニホン	803	日本
つい	ツイ	804	つい
並ぶ	ナラブ	805	並ぶ
避ける	サケル	806	避ける
連絡	レンラク	807	連絡
奪う	ウバウ	808	奪う
過ごす	スゴス	809	過ごす
狙う	ネラウ	810	狙う
向く	ムク	811	向く
諦める	アキラメル	812	諦める
足りる	タリル	813	足りる
いろいろ	イロイロ	814	色々
そうする	ソウスル	815	そうする
話をする	ハナシヲスル	816	話をする
望む	ノゾム	817	望む
一応	イチオウ	818	一応
特別	トクベツ	819	特別
救う	スクウ	820	救う
帰ってくる	カエッテクル	821	帰ってくる
時代	ジダイ	822	時代
いらっしゃる	イラッシャル	823	いらっしゃる
いつか	イツカ	824	いつか
終わり	オワリ	825	終わり
語る	カタル	826	語る
繰り返す	クリカエス	827	繰り返す
助かる	タスカル	828	助かる
点	テン	829	点
ところで	トコロデ	830	ところで
運ぶ	ハコブ	831	運ぶ
素直	スナオ	832	素直
よし	ヨシ	833	よし
態度	タイド	834	態度
失敗	シッパイ	835	失敗
とこ	トコ	836	とこ
全く	マッタク	837	全く
木	キ	838	木
それぞれ	ソレゾレ	839	其々
内容	ナイヨウ	840	内容
と言われる	トイワレル	841	と言われる
示す	シメス	842	示す
妙	ミョウ	843	妙
あんまり	アンマリ	844	余り
冗談	ジョウダン	845	冗談
自ら	ミズカラ	846	自ら
低い	ヒクイ	847	低い
わざわざ	ワザワザ	848	態々
そっち	ソッチ	849	其方
雰囲気	フンイキ	850	雰囲気
はっきり	ハッキリ	851	はっきり
移動	イドウ	852	移動
過去	カコ	853	過去
手伝う	テツダウ	854	手伝う
描く	エガク	855	描く
余裕	ヨユウ	856	余裕
なんとか	ナントカ	857	なんとか
出会う	デアウ	858	出会う
と言う	トイウ	859	と言う
みせる	ミセル	860	見せる
やっと	ヤット	861	漸と
嫌い	キライ	862	嫌い
質問	シツモン	863	質問
人々	ヒトビト	864	人々
どれ	ドレ	865	どれ
現実	ゲンジツ	866	現実
感覚	カンカク	867	感覚
正しい	タダシイ	868	正しい
未来	ミライ	869	未来
興味	キョウミ	870	興味
遠い	トオイ	871	遠い
ながらも	ナガラモ	872	ながらも
本人	ホンニン	873	本人
能力	ノウリョク	874	能力
あの人	アノヒト	875	あの人
っぽい	ッポイ	876	ぽい
それでは	ソレデハ	877	それでは
と言った	トイッタ	878	と言った
その場	ソノバ	879	その場
事情	ジジョウ	880	事情
暗い	クライ	881	暗い
あそこ	アソコ	882	彼処
んで	ンデ	883	で
休む	ヤスム	884	休む
一緒	イッショ	885	一緒
おかげで	オカゲデ	886	おかげで
なさる	ナサル	887	為さる
息	イキ	888	息
これまで	コレマデ	889	これまで
予定	ヨテイ	890	予定
伝わる	ツタワル	891	伝わる
距離	キョリ	892	距離
どうせ	ドウセ	893	どうせ
多く	オオク	894	多い
残念	ザンネン	895	残念
ま	マ	896	まー
終える	オエル	897	終える
覚悟	カクゴ	898	覚悟
勉強	ベンキョウ	899	勉強
さすが	サスガ	900	流石
上	ジョウ	901	上
分	フン	902	分
風	フウ	903	風
だけに	ダケニ	905	だけに
自信	ジシン	906	自信
我慢	ガマン	907	我慢
相談	ソウダン	908	相談
死	シ	909	死
増える	フエル	910	増える
離す	ハナス	911	離す
半分	ハンブン	912	半分
人物	ジンブツ	913	人物
回る	マワル	914	回る
親	オヤ	915	親
弱い	ヨワイ	916	弱い
っけ	ッケ	917	け
立てる	タテル	918	立てる
この人	コノヒト	919	この人
といった	トイッタ	920	といった
降りる	オリル	921	下りる
打つ	ウツ	922	打つ
席	セキ	923	席
経験	ケイケン	924	経験
よろしく	ヨロシク	925	宜しく
すっかり	スッカリ	926	すっかり
現在	ゲンザイ	927	現在
広がる	ヒロガル	928	広がる
に対する	ニタイスル	929	に対する
振る	フル	930	振る
集める	アツメル	931	集める
当たる	アタル	932	当たる
直接	チョクセツ	933	直接
数	カズ	934	数
明るい	アカルイ	935	明るい
ということは	トイウコトハ	936	ということは
件	ケン	937	件
当たり前	アタリマエ	938	当たり前
お金	オカネ	939	お金
抱える	カカエル	940	抱える
連れる	ツレル	941	連れる
他人	タニン	942	他人
母親	ハハオヤ	943	母親
忙しい	イソガシイ	944	忙しい
寂しい	サビシイ	945	寂しい
くださる	クダサル	946	下さる
どうか	ドウカ	947	どうか
誘う	サソウ	948	誘う
いたす	イタス	949	致す
立場	タチバ	950	立場
そのため	ソノタメ	951	そのため
他に	ホカニ	952	他に
大好き	ダイスキ	953	大好き
協力	キョウリョク	954	協力
抜ける	ヌケル	955	抜ける
持ってくる	モッテクル	956	持ってくる
のみ	ノミ	957	のみ
詳しい	クワシイ	958	詳しい
押す	オス	959	押す
愛	アイ	960	愛
だす	ダス	961	出す
もつ	モツ	962	もつ
変化	ヘンカ	963	変化
男性	ダンセイ	964	男性
ような気がする	ヨウナキガスル	965	ような気がする
車	クルマ	966	車
断る	コトワル	967	断る
利用	リヨウ	968	利用
熱	ネツ	969	熱
というもの	トイウモノ	970	というもの
抱く	イダク	971	抱く
苦しい	クルシイ	972	苦しい
最高	サイコウ	973	最高
満足	マンゾク	974	満足
無視	ムシ	975	無視
余計	ヨケイ	976	余計
一気に	イッキニ	977	一気に
どちら	ドチラ	978	どちら
成功	セイコウ	979	成功
限り	カギリ	980	限り
代わりに	カワリニ	981	代わりに
ではないか	デハナイカ	982	ではないか
父親	チチオヤ	983	父親
通る	トオル	984	通る
暮らす	クラス	985	暮らす
わけではない	ワケデハナイ	986	わけではない
雨	アメ	987	雨
写真	シャシン	988	写真
火	ヒ	989	火
否定	ヒテイ	990	否定
借りる	カリル	991	借りる
面倒	メンドウ	992	面倒
人たち	ヒトタチ	993	人たち
厳しい	キビシイ	994	厳しい
危ない	アブナイ	995	危ない
どっち	ドッチ	996	どっち
どうやって	ドウヤッテ	997	どうやって
ときに	トキニ	998	ときに
今から	イマカラ	999	今から
参加	サンカ	1000	参加
隠れる	カクレル	1003	隠れる
裏	ウラ	1004	裏
短い	ミジカイ	1005	短い
ちょうど	チョウド	1006	丁度
機会	キカイ	1007	機会
恐ろしい	オソロシイ	1008	恐ろしい
大人	オトナ	1009	大人
売る	ウル	1010	売る
輝く	カガヤク	1011	輝く
すぎ	スギ	1012	過ぎる
耐える	タエル	1013	耐える
悲しい	カナシイ	1014	悲しい
たとえ	タトエ	1015	たとえ
受け入れる	ウケイレル	1016	受け入れる
どうしよう	ドウシヨウ	1017	どうしよう
味	アジ	1018	味
迷う	マヨウ	1019	迷う
手に入れる	テニイレル	1020	手に入れる
どんどん	ドンドン	1021	どんどん
関係ない	カンケイナイ	1022	関係ない
秘密	ヒミツ	1023	秘密
部	ブ	1024	部
例	レイ	1025	例
いずれ	イズレ	1026	いずれ
それにしても	ソレニシテモ	1027	それにしても
包む	ツツム	1028	包む
川	カワ	1029	川
着く	ツク	1030	着く
明らか	アキラカ	1031	明らか
そのもの	ソノモノ	1032	そのもの
地	チ	1033	地
える	エル	1034	得る
願う	ネガウ	1035	願う
位置	イチ	1036	位置
方向	ホウコウ	1037	方向
戻す	モドス	1038	戻す
一部	イチブ	1039	一部
客	キャク	1040	客
薄い	ウスイ	1041	薄い
よろしい	ヨロシイ	1042	宜しい
調子	チョウシ	1043	調子
迎える	ムカエル	1044	迎える
流す	ナガス	1045	流す
新た	アラタ	1046	新た
平気	ヘイキ	1047	平気
外す	ハズス	1048	外す
かもしれません	カモシレマセン	1049	かもしれません
改めて	アラタメテ	1050	改めて
どれだけ	ドレダケ	1051	どれだけ
進める	ススメル	1052	進める
において	ニオイテ	1053	において
うるさい	ウルサイ	1054	煩い
去る	サル	1055	去る
腹	ハラ	1056	腹
それ以上	ソレイジョウ	1057	それ以上
くせに	クセニ	1058	くせに
たまに	タマニ	1059	偶に
と思われる	トオモワレル	1060	と思われる
間違う	マチガウ	1061	間違う
実際	ジッサイ	1062	実際
皆さん	ミナサン	1063	皆さん
悩む	ナヤム	1064	悩む
迫る	セマル	1065	迫る
まだまだ	マダマダ	1066	未だ未だ
第一	ダイイチ	1067	第一
友人	ユウジン	1068	友人
練習	レンシュウ	1069	練習
と同時に	トドウジニ	1070	と同時に
まさに	マサニ	1071	正に
疑う	ウタガウ	1072	疑う
目指す	メザス	1073	目指す
右	ミギ	1074	右
消す	ケス	1075	消す
気に入る	キニイル	1076	気に入る
払う	ハラウ	1077	払う
性格	セイカク	1078	性格
それまで	ソレマデ	1079	それまで
かつて	カツテ	1080	嘗て
遠く	トオク	1081	遠い
今後	コンゴ	1082	今後
発見	ハッケン	1083	発見
ことがない	コトガナイ	1084	ことがない
同じよう	オナジヨウ	1085	同じよう
希望	キボウ	1086	希望
ついに	ツイニ	1087	遂に
集中	シュウチュウ	1088	集中
万	マン	1089	万
効果	コウカ	1090	効果
意見	イケン	1091	意見
何より	ナニヨリ	1092	何より
そのこと	ソノコト	1093	そのこと
息子	ムスコ	1094	息子
訪れる	オトズレル	1095	訪れる
であれば	デアレバ	1096	であれば
証拠	ショウコ	1097	証拠
一日	イチニチ	1098	一日
月	ツキ	1099	月
遠慮	エンリョ	1100	遠慮
時	ジ	1101	時
名	メイ	1102	名
数	スウ	1103	数
実際に	ジッサイニ	1104	実際に
暇	ヒマ	1105	暇
影響	エイキョウ	1106	影響
相当	ソウトウ	1107	相当
なし	ナシ	1108	なし
のせいで	ノセイデ	1109	のせいで
建物	タテモノ	1110	建物
ほぼ	ホボ	1111	ほぼ
重要	ジュウヨウ	1112	重要
せめて	セメテ	1113	せめて
後悔	コウカイ	1114	後悔
誰にも	ダレニモ	1115	誰にも
いなくなる	イナクナル	1116	いなくなる
紹介	ショウカイ	1117	紹介
疑問	ギモン	1118	疑問
速い	ハヤイ	1119	速い
抜く	ヌク	1120	抜く
楽	ラク	1121	楽
予想	ヨソウ	1122	予想
超える	コエル	1123	越える
努力	ドリョク	1124	努力
円	エン	1125	円
立派	リッパ	1126	立派
一方	イッポウ	1127	一方
確実	カクジツ	1128	確実
当時	トウジ	1129	当時
妻	ツマ	1130	妻
通う	カヨウ	1131	通う
流れ	ナガレ	1132	流れ
責任	セキニン	1133	責任
偶然	グウゼン	1134	偶然
作業	サギョウ	1135	作業
運命	ウンメイ	1136	運命
どの	ドノ	1137	どの
伸びる	ノビル	1138	伸びる
下がる	サガル	1139	下がる
気をつける	キヲツケル	1140	気をつける
可能	カノウ	1141	可能
支える	ササエル	1142	支える
非常	ヒジョウ	1143	非常
一歩	イッポ	1144	一歩
最も	モットモ	1145	最も
確かめる	タシカメル	1146	確かめる
乗せる	ノセル	1147	乗せる
お話	オハナシ	1148	お話
常に	ツネニ	1149	常に
通じる	ツウジル	1150	通じる
得意	トクイ	1151	得意
二度と	ニドト	1152	二度と
関わる	カカワル	1153	関わる
あんなに	アンナニ	1154	あんなに
成長	セイチョウ	1155	成長
遅れる	オクレル	1156	遅れる
本来	ホンライ	1157	本来
きり	キリ	1158	きり
注意	チュウイ	1159	注意
夏	ナツ	1160	夏
取れる	トレル	1161	取れる
計画	ケイカク	1162	計画
直す	ナオス	1163	直す
問う	トウ	1164	問う
役	ヤク	1165	役
その日	ソノヒ	1166	その日
にしても	ニシテモ	1167	にしても
解決	カイケツ	1168	解決
扱う	アツカウ	1169	扱う
重ねる	カサネル	1170	重ねる
ものがある	モノガアル	1171	ものがある
混乱	コンラン	1172	混乱
案内	アンナイ	1173	案内
寒い	サムイ	1174	寒い
罪	ツミ	1175	罪
事態	ジタイ	1176	事態
行為	コウイ	1177	行為
とともに	トトモニ	1178	とともに
に向けて	ニムケテ	1179	に向けて
いつまでも	イツマデモ	1180	いつまでも
中心	チュウシン	1181	中心
条件	ジョウケン	1182	条件
屋	ヤ	1183	屋
左	ヒダリ	1184	左
型	カタ	1185	型
展開	テンカイ	1186	展開
残り	ノコリ	1187	残り
量	リョウ	1188	量
その中	ソノナカ	1189	その中
一切	イッサイ	1190	一切
迷惑	メイワク	1191	迷惑
古い	フルイ	1192	古い
結ぶ	ムスブ	1193	結ぶ
別れる	ワカレル	1194	別れる
というより	トイウヨリ	1195	というより
抑える	オサエル	1196	押さえる
といい	トイイ	1197	といい
番	バン	1198	番
楽しみ	タノシミ	1199	楽しみ
日々	ヒビ	1200	日々
年	トシ	1201	年
間	カン	1202	間
気	ゲ	1203	気
下	モト	1204	下
間違い	マチガイ	1205	間違い
なお	ナオ	1206	猶
その人	ソノヒト	1207	その人
頼る	タヨル	1208	頼る
目立つ	メダツ	1209	目立つ
苦労	クロウ	1210	苦労
ごと	ゴト	1211	ごと
信用	シンヨウ	1212	信用
唯一	ユイイツ	1213	唯一
寄る	ヨル	1214	寄る
減る	ヘル	1215	減る
間に合う	マニアウ	1216	間に合う
到着	トウチャク	1217	到着
面	メン	1218	面
差	サ	1219	差
時には	トキニハ	1220	時には
価値	カチ	1221	価値
対応	タイオウ	1222	対応
額	ガク	1223	額
含む	フクム	1224	含む
まとめる	マトメル	1225	纏める
すべき	スベキ	1226	すべき
有名	ユウメイ	1227	有名
反対	ハンタイ	1228	反対
安全	アンゼン	1229	安全
でる	デル	1230	出る
ついてる	ツイテル	1231	ついてる
ぶり	ブリ	1232	振り
午後	ゴゴ	1233	午後
切れる	キレル	1234	切れる
活動	カツドウ	1235	活動
時期	ジキ	1236	時期
際	サイ	1237	際
正確	セイカク	1238	正確
以来	イライ	1239	以来
大きくなる	オオキクナル	1240	大きくなる
完成	カンセイ	1241	完成
なり	ナリ	1242	なり
貸す	カス	1243	貸す
新	シン	1244	新
たった	タッタ	1245	唯
降る	フル	1246	降る
最後まで	サイゴマデ	1247	最後まで
狭い	セマイ	1248	狭い
出かける	デカケル	1249	出掛ける
至る	イタル	1250	至る
でもある	デモアル	1251	でもある
一生	イッショウ	1252	一生
信頼	シンライ	1253	信頼
不満	フマン	1254	不満
といえば	トイエバ	1255	といえば
全体	ゼンタイ	1256	全体
よる	ヨル	1257	よる
病気	ビョウキ	1258	病気
複雑	フクザツ	1259	複雑
代	ダイ	1260	代
含める	フクメル	1261	含める
違い	チガイ	1262	違い
ほか	ホカ	1263	他
育てる	ソダテル	1264	育てる
ままに	ママニ	1265	ままに
少しでも	スコシデモ	1266	少しでも
にくい	ニクイ	1267	難い
保つ	タモツ	1268	保つ
回	カイ	1269	回
通す	トオス	1270	通す
役に立つ	ヤクニタツ	1271	役に立つ
学ぶ	マナブ	1272	学ぶ
このよう	コノヨウ	1273	このよう
比べる	クラベル	1274	比べる
限る	カギル	1275	限る
対象	タイショウ	1276	対象
度	ド	1277	度
そのうち	ソノウチ	1278	そのうち
世の中	ヨノナカ	1279	世の中
加える	クワエル	1280	加える
亡くなる	ナクナル	1281	亡くなる
最大	サイダイ	1282	最大
人気	ニンキ	1283	人気
及ぶ	オヨブ	1284	及ぶ
将来	ショウライ	1285	将来
種類	シュルイ	1286	種類
半	ハン	1287	半
苦しむ	クルシム	1288	苦しむ
訴える	ウッタエル	1289	訴える
ずつ	ズツ	1290	ずつ
たつ	タツ	1291	たつ
関する	カンスル	1292	関する
決定	ケッテイ	1293	決定
なくす	ナクス	1294	なくす
分ける	ワケル	1295	分ける
いわゆる	イワユル	1296	所謂
にかけて	ニカケテ	1297	にかけて
よな	ヨナ	1298	よな
視線	シセン	1299	視線
嬉しい	ウレシイ	1300	嬉しい
出来る	デキル	1302	出来る
ダメ	ダメ	1303	駄目
見つめる	ミツメル	1304	見詰める
全て	スベテ	1305	全て
少女	ショウジョ	1306	少女
扉	トビラ	1307	扉
わたし	ワタシ	1308	私
もしかして	モシカシテ	1309	もしかして
俺たち	オレタチ	1310	俺たち
瞳	ヒトミ	1311	瞳
先輩	センパイ	1312	先輩
皆	ミンナ	1313	皆
奴	ヤツ	1314	奴
はあ	ハア	1315	はあ
五	ゴ	1316	5
慌てる	アワテル	1317	慌てる
街	マチ	1318	街
達	タチ	1319	達
というか	トイウカ	1320	というか
なんだか	ナンダカ	1321	なんだか
攻撃	コウゲキ	1322	攻撃
なぁ	ナァ	1323	な
妹	イモウト	1324	妹
じゃん	ジャン	1325	じゃん
立ち上がる	タチアガル	1326	立ち上がる
唇	クチビル	1327	唇
はっ	ハッ	1328	はっ
ねぇ	ネェ	1329	ねえ
震える	フルエル	1330	震える
浮かべる	ウカベル	1331	浮かべる
可愛い	カワイイ	1332	可愛い
気付く	キヅク	1333	気付く
あー	アー	1334	あー
両手	リョウテ	1335	両手
んん	ンン	1336	んん
身体	カラダ	1337	身体
すみません	スミマセン	1338	すみません
三人	サンニン	1339	三人
お母さん	オカアサン	1340	お母さん
眺める	ナガメル	1341	眺める
何だ	ナンダ	1342	何だ
ドア	ドア	1343	ドア
床	ユカ	1344	床
かい	カイ	1345	かい
やがる	ヤガル	1346	やがる
ベッド	ベッド	1347	ベッド
少年	ショウネン	1348	少年
そりゃ	ソリャ	1349	其れ
森	モリ	1350	森
わけじゃない	ワケジャナイ	1351	わけじゃない
ひとつ	ヒトツ	1352	ひとつ
倒す	タオス	1353	倒す
構う	カマウ	1354	構う
響く	ヒビク	1355	響く
あの子	アノコ	1356	あの子
笑み	エミ	1357	笑み
謝る	アヤマル	1358	謝る
振り返る	フリカエル	1359	振り返る
かよ	カヨ	1360	かよ
仕方ない	シカタナイ	1361	仕方無い
やがて	ヤガテ	1362	軈て
我々	ワレワレ	1363	我々
口にする	クチニスル	1364	口にする
バカ	バカ	1365	ばか
ふと	フト	1366	ふと
肉	ニク	1367	肉
まい	マイ	1368	まい
地面	ジメン	1369	地面
えっと	エット	1370	えーと
何で	ナンデ	1371	何で
お父さん	オトウサン	1372	お父さん
叩く	タタク	1373	叩く
そっか	ソッカ	1374	そっか
見上げる	ミアゲル	1375	見上げる
声をかける	コエヲカケル	1376	声をかける
全身	ゼンシン	1377	全身
連中	レンチュウ	1378	連中
さま	サマ	1379	様
戦い	タタカイ	1380	戦い
告げる	ツゲル	1381	告げる
気配	ケハイ	1382	気配
と共に	トトモニ	1383	と共に
そっと	ソット	1384	そっと
廊下	ロウカ	1385	廊下
取り出す	トリダス	1386	取り出す
影	カゲ	1387	影
色々	イロイロ	1388	色々
噂	ウワサ	1389	噂
四	ヨン	1390	4
兄	アニ	1391	兄
怒り	イカリ	1392	怒り
嘘	ウソ	1393	嘘
生徒	セイト	1394	生徒
相変わらず	アイカワラズ	1395	相変わらず
浮かぶ	ウカブ	1396	浮かぶ
そうですね	ソウデスネ	1397	そうですね
傷	キズ	1398	傷
痛み	イタミ	1399	痛み
放つ	ハナツ	1400	放つ
体	タイ	1401	体
なのです	ナノデス	1402	なのです
背後	ハイゴ	1403	背後
闇	ヤミ	1404	闇
おう	オウ	1405	おお
普段	フダン	1406	普段
綺麗	キレイ	1407	奇麗
手紙	テガミ	1408	手紙
下さる	クダサル	1409	下さる
かのように	カノヨウニ	1410	かのように
電話	デンワ	1411	電話
じっと	ジット	1412	じっと
お願いします	オネガイシマス	1413	お願いします
だからこそ	ダカラコソ	1414	だからこそ
挨拶	アイサツ	1415	挨拶
テーブル	テーブル	1416	テーブル
かね	カネ	1417	かね
無駄	ムダ	1418	無駄
かわいい	カワイイ	1419	可愛い
王	オウ	1420	王
さっさ	サッサ	1421	さっさ
２人	フタリ	1422	二人
村	ムラ	1423	村
触る	サワル	1424	触る
六	ロク	1425	6
駄目	ダメ	1426	駄目
巨大	キョダイ	1427	巨大
光景	コウケイ	1428	光景
多分	タブン	1429	多分
黒	クロ	1430	黒
ござる	ゴザル	1431	御座る
石	イシ	1432	石
だよね	ダヨネ	1433	だよね
おそらく	オソラク	1434	恐らく
二つ	フタツ	1435	二つ
付き合う	ツキアウ	1436	付き合う
肌	ハダ	1437	肌
武器	ブキ	1438	武器
当てる	アテル	1439	当てる
椅子	イス	1440	椅子
そいつ	ソイツ	1441	其奴
無い	ナイ	1442	無い
恐怖	キョウフ	1443	恐怖
おいしい	オイシイ	1444	美味しい
命令	メイレイ	1445	命令
本当に	ホントウニ	1446	本当に
たぶん	タブン	1447	多分
いったい	イッタイ	1448	一体
す	ス	1449	です
マジ	マジ	1450	まじ
口を開く	クチヲヒラク	1451	口を開く
匂い	ニオイ	1452	匂い
格好	カッコウ	1453	格好
そうね	ソウネ	1454	そうね
頬	ホオ	1455	頬
っていう	ッテイウ	1456	っていう
クラス	クラス	1457	クラス
いやいや	イヤイヤ	1458	いやいや
それじゃ	ソレジャ	1459	それじゃ
尋ねる	タズネル	1460	尋ねる
うわ	ウワ	1461	うわ
犬	イヌ	1462	犬
もはや	モハヤ	1463	最早
階段	カイダン	1464	階段
そう言う	ソウイウ	1465	そう言う
いいえ	イイエ	1466	いいえ
もしかしたら	モシカシタラ	1467	もしかしたら
机	ツクエ	1468	机
先ほど	サキホド	1469	先程
ゲーム	ゲーム	1470	ゲーム
勝負	ショウブ	1471	勝負
そうそう	ソウソウ	1472	然う然う
本物	ホンモノ	1473	本物
だめ	ダメ	1474	駄目
レベル	レベル	1475	レベル
真剣	シンケン	1476	真剣
七	ナナ	1477	7
星	ホシ	1478	星
まずい	マズイ	1479	不味い
教室	キョウシツ	1480	教室
いま	イマ	1481	いま
そのとき	ソノトキ	1482	そのとき
鋭い	スルドイ	1483	鋭い
あたり	アタリ	1484	辺り
口調	クチョウ	1485	口調
姉	アネ	1486	姉
似合う	ニアウ	1487	似合う
方がいい	ホウガイイ	1488	方がいい
ちなみに	チナミニ	1489	ちなみに
揺れる	ユレル	1490	揺れる
話しかける	ハナシカケル	1491	話し掛ける
あるいは	アルイハ	1492	或いは
視界	シカイ	1493	視界
そうだね	ソウダネ	1494	そうだね
限界	ゲンカイ	1495	限界
作戦	サクセン	1496	作戦
頭を下げる	アタマヲサゲル	1497	頭を下げる
申す	モウス	1498	申す
お互い	オタガイ	1499	お互い
なんじゃ	ナンジャ	1500	なんじゃ
家	ケ	1502	家
既に	スデニ	1503	既に
取り戻す	トリモドス	1504	取り戻す
右手	ミギテ	1505	右手
女子	ジョシ	1506	女子
ばっかり	バッカリ	1507	ばかり
白	シロ	1508	白
猫	ネコ	1509	猫
馬鹿	バカ	1510	馬鹿
適当	テキトウ	1511	適当
そば	ソバ	1512	そば
なんでも	ナンデモ	1513	なんでも
一言	ヒトコト	1514	一言
心臓	シンゾウ	1515	心臓
なぜか	ナゼカ	1516	なぜか
酒	サケ	1517	酒
いいか	イイカ	1518	いいか
違いない	チガイナイ	1519	違いない
魂	タマシイ	1520	魂
空間	クウカン	1521	空間
真面目	マジメ	1522	真面目
たる	タル	1523	たり
お礼	オレイ	1524	お礼
薬	クスリ	1525	薬
お茶	オチャ	1526	お茶
味方	ミカタ	1527	味方
炎	ホノオ	1528	炎
タイミング	タイミング	1529	タイミング
両親	リョウシン	1530	両親
様に	ヨウニ	1531	様に
荷物	ニモツ	1532	荷物
それら	ソレラ	1533	それら
細い	ホソイ	1534	細い
警戒	ケイカイ	1535	警戒
鍵	カギ	1536	鍵
飛び出す	トビダス	1537	飛び出す
膝	ヒザ	1538	膝
ほどに	ホドニ	1539	ほどに
何とか	ナントカ	1540	何とか
というのに	トイウノニ	1541	というのに
興奮	コウフン	1542	興奮
褒める	ホメル	1543	褒める
我が	ワガ	1544	我が
指示	シジ	1545	指示
弟	オトウト	1546	弟
っていうか	ッテイウカ	1547	っていうか
わずか	ワズカ	1548	僅か
十	ジュウ	1549	10
舌	シタ	1550	舌
鳴る	ナル	1551	鳴る
穴	アナ	1552	穴
そちら	ソチラ	1553	其方
タイプ	タイプ	1554	タイプ
随分	ズイブン	1555	随分
差し出す	サシダス	1556	差し出す
やら	ヤラ	1557	やら
八	ハチ	1558	8
ども	ドモ	1559	ども
閉じる	トジル	1560	閉じる
光る	ヒカル	1561	光る
勘違い	カンチガイ	1562	勘違い
警察	ケイサツ	1563	警察
何でも	ナンデモ	1564	何でも
伸ばす	ノバス	1565	伸ばす
それに	ソレニ	1566	それに
冷静	レイセイ	1567	冷静
第	ダイ	1568	第
頂く	イタダク	1569	頂く
怪しい	アヤシイ	1570	怪しい
馬	ウマ	1571	馬
衝撃	ショウゲキ	1572	衝撃
城	シロ	1573	城
巻き込む	マキコム	1574	巻き込む
多少	タショウ	1575	多少
同士	ドウシ	1576	同士
って言う	ッテイウ	1577	って言う
そのよう	ソノヨウ	1578	そのよう
恋人	コイビト	1579	恋人
てる	テル	1580	てる
気がつく	キガツク	1581	気がつく
病院	ビョウイン	1582	病院
回す	マワス	1583	回す
わけない	ワケナイ	1584	わけない
汗	アセ	1585	汗
開始	カイシ	1586	開始
それで	ソレデ	1587	それで
まとも	マトモ	1588	正面
青い	アオイ	1589	青い
押さえる	オサエル	1590	押さえる
超	チョウ	1591	超
ずいぶん	ズイブン	1592	随分
提案	テイアン	1593	提案
悔しい	クヤシイ	1594	悔しい
一本	イッポン	1595	一本
室	シツ	1596	室
ってのは	ッテノハ	1597	ってのは
ど	ド	1598	どう
真実	シンジツ	1599	真実
研究	ケンキュウ	1600	研究
人	ジン	1601	人
身体	シンタイ	1603	身体
背	セ	1604	背
いつの間にか	イツノマニカ	1605	いつの間にか
我	ワレ	1606	我
扱い	アツカイ	1607	扱い
回復	カイフク	1608	回復
どうでもいい	ドウデモイイ	1609	どうでもいい
知識	チシキ	1610	知識
恋	コイ	1611	恋
抵抗	テイコウ	1612	抵抗
ぜ	ゼ	1613	ぜ
犯人	ハンニン	1614	犯人
うれしい	ウレシイ	1615	嬉しい
天	テン	1616	天
広げる	ヒロゲル	1617	広げる
に関して	ニカンシテ	1618	に関して
付く	ツク	1619	付く
文字	モジ	1620	文字
苦手	ニガテ	1621	苦手
引っ張る	ヒッパル	1622	引っ張る
解放	カイホウ	1623	解放
ともかく	トモカク	1624	兎も角
箱	ハコ	1625	箱
追いかける	オイカケル	1626	追い掛ける
真っ赤	マッカ	1627	真っ赤
見事	ミゴト	1628	見事
ほんと	ホント	1629	本当
絵	エ	1630	絵
でございます	デゴザイマス	1631	でございます
あああ	アアア	1632	ああ
おはよう	オハヨウ	1633	御早う
嫌う	キラウ	1634	嫌う
破壊	ハカイ	1635	破壊
壊れる	コワレル	1636	壊れる
拾う	ヒロウ	1637	拾う
今夜	コンヤ	1638	今夜
囲む	カコム	1639	囲む
知り合い	シリアイ	1640	知り合い
単純	タンジュン	1641	単純
船	フネ	1642	船
中身	ナカミ	1643	中身
系	ケイ	1644	系
とんでもない	トンデモナイ	1645	とんでもない
なりに	ナリニ	1646	なりに
辺り	アタリ	1647	辺り
完璧	カンペキ	1648	完璧
脱ぐ	ヌグ	1649	脱ぐ
全力	ゼンリョク	1650	全力
無言	ムゴン	1651	無言
へえ	ヘエ	1652	へえ
門	モン	1653	門
仲良く	ナカヨク	1654	仲良く
技術	ギジュツ	1655	技術
それじゃあ	ソレジャア	1656	それじゃあ
殴る	ナグル	1657	殴る
大量	タイリョウ	1658	大量
沈黙	チンモク	1659	沈黙
感触	カンショク	1660	感触
思考	シコウ	1661	思考
どころか	ドコロカ	1662	どころか
試す	タメス	1663	試す
島	シマ	1664	島
ということだ	トイウコトダ	1665	ということだ
言い方	イイカタ	1666	言い方
会社	カイシャ	1667	会社
経つ	タツ	1668	経つ
やっぱ	ヤッパ	1669	矢張り
趣味	シュミ	1670	趣味
張る	ハル	1671	張る
主	ヌシ	1672	主
紙	カミ	1673	紙
隙	スキ	1674	隙
何者	ナニモノ	1675	何者
ふん	フン	1676	ふん
いよいよ	イヨイヨ	1677	愈
従う	シタガウ	1678	従う
異常	イジョウ	1679	異常
中央	チュウオウ	1680	中央
久しぶり	ヒサシブリ	1681	久し振り
正体	ショウタイ	1682	正体
長	チョウ	1683	長い
戦争	センソウ	1684	戦争
穏やか	オダヤカ	1685	穏やか
なんとなく	ナントナク	1686	なんとなく
左右	サユウ	1687	左右
吸う	スウ	1688	吸う
柔らかい	ヤワラカイ	1689	柔らかい
構える	カマエル	1690	構える
ただし	タダシ	1691	但し
赤	アカ	1692	赤
授業	ジュギョウ	1693	授業
ゆく	ユク	1694	行く
式	シキ	1695	式
何もない	ナニモナイ	1696	何もない
そんなもの	ソンナモノ	1697	そんなもの
しれる	シレル	1698	知れる
不可能	フカノウ	1699	不可能
投げる	ナゲル	1700	投げる
洗う	アラウ	1703	洗う
見守る	ミマモル	1704	見守る
焼く	ヤク	1705	焼く
天井	テンジョウ	1706	天井
鳥	トリ	1707	鳥
思いつく	オモイツク	1708	思い付く
あっさり	アッサリ	1709	あっさり
男の子	オトコノコ	1710	男の子
雪	ユキ	1711	雪
ふざける	フザケル	1712	ふざける
確信	カクシン	1713	確信
イメージ	イメージ	1714	イメージ
わけにはいかない	ワケニハイカナイ	1715	わけにはいかない
この世	コノヨ	1716	此の世
悲鳴	ヒメイ	1717	悲鳴
辛い	ツライ	1718	辛い
こ	コ	1719	こ
話題	ワダイ	1720	話題
認識	ニンシキ	1721	認識
振り向く	フリムク	1722	振り向く
あまりにも	アマリニモ	1723	あまりにも
申し訳ない	モウシワケナイ	1724	申し訳ない
わあ	ワア	1725	わあ
化する	カスル	1726	化する
焦る	アセル	1727	焦る
問題ない	モンダイナイ	1728	問題ない
突っ込む	ツッコム	1729	突き込む
制服	セイフク	1730	制服
やってみる	ヤッテミル	1731	やってみる
もうすぐ	モウスグ	1732	もうすぐ
驚き	オドロキ	1733	驚き
許可	キョカ	1734	許可
映る	ウツル	1735	映る
壊す	コワス	1736	壊す
きちんと	キチント	1737	きちんと
あっち	アッチ	1738	彼方
裏切る	ウラギル	1739	裏切る
人形	ニンギョウ	1740	人形
鼻	ハナ	1741	鼻
謎	ナゾ	1742	謎
その間	ソノアイダ	1743	その間
二十	ハタチ	1744	20
了解	リョウカイ	1745	了解
発言	ハツゲン	1746	発言
その手	ソノテ	1747	その手
大した	タイシタ	1748	大した
組む	クム	1749	組む
手段	シュダン	1750	手段
最悪	サイアク	1751	最悪
呼び出す	ヨビダス	1752	呼び出す
ありがたい	アリガタイ	1753	有り難い
誤解	ゴカイ	1754	誤解
メートル	メートル	1755	メートル
訳	ワケ	1756	訳
吐く	ハク	1757	吐く
告白	コクハク	1758	告白
喉	ノド	1759	喉
転がる	コロガル	1760	転がる
旅	タビ	1761	旅
見た目	ミタメ	1762	見た目
バレる	バレル	1763	ばれる
濡れる	ヌレル	1764	濡れる
呼吸	コキュウ	1765	呼吸
素晴らしい	スバラシイ	1766	素晴らしい
出来事	デキゴト	1767	出来事
行ってくる	イッテクル	1768	行ってくる
同様	ドウヨウ	1769	同様
受け止める	ウケトメル	1770	受け止める
少しずつ	スコシズツ	1771	少しずつ
実に	ジツニ	1772	実に
自覚	ジカク	1773	自覚
きれい	キレイ	1774	奇麗
見送る	ミオクル	1775	見送る
参る	マイル	1776	参る
爆発	バクハツ	1777	爆発
動揺	ドウヨウ	1778	動揺
着替える	キガエル	1779	着替える
解く	トク	1780	解く
連れてくる	ツレテクル	1781	連れてくる
増す	マス	1782	増す
自体	ジタイ	1783	自体
東	ヒガシ	1784	東
ぼんやり	ボンヤリ	1785	ぼんやり
どうにか	ドウニカ	1786	どうにか
となると	トナルト	1787	となると
とはいえ	トハイエ	1788	とはいえ
精神	セイシン	1789	精神
さっきから	サッキカラ	1790	さっきから
飛ばす	トバス	1791	飛ばす
文句	モンク	1792	文句
踏む	フム	1793	踏む
時点	ジテン	1794	時点
発生	ハッセイ	1795	発生
あとで	アトデ	1796	あとで
付ける	ツケル	1797	付ける
つかむ	ツカム	1798	掴む
沈む	シズム	1799	沈む
と同じように	トオナジヨウニ	1800	と同じように
内	ウチ	1801	内
抱く	ダク	1802	抱く
傷つける	キズツケル	1803	傷付ける
掃除	ソウジ	1804	掃除
ころ	コロ	1805	頃
二人とも	フタリトモ	1806	二人とも
はじめる	ハジメル	1807	始める
道具	ドウグ	1808	道具
現場	ゲンバ	1809	現場
春	ハル	1810	春
歴史	レキシ	1811	歴史
依頼	イライ	1812	依頼
足音	アシオト	1813	足音
術	ジュツ	1814	術
全	ゼン	1815	全
たまる	タマル	1816	たまる
手にする	テニスル	1817	手にする
一枚	イチマイ	1818	一枚
チャンス	チャンス	1819	チャンス
第二	ダイニ	1820	第二
ついでに	ツイデニ	1821	ついでに
思い出	オモイデ	1822	思い出
歌	ウタ	1823	歌
覆う	オオウ	1824	覆う
庭	ニワ	1825	庭
ただいま	タダイマ	1826	只今
応える	コタエル	1827	答える
だい	ダイ	1828	だい
ありがとうございました	アリガトウゴザイマシタ	1829	ありがとうございました
恐れる	オソレル	1830	恐れる
毒	ドク	1831	毒
騒ぐ	サワグ	1832	騒ぐ
背負う	セオウ	1833	背負う
あまりに	アマリニ	1834	あまりに
大学	ダイガク	1835	大学
みな	ミナ	1836	皆
底	ソコ	1837	底
ぶつかる	ブツカル	1838	ぶつかる
素敵	ステキ	1839	素敵
少々	ショウショウ	1840	少々
がな	ガナ	1841	仮名
微妙	ビミョウ	1842	微妙
担当	タントウ	1843	担当
お店	オミセ	1844	御店
怪我	ケガ	1845	怪我
ひとり	ヒトリ	1846	一人
同じく	オナジク	1847	同じく
例えば	タトエバ	1848	例えば
ほうがいい	ホウガイイ	1849	ほうがいい
三十	サンジュウ	1850	30
直後	チョクゴ	1851	直後
調査	チョウサ	1852	調査
今年	コトシ	1853	今年
応援	オウエン	1854	応援
使用	シヨウ	1855	使用
言いながら	イイナガラ	1856	言いながら
早速	サッソク	1857	早速
玄関	ゲンカン	1858	玄関
満ちる	ミチル	1859	満ちる
予感	ヨカン	1860	予感
心の中	ココロノナカ	1861	心の中
片手	カタテ	1862	片手
逃げ出す	ニゲダス	1863	逃げ出す
速度	ソクド	1864	速度
飛び込む	トビコム	1865	飛び込む
探る	サグル	1866	探る
こら	コラ	1867	此れ
刺激	シゲキ	1868	刺激
物語	モノガタリ	1869	物語
男子	ダンシ	1870	男子
ありがと	アリガト	1871	有り難う
もしも	モシモ	1872	もしも
いいや	イイヤ	1873	いいや
硬い	カタイ	1874	固い
かあ	カア	1875	か
ひと	ヒト	1876	人
印象	インショウ	1877	印象
感	カン	1878	感
願い	ネガイ	1879	願い
いくつか	イクツカ	1880	いくつか
にしては	ニシテハ	1881	にしては
夫	オット	1882	夫
意志	イシ	1883	意志
あくまで	アクマデ	1884	飽くまで
魚	サカナ	1885	魚
もともと	モトモト	1886	元々
勝利	ショウリ	1887	勝利
意思	イシ	1888	意思
もっとも	モットモ	1889	尤も
こうする	コウスル	1890	こうする
察する	サッスル	1891	察する
太陽	タイヨウ	1892	太陽
ますます	マスマス	1893	益々
歌う	ウタウ	1894	歌う
大体	ダイタイ	1895	大体
才能	サイノウ	1896	才能
と思ったら	トオモッタラ	1897	と思ったら
はずがない	ハズガナイ	1898	はずがない
果たす	ハタス	1899	果たす
選択	センタク	1900	選択
並べる	ナラベル	1901	並べる
とっても	トッテモ	1902	迚も
なか	ナカ	1903	中
名乗る	ナノル	1904	名乗る
東京	トウキョウ	1905	東京
味わう	アジワウ	1906	味わう
燃える	モエル	1907	燃える
自分でも	ジブンデモ	1908	自分でも
真似	マネ	1909	真似
越える	コエル	1910	越える
左手	ヒダリテ	1911	左手
懐かしい	ナツカシイ	1912	懐かしい
パン	パン	1913	パン
入り口	イリグチ	1914	入り口
部下	ブカ	1915	部下
間に	アイダニ	1916	間に
鬼	オニ	1917	鬼
幼い	オサナイ	1918	幼い
間違える	マチガエル	1919	間違える
一度も	イチドモ	1920	一度も
組	クミ	1921	組
ほんの	ホンノ	1922	本の
下げる	サゲル	1923	下げる
偉い	エライ	1924	偉い
捕まえる	ツカマエル	1925	捕まえる
漂う	タダヨウ	1926	漂う
鏡	カガミ	1927	鏡
笑い	ワライ	1928	笑い
香り	カオリ	1929	香り
この前	コノマエ	1930	この前
優秀	ユウシュウ	1931	優秀
込める	コメル	1932	込める
発する	ハッスル	1933	発する
機	キ	1934	機
はずです	ハズデス	1935	はずです
会	カイ	1936	会
あいつら	アイツラ	1937	あいつら
たっぷり	タップリ	1938	たっぷり
わざと	ワザト	1939	態と
崩れる	クズレル	1940	崩れる
いいこと	イイコト	1941	いいこと
証明	ショウメイ	1942	証明
支配	シハイ	1943	支配
潰す	ツブス	1944	潰す
様々	サマザマ	1945	様々
感心	カンシン	1946	感心
姿勢	シセイ	1947	姿勢
先日	センジツ	1948	先日
今すぐ	イマスグ	1949	今すぐ
土地	トチ	1950	土地
神様	カミサマ	1951	神様
あらゆる	アラユル	1952	あらゆる
いろんな	イロンナ	1953	色んな
地下	チカ	1954	地下
承知	ショウチ	1955	承知
に置いて	ニオイテ	1956	に置いて
挟む	ハサム	1957	挟む
年齢	ネンレイ	1958	年齢
とおり	トオリ	1959	通り
西	ニシ	1960	西
事故	ジコ	1961	事故
やって来る	ヤッテクル	1962	やって来る
訓練	クンレン	1963	訓練
学生	ガクセイ	1964	学生
用事	ヨウジ	1965	用事
一年	イチネン	1966	一年
捜す	サガス	1967	探す
組織	ソシキ	1968	組織
地上	チジョウ	1969	地上
責める	セメル	1970	責める
わけがない	ワケガナイ	1971	わけがない
なす	ナス	1972	成す
固い	カタイ	1973	固い
おいおい	オイオイ	1974	おいおい
すっごい	スッゴイ	1975	凄い
防ぐ	フセグ	1976	防ぐ
祈る	イノル	1977	祈る
整える	トトノエル	1978	整える
帰り	カエリ	1979	帰り
温かい	アタタカイ	1980	温かい
把握	ハアク	1981	把握
覗く	ノゾク	1982	覗く
九	キュウ	1983	9
込む	コム	1984	込む
笑い声	ワライゴエ	1985	笑い声
音がする	オトガスル	1986	音がする
効く	キク	1987	利く
冬	フユ	1988	冬
ように言う	ヨウニイウ	1989	ように言う
漏れる	モレル	1990	漏れる
勇気	ユウキ	1991	勇気
預ける	アズケル	1992	預ける
仕方がない	シカタガナイ	1993	仕方がない
表現	ヒョウゲン	1994	表現
テレビ	テレビ	1995	テレビ
揃う	ソロウ	1996	揃う
記録	キロク	1997	記録
育つ	ソダツ	1998	育つ
まくる	マクル	1999	捲る
好きになる	スキニナル	2000	好きになる
金	キン	2002	金
宣言	センゲン	2004	宣言
体力	タイリョク	2005	体力
絶望	ゼツボウ	2006	絶望
まっすぐ	マッスグ	2007	真っ直ぐ
よろしくお願いします	ヨロシクオネガイシマス	2008	よろしくお願いします
もうちょっと	モウチョット	2009	もうちょっと
ご飯	ゴハン	2010	御飯
秒	ビョウ	2011	秒
空く	アク	2012	空く
吹く	フク	2013	吹く
強引	ゴウイン	2014	強引
百	ヒャク	2015	100
平和	ヘイワ	2016	平和
甘える	アマエル	2017	甘える
だけでなく	ダケデナク	2018	だけでなく
数日	スウジツ	2019	数日
骨	ホネ	2020	骨
だの	ダノ	2021	だの
情けない	ナサケナイ	2022	情けない
決意	ケツイ	2023	決意
知れる	シレル	2024	知れる
言い訳	イイワケ	2025	言い訳
下りる	オリル	2026	下りる
観察	カンサツ	2027	観察
きつい	キツイ	2028	きつい
袋	フクロ	2029	袋
違和感	イワカン	2030	違和感
おっしゃる	オッシャル	2031	おっしゃる
その通り	ソノトオリ	2032	その通り
氷	コオリ	2033	氷
つらい	ツライ	2034	辛い
北	キタ	2035	北
出て行く	デテイク	2036	出て行く
寄せる	ヨセル	2037	寄せる
しょうがない	ショウガナイ	2038	しょうがない
端	ハシ	2039	端
メンバー	メンバー	2040	メンバー
助け	タスケ	2041	助ける
布	ヌノ	2042	布
どうしようもない	ドウシヨウモナイ	2043	どうしようもない
丁寧	テイネイ	2044	丁寧
土	ツチ	2045	土
たまたま	タマタマ	2046	偶々
だいぶ	ダイブ	2047	大分
下手	ヘタ	2048	下手
永遠	エイエン	2049	永遠
評価	ヒョウカ	2050	評価
景色	ケシキ	2051	景色
いくらでも	イクラデモ	2052	いくらでも
１人	ヒトリ	2053	一人
びっくり	ビックリ	2054	びっくり
掛ける	カケル	2055	掛ける
固まる	カタマル	2056	固まる
美人	ビジン	2057	美人
だらけ	ダラケ	2058	だらけ
地獄	ジゴク	2059	地獄
今に	イマニ	2060	今に
この先	コノサキ	2061	この先
外れる	ハズレル	2062	外れる
翌日	ヨクジツ	2063	翌日
小	ショウ	2064	小
埋める	ウメル	2065	埋める
動物	ドウブツ	2066	動物
隙間	スキマ	2067	隙間
いかが	イカガ	2068	如何
油断	ユダン	2069	油断
貫く	ツラヌク	2070	貫く
線	セン	2071	線
申し訳ありません	モウシワケアリマセン	2072	申し訳ありません
続き	ツヅキ	2073	続く
ついている	ツイテイル	2074	ついている
何だか	ナンダカ	2075	何だか
氏	シ	2076	氏
刺す	サス	2077	刺す
見かける	ミカケル	2078	見掛ける
控える	ヒカエル	2079	控える
靴	クツ	2080	靴
特殊	トクシュ	2081	特殊
主人	シュジン	2082	主人
つ	ツ	2083	つう
目標	モクヒョウ	2084	目標
みたいです	ミタイデス	2085	みたいです
やり方	ヤリカタ	2086	遣り方
傷つく	キズツク	2087	傷付く
教師	キョウシ	2088	教師
他にも	ホカニモ	2089	他にも
青	アオ	2090	青
泳ぐ	オヨグ	2091	泳ぐ
騒ぎ	サワギ	2092	騒ぎ
届ける	トドケル	2093	届ける
おかげ	オカゲ	2094	御陰
派手	ハデ	2095	派手
崩す	クズス	2096	崩す
仕掛ける	シカケル	2097	仕掛ける
からこそ	カラコソ	2098	からこそ
本日	ホンジツ	2099	本日
だいたい	ダイタイ	2100	大体
力	リョク	2101	力
実力	ジツリョク	2102	実力
踊る	オドル	2103	踊る
次第	シダイ	2104	次第
雲	クモ	2105	雲
たびに	タビニ	2106	たびに
捕まる	ツカマル	2107	捕まる
破る	ヤブル	2108	破る
巻く	マク	2109	巻く
もう一つ	モウヒトツ	2110	もう一つ
役目	ヤクメ	2111	役目
３人	サンニン	2112	３人
自慢	ジマン	2113	自慢
今でも	イマデモ	2114	今でも
駅	エキ	2115	駅
要求	ヨウキュウ	2116	要求
高校	コウコウ	2117	高校
手を出す	テヲダス	2118	手を出す
そしたら	ソシタラ	2119	そしたら
ぶつける	ブツケル	2120	ぶつける
範囲	ハンイ	2121	範囲
戦	セン	2122	戦
どっか	ドッカ	2123	どっか
その上	ソノウエ	2124	その上
と言い	トイイ	2125	と言い
顔色	カオイロ	2126	顔色
音楽	オンガク	2127	音楽
映画	エイガ	2128	映画
仮に	カリニ	2129	仮に
鉄	テツ	2130	鉄
今朝	ケサ	2131	今朝
プレゼント	プレゼント	2132	プレゼント
自分から	ジブンカラ	2133	自分から
ついてくる	ツイテクル	2134	ついてくる
あがる	アガル	2135	上がる
追いつく	オイツク	2136	追い付く
環境	カンキョウ	2137	環境
主張	シュチョウ	2138	主張
染まる	ソマル	2139	染まる
注ぐ	ソソグ	2140	注ぐ
奇妙	キミョウ	2141	奇妙
正解	セイカイ	2142	正解
満たす	ミタス	2143	満たす
暴れる	アバレル	2144	暴れる
宿	ヤド	2145	宿
つくる	ツクル	2146	作る
慎重	シンチョウ	2147	慎重
閉める	シメル	2148	閉める
表	オモテ	2149	表
大勢	オオゼイ	2150	大勢
促す	ウナガス	2151	促す
と言えば	トイエバ	2152	と言えば
心から	ココロカラ	2153	心から
暑い	アツイ	2154	暑い
持ち上げる	モチアゲル	2155	持ち上げる
蹴る	ケル	2156	蹴る
折れる	オレル	2157	折れる
終了	シュウリョウ	2158	終了
台	ダイ	2159	台
昼	ヒル	2160	昼
いかにも	イカニモ	2161	いかにも
安い	ヤスイ	2162	安い
出発	シュッパツ	2163	出発
機能	キノウ	2164	機能
言い出す	イイダス	2165	言い出す
南	ミナミ	2166	南
管理	カンリ	2167	管理
性	セイ	2168	性
純粋	ジュンスイ	2169	純粋
こっそり	コッソリ	2170	こっそり
草	クサ	2171	草
卒業	ソツギョウ	2172	卒業
契約	ケイヤク	2173	契約
基本的	キホンテキ	2174	基本的
からかう	カラカウ	2175	からかう
作品	サクヒン	2176	作品
ふる	フル	2177	ふる
ショック	ショック	2178	ショック
あう	アウ	2179	あう
なんでもない	ナンデモナイ	2180	なんでもない
目覚める	メザメル	2181	目覚める
夕方	ユウガタ	2182	夕方
爪	ツメ	2183	爪
確保	カクホ	2184	確保
生き物	イキモノ	2185	生き物
現状	ゲンジョウ	2186	現状
照らす	テラス	2187	照らす
たら	タラ	2188	たら
糸	イト	2189	糸
時々	トキドキ	2190	時々
幸い	サイワイ	2191	幸い
やあ	ヤア	2192	やあ
足元	アシモト	2193	足元
せいか	セイカ	2194	せいか
枚	マイ	2195	枚
連れて行く	ツレテイク	2196	連れて行く
緑	ミドリ	2197	緑
次々	ツギツギ	2198	次々
社会	シャカイ	2199	社会
感動	カンドウ	2200	感動
字	ジ	2201	字
堂々	ドウドウ	2202	堂々
突く	ツク	2203	突く
トイレ	トイレ	2204	トイレ
といっても	トイッテモ	2205	といっても
収まる	オサマル	2206	収まる
濃い	コイ	2207	濃い
あえて	アエテ	2208	敢えて
子ども	コドモ	2209	子供
命じる	メイジル	2210	命じる
しゃべる	シャベル	2211	喋る
買い物	カイモノ	2212	買い物
あちこち	アチコチ	2213	彼方此方
こんにちは	コンニチハ	2214	今日は
不幸	フコウ	2215	不幸
虫	ムシ	2216	虫
ひたすら	ヒタスラ	2217	只管
橋	ハシ	2218	橋
述べる	ノベル	2219	述べる
からって	カラッテ	2220	からって
具合	グアイ	2221	具合
おかしな	オカシナ	2222	可笑しな
刻む	キザム	2223	刻む
かく	カク	2224	斯く
舞台	ブタイ	2225	舞台
教育	キョウイク	2226	教育
生	ナマ	2227	生
返る	カエル	2228	返る
ものである	モノデアル	2229	ものである
機械	キカイ	2230	機械
にて	ニテ	2231	にて
細かい	コマカイ	2232	細かい
ったら	ッタラ	2233	たら
だからって	ダカラッテ	2234	だからって
徐々に	ジョジョニ	2235	徐々に
田	タ	2236	田
最低	サイテイ	2237	最低
発表	ハッピョウ	2238	発表
施設	シセツ	2239	施設
恋愛	レンアイ	2240	恋愛
三つ	ミッツ	2241	三つ
品	ヒン	2242	品
法	ホウ	2243	法
集団	シュウダン	2244	集団
脳	ノウ	2245	脳
太い	フトイ	2246	太い
夫婦	フウフ	2247	夫婦
浮く	ウク	2248	浮く
顔を出す	カオヲダス	2249	顔を出す
おっと	オット	2250	おっと
千	セン	2251	千
渡る	ワタル	2252	渡る
かまう	カマウ	2253	構う
指摘	シテキ	2254	指摘
隅	スミ	2255	隅
圧倒的	アットウテキ	2256	圧倒的
招く	マネク	2257	招く
うまくいく	ウマクイク	2258	うまくいく
具体的	グタイテキ	2259	具体的
監視	カンシ	2260	監視
喜び	ヨロコビ	2261	喜び
ルール	ルール	2262	ルール
生きていく	イキテイク	2263	生きていく
声を出す	コエヲダス	2264	声を出す
譲る	ユズル	2265	譲る
派	ハ	2266	派
男女	ダンジョ	2267	男女
仲	ナカ	2268	仲
最中	サイチュウ	2269	最中
交渉	コウショウ	2270	交渉
内部	ナイブ	2271	内部
時に	トキニ	2272	時に
波	ナミ	2273	波
実家	ジッカ	2274	実家
説得	セットク	2275	説得
会場	カイジョウ	2276	会場
ある程度	アルテイド	2277	ある程度
１つ	ヒトツ	2278	１つ
結論	ケツロン	2279	結論
被害	ヒガイ	2280	被害
逃がす	ニガス	2281	逃がす
素早い	スバヤイ	2282	素早い
間もない	マモナイ	2283	間もない
とっくに	トックニ	2284	とっくに
書類	ショルイ	2285	書類
必要ない	ヒツヨウナイ	2286	必要ない
共に	トモニ	2287	共に
というのも	トイウノモ	2288	というのも
半ば	ナカバ	2289	半ば
何もかも	ナニモカモ	2290	何もかも
浴びる	アビル	2291	浴びる
望み	ノゾミ	2292	望み
生える	ハエル	2293	生える
導く	ミチビク	2294	導く
個人	コジン	2295	個人
代表	ダイヒョウ	2296	代表
放っておく	ホウッテオク	2297	放っておく
治療	チリョウ	2298	治療
直前	チョクゼン	2299	直前
悟る	サトル	2300	悟る
操作	ソウサ	2302	操作
ほっと	ホット	2303	ほっと
岩	イワ	2304	岩
やる気	ヤルキ	2305	遣る気
単に	タンニ	2306	単に
感想	カンソウ	2307	感想
割れる	ワレル	2308	割れる
ものすごい	モノスゴイ	2309	物凄い
狂う	クルウ	2310	狂う
下ろす	オロス	2311	下ろす
礼	レイ	2312	礼
積む	ツム	2313	積む
生み出す	ウミダス	2314	生み出す
容赦	ヨウシャ	2315	容赦
そうすれば	ソウスレバ	2316	そうすれば
お客さん	オキャクサン	2317	お客さん
あっという間に	アットイウマニ	2318	あっという間に
整う	トトノウ	2319	整う
稼ぐ	カセグ	2320	稼ぐ
親しい	シタシイ	2321	親しい
とのこと	トノコト	2322	とのこと
映像	エイゾウ	2323	映像
残念ながら	ザンネンナガラ	2324	残念ながら
会議	カイギ	2325	会議
持っていく	モッテイク	2326	持っていく
去年	キョネン	2327	去年
夢中	ムチュウ	2328	夢中
うえ	ウエ	2329	上
反省	ハンセイ	2330	反省
よほど	ヨホド	2331	余程
捉える	トラエル	2332	捉える
接する	セッスル	2333	接する
資料	シリョウ	2334	資料
ときには	トキニハ	2335	ときには
正面	ショウメン	2336	正面
この間	コノアイダ	2337	この間
厄介	ヤッカイ	2338	厄介
預かる	アズカル	2339	預かる
増やす	フヤス	2340	増やす
時計	トケイ	2341	時計
鳴らす	ナラス	2342	鳴らす
煙	ケムリ	2343	煙
交わす	カワス	2344	交わす
達する	タッスル	2345	達する
どうにも	ドウニモ	2346	どうにも
歯	ハ	2347	歯
だったり	ダッタリ	2348	だったり
休み	ヤスミ	2349	休み
移す	ウツス	2350	移す
いかん	イカン	2351	いかん
誓う	チカウ	2352	誓う
おいで	オイデ	2353	おいで
つながる	ツナガル	2354	繋がる
に対し	ニタイシ	2355	に対し
久しぶりに	ヒサシブリニ	2356	久しぶりに
休憩	キュウケイ	2357	休憩
重なる	カサナル	2358	重なる
異なる	コトナル	2359	異なる
段階	ダンカイ	2360	段階
逃れる	ノガレル	2361	逃れる
もういい	モウイイ	2362	もういい
もと	モト	2363	もと
登場	トウジョウ	2364	登場
伏せる	フセル	2365	伏せる
周辺	シュウヘン	2366	周辺
目を覚ます	メヲサマス	2367	目を覚ます
人数	ニンズウ	2368	人数
移る	ウツル	2369	移る
落ち込む	オチコム	2370	落ち込む
気にしない	キニシナイ	2371	気にしない
設定	セッテイ	2372	設定
一回	イッカイ	2373	一回
辞める	ヤメル	2374	辞める
侵入	シンニュウ	2375	侵入
世間	セケン	2376	世間
仕方	シカタ	2377	仕方
居場所	イバショ	2378	居場所
互いに	タガイニ	2379	互いに
盛り上がる	モリアガル	2380	盛り上がる
発	ハツ	2381	発
都合	ツゴウ	2382	都合
だんだん	ダンダン	2383	段々
おや	オヤ	2384	おや
んな	ンナ	2385	んな
盗む	ヌスム	2386	盗む
お世話になる	オセワニナル	2387	お世話になる
処理	ショリ	2388	処理
絡む	カラム	2389	絡む
号	ゴウ	2390	号
内側	ウチガワ	2391	内側
もう一人	モウヒトリ	2392	もう一人
無意識	ムイシキ	2393	無意識
湧く	ワク	2394	湧く
年間	ネンカン	2395	年間
奇跡	キセキ	2396	奇跡
こりゃ	コリャ	2397	此れ
治る	ナオル	2398	治る
医者	イシャ	2399	医者
手に入る	テニハイル	2400	手に入る
強力	キョウリョク	2401	強力
一時	イチジ	2402	一時
一週間	イッシュウカン	2403	一週間
接触	セッショク	2404	接触
お話し	オハナシ	2405	お話し
屋根	ヤネ	2406	屋根
自分自身	ジブンジシン	2407	自分自身
各	カク	2408	各
個	コ	2409	個
同意	ドウイ	2410	同意
角	カド	2411	角
覚え	オボエ	2412	覚える
実感	ジッカン	2413	実感
公園	コウエン	2414	公園
無	ム	2415	無
ですら	デスラ	2416	ですら
かつ	カツ	2417	且つ
計算	ケイサン	2418	計算
いまだ	イマダ	2419	未だ
大声	オオゴエ	2420	大声
乱暴	ランボウ	2421	乱暴
荒い	アライ	2422	荒い
基本	キホン	2423	基本
世	ヨ	2424	世
縁	エン	2425	縁
なるべく	ナルベク	2426	成る可く
詰まる	ツマル	2427	詰まる
三日	ミッカ	2428	三日
加わる	クワワル	2429	加わる
さっぱり	サッパリ	2430	さっぱり
縛る	シバル	2431	縛る
何年	ナンネン	2432	何年
強化	キョウカ	2433	強化
データ	データ	2434	データ
謝罪	シャザイ	2435	謝罪
いちいち	イチイチ	2436	一々
登る	ノボル	2437	上る
一斉に	イッセイニ	2438	一斉に
ぜひ	ゼヒ	2439	是非
材料	ザイリョウ	2440	材料
しようとする	シヨウトスル	2441	しようとする
ちょうだい	チョウダイ	2442	頂戴
掲げる	カカゲル	2443	掲げる
常識	ジョウシキ	2444	常識
権利	ケンリ	2445	権利
昼間	ヒルマ	2446	昼間
合図	アイズ	2447	合図
飾る	カザル	2448	飾る
ホテル	ホテル	2449	ホテル
誰でも	ダレデモ	2450	誰でも
だっけ	ダッケ	2451	だっけ
両	リョウ	2452	両
意図	イト	2453	意図
一生懸命	イッショウケンメイ	2454	一生懸命
つまらない	ツマラナイ	2455	つまらない
溶ける	トケル	2456	溶ける
運動	ウンドウ	2457	運動
見逃す	ミノガス	2458	見逃す
もたらす	モタラス	2459	齎す
負う	オウ	2460	負う
正式	セイシキ	2461	正式
どうかした	ドウカシタ	2462	どうかした
実	ジツ	2463	実
何人	ナンニン	2464	何人
とうとう	トウトウ	2465	とうとう
市	シ	2466	市
いくつも	イクツモ	2467	いくつも
以下	イカ	2468	以下
貴重	キチョウ	2469	貴重
放す	ハナス	2470	放す
通常	ツウジョウ	2471	通常
上る	ノボル	2472	上る
禁止	キンシ	2473	禁止
実験	ジッケン	2474	実験
約	ヤク	2475	約
してやる	シテヤル	2476	してやる
晴れる	ハレル	2477	晴れる
遊び	アソビ	2478	遊び
連続	レンゾク	2479	連続
狙い	ネライ	2480	狙い
ページ	ページ	2481	ページ
たとえば	タトエバ	2482	例えば
くだる	クダル	2483	下る
産む	ウム	2484	生む
力強い	チカラヅヨイ	2485	力強い
注文	チュウモン	2486	注文
どこにも	ドコニモ	2487	どこにも
とすると	トスルト	2488	とすると
倍	バイ	2489	倍
野	ノ	2490	野
乗り込む	ノリコム	2491	乗り込む
というと	トイウト	2492	というと
同情	ドウジョウ	2493	同情
楽しみにする	タノシミニスル	2494	楽しみにする
こなす	コナス	2495	熟す
秋	アキ	2496	秋
尊敬	ソンケイ	2497	尊敬
復活	フッカツ	2498	復活
上手	ジョウズ	2499	上手
における	ニオケル	2500	における
中	ジュウ	2501	中
大	オオ	2502	大
生	セイ	2503	生
聴く	キク	2504	聞く
ごく	ゴク	2505	極く
解ける	トケル	2506	解ける
おとなしい	オトナシイ	2507	大人しい
手足	テアシ	2508	手足
野菜	ヤサイ	2509	野菜
だもの	ダモノ	2510	だもの
となれば	トナレバ	2511	となれば
尽くす	ツクス	2512	尽くす
整理	セイリ	2513	整理
日常	ニチジョウ	2514	日常
好み	コノミ	2515	好み
どこまでも	ドコマデモ	2516	どこまでも
汚れる	ヨゴレル	2517	汚れる
泊まる	トマル	2518	泊まる
放置	ホウチ	2519	放置
対策	タイサク	2520	対策
食べ物	タベモノ	2521	食べ物
何でもない	ナンデモナイ	2522	何でもない
いかに	イカニ	2523	如何に
ごとに	ゴトニ	2524	ごとに
そっくり	ソックリ	2525	そっくり
複数	フクスウ	2526	複数
いいね	イイネ	2527	いいね
過ぎ	スギ	2528	過ぎる
浅い	アサイ	2529	浅い
若者	ワカモノ	2530	若者
呼びかける	ヨビカケル	2531	呼び掛ける
嫉妬	シット	2532	嫉妬
眠い	ネムイ	2533	眠い
拭く	フク	2534	拭く
理想	リソウ	2535	理想
手前	テマエ	2536	手前
優先	ユウセン	2537	優先
づらい	ヅライ	2538	辛い
活躍	カツヤク	2539	活躍
と言っても	トイッテモ	2540	と言っても
発揮	ハッキ	2541	発揮
半年	ハントシ	2542	半年
のんびり	ノンビリ	2543	のんびり
話し合う	ハナシアウ	2544	話し合う
交換	コウカン	2545	交換
いったん	イッタン	2546	一旦
痛む	イタム	2547	痛む
向き合う	ムキアウ	2548	向き合う
近寄る	チカヨル	2549	近寄る
開発	カイハツ	2550	開発
逆らう	サカラウ	2551	逆らう
拍手	ハクシュ	2552	拍手
柱	ハシラ	2553	柱
種	クサ	2554	種
がたい	ガタイ	2555	がたい
によると	ニヨルト	2556	によると
その先	ソノサキ	2557	その先
単なる	タンナル	2558	単なる
気味	キミ	2559	気味
でさえ	デサエ	2560	でさえ
犠牲	ギセイ	2561	犠牲
どおり	ドオリ	2562	通り
訪ねる	タズネル	2563	訪ねる
引き受ける	ヒキウケル	2564	引き受ける
詰める	ツメル	2565	詰める
資格	シカク	2566	資格
チェック	チェック	2567	チェック
に似て	ニニテ	2568	に似て
ある日	アルヒ	2569	ある日
玉	タマ	2570	玉
愚か	オロカ	2571	愚か
せいぜい	セイゼイ	2572	精々
癖	クセ	2573	癖
散る	チル	2574	散る
維持	イジ	2575	維持
よっぽど	ヨッポド	2576	余程
案外	アンガイ	2577	案外
散歩	サンポ	2578	散歩
注目	チュウモク	2579	注目
お互いに	オタガイニ	2580	お互いに
時間がかかる	ジカンガカカル	2581	時間がかかる
今のところ	イマノトコロ	2582	今のところ
両方	リョウホウ	2583	両方
便利	ベンリ	2584	便利
きく	キク	2585	菊
かねない	カネナイ	2586	かねない
代わる	カワル	2587	代わる
不自然	フシゼン	2588	不自然
どのよう	ドノヨウ	2589	どのよう
転ぶ	コロブ	2590	転ぶ
恨む	ウラム	2591	恨む
まいる	マイル	2592	参る
一般	イッパン	2593	一般
乱れる	ミダレル	2594	乱れる
前後	ゼンゴ	2595	前後
どうしたん	ドウシタン	2596	どうしたん
までもない	マデモナイ	2597	までもない
生じる	ショウジル	2598	生じる
伺う	ウカガウ	2599	伺う
聞かす	キカス	2600	聞かす
以降	イコウ	2601	以降
引きずる	ヒキズル	2602	引き摺る
びっくりした	ビックリシタ	2603	びっくりした
兄弟	キョウダイ	2604	兄弟
体験	タイケン	2605	体験
ものになる	モノニナル	2606	ものになる
自宅	ジタク	2607	自宅
強烈	キョウレツ	2608	強烈
なさそう	ナサソウ	2609	なさそう
電車	デンシャ	2610	電車
所属	ショゾク	2611	所属
今では	イマデハ	2612	今では
たび	タビ	2613	度
ところへ	トコロヘ	2614	ところへ
応じる	オウジル	2615	応じる
陥る	オチイル	2616	陥る
始末	シマツ	2617	始末
乾く	カワク	2618	乾く
真ん中	マンナカ	2619	真ん中
ポイント	ポイント	2620	ポイント
旅行	リョコウ	2621	旅行
でして	デシテ	2622	でして
退屈	タイクツ	2623	退屈
指す	サス	2624	指す
除く	ノゾク	2625	除く
生命	セイメイ	2626	生命
手伝い	テツダイ	2627	手伝い
飽きる	アキル	2628	飽きる
かぶる	カブル	2629	被る
そのあと	ソノアト	2630	そのあと
魅力	ミリョク	2631	魅力
乗り越える	ノリコエル	2632	乗り越える
役割	ヤクワリ	2633	役割
飯	メシ	2634	飯
犯す	オカス	2635	犯す
葉	ハ	2636	葉
持ち主	モチヌシ	2637	持ち主
根	ネ	2638	根
きっかけ	キッカケ	2639	切っ掛け
苦痛	クツウ	2640	苦痛
悲しみ	カナシミ	2641	悲しみ
丸	マル	2642	丸
これら	コレラ	2643	これら
方々	カタガタ	2644	方々
もったいない	モッタイナイ	2645	もったいない
疑い	ウタガイ	2646	疑い
危機	キキ	2647	危機
選択肢	センタクシ	2648	選択肢
特徴	トクチョウ	2649	特徴
汚い	キタナイ	2650	汚い
停止	テイシ	2651	停止
一杯	イッパイ	2652	一杯
くっつく	クッツク	2653	くっ付く
伴う	トモナウ	2654	伴う
変更	ヘンコウ	2655	変更
に比べ	ニクラベ	2656	に比べ
数える	カゾエル	2657	数える
ゼロ	ゼロ	2658	ゼロ
等	トウ	2659	等
挙げる	アゲル	2660	上げる
勘弁	カンベン	2661	勘弁
事前	ジゼン	2662	事前
いっそ	イッソ	2663	いっそ
とう	トウ	2664	とう
証	アカシ	2665	証
跡	アト	2666	跡
実行	ジッコウ	2667	実行
抜け出す	ヌケダス	2668	抜け出す
相手にする	アイテニスル	2669	相手にする
次第に	シダイニ	2670	次第に
勝ち	カチ	2671	勝ち
化	カ	2672	化ける
対	タイ	2673	対
一方的	イッポウテキ	2674	一方的
酔う	ヨウ	2675	酔う
ふう	フウ	2676	ふう
商品	ショウヒン	2677	商品
上下	ジョウゲ	2678	上下
惜しい	オシイ	2679	惜しい
おめでとう	オメデトウ	2680	おめでとう
下る	クダル	2681	下る
かと思うと	カトオモウト	2682	かと思うと
初	ハツ	2683	初
順調	ジュンチョウ	2684	順調
優れる	スグレル	2685	優れる
誇る	ホコル	2686	誇る
調整	チョウセイ	2687	調整
対処	タイショ	2688	対処
夢を見る	ユメヲミル	2689	夢を見る
二度	ニド	2690	二度
困難	コンナン	2691	困難
グループ	グループ	2692	グループ
バランス	バランス	2693	バランス
追加	ツイカ	2694	追加
割る	ワル	2695	割る
雇う	ヤトウ	2696	雇う
愛情	アイジョウ	2697	愛情
がち	ガチ	2698	勝ち
服装	フクソウ	2699	服装
スピード	スピード	2700	スピード
主に	オモニ	2702	主に
べく	ベク	2703	べし
豊か	ユタカ	2704	豊か
悩み	ナヤミ	2705	悩み
棚	タナ	2706	棚
あたる	アタル	2707	当たる
感じがする	カンジガスル	2708	感じがする
を通して	ヲトオシテ	2709	を通して
この手	コノテ	2710	この手
保証	ホショウ	2711	保証
設置	セッチ	2712	設置
近所	キンジョ	2713	近所
再開	サイカイ	2714	再開
ぴったり	ピッタリ	2715	ぴったり
疲れ	ツカレ	2716	疲れ
体調	タイチョウ	2717	体調
かなう	カナウ	2718	かなう
対する	タイスル	2719	対する
どちらも	ドチラモ	2720	どちらも
容易	ヨウイ	2721	容易
できるだけ	デキルダケ	2722	出来るだけ
頭から	アタマカラ	2723	頭から
用いる	モチイル	2724	用いる
付近	フキン	2725	付近
筋	スジ	2726	筋
数字	スウジ	2727	数字
務める	ツトメル	2728	務める
追い出す	オイダス	2729	追い出す
施す	ホドコス	2730	施す
叱る	シカル	2731	叱る
にしておく	ニシテオク	2732	にしておく
要素	ヨウソ	2733	要素
安定	アンテイ	2734	安定
およそ	オヨソ	2735	凡そ
アメリカ	アメリカ	2736	アメリカ
場面	バメン	2737	場面
一種	イッシュ	2738	一種
季節	キセツ	2739	季節
こもる	コモル	2740	籠もる
添える	ソエル	2741	添える
にもかかわらず	ニモカカワラズ	2742	にもかかわらず
風景	フウケイ	2743	風景
かねる	カネル	2744	兼ねる
しつこい	シツコイ	2745	しつこい
新聞	シンブン	2746	新聞
不明	フメイ	2747	不明
今頃	イマゴロ	2748	今頃
かわいそう	カワイソウ	2749	可哀想
憎む	ニクム	2750	憎む
積極的	セッキョクテキ	2751	積極的
前回	ゼンカイ	2752	前回
真の	シンノ	2753	真の
成果	セイカ	2754	成果
に従って	ニシタガッテ	2755	に従って
収める	オサメル	2756	収める
必要とする	ヒツヨウトスル	2757	必要とする
保護	ホゴ	2758	保護
成立	セイリツ	2759	成立
日本人	ニホンジン	2760	日本人
下す	クダス	2761	下す
申し上げる	モウシアゲル	2762	申し上げる
あちら	アチラ	2763	彼方
評判	ヒョウバン	2764	評判
一面	イチメン	2765	一面
関係者	カンケイシャ	2766	関係者
ふさわしい	フサワシイ	2767	相応しい
個人的	コジンテキ	2768	個人的
うそ	ウソ	2769	うそ
生かす	イカス	2770	生かす
いつから	イツカラ	2771	いつから
入り込む	ハイリコム	2772	入り込む
年上	トシウエ	2773	年上
最終的	サイシュウテキ	2774	最終的
拒否	キョヒ	2775	拒否
セット	セット	2776	セット
家庭	カテイ	2777	家庭
明確	メイカク	2778	明確
特定	トクテイ	2779	特定
出てくる	デテクル	2780	出てくる
はるか	ハルカ	2781	遥か
そういうもの	ソウイウモノ	2782	そういうもの
決断	ケツダン	2783	決断
欠ける	カケル	2784	欠ける
地位	チイ	2785	地位
想定	ソウテイ	2786	想定
歓迎	カンゲイ	2787	歓迎
曲がる	マガル	2788	曲がる
たって	タッテ	2789	たって
表面	ヒョウメン	2790	表面
不足	フソク	2791	不足
でないと	デナイト	2792	でないと
２つ	フタツ	2793	２つ
近づける	チカヅケル	2794	近付ける
提供	テイキョウ	2795	提供
経過	ケイカ	2796	経過
熱心	ネッシン	2797	熱心
出入り	デイリ	2798	出入り
処分	ショブン	2799	処分
載る	ノル	2800	乗る
下	カ	2801	下
載せる	ノセル	2803	乗せる
規模	キボ	2804	規模
意味がある	イミガアル	2805	意味がある
つまる	ツマル	2806	詰まる
詳細	ショウサイ	2807	詳細
何回	ナンカイ	2808	何回
うる	ウル	2809	得る
地域	チイキ	2810	地域
好む	コノム	2811	好む
悲しむ	カナシム	2812	悲しむ
よす	ヨス	2813	止す
始まり	ハジマリ	2814	始まり
親子	オヤコ	2815	親子
皮	カワ	2816	皮
備える	ソナエル	2817	備える
持ち込む	モチコム	2818	持ち込む
成績	セイセキ	2819	成績
指定	シテイ	2820	指定
頼み	タノミ	2821	頼み
中には	ナカニハ	2822	中には
一見	イッケン	2823	一見
固める	カタメル	2824	固める
この中	コノナカ	2825	この中
地方	チホウ	2826	地方
世界中	セカイジュウ	2827	世界中
念のため	ネンノタメ	2828	念のため
大事にする	ダイジニスル	2829	大事にする
義務	ギム	2830	義務
世話	セワ	2831	世話
肝心	カンジン	2832	肝心
見に行く	ミニイク	2833	見に行く
塗る	ヌル	2834	塗る
なしに	ナシニ	2835	なしに
うっかり	ウッカリ	2836	うっかり
対抗	タイコウ	2837	対抗
本格的	ホンカクテキ	2838	本格的
身につける	ミニツケル	2839	身につける
模様	モヨウ	2840	模様
おしまい	オシマイ	2841	おしまい
発展	ハッテン	2842	発展
キロ	キロ	2843	キロ
記す	シルス	2844	記す
作り	ツクリ	2845	作り
ところから	トコロカラ	2846	ところから
性質	セイシツ	2847	性質
どうしたらいい	ドウシタライイ	2848	どうしたらいい
慰める	ナグサメル	2849	慰める
いざ	イザ	2850	いざ
分かれる	ワカレル	2851	分かれる
代わり	カワリ	2852	代わり
出会い	デアイ	2853	出会い
座	ザ	2854	座
入り	イリ	2855	入り
出身	シュッシン	2856	出身
案	アン	2857	案
当初	トウショ	2858	当初
実現	ジツゲン	2859	実現
文化	ブンカ	2860	文化
変わり	カワリ	2861	変わり
一定	イッテイ	2862	一定
目に見える	メニミエル	2863	目に見える
したる	シタル	2864	したる
教わる	オソワル	2865	教わる
引き出す	ヒキダス	2866	引き出す
かえって	カエッテ	2867	却って
指導	シドウ	2868	指導
深刻	シンコク	2869	深刻
一般的	イッパンテキ	2870	一般的
表す	アラワス	2871	表す
期間	キカン	2872	期間
じっくり	ジックリ	2873	じっくり
築く	キズク	2874	築く
精神的	セイシンテキ	2875	精神的
ほかに	ホカニ	2876	ほかに
逃す	ノガス	2877	逃す
極めて	キワメテ	2878	極めて
焼ける	ヤケル	2879	焼ける
敷く	シク	2880	敷く
負担	フタン	2881	負担
方針	ホウシン	2882	方針
小学校	ショウガッコウ	2883	小学校
争い	アラソイ	2884	争い
争う	アラソウ	2885	争う
賛成	サンセイ	2886	賛成
経る	ヘル	2887	経る
姿を見せる	スガタヲミセル	2888	姿を見せる
取り上げる	トリアゲル	2889	取り上げる
というものは	トイウモノハ	2890	というものは
尽きる	ツキル	2891	尽きる
新鮮	シンセン	2892	新鮮
思い切る	オモイキル	2893	思い切る
ものなら	モノナラ	2894	ものなら
持ち出す	モチダス	2895	持ち出す
重大	ジュウダイ	2896	重大
共有	キョウユウ	2897	共有
勧める	ススメル	2898	勧める
いいところ	イイトコロ	2899	いいところ
暮らし	クラシ	2900	暮らし
日	ニチ	2901	日
外	ガイ	2902	外
大切にする	タイセツニスル	2903	大切にする
抗議	コウギ	2904	抗議
割	ワリ	2905	割
解釈	カイシャク	2906	解釈
夜中	ヨナカ	2907	夜中
一致	イッチ	2908	一致
健康	ケンコウ	2909	健康
大いに	オオイニ	2910	大いに
その他	ソノホカ	2911	その他
にやっ	ニヤッ	2912	にや
余り	アマリ	2913	余り
社	シャ	2914	社
苦しみ	クルシミ	2915	苦しみ
挑戦	チョウセン	2916	挑戦
何十	ナンジュウ	2917	何十
建てる	タテル	2918	建てる
高まる	タカマル	2919	高まる
よく言う	ヨクイウ	2920	よく言う
毎年	マイトシ	2921	毎年
歩む	アユム	2922	歩む
根拠	コンキョ	2923	根拠
よそ	ヨソ	2924	余所
数々	カズカズ	2925	数々
午前	ゴゼン	2926	午前
高める	タカメル	2927	高める
余地	ヨチ	2928	余地
来年	ライネン	2929	来年
足る	タル	2930	足る
からには	カラニハ	2931	からには
利益	リエキ	2932	利益
つれる	ツレル	2933	つれる
英語	エイゴ	2934	英語
最終	サイシュウ	2935	最終
中でも	ナカデモ	2936	中でも
厚い	アツイ	2937	厚い
改める	アラタメル	2938	改める
ケース	ケース	2939	ケース
悪くなる	ワルクナル	2940	悪くなる
習う	ナラウ	2941	習う
達成	タッセイ	2942	達成
前提	ゼンテイ	2943	前提
帰す	カエス	2944	帰す
減らす	ヘラス	2945	減らす
つなぐ	ツナグ	2946	繋ぐ
分析	ブンセキ	2947	分析
ともに	トモニ	2948	ともに
役立つ	ヤクダツ	2949	役立つ
一時的	イチジテキ	2950	一時的
長年	ナガネン	2951	長年
よくある	ヨクアル	2952	よくある
生涯	ショウガイ	2953	生涯
大胆	ダイタン	2954	大胆
こうした	コウシタ	2955	こうした
こだわる	コダワル	2956	拘る
共通	キョウツウ	2957	共通
制限	セイゲン	2958	制限
質	シツ	2959	質
多数	タスウ	2960	多数
さまざま	サマザマ	2961	様々
定める	サダメル	2962	定める
外出	ガイシュツ	2963	外出
徹底的	テッテイテキ	2964	徹底的
比較的	ヒカクテキ	2965	比較的
実際は	ジッサイハ	2966	実際は
まとまる	マトマル	2967	纏まる
地元	ジモト	2968	地元
恵まれる	メグマレル	2969	恵まれる
経営	ケイエイ	2970	経営
中止	チュウシ	2971	中止
検討	ケントウ	2972	検討
働き	ハタラキ	2973	働き
引き上げる	ヒキアゲル	2974	引き上げる
提出	テイシュツ	2975	提出
非難	ヒナン	2976	非難
数年	スウネン	2977	数年
だく	ダク	2978	抱く
よくなる	ヨクナル	2979	よくなる
強める	ツヨメル	2980	強める
専門	センモン	2981	専門
海外	カイガイ	2982	海外
向け	ムケ	2983	向ける
行方	ユクエ	2984	行方
傾向	ケイコウ	2985	傾向
ものにする	モノニスル	2986	ものにする
以内	イナイ	2987	以内
はじめ	ハジメ	2988	はじめ
後半	コウハン	2989	後半
関連	カンレン	2990	関連
議論	ギロン	2991	議論
拡大	カクダイ	2992	拡大
設ける	モウケル	2993	設ける
努める	ツトメル	2994	努める
出席	シュッセキ	2995	出席
全国	ゼンコク	2996	全国
背景	ハイケイ	2997	背景
基準	キジュン	2998	基準
どのように	ドノヨウニ	2999	どのように
思うように	オモウヨウニ	3000	思うように
身近	ミヂカ	3002	身近
幅	ハバ	3003	幅
強調	キョウチョウ	3004	強調
見直す	ミナオス	3005	見直す
占める	シメル	3006	占める
はぁ	ハァ	3007	はあ
あたし	アタシ	3008	私
魔法	マホウ	3009	魔法
頷く	ウナズク	3010	頷く
剣	ケン	3011	剣
呟く	ツブヤク	3012	呟く
微笑む	ホホエム	3013	微笑む
ふふ	フフ	3014	ふふ
撫でる	ナデル	3015	撫でる
貴様	キサマ	3016	貴様
っす	ッス	3017	です
キス	キス	3018	キス
眼	メ	3019	目
屋敷	ヤシキ	3020	屋敷
居る	イル	3021	居る
美味しい	オイシイ	3022	美味しい
貴族	キゾク	3023	貴族
掴む	ツカム	3024	掴む
すいません	スイマセン	3025	すいません
顔を上げる	カオヲアゲル	3026	顔を上げる
戦闘	セントウ	3027	戦闘
貰う	モラウ	3028	貰う
騎士	キシ	3029	騎士
よー	ヨー	3030	よ
魔	マ	3031	魔
軍	グン	3032	軍
魔力	マリョク	3033	魔力
撃つ	ウツ	3034	撃つ
王子	オウジ	3035	王子
ああああ	アアアア	3036	ああああ
凄い	スゴイ	3037	凄い
更に	サラニ	3038	更に
獣	ケモノ	3039	獣
苦笑	クショウ	3040	苦笑
デート	デート	3041	デート
呆れる	アキレル	3042	呆れる
手を伸ばす	テヲノバス	3043	手を伸ばす
己	オノレ	3044	己
拳	コブシ	3045	拳
指先	ユビサキ	3046	指先
漏らす	モラス	3047	漏らす
喋る	シャベル	3048	喋る
悪魔	アクマ	3049	悪魔
わたくし	ワタクシ	3050	私
睨む	ニラム	3051	睨む
声を上げる	コエヲアゲル	3052	声を上げる
ふむ	フム	3053	ふむ
見開く	ミヒラク	3054	見開く
上手い	ウマイ	3055	旨い
お兄ちゃん	オニイチャン	3056	お兄ちゃん
御	ゴ	3057	御
お腹	オナカ	3058	御腹
何故	ナゼ	3059	何故
溢れる	アフレル	3060	溢れる
見下ろす	ミオロス	3061	見下ろす
はは	ハハ	3062	はは
老人	ロウジン	3063	老人
一同	イチドウ	3064	一同
死体	シタイ	3065	死体
為	タメ	3066	為
青年	セイネン	3067	青年
学園	ガクエン	3068	学園
元々	モトモト	3069	元々
口元	クチモト	3070	口元
舐める	ナメル	3071	嘗める
戸惑う	トマドウ	3072	戸惑う
お姉ちゃん	オネエチャン	3073	お姉ちゃん
ママ	ママ	3074	ママ
母さん	カアサン	3075	母さん
携帯	ケイタイ	3076	携帯
音を立てる	オトヲタテル	3077	音を立てる
ははは	ハハハ	3078	ははは
姫	ヒメ	3079	姫
四人	ヨニン	3080	四人
一撃	イチゲキ	3081	一撃
殿	ドノ	3082	殿
ヤツ	ヤツ	3083	奴
お前ら	オマエラ	3084	お前ら
うわっ	ウワッ	3085	うわ
おれ	オレ	3086	俺
抱きしめる	ダキシメル	3087	抱き締める
まぁ	マァ	3088	まあ
気持ちいい	キモチイイ	3089	気持ちいい
ある人	アルヒト	3090	ある人
おおう	オオウ	3091	覆う
うわあ	ウワア	3092	うわ
わし	ワシ	3093	わし
うむ	ウム	3094	うむ
ねー	ネー	3095	ね
ホント	ホント	3096	本当
さぁ	サァ	3097	さ
うなずく	ウナズク	3098	頷く
くん	クン	3099	呉れる
おまえ	オマエ	3100	御前
震わせる	フルワセル	3102	震わせる
首を振る	クビヲフル	3103	首を振る
野郎	ヤロウ	3104	野郎
肉体	ニクタイ	3105	肉体
操る	アヤツル	3106	操る
っち	ッチ	3107	ち
恐らく	オソラク	3108	恐らく
想い	オモイ	3109	思い
フッ	フッ	3110	ふっ
目を閉じる	メヲトジル	3111	目を閉じる
ポケット	ポケット	3112	ポケット
馬車	バシャ	3113	馬車
撮る	トル	3114	撮る
私達	ワタシタチ	3115	私達
ええっ	エエッ	3116	ええ
ナイフ	ナイフ	3117	ナイフ
親父	オヤジ	3118	親父
ヤバい	ヤバイ	3119	やばい
兵士	ヘイシ	3120	兵士
矢	ヤ	3121	矢
見回す	ミマワス	3122	見回す
護衛	ゴエイ	3123	護衛
兵	ヘイ	3124	兵
ってば	ッテバ	3125	ってば
首を傾げる	クビヲカシゲル	3126	首を傾げる
酷い	ヒドイ	3127	酷い
ちょっ	チョッ	3128	一寸
今更	イマサラ	3129	今更
ドレス	ドレス	3130	ドレス
王国	オウコク	3131	王国
あはは	アハハ	3132	あはは
パパ	パパ	3133	パパ
手を振る	テヲフル	3134	手を振る
くそ	クソ	3135	くそ
怯える	オビエル	3136	怯える
飲み込む	ノミコム	3137	飲み込む
程	ホド	3138	ほど
照れる	テレル	3139	照れる
ノック	ノック	3140	ノック
戦場	センジョウ	3141	戦場
斬る	キル	3142	切る
内心	ナイシン	3143	内心
脚	アシ	3144	足
技	ワザ	3145	技
スカート	スカート	3146	スカート
安堵	アンド	3147	安堵
顎	アゴ	3148	顎
メール	メール	3149	メール
最強	サイキョウ	3150	最強
貴方	アナタ	3151	貴方
脇	ワキ	3152	脇
人類	ジンルイ	3153	人類
お姉さん	オネエサン	3154	お姉さん
囁く	ササヤク	3155	囁く
騙す	ダマス	3156	騙す
とやら	トヤラ	3157	とやら
塊	カタマリ	3158	固まり
呆然	ボウゼン	3159	呆然
チーム	チーム	3160	チーム
お菓子	オカシ	3161	御菓子
部隊	ブタイ	3162	部隊
訊く	キク	3163	聞く
発動	ハツドウ	3164	発動
呪い	ノロイ	3165	呪い
試合	シアイ	3166	試合
でしたら	デシタラ	3167	でしたら
槍	ヤリ	3168	槍
繋がる	ツナガル	3169	繋がる
やれやれ	ヤレヤレ	3170	やれやれ
弾く	ヒク	3171	弾く
僕たち	ボクタチ	3172	僕達
みたいだ	ミタイダ	3173	みたいだ
なー	ナー	3174	な
僕ら	ボクラ	3175	僕ら
ええと	エエト	3176	えーと
気持ちよい	キモチヨイ	3177	気持ちよい
ホントに	ホントニ	3178	ホントに
ていうか	テイウカ	3179	ていうか
たしかに	タシカニ	3180	たしかに
おはようございます	オハヨウゴザイマス	3181	おはようございます
おじさん	オジサン	3182	おじさん
お前たち	オマエタチ	3183	お前たち
奴ら	ヤツラ	3184	奴ら
ほんとに	ホントニ	3185	ほんとに
君たち	キミタチ	3186	君たち
ふたり	フタリ	3187	二人
けれども	ケレドモ	3188	けれども
ため息をつく	タメイキヲツク	3189	ため息をつく
がんばる	ガンバル	3190	頑張る
つぶやく	ツブヤク	3191	呟く
立ち止まる	タチドマル	3192	立ち止まる
ことが出来る	コトガデキル	3193	ことが出来る
モノ	モノ	3194	もの
ハッ	ハッ	3195	ハッ
アレ	アレ	3196	アレ
お嬢様	オジョウサマ	3197	御嬢様
ため息	タメイキ	3198	溜め息
ぼく	ボク	3199	僕
かなあ	カナア	3200	かなあ
城	ジョウ	3201	城
伝説	デンセツ	3202	伝説
銃	ジュウ	3203	銃
盾	タテ	3204	盾
駆け寄る	カケヨル	3205	駆け寄る
無数	ムスウ	3206	無数
喧嘩	ケンカ	3207	喧嘩
通路	ツウロ	3208	通路
父さん	トウサン	3209	父さん
天使	テンシ	3210	天使
可愛らしい	カワイラシイ	3211	可愛らしい
見渡す	ミワタス	3212	見渡す
地図	チズ	3213	地図
傍	ソバ	3214	側
大人しい	オトナシイ	3215	大人しい
揺らす	ユラス	3216	揺らす
困惑	コンワク	3217	困惑
隊	タイ	3218	隊
イベント	イベント	3219	イベント
あのね	アノネ	3220	あのね
吐き出す	ハキダス	3221	吐き出す
目を向ける	メヲムケル	3222	目を向ける
昨夜	ユウベ	3223	昨夜
刀	カタナ	3224	刀
気持ち悪い	キモチワルイ	3225	気持ち悪い
回収	カイシュウ	3226	回収
室内	シツナイ	3227	室内
脱出	ダッシュツ	3228	脱出
竜	リュウ	3229	竜
画面	ガメン	3230	画面
銀	ギン	3231	銀
無茶	ムチャ	3232	無茶
舞う	マウ	3233	舞う
夕食	ユウショク	3234	夕食
歪む	ユガム	3235	歪む
不意	フイ	3236	不意
刃	ハ	3237	刃
布団	フトン	3238	布団
天才	テンサイ	3239	天才
唐突	トウトツ	3240	唐突
手に取る	テニトル	3241	手に取る
らしき	ラシキ	3242	らし
メイド	メイド	3243	メード
曲	キョク	3244	曲
親友	シンユウ	3245	親友
出現	シュツゲン	3246	出現
風呂	フロ	3247	風呂
任務	ニンム	3248	任務
ドキドキ	ドキドキ	3249	どきどき
膨らむ	フクラム	3250	膨らむ
下着	シタギ	3251	下着
奥さん	オクサン	3252	奥さん
人影	ヒトカゲ	3253	人影
翼	ツバサ	3254	翼
社長	シャチョウ	3255	社長
ダメージ	ダメージ	3256	ダメージ
回避	カイヒ	3257	回避
大地	ダイチ	3258	大地
染める	ソメル	3259	染める
僅か	ワズカ	3260	僅か
頭上	ズジョウ	3261	頭上
威力	イリョク	3262	威力
遮る	サエギル	3263	遮る
振り回す	フリマワス	3264	振り回す
ったく	ッタク	3265	全く
言う通り	イウトオリ	3266	言う通り
目を細める	メヲホソメル	3267	目を細める
サイズ	サイズ	3268	サイズ
攻める	セメル	3269	攻める
試験	シケン	3270	試験
不機嫌	フキゲン	3271	不機嫌
鍛える	キタエル	3272	鍛える
朝食	チョウショク	3273	朝食
途端	トタン	3274	途端
地球	チキュウ	3275	地球
かもしれん	カモシレン	3276	かもしれん
食堂	ショクドウ	3277	食堂
気が付く	キガツク	3278	気が付く
店員	テンイン	3279	店員
カード	カード	3280	カード
もしもし	モシモシ	3281	もしもし
ぎゅっと	ギュット	3282	ぎゅっと
一発	イッパツ	3283	一発
うんうん	ウンウン	3284	うんうん
教会	キョウカイ	3285	教会
やばい	ヤバイ	3286	やばい
フフ	フフ	3287	ふふ
まえ	マエ	3288	まえ
お父様	オトウサマ	3289	御父様
こいつら	コイツラ	3290	こいつら
子供たち	コドモタチ	3291	子供達
かなぁ	カナァ	3292	かなぁ
問い	トイ	3293	問い
そりゃあ	ソリャア	3294	其れ
ガキ	ガキ	3295	ガキ
コーヒー	コーヒー	3296	コーヒー
ふふふ	フフフ	3297	ふふふ
なんだと	ナンダト	3298	なんだと
あなたたち	アナタタチ	3299	あなたたち
押しつける	オシツケル	3300	押し付ける
様	ザマ	3301	様
小説	ショウセツ	3302	小説
眉	マユ	3303	眉
小声	コゴエ	3304	小声
拭う	ヌグウ	3305	拭う
防御	ボウギョ	3306	防御
生き残る	イキノコル	3307	生き残る
皿	サラ	3308	皿
五十	ゴジュウ	3309	50
バイト	バイト	3310	バイト
彼氏	カレシ	3311	彼氏
筋肉	キンニク	3312	筋肉
紅茶	コウチャ	3313	紅茶
衣装	イショウ	3314	衣装
突き出す	ツキダス	3315	突き出す
罠	ワナ	3316	罠
片付ける	カタヅケル	3317	片付ける
駆ける	カケル	3318	駆ける
充分	ジュウブン	3319	十分
被害者	ヒガイシャ	3320	被害者
卵	タマゴ	3321	卵
何やら	ナニヤラ	3322	何やら
カメラ	カメラ	3323	カメラ
混じる	マジル	3324	混じる
空中	クウチュウ	3325	空中
匹	ヒキ	3326	匹
生物	セイブツ	3327	生物
合流	ゴウリュウ	3328	合流
足を止める	アシヲトメル	3329	足を止める
いやあ	イヤア	3330	いや
再会	サイカイ	3331	再会
羨ましい	ウラヤマシイ	3332	羨ましい
二階	ニカイ	3333	二階
仕草	シグサ	3334	仕草
回転	カイテン	3335	回転
師匠	シショウ	3336	師匠
跳ねる	ハネル	3337	跳ねる
お客様	オキャクサマ	3338	御客様
待機	タイキ	3339	待機
ほんの少し	ホンノスコシ	3340	ほんの少し
即座に	ソクザニ	3341	即座に
完了	カンリョウ	3342	完了
手元	テモト	3343	手元
吸い込む	スイコム	3344	吸い込む
パーティー	パーティー	3345	パーティー
誕生日	タンジョウビ	3346	誕生日
テスト	テスト	3347	テスト
動作	ドウサ	3348	動作
てめえ	テメエ	3349	てまえ
暴走	ボウソウ	3350	暴走
お風呂	オフロ	3351	お風呂
言い切る	イイキル	3352	言い切る
気まずい	キマズイ	3353	気まずい
挑む	イドム	3354	挑む
枝	エダ	3355	枝
台詞	セリフ	3356	台詞
帯びる	オビル	3357	帯びる
女神	メガミ	3358	女神
片方	カタホウ	3359	片方
反論	ハンロン	3360	反論
返答	ヘントウ	3361	返答
黒髪	クロカミ	3362	黒髪
大会	タイカイ	3363	大会
互い	タガイ	3364	互い
鎧	ヨロイ	3365	鎧
噛む	カム	3366	噛む
ちらり	チラリ	3367	ちらり
袖	ソデ	3368	袖
装備	ソウビ	3369	装備
異様	イヨウ	3370	異様
迷い	マヨイ	3371	迷い
戦力	センリョク	3372	戦力
体勢	タイセイ	3373	体勢
後方	コウホウ	3374	後方
見覚え	ミオボエ	3375	見覚え
暗闇	クラヤミ	3376	暗闇
輝き	カガヤキ	3377	輝き
背を向ける	セヲムケル	3378	背を向ける
屋上	オクジョウ	3379	屋上
曖昧	アイマイ	3380	曖昧
システム	システム	3381	システム
お尻	オシリ	3382	お尻
わっ	ワッ	3383	わあ
のう	ノウ	3384	のう
無理やり	ムリヤリ	3385	無理矢理
かすか	カスカ	3386	微か
問いかける	トイカケル	3387	問い掛ける
でござる	デゴザル	3388	でござる
はいる	ハイル	3389	入る
真っ白	マッシロ	3390	真っ白
手のひら	テノヒラ	3391	掌
越し	ゴシ	3392	越す
すなわち	スナワチ	3393	即ち
抱きつく	ダキツク	3394	抱き付く
気のせい	キノセイ	3395	気のせい
見合わせる	ミアワセル	3396	見合わせる
ボタン	ボタン	3397	ボタン
めちゃくちゃ	メチャクチャ	3398	目茶苦茶
イヤ	イヤ	3399	嫌
ふーん	フーン	3400	ふん
身分	ミブン	3402	身分
砂	スナ	3403	砂
都市	トシ	3404	都市
第三	ダイサン	3405	第三
師	シ	3406	師
旦那	ダンナ	3407	旦那
不気味	ブキミ	3408	不気味
美	ビ	3409	美
眼差し	マナザシ	3410	眼差し
歓声	カンセイ	3411	歓声
時刻	ジコク	3412	時刻
ケーキ	ケーキ	3413	ケーキ
宙	チュウ	3414	宙
群れ	ムレ	3415	群れ
霧	キリ	3416	霧
桜	サクラ	3417	桜
手首	テクビ	3418	手首
後にする	アトニスル	3419	後にする
素材	ソザイ	3420	素材
精一杯	セイイッパイ	3421	精一杯
広場	ヒロバ	3422	広場
裾	スソ	3423	裾
叶う	カナウ	3424	叶う
何となく	ナントナク	3425	何となく
表示	ヒョウジ	3426	表示
万が一	マンガイチ	3427	万が一
やけに	ヤケニ	3428	やけに
嵐	アラシ	3429	嵐
明かり	アカリ	3430	明かり
復讐	フクシュウ	3431	復讐
妄想	モウソウ	3432	妄想
変態	ヘンタイ	3433	変態
宝石	ホウセキ	3434	宝石
具	グ	3435	具
追い詰める	オイツメル	3436	追い詰める
拘束	コウソク	3437	拘束
そんな風に	ソンナフウニ	3438	そんな風に
どうかな	ドウカナ	3439	どうかな
踏み込む	フミコム	3440	踏み込む
かも知れない	カモシレナイ	3441	かも知れない
理屈	リクツ	3442	理屈
滑る	スベル	3443	滑る
英雄	エイユウ	3444	英雄
先端	センタン	3445	先端
まあまあ	マアマア	3446	まあまあ
ミス	ミス	3447	ミス
針	ハリ	3448	針
前方	ゼンポウ	3449	前方
窺う	ウカガウ	3450	窺う
聖	セイ	3451	聖
一時間	イチジカン	3452	一時間
襲撃	シュウゲキ	3453	襲撃
放課後	ホウカゴ	3454	放課後
髪の毛	カミノケ	3455	髪の毛
見捨てる	ミステル	3456	見捨てる
覗き込む	ノゾキコム	3457	覗き込む
故郷	コキョウ	3458	故郷
崩壊	ホウカイ	3459	崩壊
嫌がる	イヤガル	3460	嫌がる
めく	メク	3461	めく
背筋	セスジ	3462	背筋
民	タミ	3463	民
推測	スイソク	3464	推測
選手	センシュ	3465	選手
じゃねぇ	ジャネェ	3466	じゃねぇ
いつも通り	イツモドオリ	3467	いつも通り
予想外	ヨソウガイ	3468	予想外
現象	ゲンショウ	3469	現象
無表情	ムヒョウジョウ	3470	無表情
淡々	タンタン	3471	淡々
声がする	コエガスル	3472	声がする
三年	サンネン	3473	三年
陣	ジン	3474	陣
息を吐く	イキヲツク	3475	息を吐く
へぇ	ヘェ	3476	へえ
ひとまず	ヒトマズ	3477	一先ず
ハハハ	ハハハ	3478	ははは
握りしめる	ニギリシメル	3479	握り締める
立ち去る	タチサル	3480	立ち去る
ウソ	ウソ	3481	うそ
いい加減	イイカゲン	3482	好い加減
かっ	カッ	3483	かっ
引っかかる	ヒッカカル	3484	引っ掛かる
言うとおり	イウトオリ	3485	言うとおり
クソ	クソ	3486	くそ
たどり着く	タドリツク	3487	辿り着く
振るう	フルウ	3488	振るう
ちがう	チガウ	3489	違う
いつもより	イツモヨリ	3490	いつもより
おおい	オオイ	3491	おおい
今さら	イマサラ	3492	今更
もしくは	モシクハ	3493	若しくは
指さす	ユビサス	3494	指差す
ガラス	ガラス	3495	ガラス
果たして	ハタシテ	3496	果たして
ふうん	フウン	3497	ふん
やたら	ヤタラ	3498	矢鱈
なんとも	ナントモ	3499	なんとも
やり取り	ヤリトリ	3500	遣り取り
歳	トシ	3501	年
一旦	イッタン	3503	一旦
に過ぎない	ニスギナイ	3504	に過ぎない
メッセージ	メッセージ	3505	メッセージ
寸前	スンゼン	3506	寸前
その辺	ソノヘン	3507	その辺
目にする	メニスル	3508	目にする
とて	トテ	3509	とて
四十	ヨンジュウ	3510	40
正義	セイギ	3511	正義
胸元	ムナモト	3512	胸元
冷える	ヒエル	3513	冷える
裸	ハダカ	3514	裸
なぜなら	ナゼナラ	3515	なぜなら
棒	ボウ	3516	棒
ビル	ビル	3517	ビル
皮肉	ヒニク	3518	皮肉
巡る	メグル	3519	巡る
淡い	アワイ	3520	淡い
憧れる	アコガレル	3521	憧れる
杖	ツエ	3522	杖
事になる	コトニナル	3523	事になる
そこそこ	ソコソコ	3524	そこそこ
塞ぐ	フサグ	3525	塞ぐ
本来なら	ホンライナラ	3526	本来なら
薄暗い	ウスグライ	3527	薄暗い
動き出す	ウゴキダス	3528	動き出す
柄	ガラ	3529	柄
削る	ケズル	3530	削る
幽霊	ユウレイ	3531	幽霊
かもね	カモネ	3532	かもね
お酒	オサケ	3533	お酒
封印	フウイン	3534	封印
獲物	エモノ	3535	獲物
若干	ジャッカン	3536	若干
候補	コウホ	3537	候補
誤魔化す	ゴマカス	3538	ごまかす
再生	サイセイ	3539	再生
宿る	ヤドル	3540	宿る
ぐっと	グット	3541	ぐっと
ギリギリ	ギリギリ	3542	ぎりぎり
女王	ジョオウ	3543	女王
姿を消す	スガタヲケス	3544	姿を消す
シャツ	シャツ	3545	シャツ
継ぐ	ツグ	3546	継ぐ
キャラ	キャラ	3547	キャラ
途端に	トタンニ	3548	途端に
致す	イタス	3549	致す
食らう	クラウ	3550	食らう
ネット	ネット	3551	ネット
懐	フトコロ	3552	懐
蛇	ヘビ	3553	蛇
要するに	ヨウスルニ	3554	要するに
走り出す	ハシリダス	3555	走り出す
デザイン	デザイン	3556	デザイン
向き直る	ムキナオル	3557	向き直る
怪物	カイブツ	3558	怪物
何人か	ナンニンカ	3559	何人か
ゆえ	ユエ	3560	故
腐る	クサル	3561	腐る
辿り着く	タドリツク	3562	辿り着く
冷める	サメル	3563	冷める
はーい	ハーイ	3564	はい
仮面	カメン	3565	仮面
見据える	ミスエル	3566	見据える
唱える	トナエル	3567	唱える
通り過ぎる	トオリスギル	3568	通り過ぎる
谷	タニ	3569	谷
何故か	ナゼカ	3570	何故か
宇宙	ウチュウ	3571	宇宙
金髪	キンパツ	3572	金髪
主人公	シュジンコウ	3573	主人公
鈍い	ニブイ	3574	鈍い
叫び	サケビ	3575	叫び
この辺り	コノアタリ	3576	この辺り
ルート	ルート	3577	ルート
二日	フツカ	3578	二日
犯罪	ハンザイ	3579	犯罪
首を横に振る	クビヲヨコニフル	3580	首を横に振る
外見	ガイケン	3581	外見
売れる	ウレル	3582	売れる
雷	カミナリ	3583	雷
接近	セッキン	3584	接近
演技	エンギ	3585	演技
真っ直ぐ	マッスグ	3586	真っ直ぐ
ばっか	バッカ	3587	ばかり
しばし	シバシ	3588	暫し
んち	ンチ	3589	んち
しがみつく	シガミツク	3590	しがみ付く
引き寄せる	ヒキヨセル	3591	引き寄せる
それどころか	ソレドコロカ	3592	それどころか
化け物	バケモノ	3593	化け物
セリフ	セリフ	3594	セリフ
叩きつける	タタキツケル	3595	叩き付ける
なんだって	ナンダッテ	3596	なんだって
付き	ツキ	3597	付く
とある	トアル	3598	とある
マシ	マシ	3599	増し
さっそく	サッソク	3600	早速
戦	イクサ	3601	戦
解除	カイジョ	3602	解除
危うい	アヤウイ	3603	危うい
地味	ジミ	3604	地味
兄さん	ニイサン	3605	兄さん
自殺	ジサツ	3606	自殺
ソファ	ソファ	3607	ソファー
灰色	ハイイロ	3608	灰色
吹き飛ばす	フキトバス	3609	吹き飛ばす
倉庫	ソウコ	3610	倉庫
金色	キンイロ	3611	金色
幸福	コウフク	3612	幸福
押し付ける	オシツケル	3613	押し付ける
考え込む	カンガエコム	3614	考え込む
治す	ナオス	3615	治す
夏休み	ナツヤスミ	3616	夏休み
正面から	ショウメンカラ	3617	正面から
儀式	ギシキ	3618	儀式
舌打ち	シタウチ	3619	舌打ち
中学	チュウガク	3620	中学
本心	ホンシン	3621	本心
折る	オル	3622	折る
尻尾	シッポ	3623	尻尾
消滅	ショウメツ	3624	消滅
耳元	ミミモト	3625	耳元
ファン	ファン	3626	ファン
狼	オオカミ	3627	狼
本音	ホンネ	3628	本音
リーダー	リーダー	3629	リーダー
姿を現す	スガタヲアラワス	3630	姿を現す
一族	イチゾク	3631	一族
ちっ	チッ	3632	つう
ゆえに	ユエニ	3633	ゆえに
エネルギー	エネルギー	3634	エネルギー
欲望	ヨクボウ	3635	欲望
配置	ハイチ	3636	配置
お兄さん	オニイサン	3637	お兄さん
田舎	イナカ	3638	田舎
会長	カイチョウ	3639	会長
この辺	コノヘン	3640	この辺
小学生	ショウガクセイ	3641	小学生
十五	ジュウゴ	3642	15
お疲れ	オツカレ	3643	お疲れ
てっきり	テッキリ	3644	てっきり
負け	マケ	3645	負け
部長	ブチョウ	3646	部長
手渡す	テワタス	3647	手渡す
眼鏡	メガネ	3648	眼鏡
キラキラ	キラキラ	3649	きらきら
堪える	コラエル	3650	堪える
吐息	トイキ	3651	吐息
目が覚める	メガサメル	3652	目が覚める
でかい	デカイ	3653	でかい
雑誌	ザッシ	3654	雑誌
帽子	ボウシ	3655	帽子
警備	ケイビ	3656	警備
器用	キヨウ	3657	器用
校舎	コウシャ	3658	校舎
どく	ドク	3659	どく
両腕	リョウウデ	3660	両腕
商売	ショウバイ	3661	商売
突破	トッパ	3662	突破
身長	シンチョウ	3663	身長
気を付ける	キヲツケル	3664	気を付ける
お嬢さん	オジョウサン	3665	お嬢さん
戦士	センシ	3666	戦士
漫画	マンガ	3667	漫画
姉妹	シマイ	3668	姉妹
金属	キンゾク	3669	金属
言い聞かせる	イイキカセル	3670	言い聞かせる
指輪	ユビワ	3671	指輪
閉じ込める	トジコメル	3672	閉じ込める
足取り	アシドリ	3673	足取り
目が合う	メガアウ	3674	目が合う
商人	ショウニン	3675	商人
奴隷	ドレイ	3676	奴隷
塔	トウ	3677	塔
羽	ハネ	3678	羽根
ぽい	ポイ	3679	ぽい
起き上がる	オキアガル	3680	起き上がる
俯く	ウツムク	3681	俯く
１人で	ヒトリデ	3682	１人で
響き	ヒビキ	3683	響き
ご存じ	ゴゾンジ	3684	御存知
ごとく	ゴトク	3685	ごとし
ノ	ノ	3686	の
すぐさま	スグサマ	3687	直様
ちょうどいい	チョウドイイ	3688	ちょうどいい
おー	オー	3689	おー
ありえない	アリエナイ	3690	ありえない
ごとき	ゴトキ	3691	ごとし
こぼれる	コボレル	3692	こぼれる
ごまかす	ゴマカス	3693	ごまかす
こぼす	コボス	3694	零す
えーと	エート	3695	えーと
連れていく	ツレテイク	3696	連れていく
お疲れさま	オツカレサマ	3697	お疲れ様
えらい	エライ	3698	偉い
思いっきり	オモイッキリ	3699	思い切り
はじめて	ハジメテ	3700	初めて
書	ショ	3701	書
捧げる	ササゲル	3702	捧げる
素人	シロウト	3703	素人
快感	カイカン	3704	快感
無論	ムロン	3705	無論
患者	カンジャ	3706	患者
神経	シンケイ	3707	神経
級	キュウ	3708	級
ひょっとして	ヒョットシテ	3709	ひょっとして
見慣れる	ミナレル	3710	見慣れる
叶える	カナエル	3711	叶える
怒鳴る	ドナル	3712	怒鳴る
ノート	ノート	3713	ノート
幻	マボロシ	3714	幻
這う	ハウ	3715	這う
二本	ニホン	3716	二本
遭遇	ソウグウ	3717	遭遇
メニュー	メニュー	3718	メニュー
断言	ダンゲン	3719	断言
乙女	オトメ	3720	乙女
仕える	ツカエル	3721	仕える
制御	セイギョ	3722	制御
大半	タイハン	3723	大半
さえも	サエモ	3724	さえも
値段	ネダン	3725	値段
兄貴	アニキ	3726	兄貴
手を引く	テヲヒク	3727	手を引く
階	カイ	3728	階
力になる	チカラニナル	3729	力になる
すげえ	スゲエ	3730	凄い
見知る	ミシル	3731	見知る
プロ	プロ	3732	プロ
微笑	ビショウ	3733	微笑
毛	ケ	3734	毛
そうなんです	ソウナンデス	3735	そうなんです
尻	シリ	3736	尻
想う	オモウ	3737	思う
丸い	マルイ	3738	丸い
落下	ラッカ	3739	落下
どう見ても	ドウミテモ	3740	どう見ても
後輩	コウハイ	3741	後輩
理性	リセイ	3742	理性
策	サク	3743	策
カップ	カップ	3744	カップ
部活	ブカツ	3745	部活
出口	デグチ	3746	出口
驚愕	キョウガク	3747	驚愕
お昼	オヒル	3748	お昼
えへへ	エヘヘ	3749	えへ
そうなると	ソウナルト	3750	そうなると
であります	デアリマス	3751	であります
引き抜く	ヒキヌク	3752	引き抜く
加速	カソク	3753	加速
封じる	フウジル	3754	封じる
類	ルイ	3755	類
なき	ナキ	3756	無い
横たわる	ヨコタワル	3757	横たわる
へへ	ヘヘ	3758	へへ
目を丸くする	メヲマルクスル	3759	目を丸くする
微か	カスカ	3760	微か
服を着る	フクヲキル	3761	服を着る
数人	スウニン	3762	数人
高校生	コウコウセイ	3763	高校生
十年	ジュウネン	3764	十年
逸らす	ソラス	3765	逸らす
一口	ヒトクチ	3766	一口
液体	エキタイ	3767	液体
排除	ハイジョ	3768	排除
閉まる	シマル	3769	閉まる
池	イケ	3770	池
見抜く	ミヌク	3771	見抜く
疲労	ヒロウ	3772	疲労
士	シ	3773	士
祝福	シュクフク	3774	祝福
手放す	テバナス	3775	手放す
咲く	サク	3776	咲く
団	ダン	3777	団
故	ユエ	3778	故
これくらい	コレクライ	3779	これくらい
睨みつける	ニラミツケル	3780	睨み付ける
意味がない	イミガナイ	3781	意味がない
気はない	キハナイ	3782	気はない
わたしたち	ワタシタチ	3783	私達
時折	トキオリ	3784	時折
いつだって	イツダッテ	3785	いつだって
声をあげる	コエヲアゲル	3786	声をあげる
ひとりで	ヒトリデ	3787	ひとりで
ばか	バカ	3788	ばか
はしゃぐ	ハシャグ	3789	燥ぐ
ずるい	ズルイ	3790	狡い
その代わり	ソノカワリ	3791	その代わり
フフフ	フフフ	3792	ふふふ
少なくとも	スクナクトモ	3793	少なくとも
俺ら	オレラ	3794	俺ら
はあっ	ハアッ	3795	はあ
使い	ツカイ	3796	使い
やだ	ヤダ	3797	やだ
まつ	マツ	3798	まつ
１年	イチネン	3799	１年
見せつける	ミセツケル	3800	見せ付ける
フォロー	フォロー	3801	フォロー
絞る	シボル	3802	絞る
好きにする	スキニスル	3803	好きにする
いえいえ	イエイエ	3804	いえいえ
固定	コテイ	3805	固定
戸	ト	3806	戸
嫁	ヨメ	3807	嫁
不審	フシン	3808	不審
同行	ドウコウ	3809	同行
鞄	カバン	3810	鞄
飼う	カウ	3811	飼う
要る	イル	3812	要る
センチ	センチ	3813	センチ
畑	ハタケ	3814	畑
電気	デンキ	3815	電気
孤独	コドク	3816	孤独
婚約	コンヤク	3817	婚約
予測	ヨソク	3818	予測
肯定	コウテイ	3819	肯定
そうなんですか	ソウナンデスカ	3820	そうなんですか
上空	ジョウクウ	3821	上空
カウンター	カウンター	3822	カウンター
被る	カブル	3823	被る
先程	サキホド	3824	先程
グラス	グラス	3825	グラス
っきり	ッキリ	3826	きり
一匹	イッピキ	3827	一匹
状	ジョウ	3828	状
柔らか	ヤワラカ	3829	柔らか
住人	ジュウニン	3830	住人
平然	ヘイゼン	3831	平然
心底	シンソコ	3832	心底
拒絶	キョゼツ	3833	拒絶
男の人	オトコノヒト	3834	男の人
横顔	ヨコガオ	3835	横顔
孫	マゴ	3836	孫
きっちり	キッチリ	3837	きっちり
牙	キバ	3838	牙
散々	サンザン	3839	散々
目撃	モクゲキ	3840	目撃
ボール	ボール	3841	ボール
躊躇	チュウチョ	3842	躊躇
滲む	ニジム	3843	滲む
悲鳴を上げる	ヒメイヲアゲル	3844	悲鳴を上げる
捜査	ソウサ	3845	捜査
本能	ホンノウ	3846	本能
木々	キギ	3847	木々
指差す	ユビサス	3848	指差す
国家	コッカ	3849	国家
購入	コウニュウ	3850	購入
賭ける	カケル	3851	賭ける
皆様	ミナサマ	3852	皆様
無邪気	ムジャキ	3853	無邪気
幸運	コウウン	3854	幸運
帰って来る	カエッテクル	3855	帰って来る
友	トモ	3856	友
見張る	ミハル	3857	見張る
報酬	ホウシュウ	3858	報酬
深呼吸	シンコキュウ	3859	深呼吸
大人になる	オトナニナル	3860	大人になる
ただでさえ	タダデサエ	3861	ただでさえ
作り出す	ツクリダス	3862	作り出す
餌	エサ	3863	餌
間近	マヂカ	3864	間近
着替え	キガエ	3865	着替える
お帰り	オカエリ	3866	お帰り
微笑み	ホホエミ	3867	微笑む
使い方	ツカイカタ	3868	使い方
鳴く	ナク	3869	鳴く
途切れる	トギレル	3870	途切れる
出迎える	デムカエル	3871	出迎える
器	ウツワ	3872	器
高	コウ	3873	高
マスター	マスター	3874	マスター
利く	キク	3875	利く
右腕	ミギウデ	3876	右腕
めくる	メクル	3877	捲る
単語	タンゴ	3878	単語
だろうに	ダロウニ	3879	だろうに
ある意味	アルイミ	3880	ある意味
胸を張る	ムネヲハル	3881	胸を張る
纏う	マトウ	3882	纏う
早々	ソウソウ	3883	早々
いじめる	イジメル	3884	苛める
溜まる	タマル	3885	溜まる
っぱなし	ッパナシ	3886	放し
腰を下ろす	コシヲオロス	3887	腰を下ろす
駆けつける	カケツケル	3888	駆け付ける
早め	ハヤメ	3889	早め
けっこう	ケッコウ	3890	結構
たしか	タシカ	3891	確か
かしこまる	カシコマル	3892	畏まる
飲み物	ノミモノ	3893	飲み物
いつの間に	イツノマニ	3894	いつの間に
のあまり	ノアマリ	3895	のあまり
ゴミ	ゴミ	3896	ゴミ
同じくらい	オナジクライ	3897	同じくらい
捕らえる	トラエル	3898	捕らえる
ちっとも	チットモ	3899	些とも
アホ	アホ	3900	阿呆
暖かい	アタタカイ	3901	暖かい
忠告	チュウコク	3902	忠告
無意味	ムイミ	3903	無意味
騒がしい	サワガシイ	3904	騒がしい
脳裏	ノウリ	3905	脳裏
悪	アク	3906	悪い
透明	トウメイ	3907	透明
響き渡る	ヒビキワタル	3908	響き渡る
傾く	カタムク	3909	傾く
仰ぐ	アオグ	3910	仰ぐ
暴力	ボウリョク	3911	暴力
晩	バン	3912	晩
お邪魔	オジャマ	3913	御邪魔
領域	リョウイキ	3914	領域
小柄	コガラ	3915	小柄
お弁当	オベントウ	3916	お弁当
お休み	オヤスミ	3917	お休み
看板	カンバン	3918	看板
感じ取る	カンジトル	3919	感じ取る
そう言えば	ソウイエバ	3920	そう言えば
是非	ゼヒ	3921	是非
カーテン	カーテン	3922	カーテン
メモ	メモ	3923	メモ
勘	カン	3924	勘
大抵	タイテイ	3925	大抵
数十	スウジュウ	3926	数十
方面	ホウメン	3927	方面
植物	ショクブツ	3928	植物
確率	カクリツ	3929	確率
例外	レイガイ	3930	例外
支度	シタク	3931	支度
罰	バツ	3932	罰
こちらこそ	コチラコソ	3933	こちらこそ
演じる	エンジル	3934	演じる
造る	ツクル	3935	作る
避難	ヒナン	3936	避難
入学	ニュウガク	3937	入学
お手伝い	オテツダイ	3938	お手伝い
美少女	ビショウジョ	3939	美少女
誇り	ホコリ	3940	誇り
丘	オカ	3941	丘
突き刺さる	ツキササル	3942	突き刺さる
首筋	クビスジ	3943	首筋
口に出す	クチニダス	3944	口に出す
興味深い	キョウミブカイ	3945	興味深い
弟子	デシ	3946	弟子
見当たる	ミアタル	3947	見当たる
板	イタ	3948	板
反撃	ハンゲキ	3949	反撃
心の底	ココロノソコ	3950	心の底
唸る	ウナル	3951	唸る
トラブル	トラブル	3952	トラブル
しめる	シメル	3953	しめる
所詮	ショセン	3954	所詮
撮影	サツエイ	3955	撮影
一点	イッテン	3956	一点
呪う	ノロウ	3957	呪う
小屋	コヤ	3958	小屋
汚す	ヨゴス	3959	汚す
その頃	ソノコロ	3960	その頃
うふふ	ウフフ	3961	うふふ
それはそれで	ソレハソレデ	3963	それはそれで
くそっ	クソッ	3964	くそ
誘い	サソイ	3965	誘い
浮かび上がる	ウカビアガル	3966	浮かび上がる
遠ざかる	トオザカル	3967	遠ざかる
文句を言う	モンクヲイウ	3968	文句を言う
店内	テンナイ	3969	店内
はっと	ハット	3970	はっと
通信	ツウシン	3971	通信
悪意	アクイ	3972	悪意
通用	ツウヨウ	3973	通用
構成	コウセイ	3974	構成
押し込む	オシコム	3975	押し込む
当日	トウジツ	3976	当日
贈る	オクル	3977	贈る
説教	セッキョウ	3978	説教
つる	ツル	3979	つる
あく	アク	3980	飽きる
好く	スク	3981	良い
襲いかかる	オソイカカル	3982	襲い掛かる
鳴き声	ナキゴエ	3983	鳴き声
いい子	イイコ	3984	いい子
おもしろい	オモシロイ	3985	面白い
引き取る	ヒキトル	3986	引き取る
あのさ	アノサ	3987	あのさ
ケンカ	ケンカ	3988	喧嘩
顔をしかめる	カオヲシカメル	3989	顔をしかめる
どれくらい	ドレクライ	3990	どれくらい
おまけに	オマケニ	3991	おまけに
のぞく	ノゾク	3992	のぞく
ハハ	ハハ	3993	はは
手をかける	テヲカケル	3994	手をかける
１回	イッカイ	3995	１回
だからといって	ダカラトイッテ	3996	だからといって
突きつける	ツキツケル	3997	突き付ける
さすがは	サスガハ	3998	さすがは
あり得ない	アリエナイ	3999	あり得ない
何らか	ナンラカ	4000	何らか
歩み寄る	アユミヨル	4001	歩み寄る
等しい	ヒトシイ	4002	等しい
垂れる	タレル	4003	垂れる
敏感	ビンカン	4004	敏感
深夜	シンヤ	4005	深夜
輪	ワ	4006	輪
鍋	ナベ	4007	鍋
この後	コノアト	4008	この後
装う	ヨソオウ	4009	装う
攻略	コウリャク	4010	攻略
億	オク	4011	億
不快	フカイ	4012	不快
体重	タイジュウ	4013	体重
専用	センヨウ	4014	専用
眉間	ミケン	4015	眉間
付き合い	ツキアイ	4016	付き合い
昇る	ノボル	4017	上る
湯	ユ	4018	湯
晒す	サラス	4019	晒す
残酷	ザンコク	4020	残酷
放る	ホウル	4021	放る
歩	ホ	4022	歩
錯覚	サッカク	4023	錯覚
誘導	ユウドウ	4024	誘導
救い	スクイ	4025	救い
優雅	ユウガ	4026	優雅
切り替える	キリカエル	4027	切り替える
罪悪感	ザイアクカン	4028	罪悪感
気絶	キゼツ	4029	気絶
理不尽	リフジン	4030	理不尽
好意	コウイ	4031	好意
沢山	タクサン	4032	沢山
国民	コクミン	4033	国民
財布	サイフ	4034	財布
事務所	ジムショ	4035	事務所
ああいう	アアイウ	4036	ああいう
憧れ	アコガレ	4037	憧れ
魅力的	ミリョクテキ	4038	魅力的
人質	ヒトジチ	4039	人質
列	レツ	4040	列
臭い	クサイ	4041	臭い
修行	シュギョウ	4042	修行
率いる	ヒキイル	4043	率いる
怪訝	ケゲン	4044	怪訝
盛大	セイダイ	4045	盛大
職業	ショクギョウ	4046	職業
同然	ドウゼン	4047	同然
腕を組む	ウデヲクム	4048	腕を組む
容姿	ヨウシ	4049	容姿
鎖	クサリ	4050	鎖
締める	シメル	4051	締める
内緒	ナイショ	4052	内緒
反射的	ハンシャテキ	4053	反射的
パターン	パターン	4054	パターン
到達	トウタツ	4055	到達
一件	イッケン	4056	一件
どう考えても	ドウカンガエテモ	4057	どう考えても
いい人	イイヒト	4058	いい人
装置	ソウチ	4059	装置
教授	キョウジュ	4060	教授
包み込む	ツツミコム	4061	包み込む
衝動	ショウドウ	4062	衝動
尖る	トガル	4063	尖る
親切	シンセツ	4064	親切
目に入る	メニハイル	4065	目に入る
ベンチ	ベンチ	4066	ベンチ
埋まる	ウマル	4067	埋まる
礼を言う	レイヲイウ	4068	礼を言う
弾	タマ	4069	弾
ニュース	ニュース	4070	ニュース
パンツ	パンツ	4071	パンツ
緩む	ユルム	4072	緩む
潜む	ヒソム	4073	潜む
はっきり言う	ハッキリイウ	4074	はっきり言う
再度	サイド	4075	再度
そうじゃなくて	ソウジャナクテ	4076	そうじゃなくて
逮捕	タイホ	4077	逮捕
傍ら	カタワラ	4078	傍ら
タオル	タオル	4079	タオル
名誉	メイヨ	4080	名誉
配る	クバル	4081	配る
食	ショク	4082	食
どうするか	ドウスルカ	4083	どうするか
横目	ヨコメ	4084	横目
何とも	ナントモ	4085	何とも
医師	イシ	4086	医師
界	カイ	4087	界
肩をすくめる	カタヲスクメル	4088	肩をすくめる
大げさ	オオゲサ	4089	大袈裟
おばさん	オバサン	4090	おばさん
心地よい	ココチヨイ	4091	心地良い
やりとり	ヤリトリ	4092	遣り取り
あふれる	アフレル	4093	溢れる
あくまでも	アクマデモ	4094	あくまでも
そんなふうに	ソンナフウニ	4095	そんなふうに
おかえり	オカエリ	4096	おかえり
滅ぼす	ホロボス	4097	滅ぼす
凄まじい	スサマジイ	4098	凄まじい
燃やす	モヤス	4099	燃やす
そうだよね	ソウダヨネ	4100	そうだよね
額	ヒタイ	4101	額
入口	イリグチ	4102	入り口
文章	ブンショウ	4103	文章
手を取る	テヲトル	4104	手を取る
我に返る	ワレニカエル	4105	我に返る
茶	チャ	4106	茶
顔立ち	カオダチ	4107	顔立ち
その分	ソノブン	4108	その分
鼓動	コドウ	4109	鼓動
貼る	ハル	4110	張る
頭を抱える	アタマヲカカエル	4111	頭を抱える
台所	ダイドコロ	4112	台所
相応しい	フサワシイ	4113	相応しい
人達	ヒトタチ	4114	人達
現代	ゲンダイ	4115	現代
ネタ	ネタ	4116	ねた
掌	テノヒラ	4117	掌
弁当	ベントウ	4118	弁当
顔面	ガンメン	4119	顔面
流	リュウ	4120	流
何にも	ナンニモ	4121	何にも
お母様	オカアサマ	4122	御母様
目線	メセン	4123	目線
権力	ケンリョク	4124	権力
突入	トツニュウ	4125	突入
昼食	チュウショク	4126	昼食
十二	ジュウニ	4127	12
なのである	ナノデアル	4128	なのである
事がある	コトガアル	4129	事がある
気遣う	キヅカウ	4130	気遣う
ズボン	ズボン	4131	ズボン
苦い	ニガイ	4132	苦い
覚悟を決める	カクゴヲキメル	4133	覚悟を決める
思い込む	オモイコム	4134	思い込む
親戚	シンセキ	4135	親戚
意地悪	イジワル	4136	意地悪
遥か	ハルカ	4137	遥か
大陸	タイリク	4138	大陸
お湯	オユ	4139	お湯
加減	カゲン	4140	加減
物音	モノオト	4141	物音
祖父	ソフ	4142	祖父
発想	ハッソウ	4143	発想
ハンカチ	ハンカチ	4144	ハンカチ
敗北	ハイボク	4145	敗北
シンプル	シンプル	4146	シンプル
モデル	モデル	4147	モデル
深々	フカブカ	4148	深々
無限	ムゲン	4149	無限
足を踏み入れる	アシヲフミイレル	4150	足を踏み入れる
見失う	ミウシナウ	4151	見失う
お任せ	オマカセ	4152	お任せ
潰れる	ツブレル	4153	潰れる
食料	ショクリョウ	4154	食料
数秒	スウビョウ	4155	数秒
バラバラ	バラバラ	4156	ばらばら
テンション	テンション	4157	テンション
上昇	ジョウショウ	4158	上昇
消費	ショウヒ	4159	消費
言	ゲン	4160	言
脅す	オドス	4161	脅す
帰れ	カエレ	4162	帰る
記事	キジ	4163	記事
顔を合わせる	カオヲアワセル	4164	顔を合わせる
混ぜる	マゼル	4165	混ぜる
係	カカリ	4166	係
伝う	ツタウ	4167	伝う
叫び声	サケビゴエ	4168	叫び声
未だ	マダ	4169	未だ
寝室	シンシツ	4170	寝室
夫人	フジン	4171	夫人
無理矢理	ムリヤリ	4172	無理矢理
らっしゃる	ラッシャル	4173	いらっしゃる
高級	コウキュウ	4174	高級
脅威	キョウイ	4175	脅威
緩める	ユルメル	4176	緩める
すく	スク	4177	すく
上司	ジョウシ	4178	上司
用件	ヨウケン	4179	用件
調子に乗る	チョウシニノル	4180	調子に乗る
遅刻	チコク	4181	遅刻
食材	ショクザイ	4182	食材
試みる	ココロミル	4183	試みる
横になる	ヨコニナル	4184	横になる
つきあう	ツキアウ	4185	付き合う
取引	トリヒキ	4186	取り引き
何かしら	ナニカシラ	4187	何かしら
３年	サンネン	4188	３年
かた	カタ	4189	方
おなか	オナカ	4190	御腹
あける	アケル	4191	あける
ホッと	ホット	4192	ほっと
言いかける	イイカケル	4193	言い掛ける
たたく	タタク	4194	叩く
顔つき	カオツキ	4195	顔付き
鮮やか	アザヤカ	4196	鮮やか
そろう	ソロウ	4197	揃う
お言葉	オコトバ	4198	お言葉
いちばん	イチバン	4199	一番
そんなもん	ソンナモン	4200	そんなもん
度	タビ	4202	度
街	ガイ	4203	街
刃	ヤイバ	4205	刃
恨み	ウラミ	4206	恨み
曲げる	マゲル	4207	曲げる
いじる	イジル	4208	弄る
差す	サス	4209	差す
到底	トウテイ	4210	到底
繋ぐ	ツナグ	4211	繋ぐ
プライド	プライド	4212	プライド
職人	ショクニン	4213	職人
像	ゾウ	4214	像
枕	マクラ	4215	枕
差し込む	サシコム	4216	差し込む
図書館	トショカン	4217	図書館
可能性が高い	カノウセイガタカイ	4218	可能性が高い
同時	ドウジ	4219	同時
弱点	ジャクテン	4220	弱点
おっさん	オッサン	4221	おっさん
政府	セイフ	4222	政府
確定	カクテイ	4223	確定
矛盾	ムジュン	4224	矛盾
泣き声	ナキゴエ	4225	泣き声
振動	シンドウ	4226	振動
真っ先に	マッサキニ	4227	真っ先に
自転車	ジテンシャ	4228	自転車
耳にする	ミミニスル	4229	耳にする
帰宅	キタク	4230	帰宅
目的地	モクテキチ	4231	目的地
再現	サイゲン	4232	再現
拒む	コバム	4233	拒む
無力	ムリョク	4234	無力
林	ハヤシ	4235	林
愉快	ユカイ	4236	愉快
言い放つ	イイハナツ	4237	言い放つ
値	アタイ	4238	値
揃える	ソロエル	4239	揃える
死亡	シボウ	4240	死亡
苦笑い	ニガワライ	4241	苦笑い
任す	マカス	4242	任す
ふっと	フット	4243	ふっと
塩	シオ	4244	塩
ボロボロ	ボロボロ	4245	ぼろぼろ
賢い	カシコイ	4246	賢い
あの頃	アノコロ	4247	あの頃
銀色	ギンイロ	4248	銀色
磨く	ミガク	4249	磨く
静寂	セイジャク	4250	静寂
夜空	ヨゾラ	4251	夜空
眩しい	マブシイ	4252	眩しい
自己紹介	ジコショウカイ	4253	自己紹介
構造	コウゾウ	4254	構造
にっこり	ニッコリ	4255	にっこり
大型	オオガタ	4256	大型
工場	コウジョウ	4257	工場
手配	テハイ	4258	手配
切り裂く	キリサク	4259	切り裂く
黄金	オウゴン	4260	黄金
先頭	セントウ	4261	先頭
サイン	サイン	4262	サイン
有効	ユウコウ	4263	有効
女の人	オンナノヒト	4264	女の人
砕ける	クダケル	4265	砕ける
何事	ナニゴト	4266	何事
弓	ユミ	4267	弓
光栄	コウエイ	4268	光栄
バス	バス	4269	バス
リスク	リスク	4270	リスク
ようこそ	ヨウコソ	4271	ようこそ
押し寄せる	オシヨセル	4272	押し寄せる
こむ	コム	4273	込む
出番	デバン	4274	出番
皮膚	ヒフ	4275	皮膚
二回	ニカイ	4276	二回
牛	ウシ	4277	牛
砕く	クダク	4278	砕く
支援	シエン	4279	支援
湖	ミズウミ	4280	湖
さも	サモ	4281	然も
班	ハン	4282	班
別れ	ワカレ	4283	別れ
慕う	シタウ	4284	慕う
めっちゃ	メッチャ	4285	目茶
進行	シンコウ	4286	進行
番号	バンゴウ	4287	番号
掛かる	カカル	4288	掛かる
人差し指	ヒトサシユビ	4289	人差し指
済み	ズミ	4290	済み
持ち	モチ	4291	持つ
祭り	マツリ	4292	祭
ハッと	ハット	4293	はっと
そのとおり	ソノトオリ	4294	そのとおり
というところ	トイウトコロ	4295	というところ
なにより	ナニヨリ	4296	なにより
たちまち	タチマチ	4297	忽ち
つづける	ツヅケル	4298	続ける
おやすみ	オヤスミ	4299	おやすみ
っこ	ッコ	4300	っこ
店	テン	4301	店
種	タネ	4302	種
角度	カクド	4303	角度
振り払う	フリハラウ	4304	振り払う
三度	サンド	4305	三度
絶叫	ゼッキョウ	4306	絶叫
課題	カダイ	4307	課題
本番	ホンバン	4308	本番
温泉	オンセン	4309	温泉
ライン	ライン	4310	ライン
外部	ガイブ	4311	外部
子供の頃	コドモノコロ	4312	子供の頃
言動	ゲンドウ	4313	言動
向き	ムキ	4314	向き
坂	サカ	4315	坂
知り合う	シリアウ	4316	知り合う
崩れ落ちる	クズレオチル	4317	崩れ落ちる
ふりをする	フリヲスル	4318	ふりをする
せん	セン	4319	せん
胃	イ	4320	胃
経緯	イキサツ	4321	経緯
自室	ジシツ	4322	自室
爆弾	バクダン	4323	爆弾
見届ける	ミトドケル	4324	見届ける
とっとと	トットト	4325	とっとと
馬鹿にする	バカニスル	4326	馬鹿にする
こんな風に	コンナフウニ	4327	こんな風に
絆	キズナ	4328	絆
豪華	ゴウカ	4329	豪華
仕業	シワザ	4330	仕業
硬直	コウチョク	4331	硬直
病	ヤマイ	4332	病
高度	コウド	4333	高度
霊	レイ	4334	霊
振り下ろす	フリオロス	4335	振り下ろす
頼もしい	タノモシイ	4336	頼もしい
捜索	ソウサク	4337	捜索
意	イ	4338	意
好奇心	コウキシン	4339	好奇心
言い返す	イイカエス	4340	言い返す
戻って来る	モドッテクル	4341	戻って来る
未だに	イマダニ	4342	未だに
スープ	スープ	4343	スープ
蘇る	ヨミガエル	4344	蘇る
お方	オカタ	4345	お方
マンション	マンション	4346	マンション
哀れ	アワレ	4347	哀れ
駆け出す	カケダス	4348	駆け出す
別人	ベツジン	4349	別人
博士	ハカセ	4350	博士
派遣	ハケン	4351	派遣
咄嗟に	トッサニ	4352	咄嗟に
あれこれ	アレコレ	4353	彼是
トップ	トップ	4354	トップ
弱る	ヨワル	4355	弱る
掘る	ホル	4356	掘る
身内	ミウチ	4357	身内
体内	タイナイ	4358	体内
独特	ドクトク	4359	独特
励ます	ハゲマス	4360	励ます
反対側	ハンタイガワ	4361	反対側
体温	タイオン	4362	体温
お返し	オカエシ	4363	お返し
座り込む	スワリコム	4364	座り込む
気楽	キラク	4365	気楽
入院	ニュウイン	4366	入院
運	ウン	4367	運
腰掛ける	コシカケル	4368	腰掛ける
生意気	ナマイキ	4369	生意気
ステージ	ステージ	4370	ステージ
美味い	ウマイ	4371	旨い
寄り添う	ヨリソウ	4372	寄り添う
偉大	イダイ	4373	偉大
目つき	メツキ	4374	目付き
住民	ジュウミン	4375	住民
都	ト	4376	都
よいしょ	ヨイショ	4377	よいしょ
携帯電話	ケイタイデンワ	4378	携帯電話
コート	コート	4379	コート
風邪	カゼ	4380	風邪
力を込める	チカラヲコメル	4381	力を込める
あてる	アテル	4382	当てる
狩り	カリ	4383	狩り
ことによって	コトニヨッテ	4384	ことによって
なんという	ナントイウ	4385	なんという
やつら	ヤツラ	4386	やつら
わがまま	ワガママ	4387	我が儘
うつむく	ウツムク	4388	俯く
４人	ヨニン	4389	４人
なしで	ナシデ	4390	なしで
うつ	ウツ	4391	鬱
うかがう	ウカガウ	4392	うかがう
かぎり	カギリ	4393	限り
今のうち	イマノウチ	4394	今のうち
チッ	チッ	4395	ちっ
話し合い	ハナシアイ	4396	話し合い
振る舞う	フルマウ	4397	振る舞う
うっすら	ウッスラ	4398	薄ら
向こう側	ムコウガワ	4399	向こう側
さほど	サホド	4400	然程
心	シン	4401	心
場	ジョウ	4402	場
取り囲む	トリカコム	4403	取り囲む
観念	カンネン	4404	観念
登録	トウロク	4405	登録
スイッチ	スイッチ	4406	スイッチ
殺人	サツジン	4407	殺人
道路	ドウロ	4408	道路
殺し	コロシ	4409	殺し
サービス	サービス	4410	サービス
気を遣う	キヲツカウ	4411	気を遣う
次々に	ツギツギニ	4412	次々に
斜め	ナナメ	4413	斜め
懸命	ケンメイ	4414	懸命
中庭	ナカニワ	4415	中庭
有利	ユウリ	4416	有利
夕飯	ユウハン	4417	夕飯
探索	タンサク	4418	探索
刺さる	ササル	4419	刺さる
揉む	モム	4420	揉む
ぐるぐる	グルグル	4421	ぐるぐる
履く	ハク	4422	履く
呪文	ジュモン	4423	呪文
恐る恐る	オソルオソル	4424	恐る恐る
決まり	キマリ	4425	決まり
誕生	タンジョウ	4426	誕生
贅沢	ゼイタク	4427	贅沢
監督	カントク	4428	監督
しょ	ショ	4429	しょ
すっと	スット	4430	すっと
職員	ショクイン	4431	職員
釣る	ツル	4432	釣る
手間	テマ	4433	手間
庇う	カバウ	4434	庇う
ポーズ	ポーズ	4435	ポーズ
シーン	シーン	4436	シーン
破れる	ヤブレル	4437	破れる
スタイル	スタイル	4438	スタイル
ふわふわ	フワフワ	4439	ふわふわ
上位	ジョウイ	4440	上位
なんぞ	ナンゾ	4441	なんぞ
降り注ぐ	フリソソグ	4442	降り注ぐ
色んな	イロンナ	4443	色んな
目を逸らす	メヲソラス	4444	目を逸らす
新人	シンジン	4445	新人
気力	キリョク	4446	気力
赤ちゃん	アカチャン	4447	赤ちゃん
突撃	トツゲキ	4448	突撃
死者	シシャ	4449	死者
ペース	ペース	4450	ペース
判明	ハンメイ	4451	判明
明かす	アカス	4452	明かす
観る	ミル	4453	見る
人目	ヒトメ	4454	人目
証言	ショウゲン	4455	証言
どころ	ドコロ	4456	どころ
なあに	ナアニ	4457	何
勢力	セイリョク	4458	勢力
中学生	チュウガクセイ	4459	中学生
醜い	ミニクイ	4460	醜い
蓋	フタ	4461	蓋
思い浮かべる	オモイウカベル	4462	思い浮かべる
制する	セイスル	4463	制する
人格	ジンカク	4464	人格
涙を流す	ナミダヲナガス	4465	涙を流す
まさしく	マサシク	4466	正しく
兼ねる	カネル	4467	兼ねる
からすれば	カラスレバ	4468	からすれば
曇る	クモル	4469	曇る
上着	ウワギ	4470	上着
五分	ゴブ	4471	五分
中途半端	チュウトハンパ	4472	中途半端
緊急	キンキュウ	4473	緊急
決心	ケッシン	4474	決心
念	ネン	4475	念
検査	ケンサ	4476	検査
運転	ウンテン	4477	運転
解散	カイサン	4478	解散
不利	フリ	4479	不利
スペース	スペース	4480	スペース
凝視	ギョウシ	4481	凝視
何かと	ナニカト	4482	何かと
象徴	ショウチョウ	4483	象徴
支払う	シハラウ	4484	支払う
焦り	アセリ	4485	焦り
絶える	タエル	4486	絶える
横から	ヨコカラ	4487	横から
かわす	カワス	4488	躱す
いっしょに	イッショニ	4489	いっしょに
迷惑をかける	メイワクヲカケル	4490	迷惑をかける
あきらめる	アキラメル	4491	諦める
１日	イチニチ	4492	１日
よーし	ヨーシ	4493	よし
というわけだ	トイウワケダ	4494	というわけだ
まわり	マワリ	4495	周り
いやらしい	イヤラシイ	4496	嫌らしい
よこす	ヨコス	4497	寄越す
嘘をつく	ウソヲツク	4498	嘘をつく
なんとかなる	ナントカナル	4499	なんとかなる
打ち合わせ	ウチアワセ	4500	打ち合わせ
一	ヒト	4501	1
公	コウ	4503	公
飛び降りる	トビオリル	4504	飛び下りる
顔を覗く	カオヲノゾク	4505	顔を覗く
挑発	チョウハツ	4506	挑発
帰還	キカン	4507	帰還
欠片	カケラ	4508	欠片
否	イイエ	4509	否
コンビニ	コンビニ	4510	コンビニ
秘める	ヒメル	4511	秘める
反射	ハンシャ	4512	反射
本部	ホンブ	4513	本部
泥	ドロ	4514	泥
化粧	ケショウ	4515	化粧
惚れる	ホレル	4516	惚れる
踏み出す	フミダス	4517	踏み出す
くぐる	クグル	4518	潜る
可哀想	カワイソウ	4519	可哀想
目に遭う	メニアウ	4520	目に遭う
世話になる	セワニナル	4521	世話になる
機嫌	キゲン	4522	機嫌
分厚い	ブアツイ	4523	分厚い
無関係	ムカンケイ	4524	無関係
昼休み	ヒルヤスミ	4525	昼休み
そんな中	ソンナナカ	4526	そんな中
何一つ	ナニヒトツ	4527	何一つ
切ない	セツナイ	4528	切ない
すらも	スラモ	4529	すらも
政治	セイジ	4530	政治
ダンス	ダンス	4531	ダンス
層	ソウ	4532	層
警告	ケイコク	4533	警告
着地	チャクチ	4534	着地
旧	キュウ	4535	旧
アピール	アピール	4536	アピール
満面	マンメン	4537	満面
嗅ぐ	カグ	4538	嗅ぐ
方角	ホウガク	4539	方角
息をつく	イキヲツク	4540	息をつく
温度	オンド	4541	温度
投げ出す	ナゲダス	4542	投げ出す
独り言	ヒトリゴト	4543	独り言
悪夢	アクム	4544	悪夢
位	クライ	4545	位
傘	カサ	4546	傘
カレー	カレー	4547	カレー
もう一回	モウイッカイ	4548	もう一回
苦しめる	クルシメル	4549	苦しめる
ぽつり	ポツリ	4550	ぽつり
異変	イヘン	4551	異変
市民	シミン	4552	市民
在る	アル	4553	有る
陰	カゲ	4554	陰
眼前	ガンゼン	4555	眼前
迎えに来る	ムカエニクル	4556	迎えに来る
説	セツ	4557	説
職	ショク	4558	職
こする	コスル	4559	擦る
合格	ゴウカク	4560	合格
クリア	クリア	4561	クリア
敷地	シキチ	4562	敷地
限定	ゲンテイ	4563	限定
喰う	クウ	4564	食う
一角	イッカク	4565	一角
取り込む	トリコム	4566	取り込む
思い返す	オモイカエス	4567	思い返す
じみる	ジミル	4568	染みる
お疲れ様	オツカレサマ	4569	お疲れ様
力を入れる	チカラヲイレル	4570	力を入れる
意地	イジ	4571	意地
あるらしい	アルラシイ	4572	あるらしい
紫	ムラサキ	4573	紫
使命	シメイ	4574	使命
追い込む	オイコム	4575	追い込む
あからさま	アカラサマ	4576	あからさま
興味を持つ	キョウミヲモツ	4577	興味を持つ
結婚式	ケッコンシキ	4578	結婚式
におい	ニオイ	4579	におい
引き返す	ヒキカエス	4580	引き返す
お断り	オコトワリ	4581	お断り
ただただ	タダタダ	4582	唯々
わかりやすい	ワカリヤスイ	4583	わかりやすい
こらえる	コラエル	4584	堪える
かう	カウ	4585	こう
もしや	モシヤ	4586	もしや
いわば	イワバ	4587	言わば
やさしい	ヤサシイ	4588	やさしい
まわる	マワル	4589	回る
ひく	ヒク	4590	ひく
いでる	イデル	4591	出る
あの方	アノカタ	4592	あの方
こととなる	コトトナル	4593	こととなる
ばれる	バレル	4594	ばれる
真っ暗	マックラ	4595	真っ暗
うわー	ウワー	4596	うわ
どなた	ドナタ	4597	どなた
多すぎる	オオスギル	4598	多すぎる
子たち	コタチ	4599	子たち
マズイ	マズイ	4600	不味い
臭い	ニオイ	4601	臭い
お待たせしました	オマタセシマシタ	4602	お待たせしました
熊	クマ	4603	熊
放棄	ホウキ	4604	放棄
芝居	シバイ	4605	芝居
水面	スイメン	4606	水面
お別れ	オワカレ	4607	お別れ
無くなる	ナクナル	4608	無くなる
群	グン	4609	群
振り	フリ	4610	振り
損	ソン	4611	損
匂いがする	ニオイガスル	4612	匂いがする
高速	コウソク	4613	高速
瓶	ビン	4614	瓶
お気に入り	オキニイリ	4615	お気に入り
吸収	キュウシュウ	4616	吸収
一個	イッコ	4617	一個
段	ダン	4618	段
憎い	ニクイ	4619	憎い
進化	シンカ	4620	進化
ふわり	フワリ	4621	ふわり
乱す	ミダス	4622	乱す
集合	シュウゴウ	4623	集合
抜き	ヌキ	4624	抜き
息を吐く	イキヲハク	4625	息を吐く
煽る	アオル	4626	煽る
油	アブラ	4627	油
瞼	マブタ	4628	瞼
混ざる	マザル	4629	混ざる
繰り出す	クリダス	4630	繰り出す
年下	トシシタ	4631	年下
初対面	ショタイメン	4632	初対面
同僚	ドウリョウ	4633	同僚
神社	ジンジャ	4634	神社
に限って	ニカギッテ	4635	に限って
緊張感	キンチョウカン	4636	緊張感
敵意	テキイ	4637	敵意
墓	ハカ	4638	墓
前に進む	マエニススム	4639	前に進む
指揮	シキ	4640	指揮
解消	カイショウ	4641	解消
劣る	オトル	4642	劣る
頭部	トウブ	4643	頭部
泡	アワ	4644	泡
潜る	モグル	4645	潜る
スタート	スタート	4646	スタート
休日	キュウジツ	4647	休日
持って行く	モッテイク	4648	持って行く
涼しい	スズシイ	4649	涼しい
頼り	タヨリ	4650	頼り
閉ざす	トザス	4651	閉ざす
披露	ヒロウ	4652	披露
きょとん	キョトン	4653	きょとん
優しくする	ヤサシクスル	4654	優しくする
卑怯	ヒキョウ	4655	卑怯
干渉	カンショウ	4656	干渉
スタッフ	スタッフ	4657	スタッフ
一階	イッカイ	4658	一階
冒険	ボウケン	4659	冒険
親指	オヤユビ	4660	親指
肘	ヒジ	4661	肘
立ち尽くす	タチツクス	4662	立ち尽くす
何事も	ナニゴトモ	4663	何事も
騒動	ソウドウ	4664	騒動
切り出す	キリダス	4665	切り出す
起動	キドウ	4666	起動
目当て	メアテ	4667	目当て
繊細	センサイ	4668	繊細
なめる	ナメル	4669	嘗める
パソコン	パソコン	4670	パソコン
衝突	ショウトツ	4671	衝突
誰だって	ダレダッテ	4672	誰だって
身を乗り出す	ミヲノリダス	4673	身を乗り出す
打ち明ける	ウチアケル	4674	打ち明ける
自己	ジコ	4675	自己
思惑	オモワク	4676	思惑
そうかもしれない	ソウカモシレナイ	4677	そうかもしれない
対峙	タイジ	4678	対峙
借金	シャッキン	4679	借金
遺体	イタイ	4680	遺体
紐	ヒモ	4681	紐
惹く	ヒク	4682	引く
同	ドウ	4683	同
手続き	テツヅキ	4684	手続き
すれ違う	スレチガウ	4685	擦れ違う
くすぐったい	クスグッタイ	4686	擽ったい
ほとんどない	ホトンドナイ	4687	ほとんどない
とっさに	トッサニ	4688	とっさに
こわい	コワイ	4689	こわい
上手くいく	ウマクイク	4690	上手くいく
お久しぶり	オヒサシブリ	4691	お久しぶり
さらす	サラス	4692	晒す
おばあちゃん	オバアチャン	4693	おばあちゃん
といわれる	トイワレル	4694	といわれる
噴き出す	フキダス	4695	吹き出す
手がかり	テガカリ	4696	手掛かり
心当たり	ココロアタリ	4697	心当たり
面倒くさい	メンドウクサイ	4698	面倒臭い
すばらしい	スバラシイ	4699	素晴らしい
いたい	イタイ	4700	いたい
高	タカ	4702	高
概念	ガイネン	4703	概念
に決まっている	ニキマッテイル	4704	に決まっている
日本語	ニホンゴ	4705	日本語
余	ヨ	4706	余
潤む	ウルム	4707	潤む
嘆く	ナゲク	4708	嘆く
力が抜ける	チカラガヌケル	4709	力が抜ける
幼い頃	オサナイコロ	4710	幼い頃
殺害	サツガイ	4711	殺害
招待	ショウタイ	4712	招待
決着	ケッチャク	4713	決着
放り込む	ホウリコム	4714	放り込む
振り上げる	フリアゲル	4715	振り上げる
黄色い	キイロイ	4716	黄色い
尾	オ	4717	尾
お姫様	オヒメサマ	4718	お姫様
ペン	ペン	4719	ペン
非	ヒ	4720	非
不安定	フアンテイ	4721	不安定
カップル	カップル	4722	カップル
快楽	カイラク	4723	快楽
受け継ぐ	ウケツグ	4724	受け継ぐ
撤退	テッタイ	4725	撤退
相性	アイショウ	4726	相性
遭う	アウ	4727	会う
一度だけ	イチドダケ	4728	一度だけ
最期	サイゴ	4729	最期
スーツ	スーツ	4730	スーツ
なくても	ナクテモ	4731	なくても
決定的	ケッテイテキ	4732	決定的
要請	ヨウセイ	4733	要請
配慮	ハイリョ	4734	配慮
員	イン	4735	員
義理	ギリ	4736	義理
理論	リロン	4737	理論
ぶる	ブル	4738	振る
まして	マシテ	4739	況して
物騒	ブッソウ	4740	物騒
連れ出す	ツレダス	4741	連れ出す
一晩	ヒトバン	4742	一晩
ぎこちない	ギコチナイ	4743	ぎこちない
鳴り響く	ナリヒビク	4744	鳴り響く
友情	ユウジョウ	4745	友情
ライバル	ライバル	4746	ライバル
緑色	ミドリイロ	4747	緑色
留守	ルス	4748	留守
二度目	ニドメ	4749	二度目
如く	ゴトク	4750	ごとし
さっと	サット	4751	さっと
見に来る	ミニクル	4752	見に来る
ＯＫ	オッケー	4753	OK
アドバイス	アドバイス	4754	アドバイス
冷蔵庫	レイゾウコ	4755	冷蔵庫
優勝	ユウショウ	4756	優勝
気遣い	キヅカイ	4757	気遣い
不要	フヨウ	4758	不要
青ざめる	アオザメル	4759	青褪める
章	ショウ	4760	章
現に	ゲンニ	4761	現に
凍る	コオル	4762	凍る
吹き飛ぶ	フキトブ	4763	吹き飛ぶ
気にしないで	キニシナイデ	4764	気にしないで
覚醒	カクセイ	4765	覚醒
サポート	サポート	4766	サポート
裂く	サク	4767	裂く
止む	ヤム	4768	止む
たった一人	タッタヒトリ	4769	たった一人
着ける	ツケル	4770	着ける
退く	シリゾク	4771	退く
本体	ホンタイ	4772	本体
地点	チテン	4773	地点
素振り	ソブリ	4774	素振り
きっぱり	キッパリ	4775	きっぱり
大騒ぎ	オオサワギ	4776	大騒ぎ
存じる	ゾンジル	4777	存ずる
初日	ショニチ	4778	初日
年頃	トシゴロ	4779	年頃
持って来る	モッテクル	4780	持って来る
独立	ドクリツ	4781	独立
効率	コウリツ	4782	効率
陽	ヒ	4783	陽
さる	サル	4785	然る
そこで	ソコデ	4786	そこで
弱々しい	ヨワヨワシイ	4787	弱々しい
やむ	ヤム	4788	止む
投げつける	ナゲツケル	4789	投げ付ける
絶対に	ゼッタイニ	4790	絶対に
死に	シニ	4791	死に
考えてみれば	カンガエテミレバ	4792	考えてみれば
いい感じ	イイカンジ	4793	いい感じ
まとう	マトウ	4794	纏う
あるだけ	アルダケ	4795	あるだけ
ケガ	ケガ	4796	怪我
ご迷惑	ゴメイワク	4797	ご迷惑
眉をひそめる	マユヲヒソメル	4798	眉をひそめる
こん	コン	4799	此れ
なんというか	ナントイウカ	4800	なんというか
物体	ブッタイ	4801	物体
差し上げる	サシアゲル	4802	差し上げる
交流	コウリュウ	4803	交流
仕込む	シコム	4804	仕込む
なぞる	ナゾル	4805	なぞる
収穫	シュウカク	4806	収穫
直撃	チョクゲキ	4807	直撃
各地	カクチ	4808	各地
拠点	キョテン	4809	拠点
四つ	ヨッツ	4810	四つ
アイドル	アイドル	4811	アイドル
急速	キュウソク	4812	急速
キッチン	キッチン	4813	キッチン
欲	ヨク	4814	欲
最低限	サイテイゲン	4815	最低限
へん	ヘン	4816	へん
久々	ヒサビサ	4817	久々
国内	コクナイ	4818	国内
樹	キ	4819	樹
無防備	ムボウビ	4820	無防備
兄妹	ケイマイ	4821	兄弟
浮気	ウワキ	4822	浮気
すっきり	スッキリ	4823	すっきり
眠り	ネムリ	4824	眠り
一行	イッコウ	4825	一行
放送	ホウソウ	4826	放送
花火	ハナビ	4827	花火
きゃあ	キャア	4828	きゃあ
金額	キンガク	4829	金額
天気	テンキ	4830	天気
浸る	ヒタル	4831	浸る
心地	ココチ	4832	心地
プール	プール	4833	プール
店主	テンシュ	4834	店主
無用	ムヨウ	4835	無用
らか	ラカ	4836	らか
情熱	ジョウネツ	4837	情熱
瞬時	シュンジ	4838	瞬時
歩み	アユミ	4839	歩み
洗濯	センタク	4840	洗濯
毎回	マイカイ	4841	毎回
ジュース	ジュース	4842	ジュース
道理	ドウリ	4843	道理
元に戻る	モトニモドル	4844	元に戻る
同級生	ドウキュウセイ	4845	同級生
相手をする	アイテヲスル	4846	相手をする
嫌がらせ	イヤガラセ	4847	嫌がらせ
うんざり	ウンザリ	4848	うんざり
結末	ケツマツ	4849	結末
一刻も早く	イッコクモハヤク	4850	一刻も早く
滞在	タイザイ	4851	滞在
ふらふら	フラフラ	4852	ふらふら
通過	ツウカ	4853	通過
落ち着ける	オチツケル	4854	落ち着ける
なんてこと	ナンテコト	4855	なんてこと
読み取る	ヨミトル	4856	読み取る
文	ブン	4857	文
であれ	デアレ	4858	であれ
紅	クレナイ	4859	紅
動機	ドウキ	4860	動機
一通り	ヒトトオリ	4861	一通り
末	スエ	4862	末
特有	トクユウ	4863	特有
演奏	エンソウ	4864	演奏
後を追う	アトヲオウ	4865	後を追う
誘拐	ユウカイ	4866	誘拐
放り出す	ホウリダス	4867	放り出す
順番	ジュンバン	4868	順番
イケメン	イケメン	4869	イケメン
無礼	ブレイ	4870	無礼
澄む	スム	4871	澄む
じゃう	ジャウ	4872	ちゃう
距離を取る	キョリヲトル	4873	距離を取る
何気ない	ナニゲナイ	4874	何気ない
信仰	シンコウ	4875	信仰
お土産	オミヤゲ	4876	お土産
発射	ハッシャ	4877	発射
小娘	コムスメ	4878	小娘
そうすると	ソウスルト	4879	そうすると
上半身	ジョウハンシン	4880	上半身
荒れる	アレル	4881	荒れる
リアル	リアル	4882	リアル
滅びる	ホロビル	4883	滅びる
行方不明	ユクエフメイ	4884	行方不明
いくつ	イクツ	4885	幾つ
仕組み	シクミ	4886	仕組み
だれ	ダレ	4887	誰
ハッキリ	ハッキリ	4888	はっきり
３日	ミッカ	4889	３日
どっちも	ドッチモ	4890	どっちも
向かい合う	ムカイアウ	4891	向かい合う
２人とも	フタリトモ	4892	２人とも
なおさら	ナオサラ	4893	尚更
ついていく	ツイテイク	4894	ついていく
しかたない	シカタナイ	4895	仕方無い
目をやる	メヲヤル	4896	目をやる
あわてる	アワテル	4897	慌てる
かといって	カトイッテ	4898	かといって
良く	ヨク	4899	良い
後ろ姿	ウシロスガタ	4900	後ろ姿
弾	ダン	4901	弾
位	イ	4902	位
愛しい	イトシイ	4903	愛しい
リボン	リボン	4904	リボン
片隅	カタスミ	4905	片隅
大規模	ダイキボ	4906	大規模
コントロール	コントロール	4907	コントロール
館	ヤカタ	4908	館
巨人	キョジン	4909	巨人
よしよし	ヨシヨシ	4910	よしよし
この際	コノサイ	4911	この際
映す	ウツス	4912	映す
ものとする	モノトスル	4913	ものとする
悲劇	ヒゲキ	4914	悲劇
見学	ケンガク	4915	見学
整備	セイビ	4916	整備
痛	ツウ	4917	痛い
箇所	カショ	4918	箇所
席を立つ	セキヲタツ	4919	席を立つ
アパート	アパート	4920	アパート
文字通り	モジドオリ	4921	文字通り
全滅	ゼンメツ	4922	全滅
不愉快	フユカイ	4923	不愉快
鈴	スズ	4924	鈴
小僧	コゾウ	4925	小僧
取材	シュザイ	4926	取材
余る	アマル	4927	余る
乾杯	カンパイ	4928	乾杯
太る	フトル	4929	太る
または	マタハ	4930	または
ありゃ	アリャ	4931	彼れ
知恵	チエ	4932	知恵
習慣	シュウカン	4933	習慣
溺れる	オボレル	4934	溺れる
耳を傾ける	ミミヲカタムケル	4935	耳を傾ける
ピンク	ピンク	4936	ピンク
次回	ジカイ	4937	次回
弾む	ハズム	4938	弾む
長い間	ナガイアイダ	4939	長い間
パワー	パワー	4940	パワー
申し訳ございません	モウシワケゴザイマセン	4941	申し訳ございません
観客	カンキャク	4942	観客
一員	イチイン	4943	一員
引き起こす	ヒキオコス	4944	引き起こす
割と	ワリト	4945	割と
阻止	ソシ	4946	阻止
圧倒	アットウ	4947	圧倒
真相	シンソウ	4948	真相
一家	イッカ	4949	一家
ビール	ビール	4950	ビール
外国	ガイコク	4951	外国
情	ジョウ	4952	情
一礼	イチレイ	4953	一礼
面々	メンメン	4954	面々
企画	キカク	4955	企画
何しろ	ナニシロ	4956	何しろ
諸君	ショクン	4957	諸君
来週	ライシュウ	4958	来週
やり直す	ヤリナオス	4959	遣り直す
お部屋	オヘヤ	4960	お部屋
お呼び	オヨビ	4961	お呼び
華やか	ハナヤカ	4962	華やか
企業	キギョウ	4963	企業
さえあれば	サエアレバ	4964	さえあれば
腹が立つ	ハラガタツ	4965	腹が立つ
手入れ	テイレ	4966	手入れ
遊びに来る	アソビニクル	4967	遊びに来る
さようなら	サヨウナラ	4968	さようなら
お祝い	オイワイ	4969	御祝い
極端	キョクタン	4970	極端
一緒になる	イッショニナル	4971	一緒になる
本に	ホンニ	4972	本に
呼び止める	ヨビトメル	4973	呼び止める
急激	キュウゲキ	4974	急激
何百	ナンビャク	4975	何百
下半身	カハンシン	4976	下半身
うるせえ	ウルセエ	4977	煩い
左腕	サワン	4978	左腕
かなー	カナー	4979	かなー
すう	スウ	4980	すう
いくらなんでも	イクラナンデモ	4981	いくらなんでも
ろくに	ロクニ	4982	碌に
あな	アナ	4983	穴
時間をかける	ジカンヲカケル	4984	時間をかける
かばう	カバウ	4985	庇う
ためらう	タメラウ	4986	躊躇う
もしかすると	モシカスルト	4987	もしかすると
こないだ	コナイダ	4988	此の間
いかなる	イカナル	4989	如何なる
打ち込む	ウチコム	4990	打ち込む
バカにする	バカニスル	4991	バカにする
キツい	キツイ	4992	きつい
ヶ月	カゲツ	4993	箇月
どのくらい	ドノクライ	4994	どのくらい
ところが	トコロガ	4995	ところが
いささか	イササカ	4996	些か
えーっと	エーット	4997	えーと
いやー	イヤー	4998	いや
ほれ	ホレ	4999	ほれ
こんなふうに	コンナフウニ	5000	こんなふうに
開ける	ヒラケル	5001	開ける
十数	ジュウスウ	5002	十数
強制	キョウセイ	5003	強制
立ち向かう	タチムカウ	5004	立ち向かう
機関	キカン	5005	機関
上等	ジョウトウ	5006	上等
迫力	ハクリョク	5007	迫力
箸	ハシ	5008	箸
託する	タクスル	5009	託する
身構える	ミガマエル	5010	身構える
黙り込む	ダマリコム	5011	黙り込む
開催	カイサイ	5012	開催
物事	モノゴト	5013	物事
に従い	ニシタガイ	5014	に従い
製	セイ	5015	製
渦	ウズ	5016	渦
気にするな	キニスルナ	5017	気にするな
留める	トメル	5018	留める
馴染む	ナジム	5019	馴染む
突如	トツジョ	5020	突如
駆け抜ける	カケヌケル	5021	駆け抜ける
束	タバ	5022	束
両者	リョウシャ	5023	両者
営業	エイギョウ	5024	営業
口を挟む	クチヲハサム	5025	口を挟む
何だって	ナンダッテ	5026	何だって
尋常	ジンジョウ	5027	尋常
どうにかなる	ドウニカナル	5028	どうにかなる
脳内	ノウナイ	5029	脳内
くるり	クルリ	5030	くるり
絶句	ゼック	5031	絶句
辺	ヘン	5032	辺
痙攣	ケイレン	5033	痙攣
神聖	シンセイ	5034	神聖
採用	サイヨウ	5035	採用
些細	ササイ	5036	些細
とは限らない	トハカギラナイ	5037	とは限らない
考慮	コウリョ	5038	考慮
駆る	カル	5039	駆る
赤ん坊	アカンボウ	5040	赤ん坊
本質	ホンシツ	5041	本質
オーラ	オーラ	5042	オーラ
そういうことか	ソウイウコトカ	5043	そういうことか
憎しみ	ニクシミ	5044	憎しみ
誘惑	ユウワク	5045	誘惑
がっかり	ガッカリ	5046	がっかり
体格	タイカク	5047	体格
州	シュウ	5048	州
一瞥	イチベツ	5049	一瞥
露骨	ロコツ	5050	露骨
生地	キジ	5051	生地
擦る	スル	5052	擦る
人材	ジンザイ	5053	人材
運営	ウンエイ	5054	運営
何事か	ナニゴトカ	5055	何事か
出来	デキ	5056	出来
着物	キモノ	5057	着物
作り上げる	ツクリアゲル	5058	作り上げる
歪める	ユガメル	5059	歪める
再	サイ	5060	再
結果的	ケッカテキ	5061	結果的
獲得	カクトク	5062	獲得
上回る	ウワマワル	5063	上回る
突進	トッシン	5064	突進
資金	シキン	5065	資金
降ろす	オロス	5066	下ろす
猿	サル	5067	猿
チャイム	チャイム	5068	チャイム
称する	ショウスル	5069	称する
爽やか	サワヤカ	5070	爽やか
崖	ガケ	5071	崖
正気	ショウキ	5072	正気
くむ	クム	5073	くむ
くすぐる	クスグル	5074	擽る
癒す	イヤス	5075	癒す
生まれ	ウマレ	5076	生まれ
へー	ヘー	5077	へえ
見出す	ミイダス	5078	見出す
つき	ツキ	5079	つき
わざとらしい	ワザトラシイ	5080	わざとらしい
ってね	ッテネ	5081	ってね
だます	ダマス	5082	だます
ましてや	マシテヤ	5083	ましてや
ぞう	ゾウ	5084	ぞ
仕掛け	シカケ	5085	仕掛け
割に	ワリニ	5086	割に
受付	ウケツケ	5087	受け付け
のる	ノル	5088	乗る
膝をつく	ヒザヲツク	5089	膝をつく
こと自体	コトジタイ	5090	こと自体
からといって	カラトイッテ	5091	からといって
しる	シル	5092	汁
当然のこと	トウゼンノコト	5093	当然のこと
ていい	テイイ	5094	ていい
一つ一つ	ヒトツヒトツ	5095	一つ一つ
もむ	モム	5096	揉む
あわせる	アワセル	5097	合わせる
引きつる	ヒキツル	5098	引き攣る
そん	ソン	5099	其れ
しき	シキ	5100	式
印	シルシ	5101	印
センス	センス	5102	センス
耳に入る	ミミニハイル	5103	耳に入る
案の定	アンノジョウ	5104	案の定
悪化	アッカ	5105	悪化
数時間	スウジカン	5106	数時間
繰り広げる	クリヒロゲル	5107	繰り広げる
気軽	キガル	5108	気軽
目を輝かす	メヲカガヤカス	5109	目を輝かす
過程	カテイ	5110	過程
泣き出す	ナキダス	5111	泣き出す
前髪	マエガミ	5112	前髪
重み	オモミ	5113	重み
出してくれる	ダシテクレル	5114	出してくれる
武装	ブソウ	5115	武装
ほらほら	ホラホラ	5116	ほらほら
ニヤニヤ	ニヤニヤ	5117	にやにや
一層	イッソウ	5118	一層
恥	ハジ	5119	恥
肩を落とす	カタヲオトス	5120	肩を落とす
たげる	タゲル	5121	たげる
よくする	ヨクスル	5122	よくする
語	ゴ	5123	語
泉	イズミ	5124	泉
深める	フカメル	5125	深める
通	ツウ	5126	通
宗教	シュウキョウ	5127	宗教
指示を出す	シジヲダス	5128	指示を出す
モード	モード	5129	モード
路地	ロジ	5130	路地
未知	ミチ	5131	未知
副	フク	5132	副
憎悪	ゾウオ	5133	憎悪
傷口	キズグチ	5134	傷口
力を貸す	チカラヲカス	5135	力を貸す
この場合	コノバアイ	5136	この場合
思想	シソウ	5137	思想
遊びに行く	アソビニイク	5138	遊びに行く
ストレス	ストレス	5139	ストレス
こういった	コウイッタ	5140	こういった
手加減	テカゲン	5141	手加減
勤める	ツトメル	5142	勤める
我ながら	ワレナガラ	5143	我ながら
前向き	マエムキ	5144	前向き
沈める	シズメル	5145	沈める
抗う	アラガウ	5146	抗う
幕	マク	5147	幕
比較	ヒカク	5148	比較
揺さぶる	ユサブル	5149	揺さぶる
傾ける	カタムケル	5150	傾ける
広大	コウダイ	5151	広大
無謀	ムボウ	5152	無謀
偽物	ニセモノ	5153	偽物
顔を見せる	カオヲミセル	5154	顔を見せる
痕跡	コンセキ	5155	痕跡
殺意	サツイ	5156	殺意
一段	イチダン	5157	一段
賑やか	ニギヤカ	5158	賑やか
ベル	ベル	5159	ベル
咳払い	セキバライ	5160	咳払い
青白い	アオジロイ	5161	青白い
代物	シロモノ	5162	代物
教科書	キョウカショ	5163	教科書
っぷり	ップリ	5164	振り
宝	タカラ	5165	宝
であるから	デアルカラ	5166	であるから
巣	ス	5167	巣
娘さん	ムスメサン	5168	娘さん
密着	ミッチャク	5169	密着
浮かれる	ウカレル	5170	浮かれる
破滅	ハメツ	5171	破滅
上品	ジョウヒン	5172	上品
赴く	オモムク	5173	赴く
転がす	コロガス	5174	転がす
ヒント	ヒント	5175	ヒント
果て	ハテ	5176	果て
察知	サッチ	5177	察知
跳ぶ	トブ	5178	飛ぶ
広まる	ヒロマル	5179	広まる
奥様	オクサマ	5180	奥様
懸念	ケネン	5181	懸念
中断	チュウダン	5182	中断
単位	タンイ	5183	単位
妨害	ボウガイ	5184	妨害
犯罪者	ハンザイシャ	5185	犯罪者
頼りない	タヨリナイ	5186	頼り無い
見返す	ミカエス	5187	見返す
砂糖	サトウ	5188	砂糖
にやり	ニヤリ	5189	にやり
べつに	ベツニ	5190	べつに
おのれ	オノレ	5191	己
興味ない	キョウミナイ	5192	興味ない
あらかじめ	アラカジメ	5193	予め
何という	ナントイウ	5194	何という
３つ	ミッツ	5195	３つ
おずおず	オズオズ	5196	おずおず
片づける	カタヅケル	5197	片付ける
ごはん	ゴハン	5198	御飯
きゃっ	キャッ	5199	きゃあ
さりげない	サリゲナイ	5200	さり気無い
月	ゲツ	5202	月
刹那	セツナ	5204	刹那
ついで	ツイデ	5205	序で
二百	ニヒャク	5206	200
手を貸す	テヲカス	5207	手を貸す
潜り込む	モグリコム	5208	潜り込む
手術	シュジュツ	5209	手術
持ち帰る	モチカエル	5210	持ち帰る
ものですから	モノデスカラ	5211	ものですから
生き延びる	イキノビル	5212	生き延びる
むく	ムク	5213	むく
早朝	ソウチョウ	5214	早朝
揺らぐ	ユラグ	5215	揺らぐ
バッグ	バッグ	5216	バッグ
対面	タイメン	5217	対面
症状	ショウジョウ	5218	症状
動画	ドウガ	5219	動画
毛布	モウフ	5220	毛布
どんだけ	ドンダケ	5221	どんだけ
散らばる	チラバル	5222	散らばる
市場	シジョウ	5223	市場
聞き出す	キキダス	5224	聞き出す
存分	ゾンブン	5225	存分
レース	レース	5226	レース
微塵	ミジン	5227	微塵
現	ゲン	5228	現
鼻を鳴らす	ハナヲナラス	5229	鼻を鳴らす
アニメ	アニメ	5230	アニメ
うっとり	ウットリ	5231	うっとり
基礎	キソ	5232	基礎
気を失う	キヲウシナウ	5233	気を失う
渦巻く	ウズマク	5234	渦巻く
週	シュウ	5235	週
共	トモ	5236	共
濡らす	ヌラス	5237	濡らす
芯	シン	5238	芯
離婚	リコン	5239	離婚
間抜け	マヌケ	5240	間抜け
番組	バングミ	5241	番組
膨大	ボウダイ	5242	膨大
聞き取る	キキトル	5243	聞き取る
訪問	ホウモン	5244	訪問
薄れる	ウスレル	5245	薄れる
コップ	コップ	5246	コップ
普段から	フダンカラ	5247	普段から
思い知る	オモイシル	5248	思い知る
誇らしい	ホコラシイ	5249	誇らしい
不自由	フジユウ	5250	不自由
数百	スウヒャク	5251	数百
飛び散る	トビチル	5252	飛び散る
物言い	モノイイ	5253	物言い
居間	イマ	5254	居間
殺気	サッキ	5255	殺気
不器用	ブキヨウ	5256	不器用
真	マ	5257	真
衣服	イフク	5258	衣服
翌朝	ヨクアサ	5259	翌朝
紳士	シンシ	5260	紳士
他国	タコク	5261	他国
駒	コマ	5262	駒
泥棒	ドロボウ	5263	泥棒
すかさず	スカサズ	5264	すかさず
着せる	キセル	5265	着せる
幹部	カンブ	5266	幹部
解説	カイセツ	5267	解説
彼方	カナタ	5268	彼方
突き刺す	ツキサス	5269	突き刺す
松	マツ	5270	松
頂点	チョウテン	5271	頂点
思い浮かぶ	オモイウカブ	5272	思い浮かぶ
美女	ビジョ	5273	美女
ぐったり	グッタリ	5274	ぐったり
港	ミナト	5275	港
食欲	ショクヨク	5276	食欲
圧力	アツリョク	5277	圧力
失望	シツボウ	5278	失望
瞬き	マバタキ	5279	瞬き
入手	ニュウシュ	5280	入手
寺	ジ	5281	寺
ぶつ	ブツ	5282	ぶつ
なんにも	ナンニモ	5283	なんにも
力ない	チカラナイ	5284	力無い
問いかけ	トイカケ	5285	問い掛け
こんばんは	コンバンハ	5286	今晩は
はめる	ハメル	5287	嵌める
やらかす	ヤラカス	5288	遣らかす
面持ち	オモモチ	5289	面持ち
わあっ	ワアッ	5290	わあ
さんざん	サンザン	5291	散々
はずない	ハズナイ	5292	はずない
落ち着き	オチツキ	5293	落ち着き
仲間たち	ナカマタチ	5294	仲間たち
生まれてくる	ウマレテクル	5295	生まれてくる
といえど	トイエド	5296	といえど
なにやら	ナニヤラ	5297	なにやら
ええっと	エエット	5298	ええっと
つか	ツカ	5299	つか
かざす	カザス	5300	かざす
本	モト	5301	本
類	タグイ	5303	類
枠	ワク	5304	枠
不在	フザイ	5305	不在
退治	タイジ	5306	退治
目を見る	メヲミル	5307	目を見る
以後	イゴ	5308	以後
飛行機	ヒコウキ	5309	飛行機
よっしゃ	ヨッシャ	5310	よっしゃ
サボる	サボル	5311	サボる
震え	フルエ	5312	震え
処刑	ショケイ	5313	処刑
愛らしい	アイラシイ	5314	愛らしい
血液	ケツエキ	5315	血液
送り込む	オクリコム	5316	送り込む
縦	タテ	5317	縦
科学	カガク	5318	科学
さよなら	サヨナラ	5319	さようなら
丸める	マルメル	5320	丸める
後退	コウタイ	5321	後退
戸惑い	トマドイ	5322	戸惑い
役に立てる	ヤクニタテル	5323	役に立てる
ホール	ホール	5324	ホール
関心	カンシン	5325	関心
防衛	ボウエイ	5326	防衛
タイトル	タイトル	5327	タイトル
アップ	アップ	5328	アップ
頼りになる	タヨリニナル	5329	頼りになる
双方	ソウホウ	5330	双方
夢見る	ユメミル	5331	夢見る
図る	ハカル	5332	図る
区	ク	5333	区
ゆったり	ユッタリ	5334	ゆったり
来たる	キタル	5335	来たる
その上で	ソノウエデ	5336	その上で
試練	シレン	5337	試練
ぐう	グウ	5338	ぐう
登校	トウコウ	5339	登校
マーク	マーク	5340	マーク
頂戴	チョウダイ	5341	頂戴
モテる	モテル	5342	もてる
保存	ホゾン	5343	保存
的確	テキカク	5344	的確
帰り道	カエリミチ	5345	帰り道
敵う	カナウ	5346	敵う
引き裂く	ヒキサク	5347	引き裂く
美貌	ビボウ	5348	美貌
給料	キュウリョウ	5349	給料
数分	スウフン	5350	数分
天国	テンゴク	5351	天国
心強い	ココロヅヨイ	5352	心強い
障害	ショウガイ	5353	障害
祝う	イワウ	5354	祝う
かと思えば	カトオモエバ	5355	かと思えば
有する	ユウスル	5356	有する
まあね	マアネ	5357	まあね
破片	ハヘン	5358	破片
連携	レンケイ	5359	連携
言われてみれば	イワレテミレバ	5360	言われてみれば
涙目	ナミダメ	5361	涙目
割り込む	ワリコム	5362	割り込む
エンジン	エンジン	5363	エンジン
ずれる	ズレル	5364	ずれる
大して	タイシテ	5365	大して
絶望的	ゼツボウテキ	5366	絶望的
吐き捨てる	ハキステル	5367	吐き捨てる
忠実	チュウジツ	5368	忠実
拳を握る	コブシヲニギル	5369	拳を握る
垂らす	タラス	5370	垂らす
全体に	ゼンタイニ	5371	全体に
消耗	ショウモウ	5372	消耗
申し訳なさそう	モウシワケナサソウ	5373	申し訳なさそう
予約	ヨヤク	5374	予約
欲する	ホッスル	5375	欲する
消え去る	キエサル	5376	消え去る
湯気	ユゲ	5377	湯気
湿る	シメル	5378	湿る
ぽかん	ポカン	5379	ぽかん
頻繁	ヒンパン	5380	頻繁
独自	ドクジ	5381	独自
ご褒美	ゴホウビ	5382	ご褒美
くう	クウ	5383	くう
祈り	イノリ	5384	祈り
引き継ぐ	ヒキツグ	5385	引き継ぐ
外側	ソトガワ	5386	外側
力が入る	チカラガハイル	5387	力が入る
思案	シアン	5388	思案
菓子	カシ	5389	菓子
かろうじて	カロウジテ	5390	辛うじて
くれぐれも	クレグレモ	5391	くれぐれも
驚くほど	オドロクホド	5392	驚くほど
おめでとうございます	オメデトウゴザイマス	5393	おめでとうございます
これまでに	コレマデニ	5394	これまでに
申し出	モウシデ	5395	申し出
それとも	ソレトモ	5396	それとも
もうひとつ	モウヒトツ	5397	もうひとつ
１	イチ	5398	1
のせる	ノセル	5399	乗せる
みるみる	ミルミル	5400	見る見る
道	ドウ	5401	道
両足	リョウアシ	5402	両足
担う	ニナウ	5403	担う
測る	ハカル	5404	測る
一室	イッシツ	5405	一室
一般人	イッパンジン	5406	一般人
直感	チョッカン	5407	直感
要は	ヨウハ	5408	要は
縄	ナワ	5409	縄
進路	シンロ	5410	進路
灰	ハイ	5411	灰
目を伏せる	メヲフセル	5412	目を伏せる
常	ツネ	5413	常
真顔	マガオ	5414	真顔
心得る	ココロエル	5415	心得る
豚	ブタ	5416	豚
ワイン	ワイン	5417	ワイン
コース	コース	5418	コース
強大	キョウダイ	5419	強大
身を包む	ミヲツツム	5420	身を包む
華	ハナ	5421	華
唾	ツバ	5422	唾
午前中	ゴゼンチュウ	5423	午前中
駅前	エキマエ	5424	駅前
修理	シュウリ	5425	修理
我が家	ワガヤ	5426	我が家
中国	チュウゴク	5427	中国
ヒーロー	ヒーロー	5428	ヒーロー
頭を振る	カブリヲフル	5429	頭を振る
気の毒	キノドク	5430	気の毒
正	セイ	5431	正
演出	エンシュツ	5432	演出
対立	タイリツ	5433	対立
またしても	マタシテモ	5434	またしても
輩	ヤカラ	5435	輩
喫茶店	キッサテン	5436	喫茶店
ささやか	ササヤカ	5437	細やか
区別	クベツ	5438	区別
世代	セダイ	5439	世代
じっと見る	ジットミル	5440	じっと見る
飾り	カザリ	5441	飾り
声が出る	コエガデル	5442	声が出る
好き勝手	スキカッテ	5443	好き勝手
連れて来る	ツレテクル	5444	連れて来る
他者	タシャ	5445	他者
封筒	フウトウ	5446	封筒
頑丈	ガンジョウ	5447	頑丈
メイン	メイン	5448	メイン
険しい	ケワシイ	5449	険しい
性能	セイノウ	5450	性能
作成	サクセイ	5451	作成
総	ソウ	5452	総
断つ	タツ	5453	断つ
何とかなる	ナントカナル	5454	何とかなる
次元	ジゲン	5455	次元
たった今	タッタイマ	5456	たった今
作家	サッカ	5457	作家
充実	ジュウジツ	5458	充実
一連	イチレン	5459	一連
財産	ザイサン	5460	財産
回答	カイトウ	5461	回答
改善	カイゼン	5462	改善
作	サク	5463	作
懇願	コンガン	5464	懇願
露出	ロシュツ	5465	露出
無造作	ムゾウサ	5466	無造作
溶かす	トカス	5467	溶かす
張り切る	ハリキル	5468	張り切る
即答	ソクトウ	5469	即答
阻む	ハバム	5470	阻む
裏腹	ウラハラ	5471	裏腹
苛立ち	イラダチ	5472	苛立ち
予算	ヨサン	5473	予算
佇む	タタズム	5474	佇む
追い払う	オイハラウ	5475	追い払う
お似合い	オニアイ	5476	お似合い
手袋	テブクロ	5477	手袋
小型	コガタ	5478	小型
主役	シュヤク	5479	主役
なんだかんだ	ナンダカンダ	5480	なんだかんだ
こめる	コメル	5481	込める
行き	イキ	5482	行く
当たり	アタリ	5483	当たり
ご機嫌	ゴキゲン	5484	御機嫌
からだ	カラダ	5485	体
すこし	スコシ	5486	少し
引っ越す	ヒッコス	5487	引っ越す
もがく	モガク	5488	踠く
カッコ	カッコ	5489	格好
お祭り	オマツリ	5490	御祭り
ふたつ	フタツ	5491	ふたつ
もって	モッテ	5492	もって
つまむ	ツマム	5493	摘む
さらう	サラウ	5494	さらう
見てもらう	ミテモラウ	5495	見てもらう
成り立つ	ナリタツ	5496	成り立つ
たかが	タカガ	5498	たかが
気合い	キアイ	5499	気合い
それなら	ソレナラ	5500	それなら
頭	トウ	5501	頭
子	シ	5502	子
島	トウ	5503	島
何だと	ナンダト	5504	何だと
図	ズ	5505	図
照明	ショウメイ	5506	照明
握手	アクシュ	5507	握手
敵対	テキタイ	5508	敵対
言葉を失う	コトバヲウシナウ	5509	言葉を失う
用がある	ヨウガアル	5510	用がある
企む	タクラム	5511	企む
頭痛	ズツウ	5512	頭痛
処置	ショチ	5513	処置
目を通す	メヲトオス	5514	目を通す
記念	キネン	5515	記念
物理的	ブツリテキ	5516	物理的
たり	タリ	5517	たり
明白	メイハク	5518	明白
反動	ハンドウ	5519	反動
やめておく	ヤメテオク	5520	やめておく
温める	アタタメル	5521	温める
詰め寄る	ツメヨル	5522	詰め寄る
院	イン	5523	院
平凡	ヘイボン	5524	平凡
平穏	ヘイオン	5525	平穏
中年	チュウネン	5526	中年
了承	リョウショウ	5527	了承
四方	シホウ	5528	四方
小さい頃	チイサイコロ	5529	小さい頃
私自身	ワタシジシン	5530	私自身
執着	シュウチャク	5531	執着
出来上がる	デキアガル	5532	出来上がる
装飾	ソウショク	5533	装飾
踵を返す	キビスヲカエス	5534	踵を返す
道中	ドウチュウ	5535	道中
身動き	ミウゴキ	5536	身動き
ぽん	ポン	5537	ぽん
練る	ネル	5538	練る
のち	ノチ	5539	後
通話	ツウワ	5540	通話
不穏	フオン	5541	不穏
目を離す	メヲハナス	5542	目を離す
一流	イチリュウ	5543	一流
拷問	ゴウモン	5544	拷問
歓喜	カンキ	5545	歓喜
聞き返す	キキカエス	5546	聞き返す
パートナー	パートナー	5547	パートナー
古代	コダイ	5548	古代
リスト	リスト	5549	リスト
青春	セイシュン	5550	青春
販売	ハンバイ	5551	販売
さする	サスル	5552	摩る
前進	ゼンシン	5553	前進
盛る	モル	5554	盛る
言語	ゲンゴ	5555	言語
羽織る	ハオル	5556	羽織る
逆転	ギャクテン	5557	逆転
初めから	ハジメカラ	5558	初めから
呼び方	ヨビカタ	5559	呼び方
どうしたら	ドウシタラ	5560	どうしたら
虎	トラ	5561	虎
切り捨てる	キリステル	5562	切り捨てる
に当たって	ニアタッテ	5563	に当たって
厳重	ゲンジュウ	5564	厳重
幸せにする	シアワセニスル	5565	幸せにする
埃	ホコリ	5566	埃
宿題	シュクダイ	5567	宿題
してみれば	シテミレバ	5568	してみれば
スーパー	スーパー	5569	スーパー
指名	シメイ	5570	指名
縫う	ヌウ	5571	縫う
属する	ゾクスル	5572	属する
刃物	ハモノ	5573	刃物
原	ハラ	5574	原
寿命	ジュミョウ	5575	寿命
まみれる	マミレル	5576	塗れる
これで	コレデ	5577	これで
にこやか	ニコヤカ	5578	にこやか
どこにもない	ドコニモナイ	5579	どこにもない
ささやく	ササヤク	5580	囁く
いっつも	イッツモ	5581	いっつも
１時間	イチジカン	5582	１時間
どうでもよい	ドウデモヨイ	5583	どうでもよい
吠える	ホエル	5584	吠える
および	オヨビ	5585	及び
フランス	フランス	5586	フランス
とめる	トメル	5587	とめる
にすぎない	ニスギナイ	5588	にすぎない
静かに	シズカニ	5589	静かに
ビックリ	ビックリ	5590	びっくり
引き続く	ヒキツヅク	5591	引き続く
ざわめき	ザワメキ	5592	騒めき
つつく	ツツク	5593	突く
有様	アリサマ	5594	有り様
折	オリ	5595	折
とてつもない	トテツモナイ	5596	とてつもない
らも	ラモ	5597	らも
うらやましい	ウラヤマシイ	5598	羨ましい
投げかける	ナゲカケル	5599	投げ掛ける
飛びつく	トビツク	5600	飛び付く
辛い	カライ	5601	辛い
交代	コウタイ	5603	交代
予想通り	ヨソウドオリ	5604	予想通り
手助け	テダスケ	5605	手助け
出	デ	5606	出
辿る	タドル	5607	辿る
構え	カマエ	5608	構え
調べ	シラベ	5609	調べ
鞭	ムチ	5610	鞭
舞い上がる	マイアガル	5611	舞い上がる
空っぽ	カラッポ	5612	空っぽ
十三	ジュウサン	5613	13
富	トミ	5614	富
黄色	キイロ	5615	黄色
包丁	ホウチョウ	5616	包丁
囚われる	トラワレル	5617	捕らわれる
甲高い	カンダカイ	5618	甲高い
ねえねえ	ネエネエ	5619	ねえねえ
粉	コナ	5620	粉
どうかと思う	ドウカトオモウ	5621	どうかと思う
猛烈	モウレツ	5622	猛烈
設備	セツビ	5623	設備
小刻み	コキザミ	5624	小刻み
だに	ダニ	5625	だに
感嘆	カンタン	5626	感嘆
呑む	ノム	5627	飲む
痺れる	シビレル	5628	痺れる
強いる	シイル	5629	強いる
物質	ブッシツ	5630	物質
後頭部	コウトウブ	5631	後頭部
シャワー	シャワー	5632	シャワー
待ち合わせ	マチアワセ	5633	待ち合わせ
法律	ホウリツ	5634	法律
重	ジュウ	5635	重
吹き出す	フキダス	5636	吹き出す
提示	テイジ	5637	提示
社員	シャイン	5638	社員
だらしない	ダラシナイ	5639	だらし無い
明後日	アサッテ	5640	明後日
ぱっと	パット	5641	ぱっと
送り出す	オクリダス	5642	送り出す
十六	ジュウロク	5643	16
曰く	イワク	5644	曰く
前日	ゼンジツ	5645	前日
何日	ナンニチ	5646	何日
宝物	タカラモノ	5647	宝物
救出	キュウシュツ	5648	救出
芸術	ゲイジュツ	5649	芸術
職場	ショクバ	5650	職場
衣	コロモ	5651	衣
住所	ジュウショ	5652	住所
過剰	カジョウ	5653	過剰
汚れ	ヨゴレ	5654	汚れ
日頃	ヒゴロ	5655	日頃
すっ	スッ	5656	すっ
球	キュウ	5657	玉
手を打つ	テヲウツ	5658	手を打つ
本棚	ホンダナ	5659	本棚
現実的	ゲンジツテキ	5660	現実的
形成	ケイセイ	5661	形成
自力	ジリキ	5662	自力
側から	ソバカラ	5663	側から
例え	タトエ	5664	例え
ひっそり	ヒッソリ	5665	ひっそり
さえすれば	サエスレバ	5666	さえすれば
倒れ込む	タオレコム	5667	倒れ込む
重力	ジュウリョク	5668	重力
空を飛ぶ	ソラヲトブ	5669	空を飛ぶ
浴びせる	アビセル	5670	浴びせる
くらいなら	クライナラ	5671	くらいなら
軌道	キドウ	5672	軌道
国境	コッキョウ	5673	国境
ついさっき	ツイサッキ	5674	ついさっき
一直線	イッチョクセン	5675	一直線
権限	ケンゲン	5676	権限
募る	ツノル	5677	募る
くるくる	クルクル	5678	くるくる
言うまでもない	イウマデモナイ	5679	言うまでもない
はやい	ハヤイ	5680	はやい
真っ黒	マックロ	5681	真っ黒
いってくる	イッテクル	5682	いってくる
ニコニコ	ニコニコ	5683	にこにこ
ご一緒	ゴイッショ	5684	ご一緒
このくらい	コノクライ	5685	このくらい
ノリ	ノリ	5686	のり
賭け	カケ	5687	賭け
１週間	イッシュウカン	5688	１週間
たいした	タイシタ	5689	大した
はじめまして	ハジメマシテ	5690	はじめまして
語りかける	カタリカケル	5691	語り掛ける
ご両親	ゴリョウシン	5692	ご両親
あらあら	アラアラ	5693	粗々
そらす	ソラス	5694	そらす
ごらん	ゴラン	5695	御覧
おそらくは	オソラクハ	5696	おそらくは
ける	ケル	5697	けり
思い当たる	オモイアタル	5698	思い当たる
わが	ワガ	5699	我が
みっともない	ミットモナイ	5700	みっともない
徹底	テッテイ	5701	徹底
陰に	インニ	5702	陰に
宮	ミヤ	5703	宮
致命的	チメイテキ	5704	致命的
修復	シュウフク	5705	修復
稽古	ケイコ	5706	稽古
誤る	アヤマル	5707	誤る
流れ込む	ナガレコム	5708	流れ込む
側面	ソクメン	5709	側面
寝かせる	ネカセル	5710	寝かせる
一緒にする	イッショニスル	5711	一緒にする
ムカつく	ムカツク	5712	むかつく
見極める	ミキワメル	5713	見極める
仰向け	アオムケ	5714	仰向け
不敵	フテキ	5715	不敵
修正	シュウセイ	5716	修正
恋をする	コイヲスル	5717	恋をする
棟	ムネ	5718	棟
見物	ケンブツ	5719	見物
紛れる	マギレル	5720	紛れる
主義	シュギ	5721	主義
ゴール	ゴール	5722	ゴール
よくよく	ヨクヨク	5723	良く良く
日曜日	ニチヨウビ	5724	日曜日
もどかしい	モドカシイ	5725	もどかしい
食器	ショッキ	5726	食器
切	セツ	5727	切
未熟	ミジュク	5728	未熟
保管	ホカン	5729	保管
大通り	オオドオリ	5730	大通り
手作り	テヅクリ	5731	手作り
恐縮	キョウシュク	5732	恐縮
作用	サヨウ	5733	作用
と比べて	トクラベテ	5734	と比べて
禁じる	キンジル	5735	禁じる
引退	インタイ	5736	引退
知らせ	シラセ	5737	知らせ
根性	コンジョウ	5738	根性
枯れる	カレル	5739	枯れる
重たい	オモタイ	5740	重たい
一向に	イッコウニ	5741	一向に
高価	コウカ	5742	高価
付け加える	ツケクワエル	5743	付け加える
愚痴	グチ	5744	愚痴
ずらす	ズラス	5745	ずらす
遠ざける	トオザケル	5746	遠ざける
切断	セツダン	5747	切断
統一	トウイツ	5748	統一
標的	ヒョウテキ	5749	標的
大切な人	タイセツナヒト	5750	大切な人
この方	コノカタ	5751	この方
妊娠	ニンシン	5752	妊娠
流行	リュウコウ	5753	流行
初めまして	ハジメマシテ	5754	初めまして
傲慢	ゴウマン	5755	傲慢
臨む	ノゾム	5756	臨む
六十	ロクジュウ	5757	60
成す	ナス	5758	成す
制止	セイシ	5759	制止
行	コウ	5760	行
宿す	ヤドス	5761	宿す
域	イキ	5762	域
にこにこ	ニコニコ	5763	にこにこ
ならともかく	ナラトモカク	5764	ならともかく
言い分	イイブン	5765	言い分
ざっと	ザット	5766	ざっと
家事	カジ	5767	家事
ミルク	ミルク	5768	ミルク
拗ねる	スネル	5769	拗ねる
ぶつぶつ	ブツブツ	5770	ぶつぶつ
家具	カグ	5771	家具
降り立つ	オリタツ	5772	下り立つ
冷静になる	レイセイニナル	5773	冷静になる
恩	オン	5774	恩
視点	シテン	5775	視点
鐘	カネ	5776	鐘
空ける	アケル	5777	空ける
誰にでも	ダレニデモ	5778	誰にでも
他人事	ヒトゴト	5779	他人事
代償	ダイショウ	5780	代償
復帰	フッキ	5781	復帰
豊富	ホウフ	5782	豊富
麻痺	マヒ	5783	麻痺
に応じて	ニオウジテ	5784	に応じて
なおも	ナオモ	5785	なおも
組み合わせ	クミアワセ	5786	組み合わせ
ありそう	アリソウ	5787	ありそう
わりと	ワリト	5788	割と
おしゃべり	オシャベリ	5789	お喋り
うずくまる	ウズクマル	5790	蹲る
ご苦労	ゴクロウ	5791	御苦労
冷や汗	ヒヤアセ	5792	冷や汗
どうにもならない	ドウニモナラナイ	5793	どうにもならない
すぐにでも	スグニデモ	5794	すぐにでも
われわれ	ワレワレ	5795	我々
ところでは	トコロデハ	5796	ところでは
向かい	ムカイ	5797	向かい
おかえりなさい	オカエリナサイ	5798	おかえりなさい
控えめ	ヒカエメ	5799	控えめ
ぎりぎり	ギリギリ	5800	ぎりぎり
教え	オシエ	5801	教え
上機嫌	ジョウキゲン	5802	上機嫌
志	ココロザシ	5803	志
今月	コンゲツ	5804	今月
ニヤリ	ニヤリ	5805	にやり
可憐	カレン	5806	可憐
逃走	トウソウ	5807	逃走
自分の力	ジブンノチカラ	5808	自分の力
そりゃそうだ	ソリャソウダ	5809	そりゃそうだ
老	ロウ	5810	老い
もとへ	モトヘ	5811	もとへ
溜める	タメル	5812	溜める
愕然	ガクゼン	5813	愕然
掻く	カク	5814	掻く
多	タ	5815	多
密か	ヒソカ	5816	密か
事業	ジギョウ	5817	事業
惜しむ	オシム	5818	惜しむ
果物	クダモノ	5819	果物
に備えて	ニソナエテ	5820	に備えて
申し出る	モウシデル	5821	申し出る
飲み干す	ノミホス	5822	飲み干す
実戦	ジッセン	5823	実戦
偽	ニセ	5824	偽
見下す	ミクダス	5825	見下す
異性	イセイ	5826	異性
知らす	シラス	5827	知らす
偽り	イツワリ	5828	偽り
ぐるりと	グルリト	5829	ぐるりと
パニック	パニック	5830	パニック
とんだ	トンダ	5831	とんだ
ストレート	ストレート	5832	ストレート
音声	オンセイ	5833	音声
よく見ると	ヨクミルト	5834	よく見ると
思い切り	オモイキリ	5835	思い切り
振り切る	フリキル	5836	振り切る
写る	ウツル	5837	写る
反発	ハンパツ	5838	反発
学	ガク	5839	学
学年	ガクネン	5840	学年
堪能	タンノウ	5841	堪能
からすると	カラスルト	5842	からすると
生まれ変わる	ウマレカワル	5843	生まれ変わる
堂	ドウ	5844	堂
神妙	シンミョウ	5845	神妙
ドラマ	ドラマ	5846	ドラマ
所有	ショユウ	5847	所有
取り返す	トリカエス	5848	取り返す
紡ぐ	ツムグ	5849	紡ぐ
一冊	イッサツ	5850	一冊
商店街	ショウテンガイ	5851	商店街
裏側	ウラガワ	5852	裏側
率	リツ	5853	率
書物	ショモツ	5854	書物
引き離す	ヒキハナス	5855	引き離す
詰め込む	ツメコム	5856	詰め込む
ビビる	ビビル	5857	びびる
怪しむ	アヤシム	5858	怪しむ
形式	ケイシキ	5859	形式
出向く	デムク	5860	出向く
日記	ニッキ	5861	日記
狂気	キョウキ	5862	狂気
往復	オウフク	5863	往復
世紀	セイキ	5864	世紀
シーツ	シーツ	5865	シーツ
目の当たり	マノアタリ	5866	目の当たり
積み上げる	ツミアゲル	5867	積み上げる
微笑ましい	ホホエマシイ	5868	微笑ましい
兼	ケン	5869	兼
従業員	ジュウギョウイン	5870	従業員
未練	ミレン	5871	未練
計る	ハカル	5872	測る
正常	セイジョウ	5873	正常
真正面	マショウメン	5874	真正面
陽気	ヨウキ	5875	陽気
栄養	エイヨウ	5876	栄養
意識を失う	イシキヲウシナウ	5877	意識を失う
予備	ヨビ	5878	予備
解き放つ	トキハナツ	5879	解き放つ
絞り出す	シボリダス	5880	絞り出す
不意打ち	フイウチ	5881	不意打ち
根本的	コンポンテキ	5882	根本的
地区	チク	5883	地区
はまる	ハマル	5884	嵌まる
いまいち	イマイチ	5885	今一
それはない	ソレハナイ	5886	それはない
手つき	テツキ	5887	手付き
ぴたり	ピタリ	5888	ぴたり
お見舞い	オミマイ	5889	御見舞い
しみじみ	シミジミ	5890	染み染み
腰かける	コシカケル	5891	腰掛ける
このあたり	コノアタリ	5892	このあたり
のぼる	ノボル	5893	のぼる
ともあれ	トモアレ	5894	ともあれ
いたる	イタル	5895	至る
見つけ出す	ミツケダス	5896	見つけ出す
それと	ソレト	5897	それと
笑いかける	ワライカケル	5898	笑い掛ける
じゃなきゃ	ジャナキャ	5899	じゃなきゃ
始め	ハジメ	5900	始める
所	ショ	5901	所
小	コ	5902	小
館	カン	5903	館
説得力	セットクリョク	5904	説得力
境	サカイ	5905	境
保護者	ホゴシャ	5906	保護者
杯	ハイ	5907	杯
この野郎	コノヤロウ	5908	この野郎
犯行	ハンコウ	5909	犯行
不良	フリョウ	5910	不良
回数	カイスウ	5911	回数
足を運ぶ	アシヲハコブ	5912	足を運ぶ
仲直り	ナカナオリ	5913	仲直り
通報	ツウホウ	5914	通報
ややこしい	ヤヤコシイ	5915	ややこしい
拾い上げる	ヒロイアゲル	5916	拾い上げる
格	カク	5917	格
工夫	クフウ	5918	工夫
驚かす	オドロカス	5919	驚かす
訂正	テイセイ	5920	訂正
納める	オサメル	5921	納める
生き返る	イキカエル	5922	生き返る
お楽しみ	オタノシミ	5923	お楽しみ
屈辱	クツジョク	5924	屈辱
一筋	ヒトスジ	5925	一筋
通り抜ける	トオリヌケル	5926	通り抜ける
後者	コウシャ	5927	後者
映し出す	ウツシダス	5928	映し出す
その気になる	ソノキニナル	5929	その気になる
大嫌い	ダイキライ	5930	大嫌い
触れ合う	フレアウ	5931	触れ合う
担ぐ	カツグ	5932	担ぐ
順番に	ジュンバンニ	5933	順番に
適切	テキセツ	5934	適切
延々	エンエン	5935	延々
軍隊	グンタイ	5936	軍隊
火事	カジ	5937	火事
追及	ツイキュウ	5938	追及
取り残す	トリノコス	5939	取り残す
却下	キャッカ	5940	却下
ふふん	フフン	5941	ふふん
素	ス	5942	素
立て直す	タテナオス	5943	立て直す
末に	スエニ	5944	末に
解体	カイタイ	5945	解体
別々	ベツベツ	5946	別々
断ち切る	タチキル	5947	断ち切る
実在	ジツザイ	5948	実在
試しに	タメシニ	5949	試しに
知	チ	5950	知
批判	ヒハン	5951	批判
スプーン	スプーン	5952	スプーン
意を決する	イヲケッスル	5953	意を決する
籠	カゴ	5954	籠
最大限	サイダイゲン	5955	最大限
張り付く	ハリツク	5956	張り付く
恥じる	ハジル	5957	恥じる
三回	サンカイ	5958	三回
埋め尽くす	ウメツクス	5959	埋め尽くす
堅い	カタイ	5960	固い
真意	シンイ	5961	真意
引っ込む	ヒッコム	5962	引っ込む
守り	マモリ	5963	守り
愛おしい	イトオシイ	5964	愛おしい
強制的	キョウセイテキ	5965	強制的
古	イニシエ	5966	古い
ついつい	ツイツイ	5967	ついつい
内臓	ナイゾウ	5968	内臓
今となっては	イマトナッテハ	5969	今となっては
面会	メンカイ	5970	面会
極める	キワメル	5971	極める
免れる	マヌガレル	5972	免れる
幻想	ゲンソウ	5973	幻想
息苦しい	イキグルシイ	5974	息苦しい
第四	ダイヨン	5975	第四
時間が経つ	ジカンガタツ	5976	時間が経つ
アイデア	アイデア	5977	アイデア
冷やす	ヒヤス	5978	冷やす
お家	オウチ	5979	お家
お目にかかる	オメニカカル	5980	お目にかかる
ってか	ッテカ	5981	ってか
２回	ニカイ	5982	２回
アリ	アリ	5983	アリ
あらためて	アラタメテ	5984	改めて
パッと	パット	5985	パッと
せえ	セエ	5986	さえ
おくる	オクル	5987	おくる
いいわけ	イイワケ	5988	言い訳
それなのに	ソレナノニ	5989	それなのに
わたる	ワタル	5990	わたる
まもない	マモナイ	5991	まもない
都合のいい	ツゴウノイイ	5992	都合のいい
ぶん	ブン	5993	分
やっていく	ヤッテイク	5994	やっていく
気まぐれ	キマグレ	5995	気紛れ
きっかけに	キッカケニ	5996	きっかけに
お守り	オマモリ	5997	御守り
出て来る	デテクル	5998	出て来る
みえる	ミエル	5999	見える
ド	ド	6000	ド
二週間	ニシュウカン	6001	二週間
青空	アオゾラ	6002	青空
天然	テンネン	6003	天然
飛び上がる	トビアガル	6004	飛び上がる
オッケー	オッケー	6005	オーケー
甘やかす	アマヤカス	6006	甘やかす
絡める	カラメル	6007	絡める
越す	コス	6008	越す
後日	ゴジツ	6009	後日
婦人	フジン	6010	婦人
吉	キチ	6011	吉
当人	トウニン	6012	当人
信念	シンネン	6013	信念
待ち構える	マチカマエル	6014	待ち構える
抱き寄せる	ダキヨセル	6015	抱き寄せる
万全	バンゼン	6016	万全
境遇	キョウグウ	6017	境遇
業務	ギョウム	6018	業務
面倒を見る	メンドウヲミル	6019	面倒を見る
ほっとく	ホットク	6020	ほっとく
押し倒す	オシタオス	6021	押し倒す
黙々	モクモク	6022	黙々
一目	ヒトメ	6023	一目
改造	カイゾウ	6024	改造
押さえつける	オサエツケル	6025	押さえ付ける
手遅れ	テオクレ	6026	手遅れ
講義	コウギ	6027	講義
どうだい	ドウダイ	6028	どうだい
放り投げる	ホウリナゲル	6029	放り投げる
土下座	ドゲザ	6030	土下座
そら	ソラ	6031	其れ
好きなだけ	スキナダケ	6032	好きなだけ
牛乳	ギュウニュウ	6033	牛乳
華奢	キャシャ	6034	華奢
不吉	フキツ	6035	不吉
運転手	ウンテンシュ	6036	運転手
ラッキー	ラッキー	6037	ラッキー
真っ青	マッサオ	6038	真っ青
三百	サンビャク	6039	三百
そうですが	ソウデスガ	6040	そうですが
風情	フゼイ	6041	風情
官	カン	6042	官
詩	シ	6043	詩
振り絞る	フリシボル	6044	振り絞る
背の高い	セノタカイ	6045	背の高い
紫色	ムラサキイロ	6046	紫色
立ち直る	タチナオル	6047	立ち直る
フォーク	フォーク	6048	フォーク
継続	ケイゾク	6049	継続
沼	ヌマ	6050	沼
京都	キョウト	6051	京都
一分	イチブ	6052	一分
所へ	トコロヘ	6053	所へ
レストラン	レストラン	6054	レストラン
功績	コウセキ	6055	功績
ざま	ザマ	6056	様
会釈	エシャク	6057	会釈
するべき	スルベキ	6058	するべき
活用	カツヨウ	6059	活用
あったかい	アッタカイ	6060	あたたかい
劇	ゲキ	6061	劇
一夜	イチヤ	6062	一夜
目元	メモト	6063	目元
受験	ジュケン	6064	受験
足場	アシバ	6065	足場
誠実	セイジツ	6066	誠実
文明	ブンメイ	6067	文明
合間	アイマ	6068	合間
根元	ネモト	6069	根元
目前	モクゼン	6070	目前
静まり返る	シズマリカエル	6071	静まり返る
暴く	アバク	6072	暴く
旗	ハタ	6073	旗
仲良し	ナカヨシ	6074	仲良し
滝	タキ	6075	滝
画像	ガゾウ	6076	画像
銀行	ギンコウ	6077	銀行
おす	オス	6078	おす
すがる	スガル	6079	縋る
２	ニ	6080	2
あいにく	アイニク	6081	生憎
気にかける	キニカケル	6082	気にかける
か月	カゲツ	6083	箇月
まだしも	マダシモ	6084	まだしも
よくやった	ヨクヤッタ	6085	よくやった
はじまる	ハジマル	6086	始まる
ごろ	ゴロ	6087	頃
ふり	フリ	6088	振り
イライラ	イライラ	6089	苛々
何度も	ナンドモ	6090	何度も
しきりに	シキリニ	6091	しきりに
いつのまにか	イツノマニカ	6092	いつのまにか
こめかみ	コメカミ	6093	こめかみ
弾ける	ハジケル	6094	弾ける
りする	リスル	6095	利する
行き先	イキサキ	6096	行き先
金持ち	カネモチ	6097	金持ち
いまさら	イマサラ	6098	今更
きょう	キョウ	6099	今日
並	ナミ	6100	並み
干す	ホス	6102	干す
伝言	デンゴン	6103	伝言
疑問に思う	ギモンニオモウ	6104	疑問に思う
縮める	チヂメル	6105	縮める
帯	オビ	6106	帯
かの	カノ	6107	彼の
上目遣い	ウワメヅカイ	6108	上目遣い
プログラム	プログラム	6109	プログラム
クール	クール	6110	クール
井	イ	6111	井
公開	コウカイ	6112	公開
貧乏	ビンボウ	6113	貧乏
要望	ヨウボウ	6114	要望
その際	ソノサイ	6115	その際
苛立つ	イラダツ	6116	苛立つ
制度	セイド	6117	制度
費用	ヒヨウ	6118	費用
滅多に	メッタニ	6119	滅多に
脅かす	オビヤカス	6120	脅かす
トラック	トラック	6121	トラック
遂げる	トゲル	6122	遂げる
相応	ソウオウ	6123	相応
皆無	カイム	6124	皆無
気取る	キドル	6125	気取る
察し	サッシ	6126	察し
弁護士	ベンゴシ	6127	弁護士
足早	アシバヤ	6128	足早
対照的	タイショウテキ	6129	対照的
十七	ジュウシチ	6130	17
価値観	カチカン	6131	価値観
一秒	イチビョウ	6132	一秒
定期的	テイキテキ	6133	定期的
励む	ハゲム	6134	励む
歩き回る	アルキマワル	6135	歩き回る
半日	ハンニチ	6136	半日
日差し	ヒザシ	6137	日差し
タクシー	タクシー	6138	タクシー
現地	ゲンチ	6139	現地
集う	ツドウ	6140	集う
交える	マジエル	6141	交える
尊重	ソンチョウ	6142	尊重
一帯	イッタイ	6143	一帯
柵	サク	6144	柵
ほんのり	ホンノリ	6145	ほんのり
臆病	オクビョウ	6146	臆病
版	ハン	6147	版
地震	ジシン	6148	地震
恐れ	オソレ	6149	恐れ
悪戯	イタズラ	6150	悪戯
畳	タタミ	6151	畳
お詫び	オワビ	6152	お詫び
絶対的	ゼッタイテキ	6153	絶対的
どうと	ドウト	6154	どうと
連	レン	6155	連
でもって	デモッテ	6156	でもって
戦略	センリャク	6157	戦略
のみならず	ノミナラズ	6158	のみならず
見て取る	ミテトル	6159	見て取る
加工	カコウ	6160	加工
ターゲット	ターゲット	6161	ターゲット
豆	マメ	6162	豆
疑惑	ギワク	6163	疑惑
鼻先	ハナサキ	6164	鼻先
リズム	リズム	6165	リズム
研究所	ケンキュウジョ	6166	研究所
何があっても	ナニガアッテモ	6167	何があっても
小鳥	コトリ	6168	小鳥
吹っ飛ぶ	フットブ	6169	吹き飛ぶ
くさい	クサイ	6170	臭い
街中	マチナカ	6171	町中
質問をする	シツモンヲスル	6172	質問をする
出世	シュッセ	6173	出世
十八	ジュウハチ	6174	18
とぼける	トボケル	6175	恍ける
高鳴る	タカナル	6176	高鳴る
忍び込む	シノビコム	6177	忍び込む
局	キョク	6178	局
甲	コウ	6179	甲
汁	シル	6180	汁
見	ミ	6181	見る
冗談じゃない	ジョウダンジャナイ	6182	冗談じゃない
追跡	ツイセキ	6183	追跡
最善	サイゼン	6184	最善
よろめく	ヨロメク	6185	蹌踉く
贈り物	オクリモノ	6186	贈り物
きらきら	キラキラ	6187	きらきら
ポン	ポン	6188	ぽん
ご挨拶	ゴアイサツ	6189	ご挨拶
ひっくり返す	ヒックリカエス	6190	引っ繰り返す
くっつける	クッツケル	6191	くっ付ける
それこそ	ソレコソ	6192	それこそ
はく	ハク	6193	はく
さながら	サナガラ	6194	宛ら
にあたって	ニアタッテ	6195	にあたって
ほんとうに	ホントウニ	6196	ほんとうに
無理もない	ムリモナイ	6197	無理もない
ねだる	ネダル	6198	強請る
言うことを聞く	イウコトヲキク	6199	言うことを聞く
まわす	マワス	6200	回す
車	シャ	6201	車
器	キ	6202	器
悪	ワル	6203	悪い
軽蔑	ケイベツ	6204	軽蔑
だけあって	ダケアッテ	6205	だけあって
大物	オオモノ	6206	大物
脇腹	ワキバラ	6207	脇腹
今晩	コンバン	6208	今晩
雑談	ザツダン	6209	雑談
言い残す	イイノコス	6210	言い残す
スケジュール	スケジュール	6211	スケジュール
共にする	トモニスル	6212	共にする
当分	トウブン	6213	当分
キャラクター	キャラクター	6214	キャラクター
庶民	ショミン	6215	庶民
コピー	コピー	6216	コピー
散らす	チラス	6217	散らす
平静	ヘイセイ	6218	平静
威嚇	イカク	6219	威嚇
手早い	テバヤイ	6220	手早い
迎えに行く	ムカエニイク	6221	迎えに行く
明ける	アケル	6222	明ける
すすめる	ススメル	6223	すすめる
気を抜く	キヲヌク	6224	気を抜く
無能	ムノウ	6225	無能
チーズ	チーズ	6226	チーズ
吹き込む	フキコム	6227	吹き込む
濁る	ニゴル	6228	濁る
見透かす	ミスカス	6229	見透かす
走り去る	ハシリサル	6230	走り去る
並み	ナミ	6231	並み
乳	チチ	6232	乳
委員	イイン	6233	委員
建つ	タツ	6234	建つ
皺	シワ	6235	皺
委員長	イインチョウ	6236	委員長
仕入れる	シイレル	6237	仕入れる
都会	トカイ	6238	都会
従える	シタガエル	6239	従える
食い込む	クイコム	6240	食い込む
有無	ウム	6241	有無
何なのか	ナンナノカ	6242	何なのか
記者	キシャ	6243	記者
構築	コウチク	6244	構築
宣伝	センデン	6245	宣伝
参加者	サンカシャ	6246	参加者
当の	トウノ	6247	当の
仮	カリ	6248	仮
生産	セイサン	6249	生産
存在感	ソンザイカン	6250	存在感
願望	ガンボウ	6251	願望
最	サイ	6252	最
五百	ゴヒャク	6253	500
と言うと	トイウト	6254	と言うと
対決	タイケツ	6255	対決
お辞儀	オジギ	6256	御辞儀
関わり	カカワリ	6257	関わり
快い	ココロヨイ	6258	快い
京	キョウ	6259	京
やっつける	ヤッツケル	6260	遣っ付ける
引き下がる	ヒキサガル	6261	引き下がる
助言	ジョゲン	6262	助言
気が済む	キガスム	6263	気が済む
万人	バンニン	6264	万人
口々	クチグチ	6265	口々
食卓	ショクタク	6266	食卓
旅立つ	タビダツ	6267	旅立つ
分だけ	ブンダケ	6268	分だけ
貢献	コウケン	6269	貢献
とどまる	トドマル	6270	留まる
天下	テンカ	6271	天下
最新	サイシン	6272	最新
就職	シュウショク	6273	就職
大幅	オオハバ	6274	大幅
寝顔	ネガオ	6275	寝顔
ドン	ドン	6276	どん
めんどくさい	メンドクサイ	6277	面倒臭い
１枚	イチマイ	6278	１枚
わりに	ワリニ	6279	わりに
見たところ	ミタトコロ	6280	見たところ
たいてい	タイテイ	6281	大抵
湧き上がる	ワキアガル	6282	湧き上がる
おやすみなさい	オヤスミナサイ	6283	おやすみなさい
わけではありません	ワケデハアリマセン	6284	わけではありません
及び	オヨビ	6285	及び
抱きかかえる	ダキカカエル	6286	抱き抱える
おもむろに	オモムロニ	6287	徐に
ときどき	トキドキ	6288	時々
ひと言	ヒトコト	6289	一言
おろす	オロス	6290	おろす
もとより	モトヨリ	6291	固より
まかせる	マカセル	6292	任せる
くせ	クセ	6293	癖
タダ	タダ	6294	只
２日	フツカ	6295	２日
しょう	ショウ	6296	しょう
子どもたち	コドモタチ	6297	子供達
つくづく	ツクヅク	6298	熟
１本	イッポン	6299	１本
つくす	ツクス	6300	尽くす
冊	サツ	6301	冊
取り乱す	トリミダス	6302	取り乱す
今になって	イマニナッテ	6303	今になって
塀	ヘイ	6304	塀
調達	チョウタツ	6305	調達
不便	フベン	6306	不便
無人	ムジン	6307	無人
からして	カラシテ	6308	からして
ってよ	ッテヨ	6309	ってよ
四年	ヨネン	6310	四年
肺	ハイ	6311	肺
病人	ビョウニン	6312	病人
スポーツ	スポーツ	6313	スポーツ
究極	キュウキョク	6314	究極
支持	シジ	6315	支持
咎める	トガメル	6316	咎める
読書	ドクショ	6317	読書
手を上げる	テヲアゲル	6318	手を上げる
口実	コウジツ	6319	口実
原稿	ゲンコウ	6320	原稿
あしらう	アシラウ	6321	あしらう
色気	イロケ	6322	色気
髪型	カミガタ	6323	髪型
少なくなる	スクナクナル	6324	少なくなる
細工	サイク	6325	細工
留まる	トマル	6326	留まる
のく	ノク	6327	退く
体制	タイセイ	6328	体制
行き来	ユキキ	6329	行き来
礼儀	レイギ	6330	礼儀
粒	ツブ	6331	粒
押し殺す	オシコロス	6332	押し殺す
空腹	クウフク	6333	空腹
急ぎ	イソギ	6334	急ぎ
ピンチ	ピンチ	6335	ピンチ
有能	ユウノウ	6336	有能
人口	ジンコウ	6337	人口
だったろう	ダッタロウ	6338	だったろう
平等	ビョウドウ	6339	平等
そっぽを向く	ソッポヲムク	6340	そっぽを向く
得	トク	6341	得
頭脳	ズノウ	6342	頭脳
走り回る	ハシリマワル	6343	走り回る
入れ替わる	イレカワル	6344	入れ替わる
不正	フセイ	6345	不正
眠気	ネムケ	6346	眠気
ぞっと	ゾット	6347	ぞっと
軽やか	カロヤカ	6348	軽やか
どうせなら	ドウセナラ	6349	どうせなら
貧しい	マズシイ	6350	貧しい
に沿って	ニソッテ	6351	に沿って
決する	ケッスル	6352	決する
何度でも	ナンドデモ	6353	何度でも
低下	テイカ	6354	低下
身を隠す	ミヲカクス	6355	身を隠す
手柄	テガラ	6356	手柄
言葉を交わす	コトバヲカワス	6357	言葉を交わす
幾	イク	6358	幾
ほい	ホイ	6359	其れ
取り組む	トリクム	6360	取り組む
五日	イツカ	6361	五日
横切る	ヨコギル	6362	横切る
違反	イハン	6363	違反
調理	チョウリ	6364	調理
侮辱	ブジョク	6365	侮辱
経済	ケイザイ	6366	経済
重視	ジュウシ	6367	重視
直し	ナオシ	6368	直し
裁判	サイバン	6369	裁判
形相	ギョウソウ	6370	形相
代理	ダイリ	6371	代理
欲求	ヨッキュウ	6372	欲求
平	ヒラ	6373	平
網	アミ	6374	網
コツ	コツ	6375	こつ
牽制	ケンセイ	6376	牽制
建設	ケンセツ	6377	建設
出血	シュッケツ	6378	出血
大気	タイキ	6379	大気
割って入る	ワッテハイル	6380	割って入る
役者	ヤクシャ	6381	役者
死人	シニン	6382	死人
睡眠	スイミン	6383	睡眠
不	フ	6384	不
拍子	ヒョウシ	6385	拍子
寺	テラ	6386	寺
いってらっしゃい	イッテラッシャイ	6387	いってらっしゃい
たてる	タテル	6388	たてる
まし	マシ	6389	増し
とらえる	トラエル	6390	捕らえる
おもちゃ	オモチャ	6391	玩具
ってな	ッテナ	6392	ってな
にらむ	ニラム	6393	睨む
すり抜ける	スリヌケル	6394	擦り抜ける
できるようになる	デキルヨウニナル	6395	できるようになる
通りかかる	トオリカカル	6396	通り掛かる
めでたい	メデタイ	6397	めでたい
２時	ニジ	6398	２時
振る舞い	フルマイ	6399	振る舞い
めがける	メガケル	6400	目掛ける
放出	ホウシュツ	6402	放出
無理をする	ムリヲスル	6403	無理をする
気恥ずかしい	キハズカシイ	6404	気恥ずかしい
一瞬にして	イッシュンニシテ	6405	一瞬にして
ストップ	ストップ	6406	ストップ
陸	リク	6407	陸
とく	トク	6408	とく
奪い取る	ウバイトル	6409	奪い取る
突き飛ばす	ツキトバス	6410	突き飛ばす
向上	コウジョウ	6411	向上
先月	センゲツ	6412	先月
懐く	ナツク	6413	懐く
流行る	ハヤル	6414	流行る
個室	コシツ	6415	個室
目を合わせる	メヲアワセル	6416	目を合わせる
竹	タケ	6417	竹
威厳	イゲン	6418	威厳
欠かす	カカス	6419	欠かす
にわかに	ニワカニ	6420	にわかに
お顔	オカオ	6421	お顔
抱き上げる	ダキアゲル	6422	抱き上げる
立ちはだかる	タチハダカル	6423	立ちはだかる
自動	ジドウ	6424	自動
共感	キョウカン	6425	共感
核	カク	6426	核
すんなり	スンナリ	6427	すんなり
率直	ソッチョク	6428	率直
仕切る	シキル	6429	仕切る
心境	シンキョウ	6430	心境
承諾	ショウダク	6431	承諾
ちょい	チョイ	6432	ちょい
離脱	リダツ	6433	離脱
入	イリ	6434	入り
右側	ミギガワ	6435	右側
段々	ダンダン	6436	段々
報告書	ホウコクショ	6437	報告書
自動車	ジドウシャ	6438	自動車
人殺し	ヒトゴロシ	6439	人殺し
二重	ニジュウ	6440	二重
植える	ウエル	6441	植える
丈	タケ	6442	丈
逃亡	トウボウ	6443	逃亡
落胆	ラクタン	6444	落胆
足跡	アシアト	6445	足跡
対等	タイトウ	6446	対等
学者	ガクシャ	6447	学者
野球	ヤキュウ	6448	野球
メリット	メリット	6449	メリット
ベスト	ベスト	6450	ベスト
立ち寄る	タチヨル	6451	立ち寄る
取り付ける	トリツケル	6452	取り付ける
抱き合う	ダキアウ	6453	抱き合う
数学	スウガク	6454	数学
精	セイ	6455	精
毎朝	マイアサ	6456	毎朝
自業自得	ジゴウジトク	6457	自業自得
切り離す	キリハナス	6458	切り離す
至るまで	イタルマデ	6459	至るまで
無理はない	ムリハナイ	6460	無理はない
投入	トウニュウ	6461	投入
漠然	バクゼン	6462	漠然
心細い	ココロボソイ	6463	心細い
代々	ダイダイ	6464	代々
反する	ハンスル	6465	反する
突っ立つ	ツッタツ	6466	突き立つ
もう少しで	モウスコシデ	6467	もう少しで
しっ	シッ	6468	しい
罵る	ノノシル	6469	罵る
取り繕う	トリツクロウ	6470	取り繕う
侮る	アナドル	6471	侮る
巻	カン	6472	巻
利	リ	6473	利
鹿	シカ	6474	鹿
滑らか	ナメラカ	6475	滑らか
わく	ワク	6476	わく
日が暮れる	ヒガクレル	6477	日が暮れる
破裂	ハレツ	6478	破裂
気を使う	キヲツカウ	6479	気を使う
活かす	イカス	6480	生かす
幹	ミキ	6481	幹
しばらくの間	シバラクノアイダ	6482	しばらくの間
出くわす	デクワス	6483	出会す
うける	ウケル	6484	受ける
これこそ	コレコソ	6485	これこそ
日付	ヒヅケ	6486	日付け
なるだけ	ナルダケ	6487	成る丈
あのよう	アノヨウ	6488	あのよう
ろくな	ロクナ	6489	碌な
ことごとく	コトゴトク	6490	悉く
決めつける	キメツケル	6491	決め付ける
もる	モル	6492	もる
をもって	ヲモッテ	6493	をもって
釣り	ツリ	6494	釣り
なおす	ナオス	6495	なおす
見せかける	ミセカケル	6496	見せ掛ける
山ほど	ヤマホド	6497	山ほど
意味ない	イミナイ	6498	意味ない
すさまじい	スサマジイ	6499	凄まじい
なんと	ナント	6500	なんと
イギリス	イギリス	6502	イギリス
手際	テギワ	6503	手際
埋もれる	ウモレル	6504	埋もれる
滑稽	コッケイ	6505	滑稽
引っ張り出す	ヒッパリダス	6506	引っ張り出す
１０分	ジップン	6507	１０分
同感	ドウカン	6508	同感
はにかむ	ハニカム	6509	はにかむ
ここら	ココラ	6510	ここら
どうかしら	ドウカシラ	6511	どうかしら
行使	コウシ	6512	行使
各々	オノオノ	6513	各々
動き回る	ウゴキマワル	6514	動き回る
茶色	チャイロ	6515	茶色
二枚	ニマイ	6516	二枚
交互	コウゴ	6517	交互
本名	ホンミョウ	6518	本名
ペット	ペット	6519	ペット
業者	ギョウシャ	6520	業者
押し当てる	オシアテル	6521	押し当てる
流し込む	ナガシコム	6522	流し込む
専門家	センモンカ	6523	専門家
亡くす	ナクス	6524	亡くす
小走り	コバシリ	6525	小走り
気を取り直す	キヲトリナオス	6526	気を取り直す
逃げ込む	ニゲコム	6527	逃げ込む
各国	カッコク	6528	各国
べきではない	ベキデハナイ	6529	べきではない
同志	ドウシ	6530	同志
手の甲	テノコウ	6531	手の甲
さらり	サラリ	6532	さらり
忘れ物	ワスレモノ	6533	忘れ物
しょっちゅう	ショッチュウ	6534	しょっちゅう
情報収集	ジョウホウシュウシュウ	6535	情報収集
説く	トク	6536	説く
裏切り	ウラギリ	6537	裏切り
頼りにする	タヨリニスル	6538	頼りにする
少なからず	スクナカラズ	6539	少なからず
形状	ケイジョウ	6540	形状
頼むから	タノムカラ	6541	頼むから
プレッシャー	プレッシャー	6542	プレッシャー
ひらひら	ヒラヒラ	6543	ひらひら
即	ソク	6544	即
押し出す	オシダス	6545	押し出す
必ずしも	カナラズシモ	6546	必ずしも
進展	シンテン	6547	進展
頑固	ガンコ	6548	頑固
性別	セイベツ	6549	性別
責任者	セキニンシャ	6550	責任者
自嘲	ジチョウ	6551	自嘲
割り切る	ワリキル	6552	割り切る
見計らう	ミハカラウ	6553	見計らう
比	ヒ	6554	比
失格	シッカク	6555	失格
と考えられる	トカンガエラレル	6556	と考えられる
態勢	タイセイ	6557	態勢
動じる	ドウジル	6558	動じる
裂ける	サケル	6559	裂ける
ライト	ライト	6560	ライト
パス	パス	6561	パス
ハート	ハート	6562	ハート
テーマ	テーマ	6563	テーマ
儚い	ハカナイ	6564	儚い
今こそ	イマコソ	6565	今こそ
真理	シンリ	6566	真理
手を回す	テヲマワス	6567	手を回す
鮮明	センメイ	6568	鮮明
果てる	ハテル	6569	果てる
売り	ウリ	6570	売り
毎晩	マイバン	6571	毎晩
連想	レンソウ	6572	連想
伝統	デントウ	6573	伝統
洋服	ヨウフク	6574	洋服
狼狽	ロウバイ	6575	狼狽
最適	サイテキ	6576	最適
お約束	オヤクソク	6577	お約束
光を放つ	ヒカリヲハナツ	6578	光を放つ
米	コメ	6579	米
難い	ニクイ	6580	難い
科	カ	6581	科
ぶちまける	ブチマケル	6582	打ちまける
夜明け	ヨアケ	6583	夜明け
さらなる	サラナル	6584	更なる
たいへん	タイヘン	6585	大変
うろつく	ウロツク	6586	彷徨く
紛れもない	マギレモナイ	6587	紛れもない
にじむ	ニジム	6588	滲む
あーあ	アーア	6589	ああ
なだめる	ナダメル	6590	宥める
ヨーロッパ	ヨーロッパ	6591	ヨーロッパ
につき	ニツキ	6592	につき
なでる	ナデル	6593	撫でる
火をつける	ヒヲツケル	6594	火をつける
とくに	トクニ	6595	特に
つかまる	ツカマル	6596	捕まる
目をそらす	メヲソラス	6597	目をそらす
年寄り	トシヨリ	6598	年寄り
さまよう	サマヨウ	6599	さ迷う
しいる	シイル	6600	しいる
留まる	トドマル	6601	留まる
取り除く	トリノゾク	6602	取り除く
使いこなす	ツカイコナス	6603	使い熟す
先週	センシュウ	6604	先週
そうでなければ	ソウデナケレバ	6605	そうでなければ
長男	チョウナン	6606	長男
悲痛	ヒツウ	6607	悲痛
由来	ユライ	6608	由来
客観的	キャッカンテキ	6609	客観的
置き去り	オキザリ	6610	置き去り
弄ぶ	モテアソブ	6611	弄ぶ
緩い	ユルイ	6612	緩い
背中を押す	セナカヲオス	6613	背中を押す
進歩	シンポ	6614	進歩
乏しい	トボシイ	6615	乏しい
許し	ユルシ	6616	許し
住まう	スマウ	6617	住まう
元に戻す	モトニモドス	6618	元に戻す
久しい	ヒサシイ	6619	久しい
済ます	スマス	6620	済ます
に加え	ニクワエ	6621	に加え
順に	ジュンニ	6622	順に
敬語	ケイゴ	6623	敬語
怠る	オコタル	6624	怠る
寒気	サムケ	6625	寒気
十一	ジュウイチ	6626	11
お帰りなさい	オカエリナサイ	6627	お帰りなさい
誓い	チカイ	6628	誓う
感染	カンセン	6629	感染
不可解	フカカイ	6630	不可解
輪郭	リンカク	6631	輪郭
夕日	ユウヒ	6632	夕日
十日	トオカ	6633	十日
欠点	ケッテン	6634	欠点
ざわつく	ザワツク	6635	ざわつく
どうしたものか	ドウシタモノカ	6636	どうしたものか
雑	ザツ	6637	雑
公式	コウシキ	6638	公式
口に運ぶ	クチニハコブ	6639	口に運ぶ
費やす	ツイヤス	6640	費やす
予言	ヨゲン	6641	予言
覆す	クツガエス	6642	覆す
表紙	ヒョウシ	6643	表紙
開放	カイホウ	6644	開放
渋々	シブシブ	6645	渋々
要する	ヨウスル	6646	要する
気温	キオン	6647	気温
初め	ハジメ	6648	初め
透ける	スケル	6649	透ける
設計	セッケイ	6650	設計
信号	シンゴウ	6651	信号
また今度	マタコンド	6652	また今度
度胸	ドキョウ	6653	度胸
打撃	ダゲキ	6654	打撃
専念	センネン	6655	専念
ぬるい	ヌルイ	6656	温い
数日後	スウジツゴ	6657	数日後
窮屈	キュウクツ	6658	窮屈
時間帯	ジカンタイ	6659	時間帯
お願いだから	オネガイダカラ	6660	お願いだから
正反対	セイハンタイ	6661	正反対
嫌悪	ケンオ	6662	嫌悪
用心	ヨウジン	6663	用心
河	カワ	6664	河
個性	コセイ	6665	個性
本題	ホンダイ	6666	本題
面影	オモカゲ	6667	面影
最優先	サイユウセン	6668	最優先
待ち受ける	マチウケル	6669	待ち受ける
駆け込む	カケコム	6670	駆け込む
体質	タイシツ	6671	体質
申請	シンセイ	6672	申請
よさそう	ヨサソウ	6673	よさそう
痩せる	ヤセル	6674	痩せる
武	ブ	6675	武
お迎え	オムカエ	6676	御迎え
負傷	フショウ	6677	負傷
表向き	オモテムキ	6678	表向き
一変	イッペン	6679	一変
長引く	ナガビク	6680	長引く
医療	イリョウ	6681	医療
摘む	ツム	6682	摘む
替える	カエル	6683	替える
あくび	アクビ	6684	欠伸
集まり	アツマリ	6685	集まり
生まれて初めて	ウマレテハジメテ	6686	生まれて初めて
べし	ベシ	6687	べし
根本	コンポン	6688	根本
くつろぐ	クツログ	6689	寛ぐ
すする	ススル	6690	啜る
おうち	オウチ	6691	お家
いっそう	イッソウ	6692	一層
ある時	アルトキ	6693	ある時
痛っ	イタッ	6694	痛い
ドイツ	ドイツ	6695	ドイツ
おろか	オロカ	6696	疎か
あわ	アワ	6697	泡
めぐる	メグル	6698	巡る
うろたえる	ウロタエル	6699	狼狽える
しばしば	シバシバ	6700	屡々
角	カク	6701	角
大金	タイキン	6702	大金
わくわく	ワクワク	6703	わくわく
直る	ナオル	6704	直る
成る	ナル	6705	成る
特性	トクセイ	6706	特性
火花	ヒバナ	6707	火花
考え事	カンガエゴト	6708	考え事
実績	ジッセキ	6709	実績
知性	チセイ	6710	知性
早口	ハヤクチ	6711	早口
介入	カイニュウ	6712	介入
人種	ジンシュ	6713	人種
濃厚	ノウコウ	6714	濃厚
推薦	スイセン	6715	推薦
必死になって	ヒッシニナッテ	6716	必死になって
引き連れる	ヒキツレル	6717	引き連れる
丈夫	ジョウブ	6718	丈夫
飢える	ウエル	6719	飢える
名付ける	ナヅケル	6720	名付ける
その気	ソノキ	6721	その気
マイナス	マイナス	6722	マイナス
お時間	オジカン	6723	お時間
ピンク色	ピンクイロ	6724	ピンク色
筆	フデ	6725	筆
追放	ツイホウ	6726	追放
授ける	サズケル	6727	授ける
透き通る	スキトオル	6728	透き通る
プラス	プラス	6729	プラス
発達	ハッタツ	6730	発達
話し始める	ハナシハジメル	6731	話し始める
読者	ドクシャ	6732	読者
びる	ビル	6733	蛭
コメント	コメント	6734	コメント
留守番	ルスバン	6735	留守番
無縁	ムエン	6736	無縁
分野	ブンヤ	6737	分野
本性	ホンショウ	6738	本性
そわそわ	ソワソワ	6739	そわそわ
鈍る	ニブル	6740	鈍る
感激	カンゲキ	6741	感激
見比べる	ミクラベル	6742	見比べる
徹夜	テツヤ	6743	徹夜
右足	ミギアシ	6744	右足
権	ケン	6745	権
至極	シゴク	6746	至極
最後の最後	サイゴノサイゴ	6747	最後の最後
苦戦	クセン	6748	苦戦
独占	ドクセン	6749	独占
繰り返し	クリカエシ	6750	繰り返し
成し遂げる	ナシトゲル	6751	成し遂げる
初期	ショキ	6752	初期
絶妙	ゼツミョウ	6753	絶妙
一滴	イッテキ	6754	一滴
突き止める	ツキトメル	6755	突き止める
ちらちら	チラチラ	6756	ちらちら
左側	ヒダリガワ	6757	左側
一環	イッカン	6758	一環
正す	タダス	6759	正す
連絡を取る	レンラクヲトル	6760	連絡を取る
とうに	トウニ	6761	とうに
十四	ジュウシ	6762	14
無責任	ムセキニン	6763	無責任
人員	ジンイン	6764	人員
手を組む	テヲクム	6765	手を組む
三本	サンボン	6766	三本
手順	テジュン	6767	手順
意味不明	イミフメイ	6768	意味不明
補う	オギナウ	6769	補う
遠目	トオメ	6770	遠目
養う	ヤシナウ	6771	養う
悪口	ワルグチ	6772	悪口
惨め	ミジメ	6773	惨め
キレる	キレル	6774	切れる
見て回る	ミテマワル	6775	見て回る
場合によって	バアイニヨッテ	6776	場合によって
二十歳	ハタチ	6777	二十歳
揺する	ユスル	6778	揺する
迎え入れる	ムカエイレル	6779	迎え入れる
命を落とす	イノチヲオトス	6780	命を落とす
朝日	アサヒ	6781	朝日
こうなると	コウナルト	6782	こうなると
ちゃう	チャウ	6783	ちゃう
源	ミナモト	6784	源
ばい	バイ	6785	ばい
わり	ワリ	6786	割
口ぶり	クチブリ	6787	口ぶり
良くなる	ヨクナル	6788	良くなる
ガス	ガス	6789	ガス
つぶす	ツブス	6790	潰す
積もる	ツモル	6791	積もる
やかましい	ヤカマシイ	6792	喧しい
歯を食いしばる	ハヲクイシバル	6793	歯を食いしばる
下に	シモニ	6794	下に
引き出し	ヒキダシ	6795	引き出し
おかわり	オカワリ	6796	おかわり
そんなわけで	ソンナワケデ	6797	そんなわけで
あきれる	アキレル	6798	呆れる
ほんとう	ホントウ	6799	本当
よって	ヨッテ	6800	よって
前	ゼン	6801	前
空	カラ	6802	空
平均	ヘイキン	6803	平均
引き戻す	ヒキモドス	6804	引き戻す
首都	シュト	6805	首都
揺れ	ユレ	6806	揺れ
人手	ヒトデ	6807	人手
ばっちり	バッチリ	6808	ばっちり
工事	コウジ	6809	工事
どうしたって	ドウシタッテ	6810	どうしたって
一月	イチガツ	6811	一月
早	ハヤ	6812	早い
五つ	イツツ	6813	五つ
アルバイト	アルバイト	6814	アルバイト
軽々	カルガル	6815	軽々
予想以上	ヨソウイジョウ	6816	予想以上
じわじわ	ジワジワ	6817	じわじわ
期	キ	6818	期
団体	ダンタイ	6819	団体
上では	ウエデハ	6820	上では
大臣	ダイジン	6821	大臣
襟	エリ	6822	襟
永久	エイキュウ	6823	永久
脅迫	キョウハク	6824	脅迫
何でもいい	ナンデモイイ	6825	何でもいい
仲が良い	ナカガヨイ	6826	仲が良い
出場	シュツジョウ	6827	出場
潮	シオ	6828	潮
連れ去る	ツレサル	6829	連れ去る
造り	ツクリ	6830	造り
収入	シュウニュウ	6831	収入
退ける	シリゾケル	6832	退ける
音もなく	オトモナク	6833	音もなく
沢	サワ	6834	沢
途絶える	トダエル	6835	途絶える
座席	ザセキ	6836	座席
憂鬱	ユウウツ	6837	憂鬱
呼び寄せる	ヨビヨセル	6838	呼び寄せる
行事	ギョウジ	6839	行事
見習う	ミナラウ	6840	見習う
土曜日	ドヨウビ	6841	土曜日
限りない	カギリナイ	6842	限り無い
嘲笑	チョウショウ	6843	嘲笑
果実	カジツ	6844	果実
タイム	タイム	6845	タイム
持ち合わせる	モチアワセル	6846	持ち合わせる
余韻	ヨイン	6847	余韻
務め	ツトメ	6848	務め
全体的	ゼンタイテキ	6849	全体的
快適	カイテキ	6850	快適
数多く	カズオオク	6851	数多く
緩やか	ユルヤカ	6852	緩やか
敗れる	ヤブレル	6853	敗れる
一心	イッシン	6854	一心
成人	セイジン	6855	成人
お付き合い	オツキアイ	6856	お付き合い
委員会	イインカイ	6857	委員会
相違	ソウイ	6858	相違
一昨日	オトトイ	6859	一昨日
昭和	ショウワ	6860	昭和
当事者	トウジシャ	6861	当事者
たか	タカ	6862	たか
とことん	トコトン	6863	とことん
楽器	ガッキ	6864	楽器
交際	コウサイ	6865	交際
勝	ショウ	6866	勝ち
尊い	トウトイ	6867	尊い
身を守る	ミヲマモル	6868	身を守る
変わりない	カワリナイ	6869	変わりない
過酷	カコク	6870	過酷
バタバタ	バタバタ	6871	ばたばた
絵画	カイガ	6872	絵画
引っ込める	ヒッコメル	6873	引っ込める
正当	セイトウ	6874	正当
熱気	ネッキ	6875	熱気
包み	ツツミ	6876	包み
確証	カクショウ	6877	確証
経由	ケイユ	6878	経由
一転	イッテン	6879	一転
に加えて	ニクワエテ	6880	に加えて
全開	ゼンカイ	6881	全開
突き進む	ツキススム	6882	突き進む
嫌味	イヤミ	6883	嫌味
手出し	テダシ	6884	手出し
いたずら	イタズラ	6885	悪戯
さぞ	サゾ	6886	嘸
でっかい	デッカイ	6887	でかい
うなだれる	ウナダレル	6888	項垂れる
まね	マネ	6889	まね
いいかげん	イイカゲン	6890	いいかげん
遅く	オソク	6891	遅い
さらさら	サラサラ	6892	さらさら
ワクワク	ワクワク	6893	わくわく
一人一人	ヒトリヒトリ	6894	一人一人
たりとも	タリトモ	6895	たりとも
たどる	タドル	6896	辿る
かむ	カム	6897	かむ
やしない	ヤシナイ	6898	やしない
おごる	オゴル	6899	驕る
慌ただしい	アワタダシイ	6900	慌ただしい
開く	アク	6901	開く
堪える	タエル	6902	堪える
公	オオヤケ	6903	公
血管	ケッカン	6904	血管
追求	ツイキュウ	6905	追求
賛同	サンドウ	6906	賛同
秩序	チツジョ	6907	秩序
要因	ヨウイン	6908	要因
自称	ジショウ	6909	自称
大学生	ダイガクセイ	6910	大学生
償う	ツグナウ	6911	償う
デザート	デザート	6912	デザート
聞き覚え	キキオボエ	6913	聞き覚え
嫌になる	イヤニナル	6914	嫌になる
救急車	キュウキュウシャ	6915	救急車
デビュー	デビュー	6916	デビュー
強気	ツヨキ	6917	強気
悪人	アクニン	6918	悪人
通称	ツウショウ	6919	通称
拝む	オガム	6920	拝む
屈する	クッスル	6921	屈する
各自	カクジ	6922	各自
夫妻	フサイ	6923	夫妻
離れ	ハナレ	6924	離れ
彩る	イロドル	6925	彩る
供給	キョウキュウ	6926	供給
増加	ゾウカ	6927	増加
真摯	シンシ	6928	真摯
聞き流す	キキナガス	6929	聞き流す
車内	シャナイ	6930	車内
先祖	センゾ	6931	先祖
カバー	カバー	6932	カバー
必然	ヒツゼン	6933	必然
手を差し伸べる	テヲサシノベル	6934	手を差し伸べる
岡	オカ	6935	岡
投げ捨てる	ナゲステル	6936	投げ捨てる
ごっこ	ゴッコ	6937	ごっこ
無念	ムネン	6938	無念
男らしい	オトコラシイ	6939	男らしい
検索	ケンサク	6940	検索
妥当	ダトウ	6941	妥当
据える	スエル	6942	据える
解析	カイセキ	6943	解析
失態	シッタイ	6944	失態
制作	セイサク	6945	制作
覚める	サメル	6946	覚める
昼寝	ヒルネ	6947	昼寝
強	キョウ	6948	強
華麗	カレイ	6949	華麗
無難	ブナン	6950	無難
ふらつく	フラツク	6951	ふらつく
書き込む	カキコム	6952	書き込む
しゃがむ	シャガム	6953	しゃがむ
莫大	バクダイ	6954	莫大
没頭	ボットウ	6955	没頭
口走る	クチバシル	6956	口走る
腹立たしい	ハラダタシイ	6957	腹立たしい
彼自身	カレジシン	6958	彼自身
徒歩	トホ	6959	徒歩
仕上げる	シアゲル	6960	仕上げる
政治家	セイジカ	6961	政治家
見過ごす	ミスゴス	6962	見過ごす
質問に答える	シツモンニコタエル	6963	質問に答える
実践	ジッセン	6964	実践
来月	ライゲツ	6965	来月
悲惨	ヒサン	6966	悲惨
耳打ち	ミミウチ	6967	耳打ち
大阪	オオサカ	6968	大阪
翻弄	ホンロウ	6969	翻弄
通り越す	トオリコス	6970	通り越す
帰国	キコク	6971	帰国
手応え	テゴタエ	6972	手応え
手招き	テマネキ	6973	手招き
深まる	フカマル	6974	深まる
海岸	カイガン	6975	海岸
反抗	ハンコウ	6976	反抗
ホーム	ホーム	6977	ホーム
見込む	ミコム	6978	見込む
組み合わせる	クミアワセル	6979	組み合わせる
素性	スジョウ	6980	素性
面する	メンスル	6981	面する
業	ギョウ	6982	業
かえる	カエル	6983	かえる
あり得る	アリウル	6984	あり得る
まんま	マンマ	6985	侭
おつもり	オツモリ	6986	おつもり
分かりやすい	ワカリヤスイ	6987	分かりやすい
できる限り	デキルカギリ	6988	出来る限り
ひそか	ヒソカ	6989	密か
手当て	テアテ	6990	手当て
しでかす	シデカス	6991	為出かす
たまえ	タマエ	6992	給う
見込み	ミコミ	6993	見込み
くわえる	クワエル	6994	くわえる
きたる	キタル	6995	来たる
とまる	トマル	6996	とまる
ところどころ	トコロドコロ	6997	所々
方がよい	ホウガヨイ	6998	方がよい
いいって言う	イイッテイウ	6999	いいって言う
大きめ	オオキメ	7000	大きめ
真に	マコトニ	7002	真に
まれ	マレ	7003	稀
時間の問題	ジカンノモンダイ	7004	時間の問題
この頃	コノゴロ	7005	此の頃
一息	ヒトイキ	7006	一息
お世話	オセワ	7007	御世話
毎日のように	マイニチノヨウニ	7008	毎日のように
補充	ホジュウ	7009	補充
嗚咽	オエツ	7010	嗚咽
来	ライ	7011	来る
諭す	サトス	7012	諭す
甲斐	カイ	7013	甲斐
敬意	ケイイ	7014	敬意
津	ツ	7015	津
疑念	ギネン	7016	疑念
七十	シチジュウ	7017	70
善	ゼン	7018	善
沸く	ワク	7019	沸く
階級	カイキュウ	7020	階級
合計	ゴウケイ	7021	合計
数少ない	カズスクナイ	7022	数少ない
問い詰める	トイツメル	7023	問い詰める
同等	ドウトウ	7024	同等
闘う	タタカウ	7025	戦う
観光	カンコウ	7026	観光
世界一	セカイイチ	7027	世界一
奥深い	オクフカイ	7028	奥深い
節	フシ	7029	節
踊り	オドリ	7030	踊り
学問	ガクモン	7031	学問
生活を送る	セイカツヲオクル	7032	生活を送る
抜群	バツグン	7033	抜群
距離を置く	キョリヲオク	7034	距離を置く
下品	ゲヒン	7035	下品
危険性	キケンセイ	7036	危険性
細長い	ホソナガイ	7037	細長い
定番	テイバン	7038	定番
痕	アト	7039	痕
演説	エンゼツ	7040	演説
指し示す	サシシメス	7041	指し示す
プラン	プラン	7042	プラン
四日	ヨッカ	7043	四日
和	ワ	7044	和
退院	タイイン	7045	退院
耳を澄ます	ミミヲスマス	7046	耳を澄ます
奉仕	ホウシ	7047	奉仕
明らかになる	アキラカニナル	7048	明らかになる
出歩く	デアルク	7049	出歩く
コーナー	コーナー	7050	コーナー
年後	ネンゴ	7051	年後
更新	コウシン	7052	更新
渋い	シブイ	7053	渋い
法則	ホウソク	7054	法則
サイト	サイト	7055	サイト
圧迫	アッパク	7056	圧迫
足首	アシクビ	7057	足首
同い年	オナイドシ	7058	同い年
お風呂に入る	オフロニハイル	7059	お風呂に入る
束ねる	タバネル	7060	束ねる
先行	センコウ	7061	先行
じりじり	ジリジリ	7062	じりじり
大層	タイソウ	7063	大層
見舞う	ミマウ	7064	見舞う
執拗	シツヨウ	7065	執拗
補助	ホジョ	7066	補助
後回し	アトマワシ	7067	後回し
警戒心	ケイカイシン	7068	警戒心
近頃	チカゴロ	7069	近頃
息をする	イキヲスル	7070	息をする
匹敵	ヒッテキ	7071	匹敵
意図的	イトテキ	7072	意図的
現金	ゲンキン	7073	現金
労働	ロウドウ	7074	労働
浜	ハマ	7075	浜
抱え込む	カカエコム	7076	抱え込む
効果的	コウカテキ	7077	効果的
スムーズ	スムーズ	7078	スムーズ
驚くべき	オドロクベキ	7079	驚くべき
持ち歩く	モチアルク	7080	持ち歩く
居心地	イゴコチ	7081	居心地
断じて	ダンジテ	7082	断じて
軒	ケン	7083	軒
稀	マレ	7084	稀
言葉をかける	コトバヲカケル	7085	言葉をかける
押しかける	オシカケル	7086	押し掛ける
まぶしい	マブシイ	7087	眩しい
はなれる	ハナレル	7088	離れる
なびく	ナビク	7089	靡く
うまくやる	ウマクヤル	7090	うまくやる
大きすぎる	オオキスギル	7091	大きすぎる
ひねる	ヒネル	7092	捻る
立ち上る	タチノボル	7093	立ち上る
かすめる	カスメル	7094	掠める
ざわめく	ザワメク	7095	ざわめく
どん	ドン	7096	どん
悔やむ	クヤム	7097	悔やむ
正直なところ	ショウジキナトコロ	7098	正直なところ
呼びかけ	ヨビカケ	7099	呼び掛け
踏みつける	フミツケル	7100	踏み付ける
表	ヒョウ	7101	表
その度	ソノタビ	7102	その度
形態	ケイタイ	7103	形態
カット	カット	7104	カット
名目	メイモク	7105	名目
学習	ガクシュウ	7106	学習
競争	キョウソウ	7107	競争
有力	ユウリョク	7108	有力
口に入る	クチニハイル	7109	口に入る
頭に浮かぶ	アタマニウカブ	7110	頭に浮かぶ
速やか	スミヤカ	7111	速やか
視察	シサツ	7112	視察
物語る	モノガタル	7113	物語る
プライベート	プライベート	7114	プライベート
往来	オウライ	7115	往来
隔てる	ヘダテル	7116	隔てる
弱気	ヨワキ	7117	弱気
それ以来	ソレイライ	7118	それ以来
巧み	タクミ	7119	巧み
観測	カンソク	7120	観測
周	シュウ	7121	周
こそこそ	コソコソ	7122	こそこそ
窓際	マドギワ	7123	窓際
だけしか	ダケシカ	7124	だけしか
前半	ゼンハン	7125	前半
報う	ムクウ	7126	報う
目で追う	メデオウ	7127	目で追う
拝見	ハイケン	7128	拝見
応用	オウヨウ	7129	応用
見当	ケントウ	7130	見当
現時点	ゲンジテン	7131	現時点
長時間	チョウジカン	7132	長時間
考え直す	カンガエナオス	7133	考え直す
借り	カリ	7134	借りる
関節	カンセツ	7135	関節
血を流す	チヲナガス	7136	血を流す
死後	シゴ	7137	死後
週末	シュウマツ	7138	週末
言ったって	イッタッテ	7139	言ったって
人前で	ヒトマエデ	7140	人前で
しばらくすると	シバラクスルト	7141	しばらくすると
腕前	ウデマエ	7142	腕前
休息	キュウソク	7143	休息
製造	セイゾウ	7144	製造
追いやる	オイヤル	7145	追い遣る
乗り切る	ノリキル	7146	乗り切る
それ自体	ソレジタイ	7147	それ自体
集中力	シュウチュウリョク	7148	集中力
募集	ボシュウ	7149	募集
リラックス	リラックス	7150	リラックス
絶好	ゼッコウ	7151	絶好
勝る	マサル	7152	勝る
論	ロン	7153	論
不服	フフク	7154	不服
一日中	イチニチジュウ	7155	一日中
百年	ヒャクネン	7156	百年
何時	ナンジ	7157	何時
検証	ケンショウ	7158	検証
現役	ゲンエキ	7159	現役
警察官	ケイサツカン	7160	警察官
心なしか	ココロナシカ	7161	心なしか
豪快	ゴウカイ	7162	豪快
葛藤	カットウ	7163	葛藤
因縁	インネン	7164	因縁
苦悩	クノウ	7165	苦悩
花が咲く	ハナガサク	7166	花が咲く
心情	シンジョウ	7167	心情
容疑者	ヨウギシャ	7168	容疑者
身勝手	ミガッテ	7169	身勝手
自在	ジザイ	7170	自在
見受ける	ミウケル	7171	見受ける
正気	セイキ	7172	正気
休暇	キュウカ	7173	休暇
必須	ヒッス	7174	必須
治安	チアン	7175	治安
祝い	イワイ	7176	祝い
失せる	ウセル	7177	失せる
寝床	ネドコ	7178	寝床
好きなように	スキナヨウニ	7179	好きなように
らな	ラナ	7180	らな
さんか	サンカ	7181	参加
のむ	ノム	7182	飲む
年月	トシツキ	7183	年月
寝ぼける	ネボケル	7184	寝惚ける
眠りにつく	ネムリニツク	7185	眠りにつく
ありとあらゆる	アリトアラユル	7186	ありとあらゆる
のめる	ノメル	7187	飲む
がん	ガン	7188	がん
ご案内	ゴアンナイ	7189	ご案内
気がつくと	キガツクト	7190	気がつくと
ちっちゃい	チッチャイ	7191	小さい
どういたしまして	ドウイタシマシテ	7192	どういたしまして
よみがえる	ヨミガエル	7193	蘇る
成り行き	ナリユキ	7194	成り行き
ずーっと	ズーット	7195	ずっと
おくれる	オクレル	7196	遅れる
食いつく	クイツク	7197	食い付く
ほのか	ホノカ	7198	仄か
押しのける	オシノケル	7199	押し退ける
電話をかける	デンワヲカケル	7200	電話をかける
反響	ハンキョウ	7202	反響
一台	イチダイ	7203	一台
に取って	ニトッテ	7204	に取って
健全	ケンゼン	7205	健全
お越し	オコシ	7206	お越し
弱	ジャク	7207	弱
詐欺	サギ	7208	詐欺
人通り	ヒトドオリ	7209	人通り
すねる	スネル	7210	拗ねる
好都合	コウツゴウ	7211	好都合
笑い出す	ワライダス	7212	笑い出す
高貴	コウキ	7213	高貴
賞	ショウ	7214	賞
広める	ヒロメル	7215	広める
見合う	ミアウ	7216	見合う
権威	ケンイ	7217	権威
降参	コウサン	7218	降参
知人	チジン	7219	知人
定義	テイギ	7220	定義
お知らせ	オシラセ	7221	お知らせ
早急	ソウキュウ	7222	早急
半端	ハンパ	7223	半端
高らか	タカラカ	7224	高らか
遮断	シャダン	7225	遮断
おやおや	オヤオヤ	7226	おやおや
報道	ホウドウ	7227	報道
意向	イコウ	7228	意向
待ち	マチ	7229	待ち
召し上がる	メシアガル	7230	召し上がる
揺る	ユル	7231	揺る
思い描く	オモイエガク	7232	思い描く
自信満々	ジシンマンマン	7233	自信満々
群がる	ムラガル	7234	群がる
革命	カクメイ	7235	革命
生存	セイゾン	7236	生存
呼ばわり	ヨバワリ	7237	呼ばわり
あとから	アトカラ	7238	あとから
好ましい	コノマシイ	7239	好ましい
拍子抜け	ヒョウシヌケ	7240	拍子抜け
行列	ギョウレツ	7241	行列
無料	ムリョウ	7242	無料
日曜	ニチヨウ	7243	日曜
に反して	ニハンシテ	7244	に反して
支障	シショウ	7245	支障
芽生える	メバエル	7246	芽生える
犠牲者	ギセイシャ	7247	犠牲者
大小	ダイショウ	7248	大小
凝る	コル	7249	凝る
でよ	デヨ	7250	でよ
自分勝手	ジブンカッテ	7251	自分勝手
動向	ドウコウ	7252	動向
明らかにする	アキラカニスル	7253	明らかにする
週間	シュウカン	7254	週間
暁	アカツキ	7255	暁
片付く	カタヅク	7256	片付く
気安い	キヤスイ	7257	気安い
害	ガイ	7258	害
孤立	コリツ	7259	孤立
探し出す	サガシダス	7260	捜し出す
お連れ	オツレ	7261	お連れ
公表	コウヒョウ	7262	公表
逃げ場	ニゲバ	7263	逃げ場
背伸び	セノビ	7264	背伸び
本能的	ホンノウテキ	7265	本能的
万能	バンノウ	7266	万能
ゆらゆら	ユラユラ	7267	ゆらゆら
犠牲になる	ギセイニナル	7268	犠牲になる
積み重ねる	ツミカサネル	7269	積み重ねる
品物	シナモノ	7270	品物
疑わしい	ウタガワシイ	7271	疑わしい
朝早く	アサハヤク	7272	朝早く
くっきり	クッキリ	7273	くっきり
いたって	イタッテ	7274	至って
リード	リード	7275	リード
一人前	イチニンマエ	7276	一人前
研究者	ケンキュウシャ	7277	研究者
初耳	ハツミミ	7278	初耳
社会的	シャカイテキ	7279	社会的
涙が出る	ナミダガデル	7280	涙が出る
蓄積	チクセキ	7281	蓄積
外国人	ガイコクジン	7282	外国人
仕事中	シゴトチュウ	7283	仕事中
直	ジキ	7284	直
いつにない	イツニナイ	7285	いつにない
つながり	ツナガリ	7286	繋がり
ちと	チト	7287	一寸
荒らす	アラス	7288	荒らす
目をつける	メヲツケル	7289	目をつける
ひっくり返る	ヒックリカエル	7290	引っ繰り返る
良いこと	ヨイコト	7291	良いこと
お供	オトモ	7292	お供
すぐそば	スグソバ	7293	すぐそば
あっけない	アッケナイ	7294	呆気ない
までも	マデモ	7295	までも
つかう	ツカウ	7296	使う
引き込む	ヒキコム	7297	引き込む
決着をつける	ケッチャクヲツケル	7298	決着をつける
長いこと	ナガイコト	7299	長いこと
いやがる	イヤガル	7300	いやがる
云々	ウンヌン	7303	云々
作者	サクシャ	7304	作者
手を入れる	テヲイレル	7305	手を入れる
猶予	ユウヨ	7306	猶予
荒々しい	アラアラシイ	7307	荒々しい
元通り	モトドオリ	7308	元通り
白状	ハクジョウ	7309	白状
生々しい	ナマナマシイ	7310	生々しい
飛び交う	トビカウ	7311	飛び交う
所持	ショジ	7312	所持
援助	エンジョ	7313	援助
断定	ダンテイ	7314	断定
差別	サベツ	7315	差別
事項	ジコウ	7316	事項
第三者	ダイサンシャ	7317	第三者
欠く	カク	7318	欠く
選挙	センキョ	7319	選挙
沿い	ゾイ	7320	沿い
律儀	リチギ	7321	律儀
計	ケイ	7322	計
危	キ	7323	危
中心とする	チュウシントスル	7324	中心とする
アウト	アウト	7325	アウト
成分	セイブン	7326	成分
有名人	ユウメイジン	7327	有名人
極力	キョクリョク	7328	極力
心理	シンリ	7329	心理
惑わす	マドワス	7330	惑わす
囲う	カコウ	7331	囲う
人間関係	ニンゲンカンケイ	7332	人間関係
採る	トル	7333	取る
慰め	ナグサメ	7334	慰め
すっぽり	スッポリ	7335	すっぽり
おさまる	オサマル	7336	おさまる
切り上げる	キリアゲル	7337	切り上げる
主な	オモナ	7338	主な
恩人	オンジン	7339	恩人
思い知らす	オモイシラス	7340	思い知らす
建築	ケンチク	7341	建築
隠し事	カクシゴト	7342	隠し事
話題になる	ワダイニナル	7343	話題になる
畳む	タタム	7344	畳む
出張	シュッチョウ	7345	出張
ずる	ズル	7346	ずる
駆使	クシ	7347	駆使
連なる	ツラナル	7348	連なる
読み	ヨミ	7349	読み
後ろめたい	ウシロメタイ	7350	後ろめたい
独身	ドクシン	7351	独身
痛々しい	イタイタシイ	7352	痛々しい
住居	ジュウキョ	7353	住居
うろうろ	ウロウロ	7354	うろうろ
水分	スイブン	7355	水分
短時間	タンジカン	7356	短時間
焦点	ショウテン	7357	焦点
原理	ゲンリ	7358	原理
仮定	カテイ	7359	仮定
放題	ホウダイ	7360	放題
衰える	オトロエル	7361	衰える
延長	エンチョウ	7362	延長
切り取る	キリトル	7363	切り取る
突き放す	ツキハナス	7364	突き放す
せねば	セネバ	7365	せねば
しなやか	シナヤカ	7366	しなやか
言い合う	イイアウ	7367	言い合う
身を引く	ミヲヒク	7368	身を引く
当	トウ	7369	当
割合	ワリアイ	7370	割合
手を合わせる	テヲアワセル	7371	手を合わせる
破棄	ハキ	7372	破棄
来客	ライキャク	7373	来客
両側	リョウガワ	7374	両側
記述	キジュツ	7375	記述
見解	ケンカイ	7376	見解
合	ゴウ	7377	合わせ
席に着く	セキニツク	7378	席に着く
初めは	ハジメハ	7379	初めは
罵倒	バトウ	7380	罵倒
を回って	ヲメグッテ	7381	を回って
適する	テキスル	7382	適する
仲がいい	ナカガイイ	7383	仲がいい
持ちかける	モチカケル	7384	持ち掛ける
ごちそうさま	ゴチソウサマ	7385	ごちそうさま
死ぬほど	シヌホド	7386	死ぬほど
お出かけ	オデカケ	7387	お出掛け
ためになる	タメニナル	7388	ためになる
まことに	マコトニ	7389	まことに
いいかい	イイカイ	7390	いいかい
第１	ダイイチ	7391	第１
かじる	カジル	7392	齧る
のしかかる	ノシカカル	7393	伸し掛かる
立ち入る	タチイル	7394	立ち入る
聞きつける	キキツケル	7395	聞き付ける
お使い	オツカイ	7396	お使い
はる	ハル	7397	はる
そうかい	ソウカイ	7398	そうかい
取り巻く	トリマク	7399	取り巻く
納得がいく	ナットクガイク	7400	納得がいく
入る	イル	7401	入る
的	マト	7402	的
笑	ワラ	7404	笑い
しんどい	シンドイ	7405	しんどい
関与	カンヨ	7406	関与
謙遜	ケンソン	7407	謙遜
当面	トウメン	7408	当面
ぐっすり	グッスリ	7409	ぐっすり
足す	タス	7410	足す
交わる	マジワル	7411	交わる
案じる	アンジル	7412	案じる
寝不足	ネブソク	7413	寝不足
看病	カンビョウ	7414	看病
自動的	ジドウテキ	7415	自動的
危機感	キキカン	7416	危機感
間柄	アイダガラ	7417	間柄
偽る	イツワル	7418	偽る
すべ	スベ	7419	術
分類	ブンルイ	7420	分類
特権	トッケン	7421	特権
委ねる	ユダネル	7422	委ねる
規則	キソク	7423	規則
岸	キシ	7424	岸
定まる	サダマル	7425	定まる
推す	オス	7426	推す
連れ戻す	ツレモドス	7427	連れ戻す
少数	ショウスウ	7428	少数
生前	セイゼン	7429	生前
寝起き	ネオキ	7430	寝起き
次から次へと	ツギカラツギヘト	7431	次から次へと
開き直る	ヒラキナオル	7432	開き直る
恩恵	オンケイ	7433	恩恵
返し	カエシ	7434	返し
焦げる	コゲル	7435	焦げる
空になる	カラニナル	7436	空になる
付き添う	ツキソウ	7437	付き添う
支え	ササエ	7438	支え
規定	キテイ	7439	規定
競う	キソウ	7440	競う
どっと	ドット	7441	どっと
過ち	アヤマチ	7442	過ち
引き換え	ヒキカエ	7443	引き換え
そそくさ	ソソクサ	7444	そそくさ
格闘	カクトウ	7445	格闘
つかまえる	ツカマエル	7446	捕まえる
思いがけない	オモイガケナイ	7447	思いがけない
脅し	オドシ	7448	脅し
異論	イロン	7449	異論
記載	キサイ	7450	記載
清潔	セイケツ	7451	清潔
占領	センリョウ	7452	占領
ポジション	ポジション	7453	ポジション
勤務	キンム	7454	勤務
晴らす	ハラス	7455	晴らす
大部分	ダイブブン	7456	大部分
損ねる	ソコネル	7457	損ねる
うんと	ウント	7458	うんと
徹する	テッスル	7459	徹する
就く	ツク	7460	就く
正真正銘	ショウシンショウメイ	7461	正真正銘
こだわり	コダワリ	7462	こだわり
予告	ヨコク	7463	予告
重苦しい	オモクルシイ	7464	重苦しい
鼻歌	ハナウタ	7465	鼻歌
がかる	ガカル	7466	がかる
見入る	ミイル	7467	見入る
著しい	イチジルシイ	7468	著しい
北海道	ホッカイドウ	7469	北海道
頂上	チョウジョウ	7470	頂上
踏まえる	フマエル	7471	踏まえる
力を合わせる	チカラヲアワセル	7472	力を合わせる
入れ替える	イレカエル	7473	入れ替える
臨時	リンジ	7474	臨時
直接的	チョクセツテキ	7475	直接的
見とれる	ミトレル	7476	見惚れる
強がる	ツヨガル	7477	強がる
かりる	カリル	7478	借りる
たくましい	タクマシイ	7479	逞しい
よりによって	ヨリニヨッテ	7480	よりによって
とぶ	トブ	7481	飛ぶ
どちらかというと	ドチラカトイウト	7482	どちらかというと
ちょうどよい	チョウドヨイ	7483	ちょうどよい
ロシア	ロシア	7484	ロシア
のんき	ノンキ	7485	暢気
しかける	シカケル	7486	仕掛ける
そのうちに	ソノウチニ	7487	そのうちに
はな	ハナ	7488	はな
あげく	アゲク	7489	挙げ句
せいにする	セイニスル	7490	せいにする
がかり	ガカリ	7491	がかる
をおいて	ヲオイテ	7493	をおいて
打ち消す	ウチケス	7494	打ち消す
ゆる	ユル	7495	緩い
すくう	スクウ	7496	すくう
仕方のない	シカタノナイ	7497	仕方のない
申し込む	モウシコム	7498	申し込む
一息つく	ヒトイキツク	7499	一息つく
汗をかく	アセヲカク	7500	汗をかく
家	ヤ	7501	家
色	ショク	7502	色
葬る	ホウムル	7504	葬る
物足りない	モノタリナイ	7505	物足りない
気を取られる	キヲトラレル	7506	気を取られる
この通り	コノトオリ	7507	この通り
憂い	ウレイ	7508	憂い
影響力	エイキョウリョク	7509	影響力
顔見知り	カオミシリ	7510	顔見知り
強固	キョウコ	7511	強固
ついて来る	ツイテクル	7512	ついて来る
お伺い	オウカガイ	7513	お伺い
背が高い	セガタカイ	7514	背が高い
年代	ネンダイ	7515	年代
参考	サンコウ	7516	参考
口を出す	クチヲダス	7517	口を出す
閉鎖	ヘイサ	7518	閉鎖
認定	ニンテイ	7519	認定
公平	コウヘイ	7520	公平
やり過ごす	ヤリスゴス	7521	遣り過ごす
政治的	セイジテキ	7522	政治的
アルコール	アルコール	7523	アルコール
明	メイ	7524	明
写真を撮る	シャシンヲトル	7525	写真を撮る
項目	コウモク	7526	項目
年生	ネンセイ	7527	年生
図星	ズボシ	7528	図星
活気	カッキ	7529	活気
辛抱	シンボウ	7530	辛抱
見破る	ミヤブル	7531	見破る
潔い	イサギヨイ	7532	潔い
細か	コマカ	7533	細か
今週	コンシュウ	7534	今週
事柄	コトガラ	7535	事柄
迅速	ジンソク	7536	迅速
代金	ダイキン	7537	代金
価格	カカク	7538	価格
無性に	ムショウニ	7539	無性に
連れ込む	ツレコム	7540	連れ込む
直ちに	タダチニ	7541	直ちに
言葉遣い	コトバヅカイ	7542	言葉遣い
盛ん	サカン	7543	盛ん
単独	タンドク	7544	単独
合理的	ゴウリテキ	7545	合理的
判定	ハンテイ	7546	判定
人より	ヒトヨリ	7547	人より
旨	ムネ	7548	旨
詮索	センサク	7549	詮索
念を押す	ネンヲオス	7550	念を押す
片っ端から	カタッパシカラ	7551	片っ端から
妥協	ダキョウ	7552	妥協
溶け込む	トケコム	7553	溶け込む
所在	ショザイ	7554	所在
数年前	スウネンマエ	7555	数年前
安易	アンイ	7556	安易
遂行	スイコウ	7557	遂行
汲む	クム	7558	汲む
電源	デンゲン	7559	電源
店舗	テンポ	7560	店舗
責任を取る	セキニンヲトル	7561	責任を取る
持て余す	モテアマス	7562	持て余す
かん	カン	7563	彼
安	ヤス	7564	安
食い止める	クイトメル	7565	食い止める
生死	セイシ	7566	生死
恋しい	コイシイ	7567	恋しい
素質	ソシツ	7568	素質
育ち	ソダチ	7569	育ち
市内	シナイ	7570	市内
延びる	ノビル	7571	延びる
甲斐がある	カイガアル	7572	甲斐がある
溝	ミゾ	7573	溝
誠意	セイイ	7574	誠意
言い張る	イイハル	7575	言い張る
克服	コクフク	7576	克服
つむ	ツム	7577	錘
ある種	アルシュ	7578	ある種
休める	ヤスメル	7579	休める
にわたって	ニワタッテ	7580	にわたって
くら	クラ	7581	蔵
ほかにも	ホカニモ	7582	ほかにも
あたかも	アタカモ	7583	恰も
近いうちに	チカイウチニ	7584	近いうちに
ふさぐ	フサグ	7585	塞ぐ
かかわる	カカワル	7586	関わる
またまた	マタマタ	7587	又々
売り上げ	ウリアゲ	7588	売り上げ
３時	サンジ	7589	３時
させていただく	サセテイタダク	7590	させていただく
しまい	シマイ	7591	仕舞い
たやすい	タヤスイ	7592	容易い
と言ってもいい	トイッテモイイ	7593	と言ってもいい
実際のところ	ジッサイノトコロ	7594	実際のところ
あいさつ	アイサツ	7595	挨拶
色とりどり	イロトリドリ	7596	色とりどり
つぶる	ツブル	7597	瞑る
わけにはいきません	ワケニハイキマセン	7598	わけにはいきません
道のり	ミチノリ	7599	道程
ねる	ネル	7600	寝る
移行	イコウ	7602	移行
手先	テサキ	7603	手先
大手	オオテ	7604	大手
見送り	ミオクリ	7605	見送り
それはそれは	ソレハソレハ	7606	それはそれは
賢明	ケンメイ	7607	賢明
健在	ケンザイ	7608	健在
ことにより	コトニヨリ	7609	ことにより
この目で	コノメデ	7610	この目で
面識	メンシキ	7611	面識
乾燥	カンソウ	7612	乾燥
片足	カタアシ	7613	片足
冴える	サエル	7614	冴える
適度	テキド	7615	適度
必然的	ヒツゼンテキ	7616	必然的
心の準備	ココロノジュンビ	7617	心の準備
承認	ショウニン	7618	承認
端から	ハシカラ	7619	端から
古びる	フルビル	7620	古びる
気分が悪い	キブンガワルイ	7621	気分が悪い
最小限	サイショウゲン	7622	最小限
まいか	マイカ	7623	まいか
同席	ドウセキ	7624	同席
安らか	ヤスラカ	7625	安らか
娯楽	ゴラク	7626	娯楽
大統領	ダイトウリョウ	7627	大統領
読み上げる	ヨミアゲル	7628	読み上げる
まんまと	マンマト	7629	まんまと
何千	ナンゼン	7630	何千
談笑	ダンショウ	7631	談笑
仕返し	シカエシ	7632	仕返し
毎度	マイド	7633	毎度
取り合う	トリアウ	7634	取り合う
子孫	シソン	7635	子孫
弱まる	ヨワマル	7636	弱まる
お見通し	オミトオシ	7637	お見通し
旅に出る	タビニデル	7638	旅に出る
盛り上げる	モリアゲル	7639	盛り上げる
思い通り	オモイドオリ	7640	思い通り
腹を立てる	ハラヲタテル	7641	腹を立てる
ごゆっくり	ゴユックリ	7642	ごゆっくり
運用	ウンヨウ	7643	運用
簡潔	カンケツ	7644	簡潔
満つ	ミツ	7645	満つ
もち	モチ	7646	もち
絶つ	タツ	7647	断つ
追い返す	オイカエス	7648	追い返す
一様	イチヨウ	7649	一様
改良	カイリョウ	7650	改良
ベース	ベース	7651	ベース
間際	マギワ	7652	間際
限度	ゲンド	7653	限度
何か用	ナンカヨウ	7654	何か用
退散	タイサン	7655	退散
多大	タダイ	7656	多大
とどめる	トドメル	7657	留める
発覚	ハッカク	7658	発覚
空想	クウソウ	7659	空想
泊める	トメル	7660	泊める
語り合う	カタリアウ	7661	語り合う
手っ取り早い	テットリバヤイ	7662	手っ取り早い
ガタガタ	ガタガタ	7663	がたがた
懲りる	コリル	7664	懲りる
自負	ジフ	7665	自負
どうやったら	ドウヤッタラ	7666	どうやったら
お世辞	オセジ	7667	御世辞
形跡	ケイセキ	7668	形跡
依存	イゾン	7669	依存
割く	サク	7670	裂く
確立	カクリツ	7671	確立
充満	ジュウマン	7672	充満
言い過ぎる	イイスギル	7673	言い過ぎる
接点	セッテン	7674	接点
入れ	イレ	7675	入れる
この上	コノウエ	7676	この上
数千	スウセン	7677	数千
業界	ギョウカイ	7678	業界
素朴	ソボク	7679	素朴
絶大	ゼツダイ	7680	絶大
勇敢	ユウカン	7681	勇敢
その下に	ソノシタニ	7682	その下に
味がする	アジガスル	7683	味がする
乗り気	ノリキ	7684	乗り気
さい	サイ	7685	際
おかげさまで	オカゲサマデ	7686	おかげさまで
自分のために	ジブンノタメニ	7687	自分のために
細かいこと	コマカイコト	7688	細かいこと
３	サン	7689	3
早く	ハヤク	7690	早い
話し声	ハナシゴエ	7691	話し声
そうとも	ソウトモ	7692	そうとも
想像がつく	ソウゾウガツク	7693	想像がつく
次に	ツギニ	7694	次に
まったい	マッタイ	7695	まったい
かす	カス	7696	かす
３回	サンカイ	7697	３回
かわる	カワル	7698	かわる
踏みにじる	フミニジル	7699	踏み躙る
思いつき	オモイツキ	7700	思い付き
石	コク	7701	石
対	ツイ	7702	対
悪気	ワルギ	7703	悪気
同一	ドウイツ	7704	同一
反映	ハンエイ	7705	反映
注意深い	チュウイブカイ	7706	注意深い
隅々	スミズミ	7707	隅々
中間	チュウカン	7708	中間
解明	カイメイ	7709	解明
中学校	チュウガッコウ	7710	中学校
出産	シュッサン	7711	出産
サッカー	サッカー	7712	サッカー
押し上げる	オシアゲル	7713	押し上げる
郊外	コウガイ	7714	郊外
親族	シンゾク	7715	親族
弁解	ベンカイ	7716	弁解
不運	フウン	7717	不運
何時間	ナンジカン	7718	何時間
審査	シンサ	7719	審査
怖い顔	コワイカオ	7720	怖い顔
強まる	ツヨマル	7721	強まる
取り入れる	トリイレル	7722	取り入れる
株	カブ	7723	株
実質	ジッシツ	7724	実質
小石	コイシ	7725	小石
誠に	マコトニ	7726	誠に
臭	シュウ	7727	臭い
無知	ムチ	7728	無知
人柄	ヒトガラ	7729	人柄
見苦しい	ミグルシイ	7730	見苦しい
名称	メイショウ	7731	名称
漢字	カンジ	7732	漢字
次ぐ	ツグ	7733	次ぐ
印刷	インサツ	7734	印刷
活発	カッパツ	7735	活発
沿う	ソウ	7736	沿う
発明	ハツメイ	7737	発明
苦	ク	7738	苦
参考になる	サンコウニナル	7739	参考になる
制	セイ	7740	制
過激	カゲキ	7741	過激
っぱ	ッパ	7742	ぱっ
職務	ショクム	7743	職務
会合	カイゴウ	7744	会合
暮れる	クレル	7745	暮れる
番目	バンメ	7746	番目
表明	ヒョウメイ	7747	表明
無口	ムクチ	7748	無口
喜ばしい	ヨロコバシイ	7749	喜ばしい
センター	センター	7750	センター
数回	スウカイ	7751	数回
念入り	ネンイリ	7752	念入り
だるい	ダルイ	7753	怠い
消化	ショウカ	7754	消化
間隔	カンカク	7755	間隔
良好	リョウコウ	7756	良好
押し切る	オシキル	7757	押し切る
全面的	ゼンメンテキ	7758	全面的
蓄える	タクワエル	7759	蓄える
何物	ナニモノ	7760	何物
強要	キョウヨウ	7761	強要
コミュニケーション	コミュニケーション	7762	コミュニケーション
日中	ニッチュウ	7763	日中
かる	カル	7764	かる
愛想	アイソ	7765	愛想
視野	シヤ	7766	視野
産	サン	7767	産
辞退	ジタイ	7768	辞退
愛す	アイス	7769	愛する
意義	イギ	7770	意義
過ぎ去る	スギサル	7771	過ぎ去る
期限	キゲン	7772	期限
早まる	ハヤマル	7773	早まる
参考にする	サンコウニスル	7774	参考にする
注意を払う	チュウイヲハラウ	7775	注意を払う
範囲内	ハンイナイ	7776	範囲内
ギャップ	ギャップ	7777	ギャップ
発行	ハッコウ	7778	発行
食後	ショクゴ	7779	食後
依然として	イゼントシテ	7780	依然として
その道	ソノミチ	7781	その道
か否か	カイナカ	7782	か否か
主要	シュヨウ	7783	主要
し始める	シハジメル	7784	し始める
アプローチ	アプローチ	7785	アプローチ
然	ゼン	7786	然
どころではない	ドコロデハナイ	7787	どころではない
目につく	メニツク	7788	目につく
閉じこもる	トジコモル	7789	閉じ籠もる
かわり	カワリ	7790	かわり
くの	クノ	7791	久の
際に	サイニ	7792	際に
身なり	ミナリ	7793	身形
そろえる	ソロエル	7794	揃える
うつる	ウツル	7795	うつる
ふるう	フルウ	7796	ふるう
たたえる	タタエル	7797	たたえる
ふだん	フダン	7798	普段
年ぶり	ネンブリ	7799	年ぶり
そのくせ	ソノクセ	7800	そのくせ
行	ギョウ	7801	行
米	ベイ	7802	米
着用	チャクヨウ	7803	着用
前者	ゼンシャ	7804	前者
待遇	タイグウ	7805	待遇
乗客	ジョウキャク	7806	乗客
要領	ヨウリョウ	7807	要領
復興	フッコウ	7808	復興
日課	ニッカ	7809	日課
ステップ	ステップ	7810	ステップ
色彩	シキサイ	7811	色彩
需要	ジュヨウ	7812	需要
打ち切る	ウチキル	7813	打ち切る
元来	ガンライ	7814	元来
衝撃的	ショウゲキテキ	7815	衝撃的
乗り出す	ノリダス	7816	乗り出す
を巡って	ヲメグッテ	7817	を巡って
写す	ウツス	7818	写す
連日	レンジツ	7819	連日
一から	イチカラ	7820	一から
総合	ソウゴウ	7821	総合
出版	シュッパン	7822	出版
無関心	ムカンシン	7823	無関心
主催	シュサイ	7824	主催
一目見る	ヒトメミル	7825	一目見る
自分一人	ジブンヒトリ	7826	自分一人
打	ダ	7827	打
葬式	ソウシキ	7828	葬式
肉体的	ニクタイテキ	7829	肉体的
につれ	ニツレ	7830	につれ
仕立てる	シタテル	7831	仕立てる
糧	カテ	7832	糧
乱れ	ミダレ	7833	乱れ
署名	ショメイ	7834	署名
就任	シュウニン	7835	就任
見通し	ミトオシ	7836	見通し
縮まる	チヂマル	7837	縮まる
見通す	ミトオス	7838	見通す
順	ジュン	7839	順
どうしてる	ドウシテル	7840	どうしてる
夜が明ける	ヨガアケル	7841	夜が明ける
呼び名	ヨビナ	7842	呼び名
一軒	イッケン	7843	一軒
破綻	ハタン	7844	破綻
長生き	ナガイキ	7845	長生き
洗練	センレン	7846	洗練
同居	ドウキョ	7847	同居
終始	シュウシ	7848	終始
そうでない	ソウデナイ	7849	そうでない
経歴	ケイレキ	7850	経歴
和らぐ	ヤワラグ	7851	和らぐ
料金	リョウキン	7852	料金
減少	ゲンショウ	7853	減少
立ち上げる	タチアゲル	7854	立ち上げる
対話	タイワ	7855	対話
備わる	ソナワル	7856	備わる
オープン	オープン	7857	オープン
路上	ロジョウ	7858	路上
際立つ	キワダツ	7859	際立つ
分間	フンカン	7860	分間
故障	コショウ	7861	故障
投資	トウシ	7862	投資
安心感	アンシンカン	7863	安心感
感情的	カンジョウテキ	7864	感情的
共同	キョウドウ	7865	共同
良心	リョウシン	7866	良心
組み立てる	クミタテル	7867	組み立てる
日間	ヒアイ	7868	日間
古くから	フルクカラ	7869	古くから
関東	カントウ	7870	関東
発売	ハツバイ	7871	発売
夜遅く	ヨルオソク	7872	夜遅く
悪者	ワルモノ	7873	悪者
金銭	キンセン	7874	金銭
災害	サイガイ	7875	災害
しく	シク	7876	敷く
まく	マク	7877	まく
一端	イッタン	7878	一端
困ったこと	コマッタコト	7879	困ったこと
損なう	ソコナウ	7880	損なう
すます	スマス	7881	すます
わきまえる	ワキマエル	7882	弁える
めったに	メッタニ	7883	めったに
結びつく	ムスビツク	7884	結び付く
うら	ウラ	7885	うら
結びつける	ムスビツケル	7886	結び付ける
見当がつく	ケントウガツク	7887	見当がつく
にあたり	ニアタリ	7888	にあたり
支払い	シハライ	7889	支払い
かぶせる	カブセル	7890	被せる
ありのまま	アリノママ	7891	有りの侭
けが	ケガ	7892	怪我
手をつける	テヲツケル	7893	手をつける
あおる	アオル	7894	あおる
早すぎる	ハヤスギル	7895	早すぎる
ばかりか	バカリカ	7896	ばかりか
立ち会う	タチアウ	7897	立ち会う
顧みる	カエリミル	7898	顧みる
このところ	コノトコロ	7899	このところ
しかた	シカタ	7900	仕方
次	ジ	7901	次
各	オノオノ	7902	各
中にも	ナカニモ	7903	中にも
不都合	フツゴウ	7904	不都合
短期間	タンキカン	7905	短期間
気がある	キガアル	7906	気がある
世話をする	セワヲスル	7907	世話をする
撤回	テッカイ	7908	撤回
半数	ハンスウ	7909	半数
方向性	ホウコウセイ	7910	方向性
後押し	アトオシ	7911	後押し
断固	ダンコ	7912	断固
収集	シュウシュウ	7913	収集
平日	ヘイジツ	7914	平日
軽快	ケイカイ	7915	軽快
実物	ジツブツ	7916	実物
想像力	ソウゾウリョク	7917	想像力
理想的	リソウテキ	7918	理想的
思う存分	オモウゾンブン	7919	思う存分
軸	ジク	7920	軸
痛感	ツウカン	7921	痛感
沖	オキ	7922	沖
集	シュウ	7923	集
改まる	アラタマル	7924	改まる
注視	チュウシ	7925	注視
災難	サイナン	7926	災難
劇的	ゲキテキ	7927	劇的
効率的	コウリツテキ	7928	効率的
遅れ	オクレ	7929	遅れ
印象的	インショウテキ	7930	印象的
身元	ミモト	7931	身元
中心部	チュウシンブ	7932	中心部
負	フ	7933	負
に当たり	ニアタリ	7934	に当たり
政策	セイサク	7935	政策
直面	チョクメン	7936	直面
初めに	ハジメニ	7937	初めに
料	リョウ	7938	料
偏見	ヘンケン	7939	偏見
歴史的	レキシテキ	7940	歴史的
設立	セツリツ	7941	設立
転じる	テンジル	7942	転じる
ならでは	ナラデハ	7943	ならでは
格段	カクダン	7944	格段
繁栄	ハンエイ	7945	繁栄
人気がある	ニンキガアル	7946	人気がある
事実上	ジジツジョウ	7947	事実上
インタビュー	インタビュー	7948	インタビュー
かかわらず	カカワラズ	7949	かかわらず
責任を持つ	セキニンヲモツ	7950	責任を持つ
混雑	コンザツ	7951	混雑
面積	メンセキ	7952	面積
代える	カエル	7953	代える
調	チョウ	7954	調
催す	モヨオス	7955	催す
導入	ドウニュウ	7956	導入
メーカー	メーカー	7957	メーカー
学生時代	ガクセイジダイ	7958	学生時代
南部	ナンブ	7959	南部
不公平	フコウヘイ	7960	不公平
に限らず	ニカギラズ	7961	に限らず
も一つ	モヒトツ	7962	も一つ
生き生き	イキイキ	7963	生き生き
早める	ハヤメル	7964	早める
存続	ソンゾク	7965	存続
痛める	イタメル	7966	痛める
このため	コノタメ	7967	このため
と見られる	トミラレル	7968	と見られる
農家	ノウカ	7969	農家
情勢	ジョウセイ	7970	情勢
いと	イト	7971	いと
たびたび	タビタビ	7972	度々
かれる	カレル	7973	枯れる
ことし	コトシ	7974	今年
１万	イチマン	7975	10000
ふた	フタ	7976	蓋
２週間	ニシュウカン	7977	２週間
あさ	アサ	7978	あさ
インド	インド	7979	インド
みずから	ミズカラ	7980	自ら
１０日	トオカ	7981	１０日
ありあり	アリアリ	7982	ありあり
このように	コノヨウニ	7983	このように
かけ離れる	カケハナレル	7984	掛け離れる
さえない	サエナイ	7985	さえない
１０時	ジュウジ	7986	１０時
なれる	ナレル	7987	なれる
みなす	ミナス	7988	見なす
５日	イツカ	7989	５日
またがる	マタガル	7990	またがる
４年	ヨネン	7991	４年
とらわれる	トラワレル	7992	捕らわれる
急に	キュウニ	7993	急に
心がける	ココロガケル	7994	心掛ける
はねる	ハネル	7995	はねる
心身	シンシン	7996	心身
５	ゴ	7997	5
４つ	ヨッツ	7998	４つ
見なす	ミナス	7999	見なす
しのぐ	シノグ	8000	凌ぐ
末	マツ	8001	末
着	チャク	8002	着
文書	ブンショ	8003	文書
尽力	ジンリョク	8004	尽力
診断	シンダン	8005	診断
交互に	コウゴニ	8006	交互に
日程	ニッテイ	8007	日程
請求	セイキュウ	8008	請求
毎日毎日	マイニチマイニチ	8009	毎日毎日
浸透	シントウ	8010	浸透
省く	ハブク	8011	省く
悩ます	ナヤマス	8012	悩ます
必要性	ヒツヨウセイ	8013	必要性
その一方	ソノイッポウ	8014	その一方
妨げる	サマタゲル	8015	妨げる
便	ビン	8016	便
費	ヒ	8017	費
脱する	ダッスル	8018	脱する
正午	ショウゴ	8019	正午
典型的	テンケイテキ	8020	典型的
親しみ	シタシミ	8021	親しみ
容疑	ヨウギ	8022	容疑
営む	イトナム	8023	営む
日常生活	ニチジョウセイカツ	8024	日常生活
実質的	ジッシツテキ	8025	実質的
手法	シュホウ	8026	手法
格別	カクベツ	8027	格別
適用	テキヨウ	8028	適用
着実	チャクジツ	8029	着実
順序	ジュンジョ	8030	順序
実態	ジッタイ	8031	実態
全体で	ゼンタイデ	8033	全体で
改革	カイカク	8034	改革
無条件	ムジョウケン	8035	無条件
受け付ける	ウケツケル	8036	受け付ける
付け	ツケ	8037	付け
転落	テンラク	8038	転落
措置	ソチ	8039	措置
歴代	レキダイ	8040	歴代
毎月	マイツキ	8041	毎月
富む	トム	8042	富む
極度	キョクド	8043	極度
戦後	センゴ	8044	戦後
言い渡す	イイワタス	8045	言い渡す
従来	ジュウライ	8046	従来
試み	ココロミ	8047	試み
日常的	ニチジョウテキ	8048	日常的
柔軟	ジュウナン	8049	柔軟
掲載	ケイサイ	8050	掲載
担当者	タントウシャ	8051	担当者
世界的	セカイテキ	8052	世界的
防止	ボウシ	8053	防止
病気になる	ビョウキニナル	8054	病気になる
経済的	ケイザイテキ	8055	経済的
横浜	ヨコハマ	8056	横浜
自分なり	ジブンナリ	8057	自分なり
発信	ハッシン	8058	発信
言及	ゲンキュウ	8059	言及
県	ケン	8060	県
実施	ジッシ	8061	実施
近年	キンネン	8062	近年
普及	フキュウ	8063	普及
原則	ゲンソク	8064	原則
訴え	ウッタエ	8065	訴え
進出	シンシュツ	8066	進出
住宅	ジュウタク	8067	住宅
携わる	タズサワル	8068	携わる
インターネット	インターネット	8069	インターネット
転換	テンカン	8070	転換
ビジネス	ビジネス	8071	ビジネス
産業	サンギョウ	8072	産業
第一歩	ダイイッポ	8073	第一歩
自立	ジリツ	8074	自立
民間	ミンカン	8075	民間
定着	テイチャク	8076	定着
望ましい	ノゾマシイ	8077	望ましい
好	コウ	8078	好
長期	チョウキ	8079	長期
不当	フトウ	8080	不当
影響を及ぼす	エイキョウヲオヨボス	8081	影響を及ぼす
厳格	ゲンカク	8082	厳格
個別	コベツ	8083	個別
協議	キョウギ	8084	協議
メディア	メディア	8085	メディア
規制	キセイ	8086	規制
４時	ヨジ	8087	４時
５時	ゴジ	8088	５時
４月	シガツ	8089	４月
ためる	タメル	8090	ためる
当てはまる	アテハマル	8091	当て嵌まる
８時	ハチジ	8092	８時
思いやり	オモイヤリ	8093	思い遣り
はじめとする	ハジメトスル	8094	はじめとする
４日	ヨッカ	8095	４日
ならう	ナラウ	8096	ならう
９時	クジ	8097	９時
６時	ロクジ	8098	６時
７時	シチジ	8099	７時
つなげる	ツナゲル	8100	繋げる
合意	ゴウイ	8101	合意
観点	カンテン	8102	観点
全般	ゼンパン	8103	全般
教訓	キョウクン	8104	教訓
両国	リョウコク	8105	両国
景気	ケイキ	8106	景気
会見	カイケン	8107	会見
輸入	ユニュウ	8108	輸入
意欲	イヨク	8109	意欲
余儀なくされる	ヨギナクサレル	8110	余儀なくされる
相次ぐ	アイツグ	8111	相次ぐ
役割を果たす	ヤクワリヲハタス	8112	役割を果たす
国際	コクサイ	8113	国際
緩和	カンワ	8114	緩和
不可欠	フカケツ	8115	不可欠
先立つ	サキダツ	8116	先立つ
東京都	トウキョウト	8117	東京都
打ち出す	ウチダス	8118	打ち出す
幅広い	ハバヒロイ	8119	幅広い
冒頭	ボウトウ	8120	冒頭
平成	ヘイセイ	8121	平成
に基づいて	ニモトヅイテ	8122	に基づいて
魔物	マモノ	8123	魔物
俺達	オレタチ	8124	俺達
殿下	デンカ	8125	殿下
婚約者	コンヤクシャ	8126	婚約者
令嬢	レイジョウ	8127	令嬢
勇者	ユウシャ	8128	勇者
魔王	マオウ	8129	魔王
陛下	ヘイカ	8130	陛下
スキル	スキル	8131	スキル
隊長	タイチョウ	8132	隊長
魔術	マジュツ	8133	魔術
魔女	マジョ	8134	魔女
国王	コクオウ	8135	国王
王都	オウト	8136	王都
お姉	オネエ	8137	お姉
結界	ケッカイ	8138	結界
帝国	テイコク	8139	帝国
頰	ホオ	8140	頬
嬢	ジョウ	8141	嬢
伯爵	ハクシャク	8142	伯爵
姉さん	ネエサン	8143	姉さん
精霊	セイレイ	8144	精霊
スマホ	スマホ	8145	スマホ
族	ゾク	8146	族
召喚	ショウカン	8147	召喚
王族	オウゾク	8148	王族
使用人	シヨウニン	8149	使用人
おっぱい	オッパイ	8150	おっぱい
公爵	コウシャク	8151	公爵
王女	オウジョ	8152	王女
筈	ハズ	8153	筈
水着	ミズギ	8154	水着
ウチ	ウチ	8155	ウチ
父上	チチウエ	8156	父上
刑事	ケイジ	8157	刑事
勿論	モチロン	8158	勿論
魔法使い	マホウツカイ	8159	魔法使い
声を掛ける	コエヲカケル	8160	声を掛ける
兵器	ヘイキ	8161	兵器
討伐	トウバツ	8162	討伐
エッチ	エッチ	8163	エッチ
クラスメイト	クラスメイト	8164	クラスメート
将軍	ショウグン	8165	将軍
噓	ウソ	8166	嘘
妖精	ヨウセイ	8167	妖精
ボス	ボス	8168	ボス
流石に	サスガニ	8169	流石に
騎士団	キシダン	8170	騎士団
種族	シュゾク	8171	種族
領地	リョウチ	8172	領地
属性	ゾクセイ	8173	属性
リビング	リビング	8174	リビング
寮	リョウ	8175	寮
兄様	ニイサマ	8176	兄様
侍女	ジジョ	8177	侍女
冒険者	ボウケンシャ	8178	冒険者
貴女	キジョ	8179	貴女
王宮	オウキュウ	8180	王宮
異世界	イセカイ	8181	異世界
アイテム	アイテム	8182	アイテム
龍	リュウ	8183	竜
洞窟	ドウクツ	8184	洞窟
ランク	ランク	8185	ランク
変身	ヘンシン	8186	変身
アンタ	アンタ	8187	貴方
このうち	コノウチ	8188	このうち
身につく	ミニツク	8189	身につく
じゃねー	ジャネー	8190	じゃねー
基づく	モトヅク	8191	基づく
オレ	オレ	8192	オレ
アイツ	アイツ	8193	彼奴
ボク	ボク	8194	僕
３月	サンガツ	8195	３月
キミ	キミ	8196	君
はじめに	ハジメニ	8197	はじめに
ハァ	ハァ	8198	はあ
そなた	ソナタ	8199	其方
きみ	キミ	8200	きみ
石	セキ	8201	石
モンスター	モンスター	8202	モンスター
近付く	チカヅク	8203	近付く
領	リョウ	8204	領
領主	リョウシュ	8205	領主
弾丸	ダンガン	8206	弾丸
街道	カイドウ	8207	街道
双子	フタゴ	8208	双子
嚙む	カム	8209	噛む
王様	オウサマ	8210	王様
ドラゴン	ドラゴン	8211	ドラゴン
転移	テンイ	8212	転移
ギルド	ギルド	8213	ギルド
当主	トウシュ	8214	当主
執事	シツジ	8215	執事
魔術師	マジュツシ	8216	魔術師
○	マル	8217	○
里	サト	8218	里
兄ちゃん	ニイチャン	8219	兄ちゃん
喰らう	クラウ	8220	食らう
皇帝	コウテイ	8221	皇帝
王家	オウケ	8222	王家
相棒	アイボウ	8223	相棒
お前さん	オマエサン	8224	お前さん
旦那様	ダンナサマ	8225	旦那様
狩る	カル	8226	狩る
漆黒	シッコク	8227	漆黒
前世	ゼンセイ	8228	前世
摑む	ツカム	8229	掴む
ヒロイン	ヒロイン	8230	ヒロイン
暗殺	アンサツ	8231	暗殺
祭	マツリ	8232	祭
エレベーター	エレベーター	8233	エレベーター
お嬢	オジョウ	8234	お嬢
団長	ダンチョウ	8235	団長
呻く	ウメク	8236	呻く
飛行	ヒコウ	8237	飛行
店長	テンチョウ	8238	店長
王妃	オウヒ	8239	王妃
生徒会	セイトカイ	8240	生徒会
聖女	セイジョ	8241	聖女
神殿	シンデン	8242	神殿
呟き	ツブヤキ	8243	呟き
強張る	コワバル	8244	強張る
姉ちゃん	ネエチャン	8245	姉ちゃん
マント	マント	8246	マント
巨体	キョタイ	8247	巨体
プレイ	プレイ	8248	プレー
声音	セイオン	8249	声音
股間	コカン	8250	股間
鞘	サヤ	8251	鞘
平民	ヘイミン	8252	平民
クッキー	クッキー	8253	クッキー
何処	ドコ	8254	何処
エリア	エリア	8255	エリア
討つ	ウツ	8256	討つ
厨房	チュウボウ	8257	厨房
叩き込む	タタキコム	8258	叩き込む
村人	ムラビト	8259	村人
つーか	ツーカ	8260	つーか
云う	イウ	8261	言う
弾く	ハジク	8262	弾く
足下	アシモト	8263	足下
侯爵	コウシャク	8264	侯爵
屋台	ヤタイ	8265	屋台
息を呑む	イキヲノム	8266	息を呑む
加護	カゴ	8267	加護
盗賊	トウゾク	8268	盗賊
クリスマス	クリスマス	8269	クリスマス
仕留める	シトメル	8270	仕留める
ねん	ネン	8271	ねん
卿	キョウ	8272	卿
探偵	タンテイ	8273	探偵
訊ねる	タズネル	8274	尋ねる
使者	シシャ	8275	使者
激突	ゲキトツ	8276	激突
細める	ホソメル	8277	細める
方が良い	ホウガイイ	8278	方が良い
ぬいぐるみ	ヌイグルミ	8279	縫い包み
事はない	コトハナイ	8280	事はない
コイツ	コイツ	8282	此奴
首をかしげる	クビヲカシゲル	8283	首をかしげる
アタシ	アタシ	8284	私
さー	サー	8285	さ
ご主人様	ゴシュジンサマ	8286	ご主人様
ハア	ハア	8287	はあ
パーティ	パーティ	8288	パーティー
うしろ	ウシロ	8289	後ろ
ウサギ	ウサギ	8290	兎
なにせ	ナニセ	8291	何せ
アハハ	アハハ	8292	あはは
気持	キモチ	8293	気持ち
分る	ワカル	8294	分かる
コレ	コレ	8295	此れ
見やる	ミヤル	8296	見遣る
ううむ	ウウム	8297	うむ
仰る	オッシャル	8298	仰る
おじいちゃん	オジイチャン	8299	おじいちゃん
ぜんぜん	ゼンゼン	8300	全然
警官	ケイカン	8301	警官
唾液	ダエキ	8302	唾液
ワンピース	ワンピース	8303	ワンピース
薔薇	バラ	8304	薔薇
ロボット	ロボット	8305	ロボット
軍人	グンジン	8306	軍人
拳銃	ケンジュウ	8307	拳銃
ピアノ	ピアノ	8308	ピアノ
部員	ブイン	8309	部員
握り締める	ニギリシメル	8310	握り締める
蹴り	ケリ	8311	蹴り
病室	ビョウシツ	8312	病室
包帯	ホウタイ	8313	包帯
じゃろう	ジャロウ	8314	じゃ
従者	ジュウシャ	8315	従者
事にする	コトニスル	8316	事にする
見張り	ミハリ	8317	見張る
乳首	チクビ	8318	乳首
むむ	ムム	8319	むむ
銃声	ジュウセイ	8320	銃声
ちん	チン	8321	ちん
躊躇う	タメラウ	8322	躊躇う
坊	ボウ	8323	坊
ロープ	ロープ	8324	ロープ
くすくす	クスクス	8325	くすくす
締め付ける	シメツケル	8326	締め付ける
カフェ	カフェ	8327	カフェ
結晶	ケッショウ	8328	結晶
広間	ヒロマ	8329	広間
ヶ	ヶ	8330	ヶ
砂漠	サバク	8331	砂漠
叔父	オジ	8332	叔父
巫女	ミコ	8333	巫女
大将	タイショウ	8334	大将
テント	テント	8335	テント
モニター	モニター	8336	モニター
絶頂	ゼッチョウ	8337	絶頂
部室	ブシツ	8338	部室
潜入	センニュウ	8339	潜入
感知	カンチ	8340	感知
邪悪	ジャアク	8341	邪悪
お陰で	オカゲデ	8342	お陰で
鋼	ハガネ	8343	鋼
マイク	マイク	8344	マイク
気持ち良い	キモチイイ	8345	気持ち良い
剣士	ケンシ	8346	剣士
怯む	ヒルム	8347	怯む
バイク	バイク	8348	バイク
治癒	チユ	8349	治癒
ローブ	ローブ	8350	ローブ
蠢く	ウゴメク	8351	蠢く
庭園	テイエン	8352	庭園
抱き締める	ダキシメル	8353	抱き締める
解る	ワカル	8354	分かる
フロア	フロア	8355	フロア
檻	オリ	8356	檻
包囲	ホウイ	8357	包囲
咆哮	ホウコウ	8358	咆哮
乳房	チブサ	8359	乳房
ああん	アアン	8360	ああん
推理	スイリ	8361	推理
軋む	キシム	8362	軋む
雫	シズク	8363	雫
如き	ゴトキ	8364	ごとし
胴体	ドウタイ	8365	胴体
戦術	センジュツ	8366	戦術
閣下	カッカ	8367	閣下
男爵	ダンシャク	8368	男爵
煙草	タバコ	8369	タバコ
無傷	ムキズ	8370	無傷
決闘	ケットウ	8371	決闘
轟音	ゴウオン	8372	轟音
突き立てる	ツキタテル	8373	突き立てる
フード	フード	8374	フード
魔法陣	マホウジン	8375	魔法陣
ぶっちゃける	ブッチャケル	8376	打ち明ける
体育館	タイイクカン	8377	体育館
耐性	タイセイ	8378	耐性
長身	チョウシン	8379	長身
向う	ムカウ	8380	向こう
ソファー	ソファー	8381	ソファー
はー	ハー	8382	はあ
一ヶ月	イッカゲツ	8383	一ヶ月
凍りつく	コオリツク	8384	凍り付く
灯り	アカリ	8385	明かり
あははは	アハハハ	8386	あはは
ネズミ	ネズミ	8387	鼠
悲鳴をあげる	ヒメイヲアゲル	8388	悲鳴をあげる
ツッコミ	ツッコミ	8389	突っ込み
クズ	クズ	8390	くず
おっきい	オッキイ	8391	大きい
だいじょうぶ	ダイジョウブ	8392	大丈夫
デカい	デカイ	8393	でかい
なにしろ	ナニシロ	8394	何しろ
我らが	ワレラガ	8395	我らが
間合い	マアイ	8396	間合い
ふい	フイ	8397	ふい
ご主人	ゴシュジン	8398	ご主人
あのう	アノウ	8399	あの
あいだ	アイダ	8400	間
炎	エン	8401	炎
真	シン	8402	真
アイス	アイス	8403	アイス
丁度	チョウド	8404	丁度
淹れる	イレル	8405	入れる
中々	ナカナカ	8406	中々
激痛	ゲキツウ	8407	激痛
崎	サキ	8408	崎
同盟	ドウメイ	8409	同盟
執務室	シツムシツ	8410	執務室
補給	ホキュウ	8411	補給
チョコ	チョコ	8412	チョコ
折角	セッカク	8413	折角
容易い	タヤスイ	8414	容易い
先代	センダイ	8415	先代
砦	トリデ	8416	砦
子供達	コドモタチ	8417	子供達
薬草	ヤクソウ	8418	薬草
護る	マモル	8419	守る
突き上げる	ツキアゲル	8420	突き上げる
習得	シュウトク	8421	習得
援護	エンゴ	8422	援護
担任	タンニン	8423	担任
追撃	ツイゲキ	8424	追撃
視線を落とす	シセンヲオトス	8425	視線を落とす
お前達	オマエタチ	8426	お前達
跳躍	チョウヤク	8427	跳躍
迷宮	メイキュウ	8428	迷宮
触手	ショクシュ	8429	触手
温もり	ヌクモリ	8430	温もり
エプロン	エプロン	8431	エプロン
上級	ジョウキュウ	8432	上級
壁際	カベギワ	8433	壁際
事が出来る	コトガデキル	8434	事が出来る
祖母	ソボ	8435	祖母
課	カ	8436	課
判る	ワカル	8437	分かる
凛	リン	8438	凛
酒場	サカバ	8439	酒場
変装	ヘンソウ	8440	変装
坊主	ボウズ	8441	坊主
迂闊	ウカツ	8442	迂闊
草原	ソウゲン	8443	草原
壊滅	カイメツ	8444	壊滅
汝	ナ	8445	汝
その辺り	ソノアタリ	8446	その辺り
有る	アル	8447	有る
気合	キアイ	8448	気合い
閃光	センコウ	8449	閃光
筆頭	ヒットウ	8450	筆頭
決戦	ケッセン	8451	決戦
チケット	チケット	8452	チケット
精液	セイエキ	8453	精液
ステータス	ステータス	8454	ステータス
混じり	マジリ	8455	混じる
ひょっとしたら	ヒョットシタラ	8456	ひょっとしたら
鑑定	カンテイ	8457	鑑定
辺境	ヘンキョウ	8458	辺境
無し	ナシ	8459	無し
足止め	アシドメ	8460	足留め
繋がり	ツナガリ	8461	繋がり
列車	レッシャ	8462	列車
斧	オノ	8463	斧
昨晩	サクバン	8464	昨晩
次期	ジキ	8465	次期
無様	ブザマ	8466	無様
浄化	ジョウカ	8467	浄化
傭兵	ヨウヘイ	8468	傭兵
凶悪	キョウアク	8469	凶悪
エロい	エロイ	8470	エロい
兄上	アニウエ	8471	兄上
短剣	タンケン	8472	短剣
歩き始める	アルキハジメル	8473	歩き始める
遺跡	イセキ	8474	遺跡
水晶	スイショウ	8475	水晶
っつー	ッツー	8476	つう
殲滅	センメツ	8477	殲滅
邸	テイ	8478	邸
あの娘	アノコ	8479	あの娘
絡みつく	カラミツク	8480	絡み付く
溜息	タメイキ	8481	溜め息
まー	マー	8482	まー
思いだす	オモイダス	8483	思い出す
クマ	クマ	8484	クマ
殆ど	ホトンド	8485	殆ど
切り札	キリフダ	8486	切り札
ゆう	ユウ	8487	ゆう
キレイ	キレイ	8488	奇麗
太もも	フトモモ	8489	太腿
お主	オヌシ	8490	お主
あはははは	アハハハハ	8491	あはは
つづく	ツヅク	8492	続く
ン	ン	8493	ず
はっはっは	ハッハッハ	8494	ははは
ご存知	ゴゾンジ	8495	御存知
裏切り者	ウラギリモノ	8496	裏切り者
舞	マイ	8497	舞
飛びかかる	トビカカル	8498	飛び掛かる
照れくさい	テレクサイ	8499	照れくさい
すてき	ステキ	8500	素敵
絨毯	ジュウタン	8501	絨毯
文化祭	ブンカサイ	8502	文化祭
ちょっぴり	チョッピリ	8503	ちょっぴり
剣術	ケンジュツ	8504	剣術
チョコレート	チョコレート	8505	チョコレート
消失	ショウシツ	8506	消失
ぎょっと	ギョット	8507	ぎょっと
蝶	チョウ	8508	蝶
秘書	ヒショ	8509	秘書
体育	タイイク	8510	体育
特訓	トックン	8511	特訓
嫁ぐ	トツグ	8512	嫁ぐ
ランプ	ランプ	8513	ランプ
一年生	イチネンセイ	8514	一年生
受け流す	ウケナガス	8515	受け流す
なんざ	ナンザ	8516	なんぞ
江戸	エド	8517	江戸
瞬く間に	マタタクマニ	8518	瞬く間に
腹部	フクブ	8519	腹部
配下	ハイカ	8520	配下
物資	ブッシ	8521	物資
宴	ウタゲ	8522	宴
帝	ミカド	8523	帝
妾	メカケ	8524	妾
三階	サンガイ	8525	三階
訳じゃない	ワケジャナイ	8526	訳じゃない
嘆息	タンソク	8527	嘆息
制圧	セイアツ	8528	制圧
パーセント	パーセント	8529	パーセント
蜜	ミツ	8530	蜜
妖怪	ヨウカイ	8531	妖怪
その事	ソノコト	8532	その事
ダンジョン	ダンジョン	8533	ダンジョン
命中	メイチュウ	8534	命中
てめぇ	テメェ	8535	てまえ
称号	ショウゴウ	8536	称号
助手	ジョシュ	8537	助手
侵入者	シンニュウシャ	8538	侵入者
ベルト	ベルト	8539	ベルト
恐い	コワイ	8540	怖い
回り込む	マワリコム	8541	回り込む
シャッター	シャッター	8542	シャッター
校内	コウナイ	8543	校内
エルフ	エルフ	8544	エルフ
狐	キツネ	8545	狐
セックス	セックス	8546	セックス
看護師	カンゴシ	8547	看護師
きゅっと	キュット	8548	きゅっと
恰好	カッコウ	8549	格好
身に着ける	ミニツケル	8550	身に着ける
革	カワ	8551	革
スルー	スルー	8552	スルー
詠唱	エイショウ	8553	詠唱
マスク	マスク	8554	マスク
至近距離	シキンキョリ	8555	至近距離
料理人	リョウリニン	8556	料理人
唖然	アゼン	8557	唖然
妃	ヒ	8558	妃
火傷	ヤケド	8559	火傷
コンクリート	コンクリート	8560	コンクリート
絵を描く	エヲカク	8561	絵を描く
虚空	コクウ	8562	虚空
無敵	ムテキ	8563	無敵
図書室	トショシツ	8564	図書室
流石	サスガ	8565	流石
処	トコロ	8566	処
異国	イコク	8567	異国
必殺	ヒッサツ	8568	必殺
之	コレ	8569	此れ
亀裂	キレツ	8570	亀裂
幻覚	ゲンカク	8571	幻覚
蹂躙	ジュウリン	8572	蹂躙
金貨	キンカ	8573	金貨
役人	ヤクニン	8574	役人
燃え上がる	モエアガル	8575	燃え上がる
為す	ナス	8576	成す
っしょ	ッショ	8577	です
零れる	コボレル	8578	零れる
射精	シャセイ	8579	射精
もじもじ	モジモジ	8580	もじもじ
片付け	カタヅケ	8581	片付け
開閉	カイヘイ	8582	開閉
距離を詰める	キョリヲツメル	8583	距離を詰める
すげぇ	スゲェ	8584	凄い
ぜんぶ	ゼンブ	8585	全部
それより	ソレヨリ	8586	それより
ワシ	ワシ	8587	わし
友だち	トモダチ	8588	友達
メガネ	メガネ	8589	眼鏡
やけど	ヤケド	8590	火傷
幼なじみ	オサナナジミ	8591	幼馴染み
あした	アシタ	8592	明日
ちょいと	チョイト	8593	一寸
暫く	シバラク	8594	暫く
故に	ユエニ	8595	故に
ぬう	ヌウ	8596	ぬう
幼馴染	オサナナジミ	8597	幼馴染み
忌々しい	イマイマシイ	8598	忌ま忌ましい
カバン	カバン	8599	鞄
我が国	ワガクニ	8600	我が国
教	キョウ	8601	教
浮遊	フユウ	8602	浮遊
電波	デンパ	8603	電波
渾身	コンシン	8604	渾身
女房	ニョウボウ	8605	女房
装着	ソウチャク	8606	装着
守護	シュゴ	8607	守護
前線	ゼンセン	8608	前線
迎撃	ゲイゲキ	8609	迎撃
俺様	オレサマ	8610	俺様
訝しい	イブカシイ	8611	訝しい
個体	コタイ	8612	個体
研究室	ケンキュウシツ	8613	研究室
郎	ロウ	8614	郎
紋章	モンショウ	8615	紋章
初心者	ショシンシャ	8616	初心者
奇襲	キシュウ	8617	奇襲
民衆	ミンシュウ	8618	民衆
混沌	コントン	8619	混沌
目を瞑る	メヲツブル	8620	目を瞑る
残骸	ザンガイ	8621	残骸
顔を背ける	カオヲソムケル	8622	顔を背ける
羞恥	シュウチ	8623	羞恥
鼻で笑う	ハナデワラウ	8624	鼻で笑う
鍛錬	タンレン	8625	鍛練
園	ソノ	8626	園
喘ぐ	アエグ	8627	喘ぐ
学院	ガクイン	8628	学院
呪	ジュ	8629	呪
逢う	アウ	8630	会う
跳ね上がる	ハネアガル	8631	跳ね上がる
接続	セツゾク	8632	接続
戦慄	センリツ	8633	戦慄
瞬く	シバタタク	8634	瞬く
玉座	ギョクザ	8635	玉座
恋人同士	コイビトドウシ	8636	恋人同士
基地	キチ	8637	基地
こくり	コクリ	8638	こくり
ジャンプ	ジャンプ	8639	ジャンプ
指揮官	シキカン	8640	指揮官
ブロック	ブロック	8641	ブロック
雑魚	ザコ	8642	雑魚
男達	オトコダテ	8643	男達
またも	マタモ	8644	またも
致命傷	チメイショウ	8645	致命傷
化ける	バケル	8646	化ける
銃弾	ジュウダン	8647	銃弾
侍	サムライ	8648	侍
髭	ヒゲ	8649	髭
おめえ	オメエ	8650	御前
灯る	トモル	8651	灯る
転生	テンセイ	8652	転生
愛人	アイジン	8653	愛人
呑み込む	ノミコム	8654	飲み込む
鱗	ウロコ	8655	鱗
衆	シュウ	8656	衆
手を繋ぐ	テヲツナグ	8657	手を繋ぐ
工房	コウボウ	8658	工房
壺	ツボ	8659	壺
スパイ	スパイ	8660	スパイ
白髪	シラガ	8661	白髪
客人	キャクジン	8662	客人
妹さん	イモウトサン	8663	妹さん
神話	シンワ	8664	神話
缶	カン	8665	缶
乗っ取る	ノットル	8666	乗っ取る
偵察	テイサツ	8667	偵察
ぼーっと	ボーット	8668	ぼうっと
突っ伏す	ツップス	8669	突っ伏す
将	ショウ	8670	将
新作	シンサク	8671	新作
守	モリ	8672	守
噴く	フク	8673	吹く
ゾンビ	ゾンビ	8674	ゾンビ
跪く	ヒザマズク	8675	跪く
解	カイ	8676	解
占い	ウラナイ	8677	占い
寝台	シンダイ	8678	寝台
案件	アンケン	8679	案件
反転	ハンテン	8680	反転
言葉に詰まる	コトバニツマル	8681	言葉に詰まる
いままで	イママデ	8682	いままで
こみ上げる	コミアゲル	8683	込み上げる
見つめ合う	ミツメアウ	8684	見つめ合う
口をつぐむ	クチヲツグム	8685	口をつぐむ
おぞましい	オゾマシイ	8686	悍ましい
けども	ケドモ	8687	けども
メシ	メシ	8688	飯
事ができる	コトガデキル	8689	事ができる
ちくしょう	チクショウ	8690	畜生
冷ややか	ヒヤヤカ	8691	冷ややか
かれ	カレ	8692	彼
やわらかい	ヤワラカイ	8693	やわらかい
ワケ	ワケ	8694	訳
口ごもる	クチゴモル	8695	口籠もる
そのあたり	ソノアタリ	8696	そのあたり
ふたたび	フタタビ	8697	再び
ため息を吐く	タメイキヲツク	8698	ため息を吐く
ほお	ホオ	8699	ほう
死神	シニガミ	8700	死神
クッション	クッション	8701	クッション
暗黒	アンコク	8702	暗黒
にも関わらず	ニモカカワラズ	8703	にも関わらず
虚ろ	ウツロ	8704	虚ろ
笛	フエ	8705	笛
商会	ショウカイ	8706	商会
羽目になる	ハメニナル	8707	羽目になる
数名	スウメイ	8708	数名
羊	ヒツジ	8709	羊
一万	イチマン	8710	10000
凶器	キョウキ	8711	凶器
生徒会長	セイトカイチョウ	8712	生徒会長
吸血鬼	キュウケツキ	8713	吸血鬼
神々	カミガミ	8714	神々
奏でる	カナデル	8715	奏でる
銃口	ジュウコウ	8716	銃口
液	エキ	8717	液
理	リ	8718	理
井戸	イド	8719	井戸
女子生徒	ジョシセイト	8720	女子生徒
何せ	ナニセ	8721	何せ
絵本	エホン	8722	絵本
一団	イチダン	8723	一団
城壁	ジョウヘキ	8724	城壁
どする	ドスル	8725	度する
顔を歪める	カオヲユガメル	8726	顔を歪める
ストーカー	ストーカー	8727	ストーカー
身体能力	シンタイノウリョク	8728	身体能力
虚しい	ムナシイ	8729	空しい
サンドイッチ	サンドイッチ	8730	サンドイッチ
手を挙げる	テヲアゲル	8731	手を挙げる
武士	ブシ	8732	武士
王城	オウジョウ	8733	王城
零す	コボス	8734	零す
に付いて	ニツイテ	8735	に付いて
駐車場	チュウシャジョウ	8736	駐車場
買い取る	カイトル	8737	買い取る
繫がる	ツナガル	8738	繋がる
幾つか	イクツカ	8739	幾つか
仕様	シヨウ	8740	仕様
使い手	ツカイテ	8741	使い手
暗がり	クラガリ	8742	暗がり
挿入	ソウニュウ	8743	挿入
装甲	ソウコウ	8744	装甲
尋問	ジンモン	8745	尋問
尾行	ビコウ	8746	尾行
女子高生	ジョシコウセイ	8747	女子高生
兎	ウサギ	8748	兎
君達	キミタチ	8749	君達
眉を寄せる	マユヲヨセル	8750	眉を寄せる
予定通り	ヨテイドオリ	8751	予定通り
彷徨う	サマヨウ	8752	さ迷う
浴衣	ユカタ	8753	浴衣
魅了	ミリョウ	8754	魅了
撃退	ゲキタイ	8755	撃退
眼下	ガンカ	8756	眼下
正座	セイザ	8757	正座
炸裂	サクレツ	8758	炸裂
校門	コウモン	8759	校門
茂み	シゲミ	8760	茂み
苦々しい	ニガニガシイ	8761	苦々しい
ソース	ソース	8763	ソース
浸かる	ツカル	8764	浸かる
処女	ショジョ	8765	処女
純白	ジュンパク	8766	純白
彼女自身	カノジョジシン	8767	彼女自身
脈	ミャク	8768	脈
神官	シンカン	8769	神官
奥歯	オクバ	8770	奥歯
転校	テンコウ	8771	転校
宿屋	ヤドヤ	8772	宿屋
伊達	ダテ	8773	伊達
魔獣	マジュウ	8774	魔獣
変換	ヘンカン	8775	変換
駆け上がる	カケアガル	8776	駆け上がる
滅ぶ	ホロブ	8777	滅ぶ
押し黙る	オシダマル	8778	押し黙る
射撃	シャゲキ	8779	射撃
課長	カチョウ	8780	課長
家出	イエデ	8781	家出
集落	シュウラク	8782	集落
声を張り上げる	コエヲハリアゲル	8783	声を張り上げる
リンゴ	リンゴ	8784	林檎
後ずさる	アトズサル	8785	後退る
まぶた	マブタ	8786	瞼
立ちあがる	タチアガル	8787	立ち上がる
クラブ	クラブ	8788	クラブ
さわる	サワル	8789	さわる
たずねる	タズネル	8790	たずねる
つう	ツウ	8791	つう
アハハハ	アハハハ	8792	あはは
出入り口	デイリグチ	8793	出入り口
じいさん	ジイサン	8794	じいさん
くらう	クラウ	8795	食らう
訳ではない	ワケデハナイ	8796	訳ではない
寄りかかる	ヨリカカル	8797	寄り掛かる
けん	ケン	8798	けん
まとわりつく	マトワリツク	8799	纏わり付く
あいだに	アイダニ	8800	あいだに
土	ド	8801	土
ぶっ	ブッ	8802	ぶっ
侵攻	シンコウ	8803	侵攻
男子生徒	ダンシセイト	8804	男子生徒
物凄い	モノスゴイ	8805	物凄い
一手	イッテ	8806	一手
無いと	ナイト	8807	無いと
眼光	ガンコウ	8808	眼光
宮殿	キュウデン	8809	宮殿
授業中	ジュギョウチュウ	8810	授業中
階段を上る	カイダンヲノボル	8811	階段を上る
桃	モモ	8812	桃
玩具	オモチャ	8813	玩具
瓦礫	ガレキ	8814	瓦礫
目を凝らす	メヲコラス	8815	目を凝らす
きょろきょろ	キョロキョロ	8816	きょろきょろ
先導	センドウ	8817	先導
口の端	クチノハ	8818	口の端
砲	ホウ	8819	砲
弄る	イジル	8820	弄る
書斎	ショサイ	8821	書斎
監禁	カンキン	8822	監禁
言葉通り	コトバドオリ	8823	言葉通り
要塞	ヨウサイ	8824	要塞
全裸	ゼンラ	8825	全裸
採取	サイシュ	8826	採取
階層	カイソウ	8827	階層
僕達	ボクタチ	8828	僕達
紅い	アカイ	8829	赤い
木製	モクセイ	8830	木製
旅人	タビビト	8831	旅人
ラーメン	ラーメン	8832	ラーメン
八十	ハチジュウ	8833	八十
区画	クカク	8834	区画
レシピ	レシピ	8835	レシピ
射る	イル	8836	射る
重量	ジュウリョウ	8837	重量
側近	ソッキン	8838	側近
背筋を伸ばす	セスジヲノバス	8839	背筋を伸ばす
子爵	シシャク	8840	子爵
難易度	ナンイド	8841	難易度
手を叩く	テヲタタク	8842	手を叩く
力を抜く	チカラヲヌク	8843	力を抜く
リアクション	リアクション	8844	リアクション
白衣	ハクイ	8845	白衣
イエス	イエス	8846	イエス
げっ	ゲッ	8847	げえ
急かす	セカス	8848	急かす
トンネル	トンネル	8849	トンネル
保健室	ホケンシツ	8850	保健室
某	ボウ	8851	某
バイバイ	バイバイ	8852	バイバイ
正論	セイロン	8853	正論
トラウマ	トラウマ	8854	トラウマ
銀髪	ギンパツ	8855	銀髪
又	マタ	8856	又
双	ソウ	8857	双
反則	ハンソク	8858	反則
同調	ドウチョウ	8859	同調
ぶんぶん	ブンブン	8860	ぶんぶん
慈悲	ジヒ	8861	慈悲
彼等	カレラ	8862	彼等
爺	ジジ	8863	爺
ごくり	ゴクリ	8864	ごくり
命を奪う	イノチヲウバウ	8865	命を奪う
シート	シート	8866	シート
撒く	マク	8867	撒く
宰相	サイショウ	8868	宰相
大袈裟	オオゲサ	8869	大袈裟
鬱陶しい	ウットウシイ	8870	鬱陶しい
胴	ドウ	8871	胴
イラスト	イラスト	8872	イラスト
殺し合う	コロシアウ	8873	殺し合う
お嫁さん	オヨメサン	8874	お嫁さん
畜生	チクショウ	8875	畜生
苦悶	クモン	8876	苦悶
屍	シカバネ	8877	屍
プロポーズ	プロポーズ	8878	プロポーズ
遊園地	ユウエンチ	8879	遊園地
車両	シャリョウ	8880	車両
攻撃力	コウゲキリョク	8881	攻撃力
もどる	モドル	8882	戻る
すげー	スゲー	8883	凄い
オチ	オチ	8884	オチ
現われる	アラワレル	8885	現れる
なになに	ナニナニ	8886	何々
ゴメン	ゴメン	8887	御免
うなる	ウナル	8888	うなる
不意に	フイニ	8889	不意に
へい	ヘイ	8890	へい
にやにや	ニヤニヤ	8891	にやにや
コラ	コラ	8892	こら
ゆうべ	ユウベ	8893	昨夜
どのみち	ドノミチ	8894	どの道
おじいさん	オジイサン	8895	おじいさん
ぼろぼろ	ボロボロ	8896	ぼろぼろ
夕暮れ	ユウグレ	8897	夕暮れ
変る	カワル	8898	変わる
だれか	ダレカ	8899	だれか
とたん	トタン	8900	途端
原	ゲン	8901	原
花嫁	ハナヨメ	8902	花嫁
羽根	ハネ	8903	羽根
風呂場	フロバ	8904	風呂場
捻る	ヒネル	8905	捻る
物理	ブツリ	8906	物理
封	フウ	8907	封
あんま	アンマ	8908	あんま
真上	マウエ	8909	真上
想定外	ソウテイガイ	8910	想定外
ゲート	ゲート	8911	ゲート
本命	ホンメイ	8912	本命
大男	オオオトコ	8913	大男
斬撃	ザンゲキ	8914	斬撃
羽ばたく	ハバタク	8915	羽ばたく
問答無用	モンドウムヨウ	8916	問答無用
軍勢	グンゼイ	8917	軍勢
言葉を紡ぐ	コトバヲツムグ	8918	言葉を紡ぐ
手帳	テチョウ	8919	手帳
寝転がる	ネコロガル	8920	寝転がる
寄越す	ヨコス	8921	寄越す
四月	シガツ	8922	四月
千年	センネン	8923	千年
仮説	カセツ	8924	仮説
威圧感	イアツカン	8925	威圧感
背中を向ける	セナカヲムケル	8926	背中を向ける
たじろぐ	タジログ	8927	たじろぐ
歌声	ウタゴエ	8928	歌声
言葉を切る	コトバヲキル	8929	言葉を切る
恐るべき	オソルベキ	8930	恐るべき
私服	シフク	8931	私服
溢れ出す	アフレダス	8932	溢れ出す
ペニス	ペニス	8933	ペニス
会議室	カイギシツ	8934	会議室
失踪	シッソウ	8935	失踪
裏口	ウラグチ	8936	裏口
水色	ミズイロ	8937	水色
信者	シンジャ	8938	信者
連行	レンコウ	8939	連行
シチュエーション	シチュエーション	8940	シチュエーション
ゲット	ゲット	8941	ゲット
膨れる	フクレル	8942	膨れる
部外者	ブガイシャ	8943	部外者
水中	スイチュウ	8944	水中
勧誘	カンユウ	8945	勧誘
王太子	オウタイシ	8946	王太子
憶える	オボエル	8947	覚える
罪人	ザイニン	8948	罪人
脱がす	ヌガス	8949	脱がす
魔族	マゾク	8950	魔族
紙袋	カミブクロ	8951	紙袋
しゃがみ込む	シャガミコム	8952	しゃがみ込む
顔を覆う	カオヲオオウ	8953	顔を覆う
ぼうっと	ボウット	8954	ぼうっと
鶏	ニワトリ	8955	鶏
異形	イギョウ	8956	異形
囮	オトリ	8957	囮
有	ユウ	8958	有
収納	シュウノウ	8959	収納
っつう	ッツウ	8960	つう
体中	カラダジュウ	8961	体中
張り詰める	ハリツメル	8962	張り詰める
女優	ジョユウ	8963	女優
獅子	シシ	8964	獅子
ロビー	ロビー	8965	ロビー
尚	ナオ	8966	猶
降伏	コウフク	8967	降伏
見惚れる	ミトレル	8968	見惚れる
水音	ミズオト	8969	水音
姫様	ヒメサマ	8970	姫様
縋る	スガル	8971	縋る
口に含む	クチニフクム	8972	口に含む
子犬	コイヌ	8973	子犬
引き留める	ヒキトメル	8974	引き留める
回想	カイソウ	8975	回想
襲い掛かる	オソイカカル	8976	襲い掛かる
たん	タン	8977	たん
大分	ダイブ	8978	大分
花びら	ハナビラ	8979	花弁
ぬぐう	ヌグウ	8980	拭う
腕組み	ウデグミ	8981	腕組み
まじ	マジ	8982	まじ
切っ先	キッサキ	8983	切っ先
なにも	ナニモ	8984	なにも
うわさ	ウワサ	8985	噂
クソッ	クソッ	8986	くそ
見習い	ミナライ	8987	見習い
はずす	ハズス	8988	外す
溜息をつく	タメイキヲツク	8989	溜息をつく
おそるおそる	オソルオソル	8990	恐る恐る
頑な	カタクナ	8991	頑な
かわいらしい	カワイラシイ	8992	可愛らしい
ウフフ	ウフフ	8993	うふふ
おにぎり	オニギリ	8994	御握り
わるい	ワルイ	8995	悪い
これぐらい	コレグライ	8996	これぐらい
色合い	イロアイ	8997	色合い
おやつ	オヤツ	8998	御八つ
月明かり	ツキアカリ	8999	月明かり
バッチリ	バッチリ	9000	ばっちり
聖	ヒジリ	9001	聖
羽	ワ	9002	羽根
系統	ケイトウ	9004	系統
勝者	ショウシャ	9005	勝者
四肢	シシ	9006	四肢
強敵	キョウテキ	9007	強敵
脆い	モロイ	9008	脆い
謁見	エッケン	9009	謁見
素手	スデ	9010	素手
お茶会	オチャカイ	9011	お茶会
分解	ブンカイ	9012	分解
レア	レア	9013	レア
はしたない	ハシタナイ	9014	はしたない
そんで	ソンデ	9015	そんで
出力	シュツリョク	9016	出力
プレイヤー	プレイヤー	9017	プレーヤー
初恋	ハツコイ	9018	初恋
程に	ホドニ	9019	程に
五月	ゴガツ	9020	五月
咥える	クワエル	9021	銜える
殺到	サットウ	9022	殺到
滴る	シタタル	9023	滴る
孕む	ハラム	9024	孕む
細身	ホソミ	9025	細身
冷気	レイキ	9026	冷気
凶暴	キョウボウ	9027	凶暴
警護	ケイゴ	9028	警護
声色	コワイロ	9029	声色
部品	ブヒン	9030	部品
肩を竦める	カタヲスクメル	9031	肩を竦める
機体	キタイ	9032	機体
逡巡	シュンジュン	9033	逡巡
着信音	チャクシンオン	9034	着信音
出来るだけ	デキルダケ	9035	出来るだけ
サラダ	サラダ	9036	サラダ
賊	ゾク	9037	賊
突き	ツキ	9038	突き
悪役	アクヤク	9039	悪役
己が	オノガ	9040	己が
傷を負う	キズヲオウ	9041	傷を負う
噴水	フンスイ	9042	噴水
小首を傾げる	コクビヲカシゲル	9043	小首を傾げる
ライブ	ライブ	9044	ライブ
ラジオ	ラジオ	9045	ラジオ
一際	ヒトキワ	9046	一際
オーケー	オーケー	9047	オーケー
星空	ホシゾラ	9048	星空
消し去る	ケシサル	9049	消し去る
特化	トッカ	9050	特化
口説く	クドク	9051	口説く
貫通	カンツウ	9052	貫通
ぼやく	ボヤク	9053	ぼやく
膨れ上がる	フクレアガル	9054	膨れ上がる
お喋り	オシャベリ	9055	お喋り
捕獲	ホカク	9056	捕獲
愛撫	アイブ	9057	愛撫
創造	ソウゾウ	9058	創造
と言うか	トイウカ	9059	と言うか
躱す	カワス	9060	躱す
蜘蛛	クモ	9061	蜘蛛
エスコート	エスコート	9062	エスコート
敵に回す	テキニマワス	9063	敵に回す
耐えきれる	タエキレル	9064	耐えきれる
ガード	ガード	9065	ガード
悶える	モダエル	9066	悶える
相対	ソウタイ	9067	相対
薪	マキ	9068	薪
粉砕	フンサイ	9069	粉砕
飛び立つ	トビタツ	9071	飛び立つ
お皿	オサラ	9072	お皿
そういうことなら	ソウイウコトナラ	9073	そういうことなら
ぐちゃぐちゃ	グチャグチャ	9074	ぐちゃぐちゃ
生身	ナマミ	9075	生身
シルエット	シルエット	9076	シルエット
込み上げる	コミアゲル	9077	込み上げる
早足	ハヤアシ	9078	早足
目玉	メダマ	9079	目玉
身を起こす	ミヲオコス	9080	身を起こす
コスプレ	コスプレ	9081	コスプレ
引き締める	ヒキシメル	9082	引き締める
やない	ヤナイ	9083	やない
パンチ	パンチ	9084	パンチ
楽園	ラクエン	9085	楽園
着信	チャクシン	9086	着信
大人びる	オトナビル	9087	大人びる
おやじ	オヤジ	9088	親父
くれてやる	クレテヤル	9089	くれてやる
おばちゃん	オバチャン	9090	おばちゃん
うめき声	ウメキゴエ	9091	呻き声
口づけ	クチヅケ	9092	口付け
おおよそ	オオヨソ	9093	大凡
あらわれる	アラワレル	9094	あらわれる
なんだっけ	ナンダッケ	9095	なんだっけ
あてがう	アテガウ	9096	宛てがう
ギュッと	ギュット	9097	ギュッと
さきほど	サキホド	9098	先程
ズル	ズル	9099	ずる
キャー	キャー	9100	きゃあ
がっくり	ガックリ	9101	がっくり
悪党	アクトウ	9102	悪党
旅館	リョカン	9103	旅館
偽装	ギソウ	9104	擬装
遂に	ツイニ	9105	遂に
得体の知れない	エタイノシレナイ	9106	得体の知れない
体型	タイケイ	9107	体型
パジャマ	パジャマ	9108	パジャマ
三月	サンガツ	9109	三月
ひんやり	ヒンヤリ	9110	ひんやり
手綱	タヅナ	9111	手綱
シリーズ	シリーズ	9112	シリーズ
皆殺し	ミナゴロシ	9113	皆殺し
香	コウ	9114	香
交差	コウサ	9115	交差
梅	ウメ	9116	梅
目をつぶる	メヲツブル	9117	目をつぶる
閃く	ヒラメク	9118	閃く
変形	ヘンケイ	9119	変形
隊員	タイイン	9120	隊員
幻影	ゲンエイ	9121	幻影
給仕	キュウジ	9122	給仕
無くす	ナクス	9123	無くす
治める	オサメル	9124	治める
ロック	ロック	9125	ロック
オリジナル	オリジナル	9126	オリジナル
近衛	コノエ	9127	近衛
当然ながら	トウゼンナガラ	9128	当然ながら
注ぎ込む	ソソギコム	9129	注ぎ込む
不能	フノウ	9130	不能
酸素	サンソ	9131	酸素
破壊力	ハカイリョク	9132	破壊力
即死	ソクシ	9133	即死
か細い	カボソイ	9134	か細い
刺繍	シシュウ	9135	刺繍
プリント	プリント	9136	プリント
嫌悪感	ケンオカン	9137	嫌悪感
サンキュー	サンキュー	9138	サンキュー
出掛ける	デカケル	9139	出掛ける
携える	タズサエル	9140	携える
融合	ユウゴウ	9141	融合
取得	シュトク	9142	取得
あご	アゴ	9143	あご
はて	ハテ	9144	はて
半身	ハンシン	9145	半身
ぴくり	ピクリ	9146	ぴくり
ビクビク	ビクビク	9147	びくびく
手の平	テノヒラ	9148	掌
廃墟	ハイキョ	9149	廃虚
祭壇	サイダン	9150	祭壇
片腕	カタウデ	9151	片腕
数値	スウチ	9152	数値
道場	ドウジョウ	9153	道場
創る	ツクル	9154	作る
時間を稼ぐ	ジカンヲカセグ	9155	時間を稼ぐ
死骸	シガイ	9156	死骸
馬鹿げる	バカゲル	9157	馬鹿げる
封鎖	フウサ	9158	封鎖
健気	ケナゲ	9159	健気
隣国	リンゴク	9160	隣国
人体	ジンタイ	9161	人体
職員室	ショクインシツ	9162	職員室
独り	ヒトリ	9163	独り
押し潰す	オシツブス	9164	押し潰す
爺さん	ジイサン	9165	爺さん
対戦	タイセン	9166	対戦
自我	ジガ	9167	自我
興味津々	キョウミシンシン	9168	興味津々
他ならない	ホカナラナイ	9169	他ならない
揉める	モメル	9170	揉める
パーツ	パーツ	9171	パーツ
眼球	ガンキュウ	9172	眼球
喉を鳴らす	ノドヲナラス	9173	喉を鳴らす
引き締まる	ヒキシマル	9174	引き締まる
第五	ダイゴ	9175	第五
距離感	キョリカン	9176	距離感
返信	ヘンシン	9177	返信
するり	スルリ	9178	するり
脱力	ダツリョク	9179	脱力
いじめ	イジメ	9180	苛め
コ	コ	9181	こ
かけら	カケラ	9182	欠片
ソレ	ソレ	9183	其れ
ひとしきり	ヒトシキリ	9184	一頻り
よぎる	ヨギル	9185	過る
マネ	マネ	9186	マネ
むろん	ムロン	9187	無論
かたち	カタチ	9188	形
こんど	コンド	9189	今度
どいつもこいつも	ドイツモコイツモ	9190	どいつもこいつも
おんなじ	オンナジ	9191	同じ
名残惜しい	ナゴリオシイ	9192	名残惜しい
噛みしめる	カミシメル	9193	噛み締める
まみれ	マミレ	9194	塗れる
そういや	ソウイヤ	9195	そういや
落ちつく	オチツク	9196	落ち着く
かわりに	カワリニ	9197	かわりに
よける	ヨケル	9198	避ける
グッと	グット	9199	グッと
口をつける	クチヲツケル	9200	口をつける
水	スイ	9201	水
側	ソバ	9202	側
空く	スク	9203	空く
素	モト	9204	素
宮廷	キュウテイ	9205	宮廷
砂浜	スナハマ	9206	砂浜
棘	トゲ	9207	棘
細胞	サイボウ	9208	細胞
攫う	サラウ	9209	攫う
死角	シカク	9210	死角
手持ち	テモチ	9211	手持ち
グラウンド	グラウンド	9212	グラウンド
勝敗	ショウハイ	9213	勝敗
階下	カイカ	9214	階下
婚姻	コンイン	9215	婚姻
十歳	ジュッサイ	9216	十歳
亀	カメ	9217	亀
校長	コウチョウ	9218	校長
魔道	マドウ	9219	魔道
両肩	リョウカタ	9220	両肩
思い至る	オモイイタル	9221	思い至る
運び込む	ハコビコム	9222	運び込む
地形	チケイ	9223	地形
勝ち目	カチメ	9224	勝ち目
香水	コウスイ	9225	香水
刀身	トウシン	9226	刀身
近隣	キンリン	9227	近隣
体を起こす	カラダヲオコス	9228	体を起こす
一組	ヒトクミ	9229	一組
反	ハン	9230	反
不味い	マズイ	9231	不味い
懸ける	カケル	9232	掛ける
敬礼	ケイレイ	9233	敬礼
万一	マンイチ	9234	万一
鷹	タカ	9235	鷹
組み込む	クミコム	9236	組み込む
実体	ジッタイ	9237	実体
優	ユウ	9238	優
鼻息	ハナイキ	9239	鼻息
呆ける	ボケル	9240	惚ける
怒声	ドセイ	9241	怒声
連絡先	レンラクサキ	9242	連絡先
編む	アム	9243	編む
判別	ハンベツ	9244	判別
思いきや	オモイキヤ	9245	思いきや
砕け散る	クダケチル	9246	砕け散る
人混み	ヒトゴミ	9247	人込み
堪る	タマル	9248	堪る
目配せ	メクバセ	9249	目配せ
微動	ビドウ	9250	微動
兵隊	ヘイタイ	9251	兵隊
波打つ	ナミウツ	9252	波打つ
しょんぼり	ションボリ	9253	しょんぼり
拡散	カクサン	9254	拡散
応答	オウトウ	9255	応答
微笑みかける	ホホエミカケル	9256	微笑みかける
勝ち誇る	カチホコル	9257	勝ち誇る
御用	ゴヨウ	9258	御用
損傷	ソンショウ	9259	損傷
殿	トノ	9260	殿
強度	キョウド	9261	強度
ぼやける	ボヤケル	9262	ぼやける
視覚	シカク	9263	視覚
絹	キヌ	9264	絹
強者	キョウシャ	9265	強者
吊り上げる	ツリアゲル	9266	吊り上げる
衛兵	エイヘイ	9267	衛兵
毛皮	ケガワ	9268	毛皮
洗脳	センノウ	9269	洗脳
無残	ムザン	9270	無残
セクハラ	セクハラ	9271	セクハラ
鈍感	ドンカン	9272	鈍感
別荘	ベッソウ	9273	別荘
端末	タンマツ	9274	端末
たった一つ	タッタヒトツ	9275	たった一つ
両目	リョウメ	9276	両目
喚く	ワメク	9277	喚く
路	ジ	9278	路
こぼれ落ちる	コボレオチル	9279	零れ落ちる
引きこもる	ヒキコモル	9280	引き籠もる
先ほどから	サキホドカラ	9281	先ほどから
１番	イチバン	9282	一番
ははあ	ハハア	9283	ははあ
なにもない	ナニモナイ	9284	なにもない
これっぽっち	コレッポッチ	9285	これっぽっち
チラリ	チラリ	9286	ちらり
あだ名	アダナ	9287	渾名
多め	オオメ	9288	多め
詫びる	ワビル	9289	詫びる
ふつう	フツウ	9290	普通
ムダ	ムダ	9291	無駄
アア	アア	9292	アア
ひらく	ヒラク	9293	開く
ひときわ	ヒトキワ	9294	一際
まじめ	マジメ	9295	真面目
浮き上がる	ウキアガル	9296	浮き上がる
足手まとい	アシデマトイ	9297	足手まとい
サラ	サラ	9298	サラ
かき消す	カキケス	9299	掻き消す
この度	コノタビ	9300	この度
里	リ	9301	里
塾	ジュク	9302	塾
軍団	グンダン	9303	軍団
障壁	ショウヘキ	9304	障壁
門番	モンバン	9305	門番
では無い	デハナイ	9306	では無い
Ｔシャツ	ティーシャツ	9307	Tシャツ
ジャケット	ジャケット	9308	ジャケット
火照る	ホテル	9309	火照る
打ち付ける	ウチツケル	9310	打ち付ける
即ち	スナワチ	9311	即ち
山道	ヤマミチ	9312	山道
恍惚	コウコツ	9313	恍惚
小指	コユビ	9314	小指
極まりない	キワマリナイ	9315	極まりない
滑り込む	スベリコム	9316	滑り込む
領土	リョウド	9317	領土
ジ	ジ	9318	ジ
轟く	トドロク	9319	轟く
付与	フヨ	9320	付与
あっと	アット	9321	あっと
世間話	セケンバナシ	9322	世間話
重々しい	オモオモシイ	9323	重々しい
時間稼ぎ	ジカンカセギ	9324	時間稼ぎ
前置き	マエオキ	9325	前置き
愚か者	オロカモノ	9326	愚か者
宙に浮く	チュウニウク	9327	宙に浮く
逝く	イク	9328	逝く
たま	タマ	9329	偶
場違い	バチガイ	9330	場違い
重傷	ジュウショウ	9331	重傷
首輪	クビワ	9332	首輪
赤面	セキメン	9333	赤面
ゴム	ゴム	9334	ゴム
村長	ソンチョウ	9335	村長
異質	イシツ	9336	異質
蒼い	アオイ	9337	青い
伸びをする	ノビヲスル	9338	伸びをする
辛うじて	カロウジテ	9339	辛うじて
脱ぎ捨てる	ヌギステル	9340	脱ぎ捨てる
高位	コウイ	9341	高位
アクセサリー	アクセサリー	9342	アクセサリー
補佐	ホサ	9343	補佐
面接	メンセツ	9344	面接
吐き気	ハキケ	9345	吐き気
剣を抜く	ツルギヲヌク	9346	剣を抜く
の様に	ノヨウニ	9347	の様に
留学	リュウガク	9348	留学
何処か	ドコカ	9349	何処か
伝承	デンショウ	9350	伝承
母ちゃん	カアチャン	9351	母ちゃん
隔離	カクリ	9352	隔離
お仕置き	オシオキ	9353	お仕置き
石畳	イシダタミ	9354	石畳
飛び回る	トビマワル	9355	飛び回る
咳	セキ	9356	咳
授かる	サズカル	9357	授かる
ファイル	ファイル	9358	ファイル
援軍	エングン	9359	援軍
儀	ギ	9360	儀
子猫	コネコ	9361	子猫
飛び越える	トビコエル	9362	飛び越える
目を見張る	メヲミハル	9363	目を見張る
赤子	アカゴ	9364	赤子
真下	マシタ	9365	真下
編集	ヘンシュウ	9366	編集
切り替わる	キリカワル	9367	切り替わる
血が流れる	チガナガレル	9368	血が流れる
迷子	マイゴ	9369	迷子
撃破	ゲキハ	9370	撃破
躍る	オドル	9371	躍る
継承	ケイショウ	9372	継承
だからと言って	ダカラトイッテ	9373	だからと言って
舌を出す	シタヲダス	9374	舌を出す
至急	シキュウ	9375	至急
同胞	ドウホウ	9376	同胞
合宿	ガッシュク	9377	合宿
仇	アダ	9378	仇
騎	キ	9379	騎
言葉を返す	コトバヲカエス	9380	言葉を返す
目尻	メジリ	9381	目尻
腕力	ワンリョク	9382	腕力
後継者	コウケイシャ	9383	後継者
ハ	ハ	9384	ハ
ちっぽけ	チッポケ	9385	ちっぽけ
ほー	ホー	9386	ほう
結局のところ	ケッキョクノトコロ	9387	結局のところ
２階	ニカイ	9388	２階
引き渡す	ヒキワタス	9389	引き渡す
引き止める	ヒキトメル	9390	引き止める
しかしながら	シカシナガラ	9391	しかしながら
たどりつく	タドリツク	9392	辿り着く
おまえら	オマエラ	9393	おまえら
呼び出し	ヨビダシ	9394	呼び出し
ぎゃあ	ギャア	9395	ぎゃあ
振りかぶる	フリカブル	9396	振り被る
はじく	ハジク	9397	弾く
モン	モン	9398	モン
えっち	エッチ	9399	エッチ
音をたてる	オトヲタテル	9400	音をたてる
裏手	ウラテ	9401	裏手
ずるずる	ズルズル	9402	ずるずる
丸ごと	マルゴト	9403	丸ごと
軽	ケイ	9404	軽
立ち位置	タチイチ	9405	立ち位置
二年生	ニネンセイ	9406	二年生
各種	カクシュ	9407	各種
貪る	ムサボル	9408	貪る
心の声	ココロノコエ	9409	心の声
突き抜ける	ツキヌケル	9410	突き抜ける
開け放つ	アケハナツ	9411	明け放つ
逃げ切る	ニゲキル	9412	逃げ切る
警備員	ケイビイン	9413	警備員
態度を取る	タイドヲトル	9414	態度を取る
まじまじ	マジマジ	9415	まじまじ
地下室	チカシツ	9416	地下室
老婆	ロウバ	9417	老婆
心当たりがある	ココロアタリガアル	9418	心当たりがある
進学	シンガク	9419	進学
論理	ロンリ	9420	論理
赤らめる	アカラメル	9421	赤らめる
防具	ボウグ	9422	防具
四角い	シカクイ	9423	四角い
特徴的	トクチョウテキ	9424	特徴的
感慨	カンガイ	9425	感慨
幾つも	イクツモ	9426	幾つも
もぐもぐ	モグモグ	9427	もぐもぐ
名刺	メイシ	9428	名刺
月光	ゲッコウ	9429	月光
トマト	トマト	9430	トマト
ゴブリン	ゴブリン	9431	ゴブリン
諦め	アキラメ	9432	諦める
様になる	ヨウニナル	9433	様になる
特製	トクセイ	9434	特製
体当たり	タイアタリ	9435	体当たり
遺産	イサン	9436	遺産
むっと	ムット	9437	むっと
駆け巡る	カケメグル	9438	駆け巡る
芸	ゲイ	9439	芸
お宅	オタク	9440	御宅
暗殺者	アンサツシャ	9441	暗殺者
冷酷	レイコク	9442	冷酷
ぐいぐい	グイグイ	9443	ぐいぐい
子息	シソク	9444	子息
殻	カラ	9445	殻
遠巻き	トオマキ	9446	遠巻き
コンビ	コンビ	9447	コンビ
儂	ワシ	9448	わし
哲学	テツガク	9449	哲学
遠距離	エンキョリ	9450	遠距離
恨めしい	ウラメシイ	9451	恨めしい
心外	シンガイ	9452	心外
協力者	キョウリョクシャ	9453	協力者
花束	ハナタバ	9454	花束
危惧	キグ	9455	危惧
空白	クウハク	9456	空白
背丈	セタケ	9457	背丈
燃料	ネンリョウ	9458	燃料
静けさ	シズケサ	9459	静けさ
雑草	ザッソウ	9460	雑草
ごろごろ	ゴロゴロ	9461	ごろごろ
狂	キョウ	9462	狂
牢	ロウ	9463	牢
生気	セイキ	9464	生気
真夜中	マヨナカ	9465	真夜中
野生	ヤセイ	9466	野生
可	カ	9467	可
帝都	テイト	9468	帝都
スピーカー	スピーカー	9469	スピーカー
数歩	スウホ	9470	数歩
診察	シンサツ	9471	診察
正門	セイモン	9472	正門
遡る	サカノボル	9473	遡る
堕ちる	オチル	9474	落ちる
長ける	タケル	9475	長ける
受話器	ジュワキ	9476	受話器
陰謀	インボウ	9477	陰謀
ままならない	ママナラナイ	9478	ままならない
敢えて	アエテ	9479	敢えて
しょせん	ショセン	9480	所詮
いっしょ	イッショ	9481	一緒
ゴロゴロ	ゴロゴロ	9482	ごろごろ
以て	モッテ	9483	以て
フリをする	フリヲスル	9484	フリをする
びくびく	ビクビク	9485	びくびく
マンガ	マンガ	9486	漫画
ピッタリ	ピッタリ	9487	ぴったり
持ち物	モチモノ	9488	持ち物
ばらばら	バラバラ	9489	ばらばら
手をつく	テヲツク	9490	手をつく
じい	ジイ	9491	じい
なぜだか	ナゼダカ	9492	なぜだか
おもう	オモウ	9493	おもう
と言って	トイッテ	9494	と言って
わき	ワキ	9495	脇
死にかける	シニカケル	9496	死にかける
こたえる	コタエル	9497	こたえる
頃合い	コロアイ	9498	頃合い
いいとこ	イイトコ	9499	いいとこ
だれも	ダレモ	9500	だれも
値	チ	9501	値
頬を染める	ホオヲソメル	9502	頬を染める
窮地	キュウチ	9503	窮地
城内	ジョウナイ	9504	城内
亡霊	ボウレイ	9505	亡霊
恐らくは	オソラクハ	9506	恐らくは
生命力	セイメイリョク	9507	生命力
香りがする	カオリガスル	9508	香りがする
マスコミ	マスコミ	9509	マスコミ
蹴散らす	ケチラス	9510	蹴散らす
ストーリー	ストーリー	9511	ストーリー
行き交う	ユキカウ	9512	行き交う
コード	コード	9513	コード
気圧される	ケオサレル	9514	気圧される
部署	ブショ	9515	部署
派閥	ハバツ	9516	派閥
ガンガン	ガンガン	9517	がんがん
反乱	ハンラン	9518	反乱
変貌	ヘンボウ	9519	変貌
マナー	マナー	9520	マナー
実のところ	ジツノトコロ	9521	実のところ
大剣	タイケン	9522	大剣
オレンジ	オレンジ	9523	オレンジ
手下	テシタ	9524	手下
大概	タイガイ	9525	大概
小動物	ショウドウブツ	9526	小動物
血筋	チスジ	9527	血筋
文学	ブンガク	9528	文学
大歓迎	ダイカンゲイ	9529	大歓迎
切り抜ける	キリヌケル	9530	切り抜ける
生成	セイセイ	9531	生成
不本意	フホンイ	9532	不本意
立て続け	タテツヅケ	9533	立て続け
キモイ	キモイ	9534	きもい
経験値	ケイケンチ	9535	経験値
宿命	シュクメイ	9536	宿命
ぽんぽん	ポンポン	9537	ぽんぽん
要	ヨウ	9538	要
家臣	カシン	9539	家臣
シナリオ	シナリオ	9540	シナリオ
御者	ギョシャ	9541	御者
九時	クジ	9542	九時
役員	ヤクイン	9543	役員
劇場	ゲキジョウ	9544	劇場
極限	キョクゲン	9545	極限
恐れ入る	オソレイル	9546	恐れ入る
家柄	イエガラ	9547	家柄
上層部	ジョウソウブ	9548	上層部
カラオケ	カラオケ	9549	カラオケ
無駄にする	ムダニスル	9550	無駄にする
九十	キュウジュウ	9551	90
保険	ホケン	9552	保険
しっとり	シットリ	9553	しっとり
眩い	マバユイ	9554	眩い
スライム	スライム	9555	スライム
わっと	ワット	9556	わっと
初代	ショダイ	9557	初代
舟	フネ	9558	舟
視力	シリョク	9559	視力
常人	ジョウジン	9560	常人
一人暮らし	ヒトリグラシ	9561	独り暮らし
デスク	デスク	9562	デスク
締まる	シマル	9563	締まる
粒子	リュウシ	9564	粒子
三時	サンジ	9565	三時
悠然	ユウゼン	9566	悠然
消え失せる	キエウセル	9567	消え失せる
沸騰	フットウ	9568	沸騰
膣	チツ	9569	膣
ずらり	ズラリ	9570	ずらり
陣取る	ジンドル	9571	陣取る
若き	ワカキ	9572	若い
握り返す	ニギリカエス	9573	握り返す
獣人	ジュウジン	9574	獣人
陽光	ヨウコウ	9575	陽光
急所	キュウショ	9576	急所
桃色	モモイロ	9577	桃色
部位	ブイ	9578	部位
びくりと	ビクリト	9579	びくりと
ちゅう	チュウ	9580	つう
見舞い	ミマイ	9581	見舞い
スッキリ	スッキリ	9582	すっきり
てっぺん	テッペン	9583	天辺
終る	オワル	9584	終わる
おぬし	オヌシ	9585	お主
いい男	イイオトコ	9586	いい男
あーん	アーン	9587	ああん
こわばる	コワバル	9588	強張る
われ	ワレ	9589	我
今日のところは	キョウノトコロハ	9590	今日のところは
ステキ	ステキ	9591	素敵
ぬく	ヌク	9592	抜く
思いきり	オモイキリ	9593	思い切り
手すり	テスリ	9594	手摺
さよう	サヨウ	9595	然様
言える	イエル	9596	言う
あれっ	アレッ	9597	あれ
キョロキョロ	キョロキョロ	9598	きょろきょろ
フラフラ	フラフラ	9599	ふらふら
じゃあね	ジャアネ	9600	じゃあね
行く手	ユクテ	9602	行く手
悠長	ユウチョウ	9603	悠長
飛び跳ねる	トビハネル	9604	飛び跳ねる
ちょこん	チョコン	9605	ちょこん
才	サイ	9606	才
先方	センポウ	9607	先方
話は別	ハナシハベツ	9608	話は別
相談に乗る	ソウダンニノル	9609	相談に乗る
定か	サダカ	9610	定か
ぞろぞろ	ゾロゾロ	9611	ぞろぞろ
競技	キョウギ	9612	競技
養子	ヨウシ	9613	養子
製作	セイサク	9614	製作
ぶつかり合う	ブツカリアウ	9615	ぶつかり合う
大いなる	オオイナル	9616	大いなる
縮む	チヂム	9617	縮む
淑女	シュクジョ	9618	淑女
ちらっと	チラット	9619	ちらっと
筒	ツツ	9620	筒
頭が痛い	アタマガイタイ	9621	頭が痛い
分身	ブンシン	9622	分身
生き残り	イキノコリ	9623	生き残り
朦朧	モウロウ	9624	朦朧
威圧	イアツ	9625	威圧
許	モト	9626	許
掲示板	ケイジバン	9627	掲示板
垣間見る	カイマミル	9628	垣間見る
エロ	エロ	9629	エロ
直視	チョクシ	9630	直視
洗濯物	センタクモノ	9631	洗濯物
食糧	ショクリョウ	9632	食糧
子供っぽい	コドモッポイ	9633	子供っぽい
様な	ヨウナ	9634	様な
校庭	コウテイ	9635	校庭
打ち砕く	ウチクダク	9636	打ち砕く
迷子になる	マイゴニナル	9637	迷子になる
外套	ガイトウ	9638	外套
朗らか	ホガラカ	9639	朗らか
寄り道	ヨリミチ	9640	寄り道
静止	セイシ	9641	静止
入力	ニュウリョク	9642	入力
無茶苦茶	ムチャクチャ	9643	無茶苦茶
枕元	マクラモト	9644	枕元
口出し	クチダシ	9645	口出し
エース	エース	9646	エース
オーナー	オーナー	9647	オーナー
球体	キュウタイ	9648	球体
クリーム	クリーム	9649	クリーム
巡回	ジュンカイ	9650	巡回
美術	ビジュツ	9651	美術
転送	テンソウ	9652	転送
眉根を寄せる	マユネヲヨセル	9653	眉根を寄せる
ダッシュ	ダッシュ	9654	ダッシュ
大喜び	オオヨロコビ	9655	大喜び
今宵	コヨイ	9656	今宵
タコ	タコ	9657	蛸
同期	ドウキ	9658	同期
裁く	サバク	9659	裁く
賞賛	ショウサン	9660	称賛
吹っ飛ばす	フットバス	9661	吹き飛ばす
緊急事態	キンキュウジタイ	9662	緊急事態
小物	コモノ	9663	小物
害する	ガイスル	9664	害する
輸送	ユソウ	9665	輸送
湯船	ユブネ	9666	湯船
支配者	シハイシャ	9667	支配者
彫刻	チョウコク	9668	彫刻
飛び乗る	トビノル	9669	飛び乗る
がっちり	ガッチリ	9670	がっちり
心中	シンジュウ	9671	心中
ハマる	ハマル	9672	嵌まる
ごきげんよう	ゴキゲンヨウ	9673	ごきげんよう
もたれかかる	モタレカカル	9674	凭れ掛かる
奇怪	キカイ	9675	奇怪
引っ越し	ヒッコシ	9676	引っ越し
おそろしい	オソロシイ	9677	恐ろしい
ことば	コトバ	9678	言葉
ネコ	ネコ	9679	猫
とろける	トロケル	9680	蕩ける
ほぐす	ホグス	9681	解す
かすれる	カスレル	9682	掠れる
あん	アン	9683	あん
くだす	クダス	9684	下す
あとにする	アトニスル	9685	あとにする
窓ガラス	マドガラス	9686	窓ガラス
とたんに	トタンニ	9687	とたんに
降りかかる	フリカカル	9688	降り懸かる
口をきく	クチヲキク	9689	口をきく
ヘン	ヘン	9690	変
にこり	ニコリ	9691	にこり
言いだす	イイダス	9692	言いだす
ちがいない	チガイナイ	9693	ちがいない
チラチラ	チラチラ	9694	ちらちら
声かけ	コエカケ	9695	声掛け
ズレる	ズレル	9696	ずれる
アッ	アッ	9697	アッ
おまけ	オマケ	9698	御負け
じゃろ	ジャロ	9699	じゃ
席につく	セキニツク	9700	席につく
ひょいと	ヒョイト	9701	ひょいと
物陰	モノカゲ	9702	物陰
泣き叫ぶ	ナキサケブ	9703	泣き叫ぶ
結合	ケツゴウ	9704	結合
白銀	ハクギン	9705	白銀
走り抜ける	ハシリヌケル	9706	走り抜ける
善意	ゼンイ	9707	善意
もやもや	モヤモヤ	9708	もやもや
三年生	サンネンセイ	9709	三年生
火力	カリョク	9710	火力
点数	テンスウ	9711	点数
幾度も	イクドモ	9712	幾度も
ネクタイ	ネクタイ	9713	ネクタイ
余程	ヨホド	9714	余程
手近	テヂカ	9715	手近
苛む	サイナム	9716	苛む
仕組む	シクム	9717	仕組む
送信	ソウシン	9718	送信
地帯	チタイ	9719	地帯
専属	センゾク	9720	専属
ネックレス	ネックレス	9721	ネックレス
腑に落ちる	フニオチル	9722	腑に落ちる
あんな風に	アンナフウニ	9723	あんな風に
縮こまる	チヂコマル	9724	縮こまる
模する	モスル	9725	模する
機構	キコウ	9726	機構
呼応	コオウ	9727	呼応
柳	ヤナギ	9728	柳
バター	バター	9729	バター
返り討ち	カエリウチ	9730	返り討ち
脈打つ	ミャクウツ	9731	脈打つ
靴下	クツシタ	9732	靴下
送り届ける	オクリトドケル	9734	送り届ける
リング	リング	9735	リング
危害を加える	キガイヲクワエル	9736	危害を加える
迎え撃つ	ムカエウツ	9737	迎え撃つ
差し入れ	サシイレ	9738	差し入れ
口内	コウナイ	9739	口内
死刑	シケイ	9740	死刑
荷	ニ	9741	荷
片目	カタメ	9742	片目
大柄	オオガラ	9743	大柄
楽勝	ラクショウ	9744	楽勝
ぶら下がる	ブラサガル	9745	ぶら下がる
怒号	ドゴウ	9746	怒号
そうみたい	ソウミタイ	9747	そうみたい
操縦	ソウジュウ	9748	操縦
爆発音	バクハツオン	9749	爆発音
士気	シキ	9750	士気
直々	ジキジキ	9751	直々
商業	ショウギョウ	9752	商業
補足	ホソク	9753	補足
怪我人	ケガニン	9754	怪我人
弾き飛ばす	ハジキトバス	9755	弾き飛ばす
赤黒い	アカグロイ	9756	赤黒い
一段落	イチダンラク	9757	一段落
陽	ヨウ	9758	陽
漁る	アサル	9759	漁る
侵す	オカス	9760	侵す
連合	レンゴウ	9761	連合
廻る	マワル	9762	回る
思い直す	オモイナオス	9763	思い直す
資質	シシツ	9764	資質
昼飯	ヒルメシ	9765	昼飯
音色	ネイロ	9766	音色
家畜	カチク	9767	家畜
八時	ハチジ	9768	八時
顧問	コモン	9769	顧問
ぶるぶる	ブルブル	9770	ぶるぶる
ほほう	ホホウ	9771	ほほう
お金持ち	オカネモチ	9772	お金持ち
軽口	カルクチ	9773	軽口
不審者	フシンシャ	9774	不審者
ぽっかり	ポッカリ	9775	ぽっかり
途方に暮れる	トホウニクレル	9776	途方に暮れる
十九	ジュウキュウ	9777	19
チビ	チビ	9778	ちび
馬鹿馬鹿しい	バカバカシイ	9779	馬鹿馬鹿しい
二人して	フタリシテ	9780	二人して
元凶	ゲンキョウ	9781	元凶
喪失	ソウシツ	9782	喪失
ハンバーグ	ハンバーグ	9783	ハンバーグ
胸中	キョウチュウ	9784	胸中
ほどく	ホドク	9785	解く
虹	ニジ	9786	虹
精いっぱい	セイイッパイ	9787	精一杯
ヒト	ヒト	9788	人
なぞ	ナゾ	9789	謎
背もたれ	セモタレ	9790	背凭れ
なにもかも	ナニモカモ	9791	なにもかも
カエル	カエル	9792	蛙
気がない	キガナイ	9793	気がない
気がかり	キガカリ	9794	気掛かり
ちい	チイ	9795	ちい
とかなんとか	トカナントカ	9796	とかなんとか
ワタシ	ワタシ	9797	私
むき出し	ムキダシ	9798	剥き出し
ほどほど	ホドホド	9799	程々
もらす	モラス	9800	漏らす
芝生	シバフ	9801	芝生
常連	ジョウレン	9802	常連
疲弊	ヒヘイ	9803	疲弊
十時	ジュウジ	9804	十時
お祈り	オイノリ	9805	お祈り
水滴	スイテキ	9806	水滴
ふむふむ	フムフム	9807	ふむふむ
戦況	センキョウ	9808	戦況
オレンジ色	オレンジイロ	9809	オレンジ色
全い	マッタイ	9810	全い
埋め込む	ウメコム	9811	埋め込む
容器	ヨウキ	9812	容器
張	チョウ	9813	張
いやでも	イヤデモ	9814	いやでも
大国	タイコク	9815	大国
禍々しい	マガマガシイ	9816	禍々しい
簡素	カンソ	9817	簡素
腕時計	ウデドケイ	9818	腕時計
義母	ギボ	9819	義母
侵略	シンリャク	9820	侵略
だけでいい	ダケデイイ	9821	だけでいい
一理	イチリ	9822	一理
踏ん張る	フンバル	9823	踏ん張る
突き破る	ツキヤブル	9824	突き破る
真横	マヨコ	9825	真横
さあて	サアテ	9826	さて
無線	ムセン	9827	無線
矢先	ヤサキ	9828	矢先
言葉を選ぶ	コトバヲエラブ	9829	言葉を選ぶ
目を奪う	メヲウバウ	9830	目を奪う
爆破	バクハ	9831	爆破
行き着く	イキツク	9832	行き着く
黄	キ	9833	黄
狙撃	ソゲキ	9834	狙撃
身を寄せる	ミヲヨセル	9836	身を寄せる
温か	アタタカ	9837	温か
西洋	セイヨウ	9838	西洋
情け	ナサケ	9839	情け
賢者	ケンジャ	9840	賢者
マッサージ	マッサージ	9841	マッサージ
先刻	センコク	9842	先刻
助け出す	タスケダス	9843	助け出す
数多	アマタ	9844	数多
昨年	サクネン	9845	昨年
見返り	ミカエリ	9846	見返り
逸れる	ソレル	9847	逸れる
幼女	ヨウジョ	9848	幼女
露わ	アラワ	9849	露わ
気が引ける	キガヒケル	9850	気が引ける
黒幕	クロマク	9851	黒幕
慣れ	ナレ	9852	慣れ
真逆	マギャク	9853	まさか
可能な限り	カノウナカギリ	9854	可能な限り
混む	コム	9855	混む
上達	ジョウタツ	9856	上達
婿	ムコ	9857	婿
更なる	サラナル	9858	更なる
六時	ロクジ	9859	六時
奇遇	キグウ	9860	奇遇
身柄	ミガラ	9861	身柄
釘	クギ	9862	釘
二十五	ニジュウゴ	9863	25
山々	ヤマヤマ	9864	山々
プリン	プリン	9865	プリン
無垢	ムク	9866	無垢
撒き散らす	マキチラス	9867	撒き散らす
やり遂げる	ヤリトゲル	9868	遣り遂げる
目に映る	メニウツル	9869	目に映る
押し返す	オシカエス	9870	押し返す
艦	カン	9871	艦
歪	イビツ	9872	歪
胸の内	ムネノウチ	9873	胸の内
奥底	オクソコ	9874	奥底
乗っかる	ノッカル	9875	乗る
鮮血	センケツ	9876	鮮血
大差	タイサ	9877	大差
長居	ナガイ	9878	長居
せめてもの	セメテモノ	9879	せめてもの
札	フダ	9880	札
ナンパ	ナンパ	9881	軟派
フリ	フリ	9882	フリ
もたれる	モタレル	9883	もたれる
こった	コッタ	9884	こった
ひとつひとつ	ヒトツヒトツ	9885	ひとつひとつ
よぶ	ヨブ	9886	呼ぶ
なんとしても	ナントシテモ	9887	なんとしても
建前	タテマエ	9888	建て前
かなえる	カナエル	9889	かなえる
どきどき	ドキドキ	9890	どきどき
やっかい	ヤッカイ	9891	厄介
噛みつく	カミツク	9892	噛み付く
スッと	スット	9893	スッと
馴染み	ナジミ	9894	馴染み
ご用	ゴヨウ	9895	御用
よけい	ヨケイ	9896	余計
コト	コト	9897	事
ふたりとも	フタリトモ	9898	ふたりとも
数ヶ月	スウカゲツ	9899	数カ月
さみしい	サミシイ	9900	寂しい
その為	ソノタメ	9902	その為
編成	ヘンセイ	9903	編成
絡まる	カラマル	9904	絡まる
八月	ハチガツ	9905	八月
染み	シミ	9906	染み
張本人	チョウホンニン	9907	張本人
奢る	オゴル	9908	驕る
仕込み	シコミ	9909	仕込み
圧	アツ	9910	圧
休み時間	ヤスミジカン	9911	休み時間
目を背ける	メヲソムケル	9912	目を背ける
雄叫び	オタケビ	9913	雄叫び
思い込み	オモイコミ	9914	思い込み
息子さん	ムスコサン	9915	息子さん
救い出す	スクイダス	9916	救い出す
作動	サドウ	9917	作動
号令	ゴウレイ	9918	号令
因果	インガ	9919	因果
飛	ヒ	9920	飛
射程	シャテイ	9921	射程
精鋭	セイエイ	9922	精鋭
陥れる	オトシイレル	9923	陥れる
滅亡	メツボウ	9924	滅亡
雄	オス	9925	雄
愛液	アイエキ	9926	愛液
気分転換	キブンテンカン	9927	気分転換
諸	ショ	9928	諸
手が届く	テガトドク	9929	手が届く
満喫	マンキツ	9930	満喫
びっしり	ビッシリ	9931	びっしり
酷	コク	9932	酷
高み	タカミ	9933	高み
鋼鉄	コウテツ	9934	鋼鉄
達人	タツジン	9935	達人
ふれる	フレル	9936	ふれる
引っ掛かる	ヒッカカル	9937	引っ掛かる
蒼白	ソウハク	9938	蒼白
画	エ	9939	画
うねる	ウネル	9940	うねる
中枢	チュウスウ	9941	中枢
尚更	ナオサラ	9942	尚更
賑わう	ニギワウ	9943	賑わう
あたたかい	アタタカイ	9944	あたたかい
飼い主	カイヌシ	9945	飼い主
二分	ニブン	9946	二分
被せる	カブセル	9947	被せる
心苦しい	ココログルシイ	9948	心苦しい
ポスター	ポスター	9949	ポスター
はぐれる	ハグレル	9950	逸れる
トーン	トーン	9951	トーン
議員	ギイン	9952	議員
走り続ける	ハシリツヅケル	9953	走り続ける
互角	ゴカク	9954	互角
従順	ジュウジュン	9955	従順
１個	イッコ	9956	１個
煮る	ニル	9957	煮る
ジャージ	ジャージ	9958	ジャージー
押しつぶす	オシツブス	9959	押し潰す
非常識	ヒジョウシキ	9960	非常識
膣内	チツナイ	9961	膣内
強盗	ゴウトウ	9962	強盗
霞む	カスム	9963	霞む
ハードル	ハードル	9964	ハードル
斜面	シャメン	9965	斜面
ウッ	ウッ	9966	ウッ
今日中に	キョウジュウニ	9967	今日中に
邪	ヨコシマ	9968	邪
外壁	ガイヘキ	9969	外壁
抑え込む	オサエコム	9970	押さえ込む
茶化す	チャカス	9971	茶化す
股	マタ	9972	股
寝そべる	ネソベル	9973	寝そべる
飛び出る	トビデル	9974	飛び出る
小川	オガワ	9975	小川
二月	ニガツ	9976	二月
身を任せる	ミヲマカセル	9977	身を任せる
ぽつん	ポツン	9978	ぽつん
望むところ	ノゾムトコロ	9979	望むところ
あむ	アム	9980	編む
途方もない	トホウモナイ	9981	途方もない
ぶっきらぼう	ブッキラボウ	9982	ぶっきらぼう
殴りつける	ナグリツケル	9983	殴り付ける
のばす	ノバス	9984	のばす
荒野	コウヤ	9985	荒野
イタズラ	イタズラ	9986	悪戯
ではなさそう	デハナサソウ	9987	ではなさそう
弱み	ヨワミ	9988	弱み
ほん	ホン	9989	ほん
首をひねる	クビヲヒネル	9990	首をひねる
気をつけ	キヲツケ	9991	気をつけ
引きつける	ヒキツケル	9992	引き付ける
くち	クチ	9993	口
だまる	ダマル	9994	黙る
ブツブツ	ブツブツ	9995	ぶつぶつ
またもや	マタモヤ	9996	又もや
ごちそう	ゴチソウ	9997	御馳走
まなざし	マナザシ	9998	眼差し
はぐらかす	ハグラカス	9999	はぐらかす
かます	カマス	10000	かます
