normalized_form	reading	japanese_text	english_text
今日は	コンニチハ	こんにちは。	Hi.
誰	ダレ	誰？	Who?
走る	ハシル	走れ。	Run.
わ	ワ	わぉ！	Wow!
ワォ	ワォ	ワォ！	Wow!
ヤッホー	ヤッホー	やっほー。	Hi.
もしもし	モシモシ	もしもし。	Hi.
おお	オー	おー！	Wow!
凄い	スゴイ	すごい！	Wow!
て	テ	走って！	Run.
頭	アタマ	頭痛い。	My head aches.
を	ヲ	彼を見た。	I saw him.
下げる	サゲル	頭を下げろ！	Duck!
呉れる	クレル	水をくれ。	Pass me the water.
飛ぶ	トブ	跳べ！	Jump!
為る	シ	出発した。	I left.
ジャンプ	ジャンプ	ジャンプして！	Jump.
火事	カジ	火事！	Fire!
飛び下りる	トビオリル	飛び降りろ！	Jump!
だ	ダ	本だ。	It's a book.
飛び越える	トビコエロ	飛び越えろ！	Jump!
飛び跳ねる	トビハネ	飛び跳ねて！	Jump.
撃つ	ウツ	撃て！	Fire!
隠れる	カクレル	隠れろ。	Hide.
伏せる	フセル	伏せて！	Duck!
やめる	ヤメロ	やめろ！	Stop!
待つ	マツ	待って！	Wait!
で	デ	跳んで。	Jump.
てる	テロ	どいてろ。	Stay away.
よ	ヨ	私よ！	It's me!
止まる	トマル	止まれ！	Stop!
進める	ススメル	進め。	Go on.
続ける	ツヅケル	続けて。	Go on.
齧る	カジッ	かじった。	I bit.
た	タ	やめた。	I quit.
です	デス	元気です。	I'm OK.
そう	ソウ	そっか。	I see.
か	カ	そっか。	I see.
ます	マシ	払いました。	I paid.
急ぐ	イソグ	急げ！	Hurry!
成る程	ナルホド	なるほど。	I see.
やあ	ヤア	やあ！	Hello.
噛み付く	カミツク	噛みついた。	I bit.
見る	ミル	やってみる。	I try.
遣る	ヤル	やった。	I did it.
の	ノ	変なの！	It's funny.
ね	ネ	安いね。	It's cheap.
た	ダ	噛んだ。	I bit.
噛む	カム	噛んだ。	I bit.
仕舞う	シマウ	しまった！	Oh no!
ああ	アア	ああ恐い！	How awful!
落ち着く	オチツク	落ち着け！	Calm down.
ぞ	ゾ	撃つぞ。	I'm shooting.
勝つ	カツ	勝った？	Did I win?
た	タァ	勝ったぁ！	I won!
てく	テコッ	なんてこった！	Oh no!
何	ナン	何て？	What was that?
試す	タメス	試してみる。	I try.
トライ	トライ	トライします。	I'll try.
が	ガ	私が勝ち！	I won!
勝ち	カチ	私が勝ち！	I won!
私	ワタクシ	私よ！	It's me!
ち	ち	俺の勝ちー！	I won!
俺	オレ	俺だけ？	Is it just me?
こと	コト	何てことだ！	Oh no!
って	ッテ	何て？	What was that?
うわ	ウワ	うわ、しまった！	Oh no!
寛ぐ	クツログ	くつろいで。	Relax.
乾杯	カンパイ	乾杯！	Cheers!
楽	ラク	楽にしてね。	Take it easy.
起きる	オキル	起きろ！	Get up.
リラックス	リラックス	リラックスして。	Relax.
にっこり	ニッコリ	にっこり笑って。	Smile.
笑う	ワラウ	彼は笑った。	He laughed.
彼	カレ	彼は誰？	Who's he?
は	ハ	彼は誰？	Who's he?
買う	カウ	買って。	Buy it.
乗る	ノル	乗れよ。	Hop in.
さあ	サア	さあ乗って。	Hop in.
動く	ウゴク	動くな！	Freeze!
な	ナ	動くな！	Freeze!
直す	ナオス	直して。	Fix it.
捕まえる	ツカマエル	捕まえた。	Got it!
チーズ	チーズ	はい、チーズ。	Smile.
はい	ハイ	はいどうぞ。	Here it is.
とく	トク	どけ。	Get out of my way.
ゅ	ゅ	ぎゅーして。	Hug me.
ぎ	ギ	ぎゅーして。	Hug me.
抱き締める	ダキシメ	抱きしめて。	Hug me.
出発	シュッパツ	出発した。	I left.
てる	テル	起きてる？	Are you up?
てる	テ	黙ってて。	Shut up!
ます	マス	辞めます。	I resign.
負ける	マケル	負けない！	I won't lose!
目	メ	目が痛い。	My eyes hurt.
居る	イル	いる？	Are you in?
覚める	サメル	目は覚めています。	I'm up.
払う	ハラウ	払いました。	I paid.
聞く	キク	聞いて！	Listen.
元気	ゲンキ	元気？	How are you?
30	サンレイ	30数えて。	Count to thirty.
歳	サイ	１９歳です。	I'm 19.
大丈夫	ダイジョウブ	大丈夫？	Are you OK?
やめる	ヤメ	やめた。	I quit.
19	ジュウキュウ	１９歳です。	I'm 19.
辞める	ヤメル	辞めます。	I resign.
馬鹿	バカ	馬鹿な！	No way!
まさか	マサカ	まさか！	No way!
辞職	ジショク	辞職します。	I quit.
どう	ドウ	どうも！	Thanks!
も	モ	私も。	Me, too.
とんでも	トンデモ	とんでもない！	No way!
ます	マセ	すみません。	Excuse me.
ず	ン	すみません。	Excuse me.
有る	アル	鍵ある？	Do you have the key?
本当	ホントウ	本当？	Really?
に	ニ	本当に？	Really?
大きに	オオキニ	おおきに！	Thanks.
御座る	ゴザイ	伝言がございます。	You have a message.
有り難う	アリガトウ	ありがとう。	Thanks!
為る	スル	感謝する。	Thanks.
感謝	カンシャ	感謝する。	Thanks.
痣	アザ	あざっす！	Thanks!
お疲れ様	オツカレサマ	お疲れ様でした。	Good job!
無い	ナイ	変わりない？	What's up?
ぇ	ぇ	あり得ねぇー。	No way!
得る	ウル	ありえない！	That isn't what I believe.
ない	ネ	あり得ねぇー。	No way!
本気	ホンキ	本気？	Really?
まじ	マジ	マジか。	Really?
ばか	バカ	バカだ。	That's so stupid.
そんな	ソンナ	そんなバカな！	No way!
食べる	タベル	食べた。	We ate.
トム	トム	トムだ。	It's Tom.
僕	ボク	僕だよ！	It's me!
私達	ワタシタチ	次は私たちよ。	We're next.
おる	オリ	伝言が届いております。	You have a message here.
努力	ドリョク	彼女の努力がみのった。	Her efforts bore fruit.
等	トウ	彼らは青い。	They're green.
御覧	ゴラン	笑ってごらん。	Try to smile.
すっ	スッ	すっげー！	Awesome!
げ	げ	すっげー！	Awesome!
素晴らしい	スバラシイ	素晴らしい！	Awesome!
良い	イイ	いいね。	That sounds awesome.
子	コ	悪い子ね！	You're bad.
凄い	スゲー	すげー。	Awesome.
冷静	レイセイ	冷静に。	Be cool.
優しい	ヤサシイ	優しい人です。	He is kind.
行儀	ギョウギ	行儀よくしなさい。	Behave yourself.
御	ゴ	お見事！	Good job!
入る	ハイル	入って。	Come in.
出る	デル	出ろ！	Get out!
連絡	レンラク	連絡してね。	Keep in touch.
頂戴	チョウダイ	飴ちょうだい。	I want some candy.
入れ	イレ	入れ！	Come in.
電話	デンワ	電話です。	There's a call for you.
おい	オイ	おいで。	Come on.
大人しい	オトナシイ	おとなしくしなさい。	Be good.
どっ	ドッ	どっか行け。	Beat it.
連れる	ツレル	トムを連れてきて。	Get Tom.
てく	テケ	出てけ！	Get out!
ゆっくり	ユックリ	ゆっくり歩け。	Walk slowly.
外	ソト	外に出ろ。	Get out.
向こう	ムコウ	向こうへ行け！	Go away.
へ	ヘ	外へ出たい。	I want to go outside.
離れる	ハナレル	離れろ。	Go away!
慌てる	アワテル	慌てるな！	Don't panic.
ない	ナイ	来ないで。	Don't come.
消え失せる	キエウセロ	消え失せろ。	Go away.
彼方	カナタ	あっちへ行け！	Go away!
さようなら	サヨナラ	さようなら！	Goodbye!
帰る	カエル	帰ろう。	Let's go home.
手伝う	テツダウ	手伝って。	Help me.
バイバイ	バイバイ	バイバイ。	Goodbye.
あばよ	アバヨ	あばよ。	Goodbye.
殴る	ナグル	トムを殴れ。	Hit Tom.
ハグ	ハグ	ハグしない？	How about a hug?
同感	ドウカン	同感です。	I agree.
じっと	ジット	じっとして！	Hold it!
賛成	サンセイ	賛成。	I approve.
やあ	ヤ	やぁ、トム。	Hi, Tom.
思う	オモウ	そう思う。	I think so.
同意	ドウイ	同意する。	I agree.
タバコ	タバコ	タバコが煙い！	Your smoking bothers me.
吸う	スウ	紙は油を吸うよ。	Paper absorbs oil.
悲しい	カナシイ	悲しい。	How sad!
全く	マッタク	全くですね。	You're quite right.
と	ト	重たぁ。	It's heavy.
申す	モウス	トムと申します。	I'm Tom.
太る	フトル	太りたいの？	Do you want to put on weight?
もう	モウ	もう一回。	Once again.
年	トシ	もう年だよ。	I feel my age.
行く	イク	行くよ。	I'll go.
言う	ユウ	何も言うな。	Say nothing.
でぶ	デブ	俺はデブだ。	I'm fat.
思案	シアン	私は引っ込み思案です。	I'm shy.
引っ込み	ヒッコミ	私は引っ込み思案です。	I'm shy.
開ける	アケル	開けろ。	Open up.
パーフェクト	パーフェクト	パーフェクト！	Perfect!
完璧	カンペキ	完璧！	Perfect!
取る	トル	それ取って。	Give me that.
おく	オイ	取っておいて。	Keep it.
又	マタ	また明日。	See you tomorrow.
会う	アウ	会いたい。	I want to see you.
仲間	ナカマ	仲間になって。	Join us.
成る	ナル	よくなった？	Is that better?
ねえ	ネッ	じゃ、またねっ！	See you.
で	ジャア	じゃあな。	See you.
ばっちり	バッチリ	バッチリ！	Perfect!
ああん	アーン	あーんして。	Say aah.
見せる	ミセル	見せて。	Show me.
黙る	ダマル	黙ってて。	Shut up!
一寸	チョット	一寸先は闇。	No one knows what the future holds.
教える	オシエル	教えて。	Tell me.
片付ける	カタヅケル	それ片づけて。	Pick it up.
此れ	コレ	これ何？	What's this?
覚ます	サマス	目を覚ませよ！	Wake up!
おく	オケ	やめておけ。	Skip it.
加減	カゲン	いいかげんにして。	Stop it.
知る	シル	知らない。	I don't know.
達	トオル	あの人たちは誰？	Who are they?
僕達	ボクタチ	僕たちは知ってる。	We know.
手	テ	汚い手ね。	You have dirty hands.
洗う	アラウ	洗ってきて。	Go wash up.
ようこそ	ヨウコソ	ようこそ。	Welcome.
いらっしゃる	イラッシャイ	いらっしゃい。	Welcome.
顔	カオ	顔赤いよ。	You're blushing.
駄目	ダメ	駄目です。	It's no good.
君	キミ	君が走れ。	You run.
是非	ゼヒ	ぜひそうしよう。	Why not?
為る	シヨウ	結婚しよう。	Let's get married.
貴方	アナタ	あんた変だよ。	You're weird.
てる	デ	飲んでたの？	Were you drinking?
引っ込む	ヒッコム	引っ込んでて！	Back off!
何故	ナゼ	なぜ今やめる？	Why quit now?
御前	オマエ	お前正気か？	Are you nuts?
下がる	サガル	下がって。	Step back.
なれる	ナレヨ	男になれよ。	Be a man.
男	オトコ	男になれよ。	Be a man.
静か	シズカ	静かに！	Be quiet.
少し	スコシ	少し疲れた。	I'm a bit tired.
出す	ダス	金を出せ。	Give me your money.
勇気	ユウキ	勇気を出して。	Be brave.
呼ぶ	ヨブ	トムを呼んで。	Call Tom.
冷やす	ヒヤス	頭を冷やせ。	Cool off!
探す	サガス	出口を探そう。	Let's find the exit.
床	ユカ	床に伏せろ！	Get down!
見付ける	ミツケル	見つけた！	I found it.
見事	ミゴト	お見事！	Good job!
楽しむ	タノシム	楽しんでね。	Have fun.
先	サキ	一寸先は闇。	No one knows what the future holds.
どうぞ	ドウゾ	どうぞ。	Here you are.
話す	ハナス	話してよ！	Talk to me!
考える	カンガエル	考えとくよ。	I'll think it over.
良く	ヨク	よく聞け！	Listen up.
皆	ミナ	みんな嫌い。	I hate everyone.
可愛い	カワイイ	かわいい！	How cute!
なんて	ナンテ	なんて言ったの？	What did you say?
忘れる	ワスレル	忘れた。	I forgot.
失敬	シッケイ	失敬な！	How rude!
深い	ブカイ	僕は注意深い。	I'm careful.
どの	ドノ	どのくらい深い？	How deep?
くらい	クライ	どのくらい深い？	How deep?
起き上がる	オキアガル	僕は起きあがった。	I got up.
失敗	シッパイ	失敗した。	I failed.
了解	リョウカイ	了解。	I got it.
しくじる	シクジル	しくじった。	I failed.
使う	ツカウ	頭を使え。	Use your head.
こう	コウ	こうしようよ。	Let's do it this way.
其れ	ソレ	それ何？	What is it?
ます	マショウ	食べましょう。	Let's eat.
驕り	オゴリ	私のおごりだ。	I'll pay.
忙しい	イソガシイ	私は忙しい。	I'm busy.
欠伸	アクビ	あくびをした。	I yawned.
ちゃう	チャウ	ちゃう！	That's not it.
いかす	イカシ	俺はいかしてる。	I'm cool.
御馳走	ゴチソウ	ごちそうさま。	I'm done.
様	ヨウ	何てざまだ。	What a mess!
クール	クール	俺はクールだ。	I'm cool.
公平	コウヘイ	私は公平だ。	I'm fair.
平気	ヘイキ	平気だよ。	I'm fine.
暇	ヒマ	いま暇？	Are you free now?
身	ミ	自由の身ね。	You're a free man.
自由	ジユウ	自由の身ね。	You're a free man.
満腹	マンプク	もう満腹です。	I'm full.
此処	ココ	ここだよ。	I'm here.
時間	ジカン	時間終了。	Time's up.
さ	サ	勝てるさ。	We'll win.
一杯	イッパイ	一杯どう？	How about a drink?
御腹	オナカ	お腹痛い。	My tummy hurts.
道	ミチ	道を渡った。	I crossed the street.
迷う	マヨウ	迷っていた。	I was lost.
病気	ビョウキ	病気です。	I'm sick.
妙	ミョウ	妙だな。	It's odd.
貧乏	ビンボウ	私は貧乏です。	I'm poor.
リッチ	リッチ	リッチです。	I'm rich.
茶	チャ	お茶です。	It's tea.
新しい	アタラシイ	それ、新しい車？	Is that a new car?
背	セ	私は背が高い。	I'm tall.
高い	タカイ	金は高い。	Gold is expensive.
痛い	イタイ	痛い。	It hurts.
立ち入り	タチイリ	立ち入りを禁ず。	Keep out.
ず	ズ	この恥知らず！	Shame on you!
禁	キン	立ち入りを禁ず。	Keep out.
大きい	オオキイ	大きいね。	It's big.
おく	オキ	覚えておきます。	I'll remember that.
放る	ホウル	放っておけ。	Leave it.
まあ	マア	まあ見てなよ。	You'll see.
結婚	ケッコン	結婚しよう。	Let's get married.
止める	トメル	もう止めて！	Now stop!
ストップ	ストップ	ストップって言ってね。	Say when.
馬鹿馬鹿しい	バカバカシイ	ばかばかしい。	Nonsense!
立つ	タツ	立ちなさい。	Stand up!
起立	キリツ	起立！	Stand up!
危ない	アブナイ	危ない！	Look out!
はっきり	ハッキリ	はっきり言えよ。	Get to the point.
座る	スワル	座れた？	Were you able to sit down?
馬鹿げる	バカゲ	馬鹿げている！	Nonsense!
伝える	ツタエル	トムに伝えて。	Tell Tom.
死ぬ	シヌ	死にたい。	I want to die.
泣く	ナク	泣けるぅ。	How touching!
つく	ツイ	私についてきて。	Follow me.
嘘	ウソ	嘘つけ！	You're lying.
1	イチ	一つは青。	One is blue.
精	セイ	精一杯やってみろ。	Do the best you can.
杯	サカズキ	１杯おごろう。	Let me buy you a drink.
過ぎる	スギル	遅すぎる。	Too late.
遅い	オソイ	遅すぎる。	Too late.
去る	サル	トムはさった。	Tom left.
流す	ナガス	トムは涙を流した。	Tom wept.
涙	ナミダ	涙が出そう。	My eyes are watering.
つく	ツク	嘘をつくな。	Don't lie.
信用	シンヨウ	彼を信用するな。	Don't trust him.
任せる	マカセル	任せて！	Trust me!
落ちる	オチル	葉が落ちた。	The leaves fell.
答える	コタエル	何問答えた？	How many questions did you answer?
質問	シツモン	よい質問だ。	It's a good question.
一致	イッチ	意見が一致している。	We agree.
意見	イケン	同意見です。	I agree with you.
為	タメ	何のために？	What for?
謝る	アヤマル	謝った。	I apologized.
警告	ケイコク	トムに警告する。	Warn Tom.
家	イエ	家に来て。	Come home.
次	ツギ	次は誰。	Who's next?
鳥	トリ	鳥は飛ぶ。	Birds fly.
落ち着ける	オチツケ	落ちつけよ。	Calm down.
此方	コチラ	こちらこそ。	The pleasure is mine.
来る	クル	誰か来る。	Someone's coming.
直ぐ	スグ	すぐ来て。	Come soon.
今	イマ	今食事中。	I'm eating.
失礼	シツレイ	どうも失礼。	I'm sorry.
すむ	スミ	すみません。	Excuse me.
願う	ネガウ	ご乗車願います！	All aboard!
一度	イチド	もう一度やって。	Do it again.
ちまう	チマエ	忘れちまえ！	Forget it!
すむ	スイ	すいません。	Excuse me.
あの	アノ	あの人誰？	Who is that man?
寝る	ネル	寝たら？	Why don't you go to bed?
DJ	ディージェー	彼はＤＪです。	He's a DJ.
おやすみなさい	オヤスミナサイ	おやすみなさい。	Goodnight.
ドル	ドル	３ドルです。	It costs three dollars.
5	ゴ	もう５時？	Is it five already?
機嫌	キゲン	機嫌悪いの？	What's the matter?
触る	サワル	触るな！	Hands off.
怖い	コワイ	怖いよ。	I'm afraid.
尻	シリ	彼は尻が重い。	He's lazy.
重い	オモイ	重いですよ。	It's heavy.
景気	ケイキ	景気はどう？	How goes it?
其の	ソノ	その通り！	That's right!
確信	カクシン	絶対に確信ある？	Are you absolutely sure?
出来る	デキル	できた？	Is it done?
残念	ザンネン	残念！	What a pity!
らしい	ラシイ	雨らしい。	It feels like rain.
ながら	ナガラ	我ながら、完璧だね。	It's perfect, if I do say so myself.
失う	ウシナウ	希望を失った。	We lost hope.
気	キ	気をつけて！	Take care!
確か	タシカ	確かだよ。	I am sure.
スキー	スキー	スキーは滑る？	Do you ski?
負け	マケ	私の負けだ。	I give in.
お手上げ	オテアゲ	お手上げだ。	I give up.
降参	コウサン	降参します。	I give up.
参る	マイル	参りました。	I give up.
拍手	ハクシュ	私は拍手した。	I clapped.
怒る	オコル	怒った？	Are you mad?
濡れる	ヌレル	濡れちゃった。	I got wet.
好き	スキ	それ好き。	I like it.
けれど	ケド	持ってないけど。	I don't have it.
気付く	キヅク	気づいてた？	Did you notice that?
て	チャ	行かなくちゃ。	I must go.
ない	ナク	行かなくちゃ。	I must go.
読む	ヨム	読んだよ。	I read it.
叩く	タタク	トムを叩いた。	I hit Tom.
約束	ヤクソク	約束する？	Do you promise?
ば	バ	違うってば。	I said no.
違う	チガウ	違う。	That's wrong.
楽しい	タノシイ	楽しかった。	I had fun.
筈	ハズ	本当の筈がない。	It can't be true.
見える	ミエル	家が見える。	I see a house.
怒り狂う	イカリクルッ	トムは怒り狂った。	Tom got furious.
欲しい	ホシイ	君が欲しい。	I want you.
手伝い	テツダイ	お手伝いします。	We'll help you.
通る	トオル	私は通ります。	I'll pass.
一人	ヒトリ	一人だ。	I'm alone.
退屈	タイクツ	退屈そうだね。	You look bored.
警官	ケイカン	警官なの？	Are you cops?
文無し	モンナシ	文無しなんだ。	I'm broke.
酔う	ヨウ	酔った。	I'm dizzy.
清潔	セイケツ	私は清潔だ。	I'm clean.
几帳面	キチョウメン	私は几帳面なんだ。	I'm fussy.
金欠	キンケツ	金欠なんだ。	I'm broke.
幸福	コウフク	幸福って何？	What is happiness?
幸せ	シアワセ	お幸せに！	I wish you all the best.
細かい	コマカイ	私は細かいんだ。	I'm fussy.
くらくら	クラクラ	くらくらする。	I'm dizzy.
一番	イチバン	私が一番。	I'm first.
勇敢	ユウカン	私は勇敢だ。	I'm brave.
潔白	ケッパク	私は潔白だ。	I'm clean.
準備	ジュンビ	準備完了！	Everything's ready.
冴える	サエル	私って冴えてる！	I'm smart.
御免	ゴメン	御免なさい。	I'm sorry.
疲れる	ツカレル	疲れた？	Are you tired?
な	ナア	いいなあ。	I envy you.
た	ター	疲れたー。	I'm tired.
くたくた	クタクタ	クタクタだよ。	I'm tired.
な	ナァ	眠いなぁ。	I'm sleepy.
眠い	ネムイ	眠い。	I'm tired.
若い	ワカイ	若そう。	He looks young.
辛い	ツライ	辛い？	Is it hot?
暑い	アツイ	暑い？	Is it hot?
7	ナナ	今７時です。	It is seven now.
45	ヨンゴ	７時４５分です。	It's 7:45.
時	トキ	もう５時？	Is it five already?
分	ブン	3分で戻るよ。	I'll be back in three minutes.
新品	シンピン	これは新品よ。	This is new.
遠い	トオイ	ここから遠いの？	Is it far from here?
そこ	ソコ	そこにいて。	Stay there.
旨い	ウマイ	うまく行った！	It worked.
3	サン	３時半です。	It's 3:30.
時半	ジハン	３時半です。	It's 3:30.
超	チョウ	超臭いよ。	It stinks.
臭い	クサイ	超臭いよ。	It stinks.
2	ニ	2時半です。	It's 2:30.
熱い	アツイ	熱い？	Is it hot?
為る	シロ	無視しろ。	Ignore it.
無視	ムシ	無視しろ。	Ignore it.
格好	カッコウ	カッコいい！	It's cool.
絶交	ゼッコウ	絶交だ。	It's done.
寒	カン	寒っ！	It's cold.
テレビ	テレビ	テレビみようよ。	Let's watch TV.
9	キュウ	猫に九生あり。	A cat has nine lives.
15	ジュウゴ	９時１５分です。	It's 9:15.
寒い	サムイ	寒い。	It's cold.
無料	ムリョウ	無料です。	It's free.
只	タダ	タダですよ。	It's free.
楽勝	ラクショウ	楽勝だよ。	It's easy.
大変	タイヘン	大変である。	It's hard.
近付く	チカヅク	近づくな！	Keep away.
あたたかい	アッタカク	あったかくしてなさい。	Keep warm.
ワイン	ワイン	ワインです。	It's wine.
仕事	シゴト	仕事はどう？	How's work?
せる	セ	手伝わせて。	Let me help.
入れる	イレル	中に入れて。	Let me in.
中	ナカ	今食事中。	I'm eating.
えーと	エット	えっと。	Let me see.
為る	サ	解雇された。	We got fired.
参加	サンカ	参加したい。	I want to participate.
後ろ	ウシロ	後ろを見ろ。	Look back!
勿論	モチロン	もちろん！	Of course!
アー	アー	「アー」といってください。	Say "aah."
下	シタ	下を見ろ。	See below.
参照	サンショウ	前述参照のこと。	See above.
前述	ゼンジュツ	前述参照のこと。	See above.
上記	ジョウキ	上記をご覧ください。	See above.
彼女	カノジョ	彼女は泣いた。	She cried.
サイン	サイン	ここでサインして。	Sign here.
退く	シリゾク	どいてろ。	Stay away.
よう	ヨウ	よう言うわ。	You can't be serious.
落とす	オトス	銃を落とせ。	Drop your guns!
スピード	スピード	スピードを落とせ！	Slow down!
座り	スワリ	そこにお座り。	Sit there.
留まる	トドマリ	家にとどまりなさい。	Stay home.
ちゃんと	チャント	ちゃんとやって。	Do it right.
用心	ヨウジン	用心しなさい。	Take care!
大事	ダイジ	お大事に。	Take care.
つける	ツケ	嘘つけ！	You're lying.
付ける	ツケル	気を付けてね。	Take care.
体	カラダ	体中が痛い。	I ache all over.
大切	タイセツ	お体を大切に。	Take care.
図星	ズボシ	図星です。	That's it.
終了	シュウリョウ	時間終了。	Time's up.
礼	レイ	トムは礼をした。	Tom bowed.
御辞儀	オジギ	トムはお辞儀をした。	Tom bowed.
挑戦	チョウセン	トムは挑戦する。	Tom tries.
眠る	ネムル	眠りなさい。	Go to sleep.
引っ越す	ヒッコス	引っ越すの？	Are we moving?
料理	リョウリ	料理は得意？	Are you a good cook?
運転	ウンテン	君が運転して。	You drive.
編み物	アミモノ	トムは編み物をする。	Tom knits.
飲む	ノム	何か飲む？	Want a drink?
ふる	フッ	トムは手をふった。	Tom waved.
振る	フル	サイを振れ。	Roll the dice.
1度	イチド	もう１度、お願い。	Once more, please.
曲がる	マガル	左に曲がって。	Turn left.
左	ヒダリ	左に曲がって。	Turn left.
屋	ヤ	うぬぼれ屋さんね。	You have a big head.
がる	ガル	トムは怖がりだ。	Tom is easily scared.
恥ずかしい	ハズカシイ	恥ずかしいなぁ！	How embarrassing!
一回	イチカイ	もう一回。	Once again.
鍵	カギ	鍵ある？	Do you have the key?
成功	セイコウ	成功だ！	We did it!
上出来	ジョウデキ	上出来！	Well done!
起こる	オコル	何が起こったの？	What happened?
もん	モン	知るもんか。	Who cares?
どなた	ドナタ	どなた？	Who is it?
変わり	カワリ	変わりない？	What's up?
分かる	ワカル	分かる。	I understand.
首	クビ	クビになった。	We got fired.
間違う	マチガウ	私、間違ってた？	Was I wrong?
18	ジュウハチ	１８歳ですか？	Are you 18?
書く	カク	書き続けて。	Keep writing.
手紙	テガミ	はい、手紙。	Here's a letter for you.
さん	サン	新人さんなの？	Are you new?
正しい	タダシイ	私、正しい？	Am I right?
乗車	ジョウシャ	ご乗車願います！	All aboard!
周り	マワリ	彼は周りを見渡した。	He looked around.
人	ヒト	あの人誰？	Who is that man?
歌う	ウタウ	歌える。	I can sing.
ふざける	フザケル	ふざけないで。	Be serious.
辛抱	シンボウ	辛抱しなさい。	Be patient.
遅れる	オクレル	遅れます。	I'll be late.
真面目	マジメ	真面目におやり。	Be serious.
運ぶ	ハコブ	これ運んで。	Carry this.
鳴く	ナク	鳥は鳴く。	Birds sing.
選ぶ	エラブ	一つ選んで。	Choose one.
つ	ツ	一つは青。	One is blue.
囀る	サエズル	鳥が囀る。	Birds sing.
確認	カクニン	これ確認してみて。	Check this.
一緒	イッショ	一緒に来て。	Come with me.
混ぜる	マゼル	混ぜて。	Deal me in.
好い加減	イイカゲン	いい加減にしろよ。	Cut it out.
滑る	スベル	スキーは滑る？	Do you ski?
押す	オス	押すなよ。	Don't push.
満タン	マンタン	満タンにしてください。	Fill it up.
ベッド	ベッド	ベッドへいけ。	Get to bed.
燃える	モエル	火は燃える。	Fire burns.
火	ヒ	火を消せ。	Put out the fire.
事	コト	厄介な事だ。	It's a difficult matter.
許し	ユルシ	お許しを。	Forgive us.
後	アト	また後で。	I'll see you later.
つける	ツケロ	後をつけろ。	Follow him.
玩具	ガング	おもちゃ、直して。	Fix my toy.
従う	シタガウ	トムに従え。	Follow Tom.
諦める	アキラメル	諦めろ。	Give it up.
許す	ユルス	許して。	Forgive me.
存在	ソンザイ	神は存在する。	God exists.
神	カミ	神は存在する。	God exists.
外食	ガイショク	彼は外食した。	He ate out.
親切	シンセツ	彼女は親切だ。	She is kind.
うそ	ウソ	うそを言うな。	Don't tell lies.
利口	リコウ	利口だね。	He's smart.
あっ	アッ	あ、雪だ！	Hey, it's snowing.
ほら	ホラ	ほら財布だ。	Here's my wallet.
賢い	カシコイ	賢い！	How clever!
立ち上がる	タチアガル	立ち上がるの手伝って。	Help me up.
悲惨	ヒサン	悲惨！	How tragic!
温める	アタタメル	温めて。	Heat it up.
上がる	アガル	上にあがるね。	I'm going upstairs.
認める	ミトメル	それは認める。	I admit it.
壊す	コワス	私が壊した。	I broke it.
人間	ニンゲン	朝型人間？	Are you a morning person?
残る	ノコル	私は残れます。	I can stay.
歩く	アルク	歩ける。	I can walk.
覚悟	カクゴ	私は覚悟ができている。	I am ready.
作る	ツクル	それ作れる？	Can you make it?
泳ぐ	オヨグ	彼は泳ぐのが怖い。	He is afraid of swimming.
れる	レ	解雇された。	We got fired.
歌	ウタ	歌が歌える。	I can sing.
羨ましい	ウラヤマシイ	羨ましい！	I envy you.
反対	ハンタイ	反対です。	I disagree.
老い	オイ	老いを感じる。	I feel old.
感じる	カンジル	何か感じる。	I feel something.
気分	キブン	気分が悪い。	I feel bad.
悪い	ワルイ	悪い子ね！	You're bad.
見付かる	ミツカル	見つかったよ。	I found it.
嫌い	キライ	猫が嫌い。	I hate cats.
パイ	パイ	パイが好き。	I like pie.
別れる	ワカレル	トムと別れるの？	Are you breaking up with Tom?
大好き	ダイスキ	大好きだよ！	I love you.
恋	コイ	恋かな？	Is that love?
寂しい	サビシイ	寂しいわ。	I'm lonely.
た	タラ	寝たら？	Why don't you go to bed?
必要	ヒツヨウ	君が必要だ。	I need you.
方	ホウ	どんな方なの？	What is he like?
ゆったり	ユッタリ	ゆったりした。	I was calm.
パニクる	パニクッ	パニクったわ。	I panicked.
吐く	ハク	吐きそう。	I think I'm going to throw up.
傷付く	キズツク	傷ついた。	I was hurt.
無礼	ブレイ	私は無礼だった。	I was rude.
体調	タイチョウ	体調が悪いの？	Are you sick?
崩す	クズス	体調を崩してた。	I was sick.
弱い	ヨワイ	トムは弱い。	Tom's weak.
気味	キミ	貧血気味です。	I'm anemic.
貧血	ヒンケツ	貧血気味です。	I'm anemic.
運動	ウンドウ	運動した。	I exercised.
双子	フタゴ	私は双子です。	I'm a twin.
てる	デル	急いでるの？	Are you in a rush?
から	カラ	だから何？	What's your point?
狼	オオカミ	私は狼だ。	I'm a wolf.
先入観	センニュウカン	私は先入観に縛られている。	I'm biased.
縛る	シバル	彼は手足を縛られていた。	He was bound hand and foot.
食事	ショクジ	今食事中。	I'm eating.
腹	ハラ	腹減った。	I'm hungry.
減る	ヘル	腹減った。	I'm hungry.
ぺこぺこ	ペコペコ	おなかペコペコだ。	I'm hungry.
すく	スイ	お腹がすいた。	I'm hungry!
単刀直入	タントウチョクニュウ	私は単刀直入なんです。	I'm direct.
いま	イマ	いま暇？	Are you free now?
冗談	ジョウダン	冗談だよ。	I'm joking.
関与	カンヨ	私は関与していない。	I'm not in.
心細い	ココロボソイ	心細いの。	I'm lonely.
ふ	フ	ふぁ〜眠い。	I'm sleepy.
たら	タラ	痛いったら。	You're hurting me.
独身	ドクシン	独身です。	I'm single.
12	イチニ	12歳です。	I'm twelve.
など	ナド	嘘などつくもんか。	I won't lie.
出来上がる	デキアガル	出来上がった？	Is it done?
外出中	ガイシュツチュウ	トムは外出中？	Is Tom out?
宜しい	ヨロシイ	万事よろしい。	All is well.
唯	タダ	ただなの？	Is it free?
問題	モンダイ	問題なし。	No problem.
空っぽ	カラッポ	空っぽだ。	It's empty.
CD	シーディー	それは私のCDです。	It's my CD.
重	ジュウ	重たぁ。	It's heavy.
男の子	オトコノコ	男の子ですよ。	It's a boy.
空しい	ムナシイ	虚しいな。	I feel empty.
変	ヘン	変なの！	It's funny.
バグる	バグッ	バグってるよ。	It's a bug.
安い	ヤスイ	安いね。	It's cheap.
面白い	オモシロイ	面白い人ね。	You're funny.
驕る	オゴル	おごるよ。	It's on me.
色悪	イロアク	気色悪いー！	It's weird.
強い	ツヨイ	彼は強い。	He's strong.
風	カゼ	風は強い？	Is it windy?
調子	チョウシ	調子はどう？	How's it going?
寄り掛かる	ヨリカカッ	寄りかかっていいよ。	Lean on me.
そのまま	ソノママ	そのまま続けて。	Keep going.
当て	アテ	当てが外れたよ。	I wasn't counting on that.
兎に角	トニカク	とにかく急げ。	Just hurry up.
貰う	モラウ	返事もらった？	Did you get a reply?
祈る	イノル	成功を祈るわ。	I wish for your success.
どれ	ドレ	どれどれ。	Let me see.
遊ぶ	アソブ	遊びましょう。	Let's play.
気楽	キラク	気楽にいけよ。	Lighten up.
暮れる	クレル	日が暮れた。	Night fell.
日	ヒ	日が暮れた。	Night fell.
なし	ナシ	問題なし。	No problem.
大した	タイシタ	君は大したものだ。	I'm proud of you.
心配	シンパイ	心配だわ。	I'm worried.
ノーコメント	ノーコメント	ノーコメントです。	No comment.
御用	ゴヨウ	彼にご用ですか。	Do you want him?
えっ	エッ	えっ嘘でしょ。	Oh my God, I can't believe this.
嘘吐き	ウソツキ	人は嘘つきだ。	People lie.
物	モノ	物は試し。	You'll never know unless you try.
拾う	ヒロウ	それ拾って。	Pick it up.
召し上がる	メシアガル	もう１杯召し上がれ。	Have another cup.
女性	ジョセイ	私は女性です。	I'm a woman.
御願い	オネガイ	ねぇ、お願い。	Oh, have a heart.
もの	モノ	彼女は俺のモノだ。	She's mine.
微笑む	ホホエム	トムは微笑んだ。	Tom smiled.
頼む	タノム	頼むよー。	I'm begging you.
度	ド	二度と来るな。	Don't come again.
前	マエ	前に座った。	I sat in front.
十分	ジュウブン	それで十分？	Is it enough?
勉強	ベンキョウ	勉強してるの？	Are you studying?
確り	シッカリ	しっかり勉強しなさい。	Study hard.
話	ハナシ	話せよ！	Talk to me!
為る	セヨ	話せよ！	Talk to me!
バス	バス	バスに遅れた。	We've missed our bus.
結構	ケッコウ	結構面白い。	It's so exciting.
間に合う	マニアウ	間に合う？	Will you make it in time?
全て	スベテ	それが全てです。	That's all.
だけ	ダケ	俺だけ？	Is it just me?
最後	サイゴ	これで最後だ。	This is it.
以上	イジョウ	以上です。	This is it.
着く	ツク	今着いたの？	Did you just arrive?
終わり	オワリ	終わりはない。	It never ends.
利く	キク	これは効くわ。	This works.
決まり	キマリ	これで決まりだ。	This is it.
や	ヤ	雨やんだ？	Has it stopped raining?
早い	ハヤイ	早いじゃん。	You're early.
たつ	タツ	時のたつのは早いものだ。	Time flies.
まで	マデ	皆まで言うな。	Say no more.
踊る	オドル	さあ踊ろう。	Let's dance.
酒	サケ	お酒飲んでるの？	Are you drinking?
車	クルマ	車を止めて。	Stop the car.
戦う	タタカウ	トムは闘った。	Tom fought.
喧嘩	ケンカ	喧嘩すんな。	Don't fight.
狂う	クルウ	トムは狂ってる。	Tom is mad.
頷く	ウナズク	トムは頷いた。	Tom nodded.
新人	シンジン	新人です。	I'm a freshman.
吐息	トイキ	トムは吐息をついた。	Tom sighed.
ウインク	ウインク	トムはウィンクした。	Tom winked.
耳	ミミ	壁に耳あり。	Walls have ears.
聞こえる	キコエル	聞こえますか。	Do you read me?
かける	カケ	かけ直すよ。	I'll ring you back.
大声	オオゴエ	彼は大声で話した。	He spoke very loudly.
叫ぶ	サケブ	誰が叫んだの？	Who yelled?
溜め息	タメイキ	トムはため息をついた。	Tom sighed.
もっと	モット	もっと欲しい。	I want more.
右	ミギ	右に曲がって。	Turn right.
塞がり	フサガリ	八方塞がりだ。	We're sunk.
八方	ハッポウ	八方塞がりだ。	We're sunk.
仲直り	ナカナオリ	仲直りしよう。	Let's be friends again.
い	イ	一人かい？	Are you alone?
どこ	ドコ	ここどこ？	Where am I?
変わる	カワル	何も変わらない。	Nothing will change.
彼れ	アレ	あれ誰？	Who's that?
どいつ	ドイツ	そいつってどいつ？	Who's that?
其奴	ソイツ	そいつは凄い！	That's amazing.
悪	ワル	おまえ、ワルだな。	You're bad.
ええ	エエ	ええ、喜んで。	I'll be glad to.
木	キ	木が浮く。	Wood floats.
良い	ヨイ	良い旅を！	Have a nice trip.
怪我	ケガ	怪我はない？	Are you hurt?
女	オンナ	私は女だ。	I'm a woman.
万事	バンジ	万事順調だ。	Everything is all right.
厳守	ゲンシュ	時間厳守で！	Be punctual.
たい	タイ	死にたい。	I want to die.
あれ	アレ	自分らしくあれ。	Be yourself.
自分	ジブン	自分でしろ。	Do it yourself.
御飯	ゴハン	ご飯にする？	Do you want rice?
為る	スン	喧嘩すんな。	Don't fight.
狡	ズル	ズルをするなよ。	Don't cheat.
釣り	ツリ	釣りが好きだ。	I like fishing.
通り	トオリ	その通り！	That's right!
瞬き	マバタキ	まばたきしないで。	Don't blink.
ボウリング	ボウリング	ボウリングは得意？	Are you good at bowling?
怒鳴る	ドナル	怒鳴るなよ。	Don't shout.
安心	アンシン	安心して。	Don't worry.
駄々	ダダ	駄々をこねないで。	Don't whine.
捏ねる	コネ	生地をこねます。	Knead the dough.
じろじろ	ジロジロ	じろじろ見るな。	Don't stare.
服	フク	その服いいね。	I love your outfit.
掛かる	カカル	仕事にかかれ！	Get to work!
真っ直ぐ	マッスグ	まっすぐ行け。	Go straight.
金持ち	カネモチ	金持ちになった。	He got rich.
られる	ラレル	彼なら来られる。	He can come.
年老いる	トシオイ	彼は年老いた。	He grew old.
据わる	スワッ	彼は腹が据わっている。	He has guts.
嫌う	キラウ	彼女は彼を嫌っていた。	She hated him.
言い張る	イイハッ	彼は言い張った。	He insisted.
吃音	キツオン	彼は吃音する。	He stutters.
主張	シュチョウ	彼は主張した。	He insisted.
奴	ヤツ	変な奴！	What a strange guy!
彼奴	キャツ	あいつ誰？	Who's that guy?
嫌	イヤ	宿題嫌だ！	I hate homework.
同い年	オナイドシ	同い年だよ。	I am the same age.
8	ハチ	彼は８歳だ。	He is eight.
外出	ガイシュツ	外出したいな。	I want to go out.
きり	ッキリ	彼は一人っきりである。	He is alone.
御機嫌	ゴキゲン	ご機嫌いかが？	How are you?
如何	イカガ	ご機嫌いかが？	How are you?
目茶	メッチャ	めっちゃ変！	It's so weird.
詫び	ワビ	お詫びします。	I apologize.
寿司	スシ	寿司を食べた。	I ate sushi.
沢山	タクサン	たくさん欲しい。	I want a lot.
寒気	カンキ	寒気がする。	I feel cold.
白状	ハクジョウ	白状したよ。	I confessed.
自白	ジハク	自白しました。	I confessed.
爽快	ソウカイ	気分爽快だ。	I feel refreshed.
犬	イヌ	犬は賢い。	Dogs are smart.
大嫌い	ダイキライ	犬は大嫌い。	I hate dogs.
米	ベイ	お米はあるの？	Do you have rice?
運	ウン	運が悪かった？	Were you unlucky?
猫	ネコ	猫が嫌い。	I hate cats.
恵まれる	メグマレル	私ね、運に恵まれてたわ。	I got lucky.
栽培	サイバイ	お米を栽培しています。	I grow rice.
雪	ユキ	雪が降る。	It's snowing.
雨	アメ	雨は好き？	Do you like rain?
ADHD	エーディーエイチディー	ADHDなんです。	I have ADHD.
青色	アオイロ	私は青色が好きです。	I like blue.
青	アオ	一つは青。	One is blue.
ジャズ	ジャズ	僕はジャズが好きだ。	I like jazz.
ロック	ロック	ドアをロックして。	Lock the door.
私自身	ワタシジシン	私自身、ADHDなんです。	I have ADHD.
イチジク	イチジク	無花果が好きなんだ。	I like figs.
どちら	ドチラ	国はどちらですか。	What country are you from?
面目	メンボク	面目丸つぶれだ。	I have lost face completely.
住む	スム	住みやすそうね。	It looks like a nice place to live.
ケーキ	ケーキ	ケーキが欲しい。	I want cake.
数学	スウガク	数学はムズイ。	Mathematics is difficult.
丸潰れ	マルツブレ	面目丸つぶれだ。	I have lost face completely.
助け	タスケ	彼の助けが欲しい。	I need his help.
寝過ごす	ネスゴス	寝過ごしちゃった。	I overslept.
寝坊	ネボウ	私は寝坊した。	I overslept.
UFO	ユーフォー	ＵＦＯを信じますか。	Do you believe in UFOs?
上手	ジョウズ	上手に歌えた。	I sang well.
見掛ける	ミカケル	犬を見かけました。	I saw a dog.
ガス	ガス	ガス欠です。	I'm out of gas.
速い	ハヤイ	話すの速いね。	You talk fast.
喋る	シャベル	喋るのをやめろ。	Stop talking.
信頼	シンライ	彼は信頼できる。	He can be trusted.
早口	ハヤクチ	早口だね。	You talk fast.
目眩	メマイ	めまいがします。	I feel dizzy.
メアリー	メアリー	メアリー好き！	Mary, I love you.
感動	カンドウ	とても感動したわ。	I was moved.
迚も	トテモ	とてもいいよ。	It's very good.
付く	ツク	トムと連絡つく？	Can you contact Tom?
パン屋	パンヤ	私はパン屋です。	I'm a baker.
キャンセル	キャンセル	キャンセルします。	I'll cancel.
出席	シュッセキ	出席します。	I'll attend.
ナース	ナース	私はナースです。	I'm a nurse.
17	ジュウナナ	私も１７歳です。	I'm 17, too.
看護婦	カンゴフ	私は看護婦です。	I'm a nurse.
看護師	カンゴシ	私は看護師です。	I'm a nurse.
ヴィーガン	ヴィーガン	ヴィーガンなの？	Are you vegan?
注意	チュウイ	段差注意	Watch your step.
ダイエット	ダイエット	ダイエット中です。	I'm on a diet.
旺盛	オウセイ	トムは食欲旺盛だ。	Tom has a good appetite.
好奇心	コウキシン	トムは好奇心旺盛だ。	Tom is curious.
服役	フクエキ	私は服役中だ。	I'm in jail.
健康	ケンコウ	健康が第一だ。	Nothing is more important than health.
わくわく	ワクワク	ワクワクする。	How thrilling!
意気地	イクジ	僕は意気地なしだ。	I'm chicken.
断食	ダンジキ	断食中です。	I'm fasting.
回る	マワル	目が回るほど忙しいよ。	I'm frantic!
ほど	ホド	死ぬほど会いたい。	I'm dying to see you.
緊張	キンチョウ	緊張してるの？	Are you nervous?
小さい	チイサイ	小さすぎる。	It's too small.
なんか	ナンカ	悲しくなんかない。	I'm not sad.
英雄	エイユウ	彼は英雄のつもりだ。	He believes that he is a hero.
ヒーロー	ヒーロー	トムは私のヒーローでした。	Tom was my hero.
自己	ジコ	私って自己中だな。	I'm selfish.
物凄い	モノスゴイ	もの凄く危険だ。	It's very dangerous.
最高	サイコウ	最高の気分だ。	I feel great.
責任者	セキニンシャ	責任者を出して下さい。	Can I speak to the person in charge?
内気	ウチキ	私は内気だ。	I'm the bashful type.
たち	タチ	僕は我慢強いたちだ。	I'm patient.
我慢	ガマン	我慢強いね。	You're patient.
ルールブック	ルールブック	俺がルールブックだ。	I'm the law.
喉	ノド	喉渇いた？	Are you thirsty?
渇く	カワク	喉渇いた？	Are you thirsty?
番	バン	私の番？	Is it my turn?
不安	フアン	不安だ。	I'm worried.
役立つ	ヤクダツ	トムは役立たずだ。	Tom's useless.
られる	ラレ	来られますか。	Can you come?
閉じ込める	トジコメル	閉じ込められてしまった。	I'm trapped.
かわく	カワイ	喉がかわいた。	I'm thirsty.
迷子	マイゴ	簡単に迷子になる。	It's easy to get lost.
かっこいい	カッコイイ	かっこいいな。	It's so cool.
正気	ショウキ	正気ですか。	Are you nuts?
具合	グアイ	具合はどう？	How do you feel?
わた	ワタ	トムおわた？	Is Tom done?
無事	ブジ	無事で安心したよ。	I'm relieved you're safe.
合法的	ゴウホウテキ	それって合法的なんだろうか？	Is it legal?
奇麗	キレイ	手はきれいよ。	My hands are clean.
汚い	キタナイ	汚いかな？	Is it dirty?
持ち帰る	モチカエル	持ち帰ります。	I'll take it home with me.
霧	キリ	霧がはれた。	The fog has lifted.
全部	ゼンブ	それで全部？	Is that all?
芸術	ゲイジュツ	これは芸術なの？	Is this art?
白い	シロイ	白いですか。	Is it white?
知れる	シレル	雨が降るかもしれない。	It may rain.
降る	フル	雪が降る。	It's snowing.
冷たい	ツメタイ	冷たかった。	It was cold.
助かる	タスカル	助かりました。	That helped.
御陰	オカゲ	おかげで助かったよ。	It saved me.
簡単	カンタン	簡単だった。	It was easy.
今日	キョウ	今日は私が。	It is on me.
円	エン	５０円です。	It's 50 yen.
50	ゴレイ	５０円です。	It's 50 yen.
運命	ウンメイ	運命って信じる？	Do you believe in fate?
フランス語	フランスゴ	フランス語が憎い。	I hate French.
月曜日	ゲツヨウビ	月曜日です。	It's Monday.
暗い	クライ	暗かった。	It was dark.
ライオン	ライオン	ライオンです。	It's a lion.
種牛	タネウシ	それは種牛です。	It's a bull.
本	ホン	本だ。	It's a book.
よし	ヨシ	ようし、行こう。	OK, let's go.
打つ	ウツ	打つ手がないね。	I'm all out of tricks.
肌寒い	ハダサムイ	肌寒いです。	It's chilly.
月曜	ゲツヨウ	明日は月曜よ。	Tomorrow's Monday.
贋物	ニセモノ	それは贋物よ。	It's a fake.
曇る	クモル	曇ってる？	Is it cloudy?
秘密	ヒミツ	秘密なの？	Is it a secret?
壊れる	コワレル	鏡が壊れた。	My mirror broke.
普通	フツウ	普通だよ。	It's normal.
無駄	ムダ	無駄だよ。	It's no use.
皮肉	ヒニク	皮肉だな。	It's ironic.
単純	タンジュン	単純さぁ。	It's simple.
随分	ズイブン	随分失礼だな。	You're very rude.
大荒れ	オオアレ	大荒れだな。	It's stormy.
至急	シキュウ	至急お願いします。	It's urgent.
緊急	キンキュウ	緊急です。	It's urgent.
一報	イッポウ	ご一報ください。	Let me know.
夏	ナツ	夏だね。	It's summer.
手伝わす	テツダワサ	手伝わさせて。	Let me help.
盛り上がる	モリアガル	さあ、みんなで盛り上がろう！	Let's party!
人生	ジンセイ	人生は長い。	Life is good.
昼	ヒル	お昼にね。	See you at lunch.
昼御飯	ヒルゴハン	お昼ごはんよ。	Lunch is on.
願い事	ネガイゴト	願い事をして。	Make a wish.
金	キン	金を盗め。	Steal the money.
ない	ナカッ	歌わなかった。	I didn't sing.
今度	コンド	今度は誰の番だい？	Whose turn is it next?
日日	ヒニチ	日にち次第よ。	It really depends on when.
投票	トウヒョウ	投票に行く？	Are you going to vote?
エンター	エンター	エンターを押して。	Press Enter.
場所	バショ	場所教えて。	Tell me where it is.
元	モト	元の場所に戻して。	Put it back.
釈放	シャクホウ	彼を釈放して。	Release him.
此の	コノ	この音何？	What's this sound?
セクシー	セクシー	あの女は実にセクシーだ。	She's a fox.
実	ジツ	実に目障りだな。	It's really an eyesore.
不細工	ブサイク	あの女は不細工だ。	She's a dog.
やさしい	ヤサシイ	彼女はやさしい。	She is kind.
べし	ベキ	行くべきだ。	I ought to go.
踏ん張り	フンバリ	もう一踏ん張り！	Stick to it!
スキップ	スキップ	広告はスキップして。	Skip the ad.
広告	コウコク	広告はスキップして。	Skip the ad.
止す	ヨス	泣くのはよせよ。	Stop crying.
風呂	フロ	お風呂沸いてる？	Is the bath ready?
休息	キュウソク	休息しろ。	Take a rest.
飛ばす	トバス	宣伝は飛ばして。	Skip the ad.
宣伝	センデン	宣伝は飛ばして。	Skip the ad.
紅茶	コウチャ	紅茶はいかが？	How about some tea?
難しい	ムズカシイ	難しいわ。	It's so hard.
良し	ヨシ	それで良し。	That's good.
豆腐	トウフ	それは豆腐よ。	That's tofu.
赤い	アカイ	顔赤いよ。	You're blushing.
立てる	タテル	立てますか？	Can you stand up?
足	アシ	足が痛い。	My leg hurts.
ひそめる	ヒソメ	トムは眉をひそめた。	Tom frowned.
眉	マユ	トムは眉をひそめた。	Tom frowned.
懶け者	ナマケモノ	トムは怠け者。	Tom is lazy.
遅刻	チコク	遅刻します。	I'll be late.
貧しい	マズシイ	トムは貧しい。	Tom is poor.
跪く	ヒザマズク	私はひざまずいた。	I knelt down.
断る	コトワル	トムは断った。	Tom refused.
前払い	マエバライ	前払いですか。	Do I have to pay in advance?
引退	インタイ	引退しました。	I've retired.
着る	キル	恩に着るよ。	I owe you one.
いかれる	イカレ	トムはイカれてるわ。	Tom's crazy.
酔っ払う	ヨッパラウ	酔っぱらうな。	Don't get drunk.
年上	トシウエ	トムが一番年上。	Tom is the oldest.
試着	シチャク	試着できますか。	May I try it on?
嚔	クシャミ	くしゃみしっぱなし。	I'm always sneezing.
消す	ケス	火を消せ。	Put out the fire.
起こす	オコス	８時に起こして。	Get me up at eight.
振り向く	フリムク	振り向いて。	Turn around.
納得	ナットク	納得いかないな。	I don't agree with you.
可哀想	カワイソウ	かわいそうに！	What a pity!
描く	エガク	描けません。	I can't draw.
お母さん	オカアサン	お母さんはどこ？	Where's mom?
美味しい	オイシイ	それ美味しい？	Is that tasty?
予定	ヨテイ	次の予定は？	What's next?
浮く	ウク	木が浮く。	Wood floats.
野郎	ヤロウ	お前ってひでえ野郎だ。	You're sick!
船	フネ	船を離れろ。	Abandon ship!
振る舞う	フルマウ	年相応にふるまえ。	Act your age.
年	ネン	結婚して何年？	How many years have you been married?
相応	ソウオウ	年相応にふるまえ。	Act your age.
辺り	アタリ	あたりは静かだ。	All is quiet.
ぶう	ブー	ぶーす。	You're ugly.
油	アブラ	鍋に油入れた？	Did you put oil in the pan?
加える	クワエル	油を少し加えて。	Add some oil.
終わる	オワル	終わった？	Are you done?
阿呆	アホウ	アホか？	Are you nuts?
会計	カイケイ	お会計お願いします。	Check, please.
折り返す	オリカエス	折り返し電話する。	I'll call you back.
牛肉	ギュウニク	牛肉は高い。	Beef is expensive.
冷徹	レイテツ	冷徹であれ！	Be merciless.
ビーフ	ビーフ	ビーフをお願いします。	Beef, please.
卵	タマゴ	卵はどこ。	Where are the eggs?
茹でる	ユデル	卵、茹でたよ。	I boiled an egg.
いつ	イツ	夕飯いつ？	When's dinner?
可笑しい	オカシイ	おかしくない？	Do I look OK?
尽くす	ツクス	ベストを尽くせ。	Do your best.
ベスト	ベスト	ベストを尽くせ。	Do your best.
最善	サイゼン	最善を尽くします。	I'll do everything I can to help.
む	ン	知らんって。	Don't ask me.
悲しむ	カナシム	悲しまないで。	Don't be sad.
全力	ゼンリョク	全力でやれ。	Give it all you've got.
嘆く	ナゲク	嘆くなよ。	Don't be sad.
安全	アンゼン	安全な旅を。	Have a safe trip.
俯く	ウツムク	うつむかないで。	Don't slouch.
秋	アキ	秋ですね。	Autumn is here.
涼しい	スズシイ	秋は涼しいです。	Fall is cool.
魚	サカナ	魚がいるよ。	There's a fish.
からかう	カラカウ	からかわないで。	Don't make fun of me.
幽霊	ユウレイ	幽霊は存在する。	Ghosts exist.
半分	ハンブン	半分よこせ。	Give me half.
寄越す	ヨコス	半分よこせ。	Give me half.
返す	カエス	返してよ。	Give it back.
餌	エサ	犬に餌をやれ。	Feed the dog.
ボストン	ボストン	ボストンなう。	I'm in Boston.
学校	ガッコウ	学校だよ。	I'm at school.
居眠り	イネムリ	彼は居眠りをした。	He dozed off.
当たる	アタル	当たって砕けろ	Nothing ventured, nothing gained.
砕ける	クダケル	当たって砕けろ	Nothing ventured, nothing gained.
たてる	タテ	彼は腹をたてた。	He got angry.
詩人	シジン	彼は詩人だ。	He is a poet.
今晩は	コンバンハ	こんばんは。	Good evening.
飼う	カウ	犬を飼ってるの？	Do you have dogs?
蹴飛ばす	ケトバシ	彼はそれを蹴飛ばした。	He kicked it.
速い	ハヤク	彼は速く走る。	He runs fast.
独りぼっち	ヒトリボッチ	独りぼっちだったの？	Were you alone?
けち	ケチ	トムはケチだよ。	Tom is a cheapskate.
積もり	ツモリ	何のつもりだ？	What's the big idea?
絶望的	ゼツボウテキ	状況は絶望的だ。	The situation is hopeless.
過ぎ	スギ	暑すぎ。	It's too hot.
忍者	ニンジャ	彼は忍者だよ。	He's a ninja.
憧れる	アコガレル	トムに憧れている。	I admire Tom.
仕事中	シゴトチュウ	仕事中です。	I am working.
唇	クチビル	唇が青いわよ。	Your lips are blue.
キャビア	キャビア	私はキャビアを食べた。	I ate caviar.
中国人	チュウゴクジン	私は中国人です。	I am Chinese.
げっぷ	ゲップ	げっぷがよく出ます。	I burp a lot.
梨	ナシ	梨を食べたんだ。	I ate a pear.
在宅	ザイタク	私は在宅です。	I am at home.
待ち遠しい	マチドオシイ	待ち遠しいよ。	I can't wait.
構う	カマウ	構わない。	I don't care.
頑張る	ガンバル	仕事を頑張る。	I do my best.
ふらふら	フラフラ	まだフラフラする？	Are you still dizzy?
存じ上げる	ゾンジアゲ	存じ上げません。	I don't know.
牛乳	ギュウニュウ	牛乳を飲んだ。	I drank milk.
最悪	サイアク	最悪だ。	That's the worst.
気持ち	キモチ	気持ちが悪い。	I feel awful.
実感	ジッカン	生きていることを実感する。	I feel alive.
眠気	ネムケ	眠気が来た。	I got drowsy.
捕まる	ツカマル	捕まりました。	I got caught.
コーヒー	コーヒー	コーヒー買った？	Did you buy coffee?
絶好調	ゼッコウチョウ	絶好調です！	I feel great.
蛙	カワズ	蛇が蛙を飲み込んだ。	The snake swallowed a frog.
疑問	ギモン	私は疑問に思った。	I had doubts.
抱く	イダク	私は疑念を抱いた。	I had doubts.
疑念	ギネン	私は疑念を抱いた。	I had doubts.
疑い	ウタガイ	私をお疑いで？	Do you doubt me?
訝しい	イブカシク	私はいぶかしく思った。	I had doubts.
銃	ジュウ	銃を落とせ。	Drop your guns!
テスト	テスト	テストの感触は？	How was the test?
匹	ヒキ	犬が一匹欲しい。	I want a puppy.
息子	ムスコ	息子が一人います。	I have a son.
じん	ジン	じんましんが出ました。	I have hives.
麻疹	マシン	じんましんが出ました。	I have hives.
ばかり	バカリ	口ばっかり！	You're all bark and no bite.
クマ	クマ	クマが好きなんだ。	I like bears.
アドリブ	アドリブ	アドリブだよ。	I improvised.
キス	キス	キスしていい？	Can I kiss you?
女の子	オンナノコ	この女の子は誰？	Who is this girl?
そろそろ	ソロソロ	そろそろ時間だ。	It's about time.
ない	ナケレ	何かしなければ。	Something must be done!
子供	コドモ	子供好き？	Do you like kids?
音楽	オンガク	音楽は好き？	Do you like music?
チェス	チェス	チェスは難しい。	Chess is hard.
旅行	リョコウ	旅行は好き？	Do you like traveling?
オペラ	オペラ	彼はオペラを書いた。	He wrote the score of the opera.
豆	マメ	豆が大好きです。	I love beans.
計画	ケイカク	計画はできた。	Our plan is made.
がっくり	ガックリ	がっくりだよ。	I lost heart.
組む	クム	予定を組んだ。	I made plans.
ない	ナクッ	勉強しなくっちゃ。	I must study.
タクシー	タクシー	タクシー来たわよ。	The taxi's here.
お金	オカネ	お金ある？	Do you have any money?
ピアノ	ピアノ	ピアノは好き？	Do you like the piano?
弾く	ヒク	弾き方わかる？	Do you know how to play?
ネクタイ	ネクタイ	ネクタイは？	Where is your tie?
滅多	メッタ	津波は滅多にない。	Tsunamis are rare.
睡眠	スイミン	睡眠は大切だよ。	Sleep is important.
読書家	ドクショカ	読書家のほうです。	I read a lot.
遅く	オソク	遅くまで寝てます。	I sleep late.
要る	イル	両方要るよ。	We need both.
同情	ドウジョウ	同情するよ。	I sympathize.
喋り	シャベリ	しゃべりすぎ。	You talk too much.
両方	リョウホウ	両方要るよ。	We need both.
敢えて	アエテ	敢えてやってみた。	I took risks.
畏まる	カシコマリ	かしこまりました。	I understand.
扇風機	センプウキ	扇風機がほしいな。	I want a fan.
橋	ハシ	橋は石造りだ。	The bridge is made of stone.
渡る	ワタル	この橋を渡るの？	Are we going to cross this bridge?
ぎゅっ	ギュ	ギュッてしたい。	I want to hug you.
事実	ジジツ	事実が知りたい。	I want facts.
かしら	カシラ	誰かしら。	I wonder who.
殺す	コロス	殺してやる。	I'll kill it.
訴える	ウッタエル	訴えてやる！	I'll sue you.
カナダ	カナダ	私、カナダ人よ。	I'm Canadian.
間違い	マチガイ	間違いでした。	It was a mistake.
%	パーセント	99%間違いない。	I'm 99% sure.
99	キュウキュウ	99%間違いない。	I'm 99% sure.
蟹座	カニザ	僕、蟹座だよ。	I'm a Cancer.
高校	コウコウ	私は高校2年生だ。	I'm a junior.
天才	テンサイ	彼は天才だ。	He is a genius.
高三	コウサン	俺は、高３だ。	I'm a senior.
母親	ハハオヤ	私は母親です。	I'm a mother.
医者	イシャ	彼は医者だ。	He is a doctor.
医師	イシ	私は医師です。	I'm a doctor.
年生	ネンセイ	一年生です。	I'm a freshman.
銀行員	ギンコウイン	私は銀行員です。	I'm a banker.
お家	オウチ	今、お家？	Are you at home now?
立て込む	タテコム	今、立て込んでます。	I'm busy now.
丁度	チョウド	ちょうど五時です。	It is just five o'clock.
今手	イマテ	今手が塞がっているんです。	I'm busy now.
塞がる	フサガル	道が塞がってる。	The road is closed.
年齢	ネンレイ	年齢は関係ない。	Age is just a number.
はなす	ハナセ	今、手がはなせません。	I'm busy now.
混乱	コンラン	頭が混乱している。	I'm confused.
凍える	コゴエル	凍えるようだわ。	It's freezing.
パース	パース	僕はパースにいます。	I'm in Perth.
嬉しい	ウレシイ	嬉しい？	Are you happy?
ビール	ビール	ビール飲む？	Do you want to drink some beer?
酔い	ヨイ	二日酔いだ。	I'm hungover.
妊娠	ニンシン	妊娠してるの？	Are you pregnant?
ほっと	ホット	ホッとしたわ。	I felt relieved.
無実	ムジツ	私は無実だ。	I'm innocent.
落ち着き	オチツキ	私は落ち着きがない。	I'm restless.
ホーム	ホーム	ホームシックなの。	I'm homesick.
シック	シック	ホームシックなの。	I'm homesick.
気の毒	キノドク	お気の毒に。	I'm so sorry.
未だ	イマダ	まだ寒い？	Are you still cold?
13	ジュウサン	１３歳です。	I'm thirteen.
擽ったい	クスグッタイ	くすぐったいよ。	That tickles.
果てる	ハテル	疲れ果てたよ。	I'm worn out.
ぼろぼろ	ボロボロ	もうボロボロ。	I'm worn out.
働く	ハタラク	働いてたよ。	I was working.
NTT	エヌティーティー	私はＮＴＴで働いています。	I'm with NTT.
鉄	テツ	鉄は硬い。	Iron is hard.
固い	カタイ	鉄は硬い。	Iron is hard.
満足	マンゾク	満足です。	I'm satisfied.
喜ぶ	ヨロコブ	喜んでやるよ。	I'll be glad to.
ガン	ガン	それはガンなんですか？	Is it cancer?
爆弾	バクダン	それって、爆弾？	Is it a bomb?
近く	チカク	近くにいる？	Are you nearby?
本物	ホンモノ	本物の花？	Is the flower real?
偽物	ニセモノ	偽物にご注意。	Beware of imitations.
フェーク	フェイク	これって、フェイク？	Is this fake?
ひょっと	ヒョット	ひょっとしたら明日は雨かも。	Maybe it'll rain tomorrow.
愛	アイ	愛は狂気。	Love is crazy.
ミンク	ミンク	これってミンクの毛皮なの？	Is this mink?
毛皮	ケガワ	これってミンクの毛皮なの？	Is this mink?
黒	クロ	黒だったよ。	It was black.
10	ジュウ	10月だよ。	It's October.
月	ツキ	月が出た。	The moon is out.
夜	ヨル	夜だった。	It was night.
ロボット	ロボット	ロボットだよ。	It's a robot.
鼠	ネズミ	ネズミでした。	It was a mouse.
雹	ヒョウ	雹が降っています。	It's hailing.
部屋	ヘヤ	部屋が暑い。	The room is hot.
笑い事	ワライゴト	笑い事ではない。	It's no joke.
ゴミ	ゴミ	これはゴミです。	It's garbage.
明らか	アキラカ	証拠は明らかだ。	The evidence is clear.
な	ナー	かわいいなー。	It's so cute.
土砂降り	ドシャブリ	土砂降りです。	It's pouring.
珍しい	メズラシイ	珍しい名前だね。	It's an unusual name.
仕方無い	シカタナイ	暑くて仕方ない。	It's too hot.
法律	ホウリツ	法律ですから。	It's the law.
失せる	ウセロ	とにかく失せろ。	Just go away.
自殺	ジサツ	彼は自殺をした。	He killed himself.
かなう	カナワ	暑くてかなわんわ。	It's too hot.
笑顔	エガオ	笑顔！笑顔！	Try to smile.
うん	ウン	うんと言ってよ。	Just say yes.
掘る	ホル	彼は穴を掘った。	He dug a hole.
受け取る	ウケトル	まあ受け取って。	Just take it.
絶やす	タヤス	笑顔を絶やさないで。	Keep smiling.
習う	ナラウ	料理を習った。	I've learned to cook.
休む	ヤスム	休みたい。	I want to rest.
ほる	ホッ	私のことはほっといて。	Let me alone.
生かす	イカス	トムを生かしておけ。	Let Tom live.
せる	セロ	トムに知らせろ。	Let Tom know.
離す	ハナス	私から手を離せ！	Let go of me!
長い	ナガイ	人生は長い。	Life is good.
見直し	ミナオシ	見直しをしようじゃないか。	Let's review.
苦	ク	苦は楽の種。	No pain, no gain.
なり	ナリ	時は金なり。	Time is money.
短い	ミジカイ	人生は短い。	Life's short.
させる	サセ	少し考えさせて。	Let me think it over a bit.
出掛ける	デカケル	出かけるの？	Are you going out?
やめる	ヤメヨウ	行くのはやめよう。	Let's not go.
くくく	クックッ	メアリーはクックッと笑った。	Mary giggled.
当てる	アテル	当ててみて。	Make a guess.
肉	ニク	肉は要らないよ。	I don't want meat.
動かす	ウゴカス	これを動かそう。	Let's move this.
そっと	ソット	そーっと動かしてね。	Move quietly.
芝刈り	シバカリ	芝刈りしてよ。	Mow the lawn.
腕	ウデ	腕が痛む。	My arm hurts.
痛む	イタム	腕が痛む。	My arm hurts.
痒い	カユイ	鼻が痒いよ。	My nose itches.
頭痛	ズツウ	頭痛がした。	My head hurt.
いやいや	イヤイヤ	いやいや、私が払いますよ。	No, I'll pay.
開く	ヒラク	手を開いて。	Open your hand.
口	クチ	口臭いよ。	Your breath smells.
あご	アゴ	あごが痛い。	My jaw hurts.
飲み干す	ノミホシ	さあ飲み干して。	Now drink up.
箱	バコ	箱を開けて。	Open the box.
合う	アウ	目と目が合った。	Our eyes met.
色	イロ	色を選んで。	Pick a color.
ボンネット	ボンネット	ボンネットを開けて。	Pop the hood.
手前	テマエ	手前にひいて開けてください。	Pull it open.
ひく	ヒイ	風邪ひいた。	I caught a cold.
動き	ウゴキ	口の動きを読んでみて。	Read my lips.
横	ヨコ	横に座って。	Sit beside me.
近い	チカイ	終わりも近いよ。	It's almost over.
うち	ウチ	うちへ帰ります。	I'm going home.
近々	チカジカ	ではまた近々。	See you soon!
置く	オク	床に置いて。	Put it on the floor.
放す	ハナス	トムを放せ。	Set Tom free.
恥	ハジ	恥を知れ！	Shame on you.
写真	シャシン	写真見して。	Show me the photo.
送る	オクル	本送ったの？	Did you send the book?
ぽい	ッポイ	熱っぽいの。	I feel feverish.
物静か	モノシズカ	物静かな人だな。	She is quiet.
無口	ムクチ	彼女は無口です。	She is quiet.
声	コエ	鳥の声がする？	Do you hear birds?
夢	ユメ	夢みたいだ。	It's like a dream.
表	ヒョウ	表に出ろ。	Step outside.
鼻歌	ハナウタ	誰かが鼻歌歌ってる。	Someone's humming.
お喋り	オシャベリ	トムはおしゃべりだ。	Tom is talkative.
無理	ムリ	もう無理。	I can't stand it.
矢張り	ヤッパリ	やっぱりね。	That figures.
のんびり	ノンビリ	のんびり行こう。	Take it easy.
改めて	アラタメテ	改めて、ありがとう。	Thanks again.
量	リョウ	スゴイ量だね！	That's a lot!
蜂蜜	ハチミツ	それね、蜂蜜よ。	That's honey.
応援	オウエン	応援してね！	Please back me up!
ださい	ダサイ	これはダサいよ。	This is lame.
食べ物	タベモノ	好きな食べ物は？	What's your favorite food?
承認	ショウニン	トムは承認した。	Tom approved.
ガキ	ガキ	トムはガキよ。	Tom is a kid.
機敏	キビン	トムは機敏だよ。	Tom is agile.
警察官	ケイサツカン	トムは警察官です。	Tom is a cop.
クレイジー	クレイジー	トムはクレイジーだ。	Tom is crazy.
螺子	ネジ	トムは頭のネジが飛んでいる。	Tom is crazy.
すばしこい	スバシッコイ	トムはすばしっこい。	Tom is nimble.
気違い	キチガイ	トムはきちがいだ。	Tom is crazy.
きもい	キモイ	キモい！	You're disgusting.
ストイック	ストイック	トムはストイックだ。	Tom is stoic.
口煩い	クチウルサイ	トムは口うるさい。	Tom is picky.
負わす	オワサ	トムは怪我を負わされた。	Tom was hurt.
行方不明	ユクエフメイ	トムは行方不明なの？	Is Tom missing?
口笛	クチブエ	誰かの口笛が聞こえた。	I heard someone whistle.
吹く	フク	風が吹いている。	The wind is blowing.
竦める	スクメ	トムは肩をすくめた。	Tom shrugged.
肩	カタ	肩揉んで。	Rub my shoulders.
不潔	フケツ	トムって、不潔ね。	Tom's filthy.
退職	タイショク	トムは退職した。	Tom resigned.
少々	ショウショウ	少々お待ち下さい。	Just a minute.
希望	キボウ	希望を失った。	We lost hope.
解雇	カイコ	解雇された。	We got fired.
っこ	ッコ	勝てっこないさ。	We can't win.
育てる	ソダテル	彼は稲を育てている。	He grows rice.
みたい	ミタイ	馬鹿みたい！	You look stupid.
増し	マシ	私たちの方がましね。	We're better.
おかえりなさい	オカエリナサイ	おかえりなさい。	Welcome back.
おかえり	オカエリ	おかえり。	Welcome back.
抜け抜け	ヌケヌケ	よくもまあ、抜け抜けと。	What a nerve!
図々しい	ズウズウシイ	図々しいな！	What a nerve!
恋愛	レンアイ	恋愛って何ですか。	What is love?
我々	ワレワレ	我々は最初に着いた。	We arrived first.
恋う	コッ	恋って何ですか。	What is love?
建てる	タテル	誰が建てたんですか？	Who built it?
ユーフォー	ユーフォー	ユーフォーって何？	What's a UFO?
やめる	ヤメル	なぜ今やめる？	Why quit now?
年月	トシツキ	年月が経った。	Years passed.
経つ	タツ	年月が経った。	Years passed.
ない	ナキャ	寝なきゃ。	I have to go to bed.
包む	ツツム	それ包んで。	Wrap that up.
じゃん	ジャン	早いじゃん。	You're early.
ラッキー	ラッキー	ラッキーだったと思う。	I think I was lucky.
チャック	チャック	口チャックして。	Zip your lip.
タフ	タフ	タフだなあ。	You're tough.
鋭い	スルドイ	鋭いねぇ。	How perceptive!
仰る	オッシャル	嘘おっしゃい。	You're lying.
干す	ホス	洗濯物干したよ。	We hung up the laundry.
布団	フトン	布団干しといて。	Air the futon.
足す	タス	少し油を足して。	Add a little oil.
オリーブオイル	オリーブオイル	オリーブオイルを足して。	Add olive oil.
他	ホカ	他のをくれ。	Give me another one.
てく	テッ	生きてっか？	Are you alive?
鈍る	ニブル	嗅覚が鈍っています。	I've lost my sense of smell.
干し	ボシ	布団干しといて。	Air the futon.
武器	ブキ	武器は持ったか？	Are you armed?
さめる	サメ	目、さめた？	Are you awake?
詰まる	ツマル	つまらないの？	Are you bored?
用意	ヨウイ	早く用意して。	Get ready quickly.
取れる	トレル	アポ取れた？	Did you get an appointment?
身動き	ミウゴキ	身動きが取れないの？	Are you stuck?
整う	トトノウ	準備は整っていますか？	Are you ready?
行き詰まる	イキヅマッ	行き詰まったの？	Are you stuck?
専門家	センモンカ	専門家に聞いて。	Ask an expert.
共	トモ	ガキども、うせろ！	Beat it, kids!
猛犬	モウケン	猛犬注意！	Beware of dog.
ベテラン	ベテラン	ベテランさんに聞いてみて。	Ask an expert.
掻き混ぜる	カキマゼ	卵をよくかき混ぜます。	Beat the eggs.
夕飯	ユウハン	夕飯いつ？	When's dinner?
警察	ケイサツ	警察を呼んで！	Call the cops.
キー	キー	キーを持ってきて。	Bring the key.
理由	リユウ	理由は簡単だよ。	The reason is simple.
スケート	スケート	スケートってできる？	Can you skate?
勘定	カンジョウ	勘定お願いします。	Check, please.
清算	セイサン	清算をお願いします。	Check, please.
勘定書	カンジョウショ	勘定書を頼むよ。	Check, please.
チェック	チェック	今チェックしたよ。	I just checked.
にやり	ニヤリ	すぐにやりなさい。	Do it at once.
ムズ	ムズ	チェスはムズい。	Chess is hard.
鍋	ナベ	鍋に蓋をして。	Cover the pot.
蓋	フタ	鍋に蓋をして。	Cover the pot.
返事	ヘンジ	返事もらった？	Did you get a reply?
さっさと	サッサト	さっさとしろ！	Do it quickly.
意地悪	イジワル	意地悪しないで。	Don't be mean.
無茶	ムチャ	それは、無茶だ。	That won't work.
かっか	カッカ	かっかするな。	Don't get mad.
憎む	ニクム	私を憎むな！	Don't hate me.
拭く	フク	目を拭きなさい。	Dry your eyes.
終える	オエル	食べ終えなさい。	Finish eating.
急かす	セカス	急かさないで。	Don't rush me.
焼く	ヤク	栗を焼こう。	Let's roast chestnuts.
偉い	エライ	偉そうにすみません。	I'm sorry for being so bossy.
生意気	ナマイキ	生意気を言うんじゃない。	Don't sass me.
御構い	オカマイ	お構いなく。	Don't mind me.
逃げる	ニゲル	逃げるな。	Don't run off.
払い	ハライ	いい厄介払いだ。	Good riddance.
厄介	ヤッカイ	厄介な事だ。	It's a difficult matter.
清々	セイセイ	清々したよ。	Good riddance.
ペン	ペン	ペンはある？	Do you have a pen?
最初	サイショ	彼が最初に来た。	He came first.
クッキー	クッキー	クッキー焼こうよ。	Let's bake cookies.
おー	オ	お体をお大事に。	Take care of yourself.
風邪	カゼ	風邪かな？	Do I have a cold?
稲	イネ	彼は稲を育てている。	He grows rice.
愚か	オロカ	彼は愚かだ。	He is foolish.
イギリス人	イギリスジン	彼はイギリス人です。	He is English.
喘息	ゼンソク	喘息なの。	I have asthma.
穴	アナ	彼は穴を掘った。	He dug a hole.
上司	ジョウシ	彼は私の上司です。	He is my boss.
顔色	カオイロ	顔色が悪いです。	He looks pale.
青い	アオイ	空は青い。	The sky is blue.
色々	イロイロ	色々ありがとう。	Thanks for everything.
精一杯	セイイッパイ	精一杯、頑張りなさい。	Work as hard as you can.
目掛ける	メガケ	子供は猫めがけて石を投げた。	The child threw a stone at the cat.
繊細	センサイ	彼は繊細だ。	He's delicate.
鬱陶しい	ウットウシイ	鬱陶しいなあ。	It's annoying.
ねえ	ネエ	ねえ、話聞いてる？	Hey, are you listening?
戸	ト	戸を閉めろ。	Shut the door.
押さえる	オサエル	戸を押さえてくれ。	Hold the door.
ロープ	ロープ	ロープを放すな。	Don't let go of the rope.
何歳	ナンサイ	何歳なの？	How old are you?
鼻血	ハナジ	鼻血出てるよ。	Your nose is bleeding.
幾つ	イクツ	いくつですか？	How old are you?
昼食	チュウショク	昼食にしよう！	Let's eat lunch.
距離	キョリ	距離が判断できません。	I can't judge distance.
信じる	シンジル	僕は君を信じる。	I believe you.
ホームシック	ホームシック	ホームシックです。	I am homesick.
日本人	ニホンジン	日本人ですか。	Is he Japanese?
いっつ	イッツ	いっつも失敗するんだ。	I always fail.
ピーナッツ	ピーナッツ	ピーナッツを食べた。	I ate peanuts.
言葉	コトバ	昔の言葉だよ。	It's an old word.
訳	ワケ	わけは聞かないで。	Don't ask me why.
ムスリム	ムスリム	私はムスリムです。	I am a Muslim.
酒類	シュルイ	私は酒類は飲みません。	I don't drink.
貢献	コウケン	貢献した。	I contributed.
寄付	キフ	寄付したよ。	I contributed.
アルコール	アルコール	アルコールは薬物だよ。	Alcohol is a drug.
水	ミズ	水をくれ。	Pass me the water.
後ろめたい	ウシロメタイ	うしろめたい気がする。	I feel guilty.
孤独	コドク	私は孤独だった。	I felt lonely.
ぶち切れる	ブチキレ	ブチ切れちゃった。	I got furious.
罪悪感	ザイアクカン	罪悪感を感じた。	I felt guilty.
ボーナス	ボーナス	ボーナスをもらった。	I got a bonus.
全面的	ゼンメンテキ	全面的に賛成です。	I fully agree.
激怒	ゲキド	トムは激怒した。	Tom got furious.
後ろめたい	ウシロメタカッ	後ろめたかった。	I felt guilty.
空腹	クウフク	空腹を感じた。	I felt hungry.
ひく	ヒキ	風邪をひきました。	I have a cold.
兄	アニ	兄がいます。	I have a brother.
かぜ	カゼ	かぜが治らない。	I can't get over my cold.
引く	ヒク	風邪引くよ。	You'll catch a cold.
癌	ガン	癌なんです。	I have cancer.
人込み	ヒトゴミ	人ごみは大嫌い。	I hate crowds.
憎い	ニクイ	フランス語が憎い。	I hate French.
吹き出物	フキデモノ	吹き出物ができちゃった。	I have a rash.
メモ	メモ	メモしてる？	Are you taking notes?
春	ハル	春が来た。	Spring has come.
林檎	リンゴ	リンゴは赤い。	Apples are red.
映画	エイガ	いい映画だね。	It's a good movie.
冬	フユ	冬は寒いよ。	It's cold in the winter.
なくす	ナクシ	鍵をなくした。	I've lost my key.
馬	ウマ	馬に乗せてよ。	Get on a horse.
スポーツ	スポーツ	スポーツは好き？	Do you like sports?
サラミ	サラミ	サラミが好きです。	I like salami.
黄色	キイロ	黄色のもあるよ。	There's also a yellow one.
チューリップ	チューリップ	チューリップが好きです。	I like tulips.
テニス	テニス	テニスは得意？	Are you good at tennis?
堪る	タマラ	フランス語が堪らなく好きです。	I love French.
サッカー	サッカー	サッカー歴何年？	How long have you played soccer?
電車	デンシャ	電車来たよ。	Here comes the train!
蝦	エビ	あたしエビ大好きなんだ。	I love shrimp.
夕食	ユウショク	夕食ができたよ。	Dinner's ready!
玉葱	タマネギ	玉ねぎを切った。	I chopped some onions.
多分	タブン	たぶん遅れる。	I may be late.
ず	ネ	銀行に行かねば。	I have to go to the bank.
恩	オン	恩に着るよ。	I owe you one.
現金	ゲンキン	現金が要るの。	I need some cash.
スケジュール	スケジュール	スケジュール変えたよ。	I rescheduled.
変える	カエル	携帯変えた。	I got a new cellphone.
飛行機	ヒコウキ	紙飛行機だよ。	I made a paper plane.
所	トコロ	今のところ順調だ。	So far, so good.
コアラ	コアラ	コアラを見たよ。	I saw a koala.
スカンク	スカンク	スカンク見たよ。	I saw a skunk.
引っ叩く	ヒッパタイ	引っ叩いてやった。	I slapped him.
オレ	オレ	オレには何も見えないぞ。	I see nothing.
散歩	サンポ	散歩をした。	I took a walk.
Firefox	ファイアーフォックス	私はFirefoxを使ってます。	I use Firefox.
汗かき	アセカキ	私は汗かきです。	I sweat a lot.
狐使い	キツネツカイ	火狐使いです。	I use Firefox.
盗む	ヌスム	金を盗め。	Steal the money.
売る	ウル	売っちゃおう。	Let's sell it.
Firefox	ファイアフォックス	私はファイアフォックスを使っています。	I use Firefox.
ボート	ボート	私はボートが欲しい。	I want a boat.
監督	カントク	トムの監督です。	I'm Tom's coach.
苛め	イジメ	私はいじめにあった。	I was bullied.
苛める	イジメル	私はいじめられた。	I was bullied.
コーチ	コーチ	コーチでした。	I was a coach.
ハイキング	ハイキング	ハイキングは秋に限る。	Autumn is the best season for going on hikes.
一生懸命	イッショウケンメイ	一生懸命働いた。	I worked hard.
ショック	ショック	ショックでした。	I was shocked.
上げる	アゲル	してあげる。	I'll do it for you.
難民	ナンミン	僕は難民です。	I'm a refugee.
メール	メール	メールするね。	I'll text you.
息の根	イキノネ	彼女は彼の息の根を止めた。	She choked him.
患者	カンジャ	私は患者です。	I'm a patient.
先生	センセイ	先生なの？	Are you a teacher?
教師	キョウシ	私は教師です。	I'm a teacher.
学生	ガクセイ	学生です。	I'm a student.
切れ者	キレモノ	私は切れ者だ。	I'm efficient.
美しい	ウツクシイ	私は美しい。	I'm beautiful.
へとへと	ヘトヘト	へとへとよ。	I'm exhausted.
抜ける	ヌケル	風邪が抜けない。	I can't get over my cold.
暢気	ノンキ	彼はのんきだね。	He is easygoing.
只今	タダイマ	トム、ただいま。	I'm home, Tom.
頂く	イタダケル	来ていただけると幸いです。	I'd be happy if you'd come.
戦く	オノノイ	恐怖におののいた。	I'm horrified.
恐怖	キョウフ	恐怖におののいた。	I'm horrified.
ずぼら	ズボラ	私はただずぼらなだけです。	I'm just lazy.
担当	タントウ	担当は私です。	I'm in charge.
切れる	キレル	待ちきれない！	I'm impatient.
扱い	アツカイ	子ども扱いするなよ。	I'm not a kid.
我が輩	ワガハイ	吾輩は人間ではない。	I'm not human.
腹ぺこ	ハラペコ	腹ぺこなの？	Are you very hungry?
驚く	オドロク	驚いた。	I'm surprised.
所有者	ショユウシャ	私が所有者です。	I'm the owner.
音痴	オンチ	音痴なんです。	I have no ear for music.
オーナー	オーナー	オーナーだよ。	I'm the owner.
低い	ヒクイ	血圧が低いんだ。	My blood pressure is low.
未婚	ミコン	まだ未婚です。	I'm unmarried.
たまる	タマラ	痛くてたまらない。	I can't bear the pain.
音感	オンカン	私ね、音感がないの。	I'm tone-deaf.
票	ヒョウ	反対票を投じるつもりだ。	I'm voting no.
投じる	トウジル	反対票を投じるつもりだ。	I'm voting no.
犯人	ハンニン	犯人はカナダ人でした。	The perpetrator was Canadian.
有名	ユウメイ	有名な曲よ。	It's a famous song.
人気	ニンキ	人気者は辛いね。	It's not easy being popular.
甘い	アマイ	甘いなあ。	He's a pushover.
可成	カナリ	かなり寒い。	It's pretty cold.
狐	キツネ	あれって、キツネ？	Is that a fox?
血	チ	あれって、血？	Is that blood?
蝙蝠	コウモリ	蝙蝠は苦手だよ。	I'm scared of bats.
冷える	ヒエル	冷えますね？	It's cold, isn't it?
容易い	タヤスイ	減量は容易くない。	Losing weight isn't easy.
タイポ	タイポ	タイポでした。	It was a typo.
罠	ワナ	罠でした。	It was a trap.
午後	ゴゴ	午後二時です。	It's 2:00 p.m.
名誉	メイヨ	名誉なことだ。	It's an honor.
内緒	ナイショ	内緒だよ。	It's a secret.
お知らせ	オシラセ	残念なお知らせです。	It's bad news.
スリル	スリル	スリルがあるなあ。	It's exciting.
菫	スミレ	スミレだよ。	It's a violet.
豪	ゴウ	豪ジャスだね。	It's gorgeous.
JAS	ジャス	豪ジャスだね。	It's gorgeous.
売り物	ウリモノ	売りものです。	It's for sale.
豪華	ゴウカ	豪華ですね。	It's gorgeous.
華やか	ハナヤカ	華やかだこと。	It's gorgeous.
ゴージャス	ゴージャス	ゴージャスね。	It's gorgeous.
直感	チョッカン	直感です。	It's instinct.
真夜中	マヨナカ	もう真夜中だ。	It's midnight.
責任	セキニン	私の責任？	Is it my fault?
昼寝	ヒルネ	昼寝したら？	Why don't you take a nap?
狡い	ズルイ	ずるい。	It's not fair.
不公平	フコウヘイ	そんなの不公平だよ。	It's not fair.
自家製	ジカセイ	自家製です。	It's homemade.
可能性	カノウセイ	可能性あるかな？	Is it possible?
時代遅れ	ジダイオクレ	それは時代遅れです。	It's obsolete.
朝飯前	アサメシマエ	朝飯前だ。	It's too easy.
手遅れ	テオクレ	手遅れだ。	It's too late.
酷い	ヒドイ	ひどい天気！	What awful weather!
派手	ハデ	派手すぎるよ。	It's too loud.
古い	フルイ	私の机は古い。	My desk is old.
取り合う	トリアオウ	連絡を取り合おう。	Keep in touch.
ジュース	ジュース	ジュースをください。	Juice, please.
上る	ノボル	月は昇った。	The moon has risen.
無用	ムヨウ	他言は無用だ。	Keep it quiet.
他言	タゲン	他言は無用だ。	Keep it quiet.
漕ぐ	コグ	漕ぎ続けて。	Keep paddling.
怠る	オコタル	連絡を怠るな。	Keep in touch!
便り	タヨリ	便りをください。	Keep in touch.
金属	キンゾク	鉛は金属である。	Lead is metal.
鉛	ナマリ	鉛は金属である。	Lead is metal.
きく	キイ	あの人にきいてみよう。	Let's ask him.
フェア	フェア	フェアに行こうぜ。	Let's go to the fair.
ぜ	ゼ	始めようぜ。	Let's get started.
息抜き	イキヌキ	息抜きしようよ。	Let's ease up.
友	トモ	類は友を呼ぶ。	Birds of a feather flock together.
ズッ	ズッ	ズッ友でいようね！	Let's be BFFs!
ドア	ドア	ドア閉めて。	Shut the door.
かける	カケロ	ドアに鍵をかけろ！	Lock the door!
盲目	モウモク	恋は盲目。	Love is blind.
狂気	キョウキ	愛は狂気。	Love is crazy.
金庫	キンコ	金庫はどこ？	Where's the safe?
かぎ	カギ	門にかぎを掛けなさい。	Lock the gate.
必ず	カナラズ	人は必ず死ぬ。	Man is mortal.
門	モン	門を閉じて。	Shut the gate.
手短	テミジカ	手短におねがい。	Make it short.
整える	トトノエル	ベッドを整えて。	Make your bed.
ベッドメーキング	ベッドメイキング	ベッドメイキングをしなさい。	Make your bed.
帰宅	キタク	彼女は帰宅した。	She went home.
暗記	アンキ	暗記した。	I learned it by heart.
落ち合う	オチアウ	そこで落ち合おう。	Meet me there.
たり	タリ	ぶったりはしない。	I won't hit you.
ひりひり	ヒリヒリ	目がヒリヒリします。	My eyes smart.
背中	セナカ	背中が痛い。	My back aches.
腰	コシ	腰が痛い。	My back hurts.
膝	ヒザ	膝が痛む。	My knee hurts.
名前	ナマエ	お名前は？	What's your name?
携帯	ケイタイ	携帯変えた。	I got a new cellphone.
ギブ	ギブ	ネバー・ギブ・アップ！	Never give up.
ネバー	ネバー	ネバー・ギブ・アップ！	Never give up.
アップ	アップ	ネバー・ギブ・アップ！	Never give up.
絶対	ゼッタイ	絶対だよ！	I'm absolutely sure!
投げ出す	ナゲダス	投げ出すな。	Don't throw in the towel.
いえ	イエ	いえ、結構です。	No, thank you.
申し訳	モウシワケ	遅れて申し訳ない。	Sorry to be late.
あら	アラ	あら、ビックリ！	What a surprise!
個	コ	１個は重かったよ。	One was heavy.
窓	マド	窓を開けて。	Open the window.
開門	カイモン	開門しなさい。	Open the gate.
扉	トビラ	扉よ開け。	Open the door.
あける	アケ	あけおめ〜〜〜〜。	Happy New Year!
梟	フクロウ	フクロウって可愛い。	Owls are cute.
塩	シオ	お塩とって。	Pass the salt.
ペース	ペース	彼は速いペースで歩いた。	He walked at a quick pace.
なおす	ナオシ	なおして下さい。	Please fix it.
数字	スウジ	3桁の数字です。	It's a three-digit number.
ギャンブル	ギャンブル	ギャンブルはやめなさい。	Quit gambling.
宜しく	ヨロシク	よろしくね！	Thank you in advance.
賭け事	カケゴト	賭け事はやめなさい。	Quit gambling.
サイ	サイ	サイを振れ。	Roll the dice.
一言	ヒトコト	一言言いたい。	Let me say one thing.
鐘	カネ	鐘を鳴らせ。	Ring the bell.
避ける	サケル	私のこと避けてる？	Are you avoiding me?
憂鬱	ユウウツ	彼女は憂鬱だった。	She felt blue.
握手	アクシュ	握手しようぜ！	Shake my hand.
雇う	ヤトウ	トムは弁護士を雇った。	Tom hired a lawyer.
貸す	カス	手、貸そうか？	Do you need a hand?
屈める	カガメ	彼女は腰をかがめた。	She bent down.
フランス人	フランスジン	彼女はフランス人だ。	She is French.
唯	タッタ	たった１０ドルだぜ。	It only costs $10.00!
行動的	コウドウテキ	彼女は行動的です。	She is active.
勇ましい	イサマシイ	彼女は勇ましかった。	She was brave.
ナイーブ	ナイーブ	彼女はナイーブだった。	She was naive.
タイプ	タイプ	トムって、タイプ？	Is Tom your type?
形	カタチ	この文は現在形です。	This sentence is in the present tense.
閉じる	トジル	本を閉じて。	Shut the book.
姿	スガタ	姿をあらわせ！	Show yourself.
あらわす	アラワセ	姿をあらわせ！	Show yourself.
閉める	シメル	戸を閉めろ。	Shut the door.
休める	ヤスメル	休め！	Stand at ease!
そば	ソバ	そばにいたいな。	I want to be near you.
大きな	オオキナ	大きな家ね。	It's a big house.
列	レツ	列に戻れ。	Get back in line.
並ぶ	ナラブ	列に並んで。	Stand in line.
スープ	スープ	スープはどう？	How's the soup?
しゃんと	シャント	しゃんとしなさい。	Straighten up.
勝手に	カッテニ	勝手にしろ。	Suit yourself.
虫	ムシ	虫が怖いの？	Are you afraid of bugs?
好き好き	スキズキ	蓼食う虫も好き好き。	Tastes differ.
蓼	タデ	蓼食う虫も好き好き。	Tastes differ.
食う	クウ	黙って食え。	Shut up and eat.
顰め面	シカメッツラ	しかめっ面は、やめろ。	Stop scowling.
浴びる	アビル	シャワーを浴びる。	I'll take a shower.
シャワー	シャワー	シャワーするの？	Are you going to shower?
好み	コノミ	人の好みは異なる。	Tastes differ.
異なる	コトナル	趣味は異なる。	Tastes differ.
趣味	シュミ	趣味は異なる。	Tastes differ.
掴む	ツカム	パパにつかまれ！	Hang onto Daddy!
チャンス	チャンス	チャンスをつかめ。	Take a chance.
何れ	イズレ	何れにせよありがとう。	Thanks anyway.
びし	ビシッ	ビシッとまっすぐ立ちなさい。	Straighten up.
無茶苦茶	ムチャクチャ	そんなの無茶苦茶だよ。	That's absurd.
目標	モクヒョウ	本当の目標は何？	What's the real goal?
カップ	カップ	カップが割れた。	The cup broke.
割れる	ワレル	卵が割れてる。	The egg is cracked.
現実的	ゲンジツテキ	それは非現実的だ。	That's unreal.
非	ヒ	彼は非社交的だ。	He is unsociable.
緑色	ミドリイロ	それらは緑色だ。	They're green.
固まる	カタマル	猫が固まった。	The cat froze.
太陽	タイヨウ	太陽はいいね。	I like the sun.
日本	ニッポン	日本は島国だ。	Japan is an island country.
蠅	ハエ	ハエは昆虫よ。	Flies are insects.
基本	キホン	これが基本よ。	This is basic.
駄洒落	ダジャレ	これは駄洒落です。	This is a pun.
DVD	ディーブイディー	これはDVDです。	This is a DVD.
異議	イギ	トムは異議を唱えた。	Tom disagreed.
唱える	トナエル	彼は減税を唱えた。	He advocated the reduction of taxes.
落っこちる	オッコチ	トムが落っこちた。	Tom fell down.
卒業	ソツギョウ	トムは卒業した。	Tom graduated.
一人息子	ヒトリムスコ	トムには一人息子がいます。	Tom has a son.
羊	ヒツジ	羊は草を食べる。	Sheep eat grass.
赤ちゃん	アカチャン	赤ちゃんは大丈夫？	Is the baby OK?
がきんちょ	ガキンチョ	トムはガキンチョよ。	Tom is a brat.
傷付ける	キズツケル	トムに傷つけられた。	I was hurt by Tom.
躊躇	チュウチョ	トムは躊躇した。	Tom hesitated.
イケメン	イケメン	トムはイケメンだ。	Tom is a hunk.
休み	ヤスミ	休みがある。	I have the day off.
欠席	ケッセキ	３人欠席です。	Three people are absent.
独り身	ヒトリミ	独り身だよね？	You're single, right?
者	モノ	トムは正直者だ。	Tom is honest.
正直	ショウジキ	トムは正直者だ。	Tom is honest.
街	マチ	街に行きたい。	I want to go to town.
町	マチ	町に来ましたか？	Did you come to town?
回復	カイフク	トムは回復した。	Tom recovered.
威圧的	イアツテキ	トムは威圧的であった。	Tom was bossy.
嵌める	ハメル	トムは私を罠にはめた。	Tom set me up.
苛つく	イラツイ	トムはイラついていた。	Tom was irked.
青褪める	アオザメル	彼は青ざめた。	His face turned pale.
収める	オサメル	ノートは収めて。	Put your notebook away.
再び	フタタビ	再び沈黙があった。	There was another silence.
勝利	ショウリ	勝利は我々のものだ。	The victory is ours.
正解	セイカイ	正解だよ。	You guessed right.
かく	カイ	背中かいて。	Scratch my back.
鼾	イビキ	俺、いびきをかいてた？	Was I snoring?
真剣	シンケン	トムは真剣だ。	Tom's serious.
解放	カイホウ	その犬を解放しなさい。	Untie the dog.
婚約	コンヤク	私の姉は婚約した。	My sister got engaged.
暫く	シバラク	しばらくいると思う。	I guess I'll stay a while.
6	ロク	もう６時だ。	It's six o'clock already.
子供達	コドモタチ	子供たちは元気？	How are the kids?
ワックス	ワックス	床にワックスをかけなさい。	Wax the floor.
到着	トウチャク	到着します。	We have arrived.
夫婦	フウフ	彼らは夫婦だ。	They're a couple.
めんどい	メンドク	めんどくさぁ。	What a hassle!
つう	ッチュウ	めんどっちい。	What a hassle!
面倒	メンドウ	めんどっちい。	What a hassle!
中身	ナカミ	中身は何なの？	What's inside?
エルフ	エルフ	エルフって何？	What's an elf?
やれ	ヤレ	やれやれ。	What a relief!
どっち	ドッチ	どっちに行く？	Which way will we go?
酔っ払い	ヨッパライ	この酔っ払い！	You are drunk!
意外	イガイ	意外だな。	That's a surprise.
振り	フリ	ねこっかぶり！	You hypocrite!
びっくり	ビックリ	びっくりだ。	It's a surprise.
商売	ショウバイ	君は商売熱心だね。	You work hard.
熱心	ネッシン	君は商売熱心だね。	You work hard.
コーラ	コーラ	コーラが一本欲しい。	I want a bottle of Coca-Cola.
一	ヒト	ひとつ欲しい？	Do you want one?
蛇	ヘビ	蛇に噛まれた。	A snake bit me.
立ち入る	タチイル	子供たちいる？	Are there kids?
コーク	コーク	コークをください。	A coke, please.
友達	トモダチ	友達だろう？	Are you friends?
てまえ	テメエ	なんだてめえ。	What's up with you?
二人	フタリ	２人とも忙しい？	Are you two busy?
鼻	ハナ	鼻をかんで。	Blow your nose.
かむ	カミ	鼻をかみなさい。	Blow your nose.
沸かす	ワカス	お湯、沸かしといて。	Boil the water.
湯	ユ	お湯が出ません。	There's no hot water.
かむ	カン	鼻をかんで。	Blow your nose.
生む	ウム	鳥は卵を産む。	Birds lay eggs.
とこ	トコ	口紅してるとこ。	I'm putting on lipstick.
シャベル	シャベル	シャベル持ってきて。	Bring a shovel.
連れ戻す	ツレモドシ	トムを連れ戻してきて。	Bring Tom back.
工	コウ	配管工を呼んで。	Call a plumber.
配管	ハイカン	配管工を呼んで。	Call a plumber.
チェックイン	チェックイン	チェックインできますか。	Can I check in?
御菓子	オカシ	お菓子買ってよ。	Buy me a snack.
ちゅう	チュー	チューしていい？	Can I kiss you?
カード	カード	カード使えますか？	Do you take plastic?
支払い	シハライ	支払いがしたかったんだ。	I wanted to pay.
掃除	ソウジ	大掃除の時間よ。	It's time for spring cleaning.
カット	カット	それは半分にカットして。	Cut it in half.
エンジン	エンジン	エンジンがかかった。	The car started.
父	チチ	父は家にいる。	My father is in.
草	クサ	牛は草を食べる。	Cows eat grass.
牛	ウシ	牛は草を食べる。	Cows eat grass.
理解	リカイ	理解できるよ。	I can understand it.
爪	ツメ	爪を切りなさい。	Cut your nails.
ディナー	ディナー	ディナーは何時からですか。	What time is dinner served?
為る	スレ	勝手にすれば？	Do as you like.
こんな	コンナ	こんなの簡単よ。	This is easy for me.
勝手	カッテ	ご勝手に。	Do as you wish.
け	ッケ	今何月だっけ？	What month is it now?
明日	アス	明日暇？	Are you free tomorrow?
憎らしい	ニクラシイ	私たちのことが憎らしいの？	Do you hate us?
再利用	サイリヨウ	再利用するの？	Do you recycle?
リサイクル	リサイクル	リサイクルするの？	Do you recycle?
騒ぐ	サワグ	騒ぐな。	Don't be noisy.
文句	モンク	文句を言うな。	Don't complain.
せい	セイ	私のせい？	Is that my fault?
つける	ツケル	格好つけるな。	Don't show off.
捨てる	ステル	捨てよう。	Let's chuck it.
ナイフ	ナイフ	ナイフがない。	There's no knife.
見せびらかす	ミセビラカス	見せびらかすなよ。	Don't show off.
焦らす	ジラサ	焦らさないで。	Don't tease me.
鞄	カバン	かばんを返せ。	Give me back my bag.
凍り付く	コオリツイ	みんな凍りついた。	Everyone froze.
乗せる	ノセル	馬に乗せてよ。	Get on a horse.
慣れる	ナレル	慣れろよ。	Get used to it.
与える	アタエル	彼女はお金を与えた。	She gave money.
ヒント	ヒント	ヒントをください。	Give me a hint.
マグカップ	マグカップ	私のマグカップ取って。	Hand me my mug.
ゴルフ	ゴルフ	ゴルフは好きですか。	Do you like golf?
公園	コウエン	私は公園に行く。	I go to the park.
おめでとう	オメデトウ	おめでとう！	Congratulations!
明ける	アクル	夜が明けてきた。	It's getting light.
新年	シンネン	新年もよい年でありますように。	May the new year bring you happiness!
あけおめ	アケオメ	あけおめ！	Happy New Year!
誕生日	タンジョウビ	誕生日いつ？	When's your birthday?
疲れ	ツカレ	みんな、お疲れ！	Good job, guys.
数	スウ	１は素数ですか？	Is 1 a prime number?
数える	カゾエル	30数えて。	Count to thirty.
たこ	タコ	彼はたこを揚げた。	He flew a kite.
兎	ウサギ	うさぎがいる。	There's a rabbit.
作家	サッカ	彼は作家です。	He is a writer.
叔父	オジ	彼は私の叔父です。	He is my uncle.
俳優	ハイユウ	彼は俳優です。	He is an actor.
ゴルファー	ゴルファー	彼はゴルファーだ。	He is a golfer.
休暇中	キュウカチュウ	まだ休暇中なの？	Are you still on vacation?
逞しい	タクマシイ	彼はたくましい。	He is powerful.
外向	ガイコウ	彼は外向的だ。	He is outgoing.
的	テキ	彼は外向的だ。	He is outgoing.
覚え	オボエ	覚えが悪いね。	You're a slow learner.
暮らし向き	クラシムキ	彼は暮し向きが良い。	He is well off.
独り暮らし	ヒトリグラシ	一人暮らしですか？	Do you live alone?
表情	ヒョウジョウ	彼は厳しい表情をしている。	He looks stern.
厳しい	キビシイ	厳しい冬だった。	It was a harsh winter.
困る	コマル	困ったなあ。	That's a bit of a problem.
非常	ヒジョウ	彼は非常に親切だ。	He is very kind.
叱る	シカル	叱っとくよ。	I'll scold him.
窮する	キュウシ	私は返答に窮した。	I was at a loss for an answer.
此奴	コイツ	こいつ、俺の弟のトム。	This is my brother Tom.
穏やか	オダヤカ	海は穏やかだった。	The sea was calm.
冊	サツ	本は何冊借りたの？	How many books did you borrow?
大物	オオモノ	彼は大物だぜ。	He's a big boy.
シャイ	シャイ	あの子ちょっとシャイなの。	She is a little shy.
外国	ガイコク	外国に行く気？	Do you plan to go overseas?
ブレーキ	ブレーキ	ブレーキをかけろ！	Hit the brakes!
光陰	コウイン	光陰矢の如し。	How time flies!
ごとし	ゴトシ	光陰矢の如し。	How time flies!
矢	ヤ	光陰矢の如し。	How time flies!
幾ら	イクラ	幾らするの？	How much is it?
高さ	タカサ	高さはどれくらい？	How high is it?
奥様	オクサマ	奥様はお元気ですか。	How's the wife?
味	アジ	恋の味は苦い。	The taste of love is bitter.
幅	ハバ	幅はどれくらいですか。	How wide is it?
お父さん	オトウサン	お父さんはどこ？	Where's your father?
奥さん	オクサン	奥さんはお元気？	How's the wife?
自転車通勤	ジテンシャツウキン	自転車通勤です。	I bike to work.
ちゃり通	チャリツウ	チャリ通です。	I bike to work.
食べ過ぎる	タベスギル	食べ過ぎた。	I ate too much.
骨折	コッセツ	私は足を骨折した。	I broke my leg.
借金	シャッキン	借金してるんだよ。	I borrow money.
パン	パン	パン買ったよ。	I bought bread.
自転車	ジテンシャ	自転車で来たんだ。	I came by bike.
通勤	ツウキン	先生は車通勤なんです。	Our teacher comes to school by car.
転職	テンショク	転職したんだ。	I changed jobs.
思い当たる	オモイアタル	思い当たる節はない。	That doesn't ring a bell.
徒歩	トホ	徒歩で来ました。	I came on foot.
合点	ガテン	どうも合点がいかない。	I don't get it.
下りる	オリル	幕が下りた。	The curtain fell.
ず	ザル	そうせざるを得ないね。	I have no choice but to do that.
為る	セ	あとで添削せにゃ。	I'll look it over later.
脳卒中	ノウソッチュウ	私は脳卒中を起こした。	I had a stroke.
賛同	サンドウ	トムはマリーに賛同しない。	Tom doesn't agree with Mary.
離婚	リコン	離婚するの？	Are you getting divorced?
日焼け	ヒヤケ	日焼けが痛い。	My sunburn hurts.
人参	ニンジン	人参なんか大っ嫌い。	I hate carrots.
カラオケ	カラオケ	カラオケ行こう。	Let's go sing karaoke.
がける	ガケ	アイロンがけ、大っ嫌い。	I hate ironing.
アイロン	アイロン	アイロンがけ、大っ嫌い。	I hate ironing.
蜘蛛	クモ	クモが怖いの？	Are you afraid of spiders?
悪寒	オカン	悪寒がするわ。	I have a chill.
謎々	ナゾナゾ	なぞなぞか何かかい？	Is that a riddle?
読書	ドクショ	読書を続けて。	Continue reading.
文法	ブンポウ	文法が嫌いです。	I hate grammar.
ぞくぞく	ゾクゾク	かなりゾクゾクした。	It was quite thrilling.
せき	セキ	せきが出ます。	I have a cough.
熱	ネツ	熱あるの？	Do you have a fever?
アイデア	アイデア	ナイスアイデア！	That's a good idea!
思い付く	オモイツク	何を思いついたの？	What have you come up with?
吃逆	シャックリ	しゃっくり出てる。	I have hiccups.
全然	ゼンゼン	いや全然。	No, not at all.
腫瘍	シュヨウ	腫瘍は良性でした。	The tumor was benign.
考え	カンガエ	いい考えだ。	It's a good idea.
バナナ	バナナ	あれは、バナナ。	That's a banana.
痛める	イタメル	肩を痛めた。	I hurt my shoulder.
日記	ニッキ	日記をつける。	I keep a diary.
し	シ	まだ眠くないし。	I'm not tired yet.
守る	マモル	約束は守るよ。	I keep my word.
マージャン	マージャン	麻雀が大好きです。	I like mahjong.
シーフード	シーフード	シーフードが好きだな。	I like seafood.
麺類	メンルイ	麺類が好きです。	I like noodles.
ポップコーン	ポップコーン	ポップコーンが食べたいな。	I want to eat popcorn.
ソーセージ	ソーセージ	ソーセージが好きです。	I like sausage.
歴史	レキシ	歴史が得意です。	I am good at history.
刺し身	サシミ	刺身、嫌いなんだよね？	You don't like sashimi, do you?
子犬	コイヌ	子犬が大好きです。	I love puppies.
目茶	メチャ	めちゃ苦い。	It's very bitter.
蜥蜴	トカゲ	トカゲが大好きでね。	I love lizards.
子猫	コネコ	子猫が大好きだよ。	I love kittens.
花	ハナ	本物の花？	Is the flower real?
パーティー	パーティー	パーティーは今日よ。	The party's today.
動物	ドウブツ	猫は動物です。	Cats are animals.
ラザーニャ	ラザニア	私はラザニアが大好物なんだ。	I love lasagna.
大好物	ダイコウブツ	大好物なんだ。	They're my favorite.
悪気	ワルギ	悪気はないんだよ。	I mean no harm.
ては	テハ	戻らなくては。	I must go back.
台	ダイ	車を何台お持ちですか。	How many cars do you own?
皿	サラ	お皿がいるよ。	I need a plate.
手術	シュジュツ	手術が必要ですか。	Do I need an operation?
包丁	ホウチョウ	包丁が必要だ。	I need a knife.
100	ヒャク	百も承知です。	You're telling me.
しょっちゅう	ショッチュウ	しょっちゅう喉が渇くんだよ。	I'm always thirsty.
杖	ツエ	転ばぬ先の杖。	Forewarned is forearmed.
剃る	ソル	ひげを剃らなきゃ。	I need a shave.
髭	ヒゲ	ひげを剃らなきゃ。	I need a shave.
仕置き	シオキ	私はトムにお仕置きをした。	I punished Tom.
禁煙	キンエン	禁煙すべきだ。	You should quit smoking.
駆け上がる	カケアガッ	私は二階に駆け上がった。	I ran upstairs.
階	カイ	８階にいます。	I'm on the eighth floor.
エイリアン	エイリアン	エイリアンを見たんだ。	I saw an alien.
宇宙	ウチュウ	宇宙は無限だ。	The universe is endless.
男性	ダンセイ	３人の男性がいた。	There were three men.
川獺	カワウソ	カワウソを見たよ。	I saw an otter.
朝鮮語	チョウセンゴ	私は朝鮮語を勉強します。	I study Korean.
韓国語	カンコクゴ	私は韓国語を勉強します。	I study Korean.
ハングル	ハングル	私はハングルを勉強します。	I study Korean.
右折	ウセツ	私は右折した。	I turned right.
ハンドル	ハンドル	彼は左に急ハンドルを切った。	He made a sharp turn to the left.
大抵	タイテイ	たいてい外食なんです。	I usually eat out.
普段	フダン	普段は歩きなんだ。	I usually walk.
為る	ス	勉強すべきだ。	You ought to study.
折れる	オレル	鼻が折れた。	I broke my nose.
独り	ヒトリ	私は独りで歩いた。	I walked alone.
ドーナツ	ドーナツ	ドーナツが一つ欲しい。	I want a donut.
椅子	イス	この椅子大好き。	I love this chair.
一丁	イッチョウ	ナイフが一丁欲しい。	I want a knife.
別	ベツ	別のが欲しい。	I want another.
コップ	コップ	これ誰のコップ？	Whose glass is this?
詳細	ショウサイ	詳細が欲しい。	I want details.
会員	カイイン	私は会員でした。	I was a member.
役	ヤク	役に立つはずだ。	That ought to help.
詳しい	クワシイ	これに詳しい？	Are you familiar with this?
軽率	ケイソツ	軽率でした。	I was careless.
勘違い	カンチガイ	勘違いしてたわ。	I was mistaken.
間抜け	マヌケ	間抜けだったわ。	I was an idiot.
歓迎	カンゲイ	私は歓迎をうけた。	I was welcomed.
汗	アセ	汗がダラダラです。	I'm dripping with sweat.
だらだら	ダラダラ	汗がダラダラです。	I'm dripping with sweat.
不注意	フチュウイ	不注意だったわ。	I was careless.
汗だく	アセダク	汗だくだよ。	I'm dripping with sweat.
協力	キョウリョク	ご協力に感謝します。	I appreciate your cooperation.
案内	アンナイ	ご案内します。	I'll guide you.
ピザ	ピザ	ピザだよ。	The pizza's here.
遠慮	エンリョ	果物をご遠慮なく。	Please help yourself to some fruit.
囚人	シュウジン	私は囚人です。	I'm a prisoner.
一般人	イッパンジン	私は一般人です。	I'm a civilian.
スタントマン	スタントマン	私はスタントマンです。	I'm a stuntman.
左利き	ヒダリキキ	左利きなの？	Are you a lefty?
営業マン	エイギョウマン	私は営業マンです。	I'm a salesman.
囚われ	トラワレ	私は囚われの身だ。	I'm a prisoner.
ミュージシャン	ミュージシャン	私はミュージシャンです。	I'm a musician.
弱虫	ヨワムシ	僕は弱虫さ。	I'm a weakling.
捕虜	ホリョ	私は捕虜です。	I'm a prisoner.
音楽家	オンガクカ	私は音楽家です。	I'm a musician.
不器用	ブキヨウ	私は不器用です。	I'm all thumbs.
大	オオ	大賛成です。	I'm all for it.
へろへろ	ヘロヘロ	もうヘロヘロだよ。	I'm dead tired.
得意	トクイ	何が得意？	What are you good at?
抜き	ヌキ	冗談抜きで。	I'm not joking.
まい	マイ	もう言うまい。	I'll say no more.
楽観的	ラッカンテキ	楽観的だよね。	You're optimistic.
呆れる	アキレル	君にはあきれた。	I am disgusted with you.
御客様	オキャクサマ	お客様が到着されました。	Our guests have arrived.
ベジタリアン	ベジタリアン	ベジタリアンなの？	Are you vegetarian?
欠	ケツ	ガス欠です。	I'm out of gas.
からから	カラカラ	喉がカラカラ。	I'm so thirsty.
脱ぐ	ヌグ	靴を脱ぎなさい。	Take your shoes off.
ずっと	ズット	人生ずっと勉強。	You must study your whole life.
腹立たしい	ハラダタシイ	私は大変腹立たしい。	I'm very angry.
会社	カイシャ	まだ会社なの？	Are you still at the office?
アメリカ人	アメリカジン	彼はアメリカ人です。	He is an American.
おしまい	オシマイ	もうおしまい？	Is it over yet?
開店	カイテン	もう開店してる？	Is it open yet?
ランチ	ランチ	ランチにしよう！	Let's eat lunch.
ギャグ	ギャグ	それって、ギャグ？	Is that a joke?
手数料	テスウリョウ	手数料はかかりますか。	Is there a fee?
帽子	ボウシ	帽子、返して。	Give me back my cap.
くま	クマ	あれはクマなの？	Is that a bear?
指輪	ユビワ	これは指輪。	This is a ring.
フランス製	フランスセイ	これって、フランス製なの？	Is this French?
捏造	ネツゾウ	これって捏造なの？	Is this a hoax?
作り話	ツクリバナシ	これは作り話なの？	Is this a hoax?
足りる	タリル	これで足りる？	Is this enough?
黒い	クロイ	カラスは黒い。	Crows are black.
デート	デート	デートしませんか？	Will you go on a date with me?
土曜日	ドヨウビ	土曜日だよ。	It is Saturday.
匂い	ニオイ	いい匂い。	It smells good!
音	オト	この音何？	What's this sound?
感じ	カンジ	いい感じ。	It sounds good.
香り	カオリ	いい香り！	It smells good!
蛍	ホタル	蛍だね。	It's a firefly.
真っ白	マッシロ	真っ白です。	It's all white.
ぴかぴか	ピカピカ	タイルはぴかぴか。	The tiles are shiny.
新製品	シンセイヒン	ピカピカの新製品です。	It's brand new.
余る	アマル	それは私の手に余る。	It's beyond me.
些とも	チットモ	ちっとも気にしてない。	I'm not the least bit worried about it.
不良品	フリョウヒン	それは不良品だ。	It's defective.
眩しい	マブシイ	眩しいな。	It's so bright.
負う	オウ	トムは傷を負った。	Tom got wounded.
次第	シダイ	君次第だよ。	It's up to you.
お任せ	オマカセ	お任せします。	I'll leave it to you.
愚	グ	それは愚の骨頂だ。	It's so stupid.
骨頂	コッチョウ	それは愚の骨頂だ。	It's so stupid.
コンセント	コンセント	コンセントが抜けてる。	It's unplugged.
出番	デバン	あなたの出番よ！	It's your turn.
説明	セツメイ	説明させて。	Let me explain.
割り勘	ワリカン	割り勘にしよう。	Let's go Dutch.
鬼ごっこ	オニゴッコ	鬼ごっこしよう。	Let's play tag.
しめる	シメル	ドアの鍵をしめるんだ。	Lock the doors.
美人	ビジン	美人だなあ。	She's beautiful.
用件	ヨウケン	ご用件は？	May I help you?
探し	サガシ	何かお探しですか。	May I help you?
承る	ウケタマワル	御用があれば承ります。	What can I do for you?
官軍	カングン	勝てば官軍。	Might is right.
賊軍	ゾクグン	勝てば官軍負ければ賊軍。	Might is right.
髪	カミ	髪切った？	Did you get a haircut?
心	ココロ	心が痛い。	My heart hurts.
足元	アシモト	足元に気をつけて。	Mind your step.
机	ツクエ	私の机は古い。	My desk is old.
立ち止まる	タチドマル	立ち止まるな。	Move along now.
力	チカラ	力が尽きた。	My strength is all gone.
正義	マサヨシ	力は正義なり。	Might is right.
節々	フシブシ	体の節々が痛いです。	My joints ache.
むずむず	ムズムズ	鼻がムズムズする。	My nose itches.
否	イナ	いや全然。	No, not at all.
溝	ミゾ	神のみぞが知る。	Only God knows.
思い出す	オモイダス	思い出せない。	I can't remember.
でぶっちょ	デブッチョ	うちの猫、でぶっちょさんなの。	Our cat is fat.
剥く	ムク	りんごを剥いて。	Peel the apple.
皮	カワ	リンゴの皮を剥いて。	Peel the apple.
投げる	ナゲル	誰が投げたんだ？	Who threw that?
ボール	ボール	ボールは丸い。	Balls are round.
物価	ブッカ	物価が上がった。	Prices went up.
メーター	メーター	メーターの数字を読んでください。	Read the meter.
挿す	サシ	テレビのコンセントを挿して。	Plug in the TV.
海豹	アザラシ	アザラシが魚を食べてるよ。	The seal is eating a fish.
被る	カブル	帽子を被りなさい。	Put on the hat.
誑かす	タブラカシ	彼女は彼をたぶらかした。	She fooled him.
絞殺	コウサツ	彼女は彼を絞殺した。	She choked him.
締め殺す	シメコロシ	彼女は彼を絞め殺した。	She choked him.
薔薇	バラ	こちらは薔薇です。	This is a rose.
騙す	ダマス	騙したわね。	You tricked me.
欺く	アザムク	彼女は彼を欺いた。	She fooled him.
蹴飛ばす	ケットバシ	彼女は彼を蹴っ飛ばした。	She kicked him.
蹴る	ケル	彼女は彼を蹴った。	She kicked him.
恋しい	コイシイ	故郷が恋しいな。	I miss my hometown.
葡萄酒	ブドウシュ	彼女はぶどう酒が好きだ。	She likes wine.
強情	ゴウジョウ	彼女は強情です。	She's stubborn.
金髪	キンパツ	彼は金髪だ。	He has blond hair.
彼処	アスコ	あそこに座って。	Sit over there.
妊娠中	ニンシンチュウ	妊娠中ですか。	Are you pregnant?
張り	バリ	彼女は意地っ張りだ。	She's stubborn.
意地	イジ	彼女は意地悪女だ。	She's a big teaser.
薬	クスリ	薬の時間だ。	It's time to take my pills.
口出し	クチダシ	口出ししないで。	Stay out of it.
愚痴	グチ	愚痴はやめろよ。	Stop grumbling.
惜しい	オシイ	おしい。	That was close.
テーブル	テーブル	テーブルの下よ。	It's under the table.
塔	トウ	あれは塔です。	That's a tower.
台詞	セリフ	それは私の台詞だよ！	That's my line!
違法	イホウ	それは違法だよ。	That's illegal.
席	セキ	席は予約したの？	Did you reserve a table?
セリフ	セリフ	それはこっちのセリフですよ。	That's my line.
吠える	ホエル	犬が吠えた。	The dog barked.
言い争い	イイアラソイ	彼らは言い争いをした。	They quarreled.
自動車	ジドウシャ	自動車は左折した。	The car turned to the left.
切符	キップ	切符代、ある？	Do you have money for a ticket?
拝見	ハイケン	搭乗券を拝見します。	May I see your boarding pass, please?
致す	イタス	どう致しまして。	You're welcome.
慌ただしい	アワタダシイ	今日は慌ただしいな。	Today's hectic.
暖かい	アタタカイ	そこ暖かい？	Is it warm there?
短命	タンメイ	トムは短命でした。	Tom died young.
打ち負かす	ウチマカサ	トムは打ち負かされた。	Tom got beaten.
精神的	セイシンテキ	トムは精神的に乱れた。	Tom fell apart.
乱れる	ミダレル	トムは精神的に乱れた。	Tom fell apart.
字	ジ	彼は字が下手だ。	He has bad handwriting.
でぶる	デブッ	トムはデブった。	Tom got fatter.
歯列	シレツ	トムは歯列矯正をしています。	Tom has braces.
矯正	キョウセイ	娘は歯を矯正中です。	My daughter has braces.
妻帯	サイタイ	トムは妻帯者だ。	Tom has a wife.
てらっしゃる	テラッシャル	トムさんて、フォードに乗ってらっしゃるのよ。	Tom has a Ford.
フォード	フォード	フォード車を買うつもりです。	I'll buy a Ford.
うんざり	ウンザリ	魚はうんざりだよ。	I'm sick of eating fish.
苛めっ子	イジメッコ	トムはいじめっ子だよ。	Tom is a bully.
ボクサー	ボクサー	トムはボクサーなんだ。	Tom is a boxer.
お客さん	オキャクサン	トムはお客さんです。	Tom is a guest.
客	キャク	トムは客だ。	Tom is a guest.
けちん坊	ケチンボ	トムはけちん坊なんだ。	Tom is a miser.
興味	キョウミ	興味ないわ。	I'm not interested.
津々	シンシン	トムは興味津々だ。	Tom is curious.
仕事場	シゴトバ	まだ仕事場です。	I'm still at work.
動物園	ドウブツエン	動物園に行こう。	Let's go to the zoo.
バー	バー	トムはバーにいた。	Tom was at the bar.
飲み屋	ノミヤ	トムは飲み屋を経営してるのよ。	Tom owns a bar.
経営	ケイエイ	家族経営です。	It's a family business.
仕掛ける	シカケル	トムはわなを仕掛けた。	Tom set a trap.
水泳	スイエイ	水泳好きなの？	Do you like swimming?
仮眠	カミン	トムは仮眠をとった。	Tom took a nap.
キャップ	キャップ	トムはキャップをかぶっていた。	Tom wore a cap.
にやにや	ニヤニヤ	トム、ニヤニヤしてる。	Tom's grinning.
戸惑う	トマドウ	彼は戸惑っていた。	He was bewildered.
にやける	ニヤケ	トム、にやけてるよ。	Tom's grinning.
にやつく	ニヤツイ	トムがニヤついてるよ。	Tom's grinning.
ホームレス	ホームレス	昔はホームレスだったんだ。	I used to be homeless.
訳す	ヤクス	下線部を訳せ。	Translate the underlined part.
て	ジャ	死んじゃやだ。	I don't want you to die.
ソース	ソース	このソース試してみて。	Try this sauce.
しおり	シオリ	しおりを使いなさい。	Use a bookmark.
アップデート	アップデート	アプリをアップデートしてください。	Update the app.
アプリ	アプリ	このアプリ、すごいよ。	This application is awesome.
ページ	ページ	１ページ足りない。	A page is missing.
戦争	センソウ	戦争はよくない。	War isn't good.
いとこ	イトコ	いとこの間柄です。	We are cousins.
間柄	アイダガラ	お二人の間柄は？	How are you related?
自重	ジチョウ	自重しなさい。	Watch yourself.
慎む	ツツシム	口を慎みなさい。	Watch your mouth.
同士	ドウシ	私たちは隣同士です。	We're neighbors.
妥協	ダキョウ	僕らは妥協するよ。	We compromised.
ペンキ	ペンキ	ペンキが剥げてるよ。	The paint is peeling off.
塗る	ヌル	口紅塗ってるの。	I'm putting on lipstick.
家族	カゾク	家族経営です。	It's a family business.
兄弟	キョウダイ	三人兄弟なの？	Are you three brothers?
恩義	オンギ	我々には何の恩義がありますか？	What do we owe?
職業	ショクギョウ	ご職業は何ですか。	What do you do?
でかい	デカイ	あの犬、でかいな。	That dog is big.
パリ	パリ	彼はパリへ発った。	He set off to Paris.
支払う	シハラウ	カードで支払えますか。	Can I pay by card?
なくなる	ナクナッ	雪がなくなった。	The snow has disappeared.
どんな	ドンナ	どんな方なの？	What is he like?
ママ	ママ	ママはどこ？	Where's my mom?
当番	トウバン	誰が当番ですか。	Who's on watch?
少年	ショウネン	何歳、あの少年？	How old is that boy?
御世辞	オセジ	お世辞がお上手ね。	You flatter me.
御上手	オジョウズ	お世辞がお上手ね。	You flatter me.
変更	ヘンコウ	変更した？	You changed it?
自分勝手	ジブンカッテ	自分勝手だな。	You're selfish.
我が儘	ワガママ	わがままね。	You're selfish.
引っ繰り返る	ヒックリカエル	ボートがひっくり返った。	A boat capsized.
倍	バイ	８は４の２倍です。	Eight is two times four.
特別	トクベツ	君は特別だよ。	You're special.
かける	カケル	３かける５は１５。	3 times 5 is 15.
ちゃん	チャン	子猫ちゃん、かわいい。	Kittens are cute.
銃声	ジュウセイ	遠くで銃声がした。	We heard shots in the distance.
響く	ヒビク	銃声がひびき渡った。	A shot rang out.
何時頃	イツゴロ	何時ごろ？	About what time?
くらい	グライ	何時ぐらい？	About what time?
何時	イツ	何時ぐらい？	About what time?
全員	ゼンイン	全員出席です。	All are present.
モデル	モデル	モデルさんなの？	Are you a model?
しか	シカ	今しかない。	It's now or never.
邪魔	ジャマ	邪魔しないで。	Don't bother me.
興奮	コウフン	興奮してる？	Are you excited?
麻薬	マヤク	麻薬やってるの？	Are you on drugs?
関係者	カンケイシャ	ご関係者の方ですか？	Are you related?
丸い	マルイ	地球は丸い。	The earth is round.
とも	トモ	彼らはともに独身だ。	They're both unmarried.
蜂	ハチ	蜂に刺されました。	I got a bee sting.
態度	タイド	態度に気を付けて。	Behave yourself.
似合う	ニアウ	黒が似合うね。	Black suits you.
熊	クマ	熊を見た？	Did you see the bear?
冬眠	トウミン	熊は冬眠します。	Bears hibernate.
駐車	チュウシャ	どこに駐車できますか。	Where can I park?
泊める	トメル	一晩泊めてあげよう。	I'll put you up for the night.
届く	トドク	手が届かない。	I can't reach it.
瞑る	ツブル	目をつぶって。	Close your eyes.
烏	カラス	カラスは黒い。	Crows are black.
尋ねる	タズネル	トムに尋ねましたか。	Did you ask Tom?
夕御飯	ユウゴハン	夕御飯ができました。	Dinner is ready.
支度	シタク	夕飯の支度が出来ました。	Dinner is ready.
ラップ	ラップ	ラップは好き？	Do you like rap?
知り合い	シリアイ	彼のお知り合いですか？	Do you know him?
恐れる	オソレル	恐れるな。	Don't be scared.
突き込む	ツッコム	首突っ込んでこないでよ。	Don't interfere.
振り返る	フリカエル	後ろを振り返るな。	Don't look back.
余り	アマリ	あまり早く歩くな。	Don't walk so fast.
過去	カコ	過去は消せない。	You can't erase the past.
旅	タビ	良い旅を！	Have a nice trip.
慎重	シンチョウ	慎重に選びなさい。	Choose carefully.
追う	オウ	追われてるんだ。	I'm being followed.
工具箱	コウグバコ	私の工具箱を持ってきて。	Get my tool box.
氷	コオリ	氷は入れる？	Would you like ice?
勘弁	カンベン	勘弁してよ。	Give me a break.
タオル	タオル	タオルとって！	Give me a towel.
パパ	パパ	パパ、どこ？	Where's my daddy?
おやすみ	オヤスミ	パパ、おやすみ。	Good night, Dad.
底	ソコ	底を持ってくれ。	Grab the bottom.
ハロウィーン	ハロウィン	ハッピーハロウィン！	Happy Halloween!
ハッピー	ハッピー	ハッピーハロウィン！	Happy Halloween!
一日	ツイタチ	良い１日を！	Have a nice day.
動作	ドウサ	彼は動作がはやい。	He acts quickly.
はやい	ハヤイ	脈がはやいです。	My pulse is fast.
望み	ノゾミ	彼は望みを捨てた。	He gave up hope.
酒飲み	サケノミ	彼は大酒飲みだ。	He drinks a lot.
殆ど	ホトンド	ほとんど終わった？	Are you almost done?
トヨタ	トヨタ	彼はトヨタの車を持っている。	He has a Toyota.
画家	ガカ	彼は画家だ。	He is a painter.
虎	トラ	彼は虎が好き。	He likes tigers.
ディズニー	ディズニー	彼はディズニーが好きです。	He likes Disney.
見回す	ミマワシ	彼は辺りを見回した。	He looked about.
失業	シツギョウ	彼は失業した。	He lost his job.
喫煙	キツエン	喫煙は絶対禁止。	Smoking is strictly forbidden.
圧力	アツリョク	彼は私に圧力をかけた。	He pressured me.
外れ	ッパズレ	彼は調子っぱずれに歌った。	He sang off key.
見詰める	ミツメル	彼は私をじっと見つめた。	He stared at me.
騙し取る	ダマシトッ	彼は彼女からお金をだまし取った。	He swindled her.
浮気	ウワキ	彼は浮気していた。	He was cheating.
奈良	ナラ	彼は奈良に行った。	He went to Nara.
眼鏡	メガネ	私の眼鏡はどこ？	Where are my glasses?
ボラ	ボラ	彼は大ボラふきだ。	He's a big liar.
吹き	フキ	彼は大ボラふきだ。	He's a big liar.
睨む	ニラム	彼は私をにらんだ。	He stared at me.
枚	バイ	彼は三枚目だ。	He's a comedian.
易い	ヤスイ	使いやすいよ。	It's easy to use.
FBI	エフビーアイ	FBIのものですが。	I'm from the FBI.
酔い潰れる	ヨイツブレ	彼は酔いつぶれている。	He's dead drunk.
弟	オトウト	弟のです。	It's my brother's.
体格	タイカク	彼は体格が良い。	He's well built.
臆病	オクビョウ	臆病なだけだろ。	You're just a coward.
侃々	カンカン	彼はかんかんに怒っている。	He's very angry.
ぐでんぐでん	グデングデン	あいつ、ぐでんぐでんになってるぞ。	He's dead drunk.
40	ヨンレイ	私は四十歳です。	I'm forty years old.
無くす	ナクス	携帯失くしちゃった。	I lost my mobile phone.
すっかり	スッカリ	すっかり忘れたよ。	I completely forgot.
ID	アイディー	彼のIDは偽物でした。	His ID was fake.
身長	シンチョウ	身長何センチ？	How tall are you?
程	ホド	失礼にも程がある！	How rude of you!
痛み	イタミ	全身に痛みがある。	I ache all over.
全身	ゼンシン	全身筋肉痛だ。	My whole body is sore.
出身	シュッシン	東海岸出身です。	I'm from the East Coast.
エジプト	エジプト	私はエジプト出身です。	I am from Egypt.
誘う	サソウ	涙が誘われる。	That makes me cry.
舌	シタ	舌噛んだ！	I bit my tongue.
つい	ツイ	つい眠ってしまった。	I couldn't help falling asleep.
かっと	カット	彼はすぐにカッとなる。	He loses his temper easily.
座席	ザセキ	座席へ戻ろう。	Let's go back to our places.
予約	ヨヤク	予約した？	Did you make a reservation?
折る	オル	枝を折るな。	Don't break the branches.
背骨	セボネ	背骨を折ってしまったんだ。	I broke my back.
汗水	アセミズ	汗水たらして働きました。	I broke my back.
犯す	オカス	彼は法を犯した。	He broke the law.
法	ホウ	彼は法を犯した。	He broke the law.
仕様	シヨウ	この時計は防水仕様です。	This watch is waterproof.
いる	イリ	いりません。	I don't need it.
いる	イラ	いらないです。	I don't need it.
否定	ヒテイ	否定はしません。	I don't deny it.
一生	イッショウ	蝶の一生は短い。	The life span of a butterfly is short.
九死	キュウシ	九死に一生を得ました。	I escaped death.
むかむか	ムカムカ	ムカムカします。	I feel nauseous.
吐き気	ハキケ	吐き気がします。	I feel nauseous.
同じ	オナジ	同じ心境です。	I feel the same.
心境	シンキョウ	同じ心境です。	I feel the same.
孤独感	コドクカン	孤独感に苛まれていた。	I felt so alone.
苛む	サイナマ	孤独感に苛まれていた。	I felt so alone.
呼び止める	ヨビトメル	タクシーを呼び止めるために手をあげた。	I hailed a taxi.
コード	コード	彼は機械にコードをつないだ。	He connected the cord to the machine.
ピン	ピン	PINコードを入力してください。	Please enter your PIN.
毎年	マイトシ	毎年行きます。	I go every year.
微積分	ビセキブン	微積分なんか大っ嫌い。	I hate calculus.
買い物	カイモノ	買い物一緒に行く？	Would you like to go shopping with me?
政治	セイジ	私は政治が大嫌いだ。	I hate politics.
ノートパソコン	ノートパソコン	ノートパソコンが欲しい。	I want a laptop.
宿題	シュクダイ	宿題嫌だ！	I hate homework.
爬虫類	ハチュウルイ	爬虫類が大嫌い。	I hate reptiles.
トマト	トマト	トマトが大嫌い。	I hate tomatoes.
糖尿病	トウニョウビョウ	糖尿病なんです。	I have diabetes.
雀斑	ソバカス	私には、そばかすがある。	I have freckles.
肌	ハダ	肌が乾燥しています。	I have dry skin.
乾燥	カンソウ	肌が乾燥しています。	I have dry skin.
不眠症	フミンショウ	不眠症なの？	Do you have insomnia?
太鼓	タイコ	太鼓の音が聞こえる。	I hear the drum.
サイレン	サイレン	サイレンが聞こえてきた。	I heard a siren.
悲鳴	ヒメイ	悲鳴が聞こえた。	I heard screams.
肘	ヒジ	ひじを痛めました。	I hurt my elbow.
毎日	マイニチ	平凡な毎日さ。	I live an ordinary life.
アメフト	アメフト	アメフトが好きです。	I like football.
叔母	オバ	私は叔母たちが好きだ。	I like my aunts.
野球	ヤキュウ	野球は得意？	Are you good at baseball?
茄子	ナス	私はナスが好きです。	I like eggplant.
失せる	ウセ	興味が失せた。	I lost interest.
お気に入り	オキニイリ	お気に入りがある？	Do you have a favorite?
赤ワイン	アカワイン	赤ワインはいかが？	Would you like some red wine?
財布	サイフ	ほら財布だ。	Here's my wallet.
東京	トウキョウ	東京は巨大都市だ。	Tokyo is a huge city.
腕時計	ウデドケイ	腕時計してる？	Are you wearing a watch?
時計	トケイ	時計してる？	Are you wearing a watch?
ゲーム	ゲーム	ゲームで負けた。	I lost the game.
一覧	イチラン	一覧をなくしました。	I lost the list.
ホットケーキ	ホットケーキ	ホットケーキいる？	Do you want some pancakes?
試合	シアイ	試合に負けた。	I lost the game.
コメディー	コメディ	実は、コメディなのよ。	Actually, it's a comedy.
誤解	ゴカイ	誤解した。	I misunderstood.
バケツ	バケツ	バケツが要るんだ。	I need a bucket.
ティッシュ	ティッシュ	ティッシュはいいよ。	I don't need a tissue.
出し抜く	ダシヌイ	あの男を出し抜いてやった。	I outwitted him.
若し	モシ	もし雨なら電話して。	Telephone me if it rains.
市長	シチョウ	彼は市長に選ばれた。	He was elected mayor.
立候補	リッコウホ	私は市長に立候補した。	I ran for mayor.
ぐっすり	グッスリ	ぐっすり寝たよ。	I had a good sleep.
向かう	ムカウ	窓辺に向かった。	I went to the window.
朝	アサ	もう朝なの？	Is it morning already?
早起き	ハヤオキ	彼は早起きだ。	He gets up early.
返金	ヘンキン	返金して欲しい。	I want a refund.
ギター	ギター	君はギター弾く？	Do you play the guitar?
生まれる	ウマレル	ここで生まれたの？	Were you born here?
フォーク	フォーク	フォークを下さい。	I'd like a fork.
ぶっ	ブッ	ぶったりはしない。	I won't hit you.
出来るだけ	デキルダケ	できるだけ早くね。	Be as quick as possible.
山羊座	ヤギザ	山羊座です。	I'm a Capricorn.
中毒	チュウドク	私はテレビ中毒です。	I'm a TV addict.
師	シ	私は鍵師です。	I'm a locksmith.
草臥れる	クタビレル	少しくたびれた。	I'm a bit tired.
主婦	シュフ	私は主婦です。	I'm a housewife.
自虐的	ジギャクテキ	私は自虐的だ。	I'm a masochist.
水瓶座	ミズガメザ	水瓶座だよ。	I'm an Aquarius.
夜型	ヨルガタ	僕は夜型なんだ。	I'm a night owl.
いつも	イツモ	いつも笑顔でね。	Keep on smiling.
教授	キョウジュ	私は教授です。	I'm a professor.
大学	ダイガク	大学2年生です。	I'm a sophomore.
ほぼ	ホボ	ほぼ終わった。	I'm almost done.
回	カイ	2回生です。	I'm a sophomore.
生	ナマ	2回生です。	I'm a sophomore.
意味	イミ	どういう意味？	What do you mean?
色盲	シキモウ	色盲です。	I'm color-blind.
エンジニア	エンジニア	私はエンジニアです。	I'm an engineer.
気恥ずかしい	キハズカシイ	気恥ずかしいな。	I'm embarrassed.
協調性	キョウチョウセイ	私は協調性がある。	I'm cooperative.
優れる	スグレル	気分がすぐれません。	I'm feeling low.
異常	イジョウ	異常ありませんか。	Is everything all right?
色覚	シキカク	私は色覚異常なんです。	I'm color-blind.
本の	ホンノ	ほんの冗談だよ。	I'm just joking.
眠たい	ネムタイ	まだ眠たい。	I'm still sleepy.
泥棒	ドロボウ	泥棒が逃げた。	The thief ran away.
びびる	ビビッ	トム、ビビってるよ。	Tom has cold feet.
勤務	キンム	今は勤務中だ。	I'm now on duty.
お化け	オバケ	お化けって信じる？	Do you believe in ghosts?
船長	センチョウ	私が船長だ。	I'm the captain.
主将	シュショウ	僕が主将です。	I'm the captain.
キャプテン	キャプテン	私がキャプテンです。	I'm the captain.
先ず	マズ	まずは食べよう。	Let's eat first.
お姉ちゃん	オネエチャン	これはお姉ちゃんのよ。	This is my sister's.
懲り懲り	コリゴリ	もう懲り懲りよ！	I've had enough.
入力	ニュウリョク	名前を入力して。	Input your name.
メンバー	メンバー	トムはメンバーですか？	Is Tom a member?
役者	ヤクシャ	トムは役者さんなの？	Is Tom an actor?
自閉症	ジヘイショウ	トムは自閉症なんですか？	Is Tom autistic?
感染	カンセン	トムは感染してるの？	Is Tom infected?
ハンサム	ハンサム	トムはハンサムだ。	Tom is handsome.
晩御飯	バンゴハン	晩ご飯は何？	What's for dinner?
危険	キケン	火は危険です。	Fire is dangerous.
呼吸	コキュウ	呼吸は？	Is he breathing?
ニュース	ニュース	面白いニュースね。	It's interesting news.
息	イキ	鼻で息をして。	Breathe through your nose.
駱駝	ラクダ	あれってラクダ？	Is that a camel?
鯨	クジラ	あれって、クジラ？	Is that a whale?
パスタ	パスタ	パスタでもいい？	Is spaghetti OK?
縞馬	シマウマ	あれって、シマウマ？	Is that a zebra?
ラマ	ラマ	あれはラマなの？	Is that a llama?
カフェ	カフェ	カフェがありますか。	Is there a cafe?
プール	プール	プールがあるの？	Is there a pool?
ラジオ	ラジオ	ラジオ、切った？	Did you turn off the radio?
給料日	キュウリョウビ	明日は給料日だ。	Tomorrow's payday.
金曜日	キンヨウビ	花の金曜日だ！	Thank God it's Friday.
菠薐草	ホウレンソウ	ほうれん草が嫌いです。	I don't like spinach.
事足りる	コトタリ	事足りないよ。	It isn't enough.
遊び	アソビ	どんな遊びなの？	What kind of play is it?
案	アン	いい案だ！	It sounds great!
ちょい	チョイ	ちょちょいのちょいだったよ。	It was a breeze.
ちょちょい	チョチョイ	ちょちょいのちょいだったよ。	It was a breeze.
手作り	テヅクリ	手作りだった。	It was handmade.
昔	ムカシ	昔の言葉だよ。	It's an old word.
甲斐	カイ	やった甲斐はあった。	It was worth it.
ハンドメイド	ハンドメイド	それはハンドメイドでした。	It was handmade.
完売	カンバイ	完売しました。	It was sold out.
黴臭い	カビクサイ	かび臭い味がする。	It tastes moldy.
歩	アユミ	大きな一歩だよ。	It's a big step.
ま	マ	まもなく冬だ。	It will be winter before long.
雉	キジ	あれはキジです。	It's a pheasant.
天気	テンキ	ひどい天気！	What awful weather!
晴れる	ハレル	空が晴れた。	The sky cleared up.
11	ジュウイチ	もう11時だ。	It's already 11.
魔法	マホウ	魔法みたいね。	It's like magic.
初めて	ハジメテ	初めて来たの？	Is this the first time you've been here?
初耳	ハツミミ	それは初耳だ。	It's news to me.
湿っぽい	シメッポイ	まだ、湿っぽいよ。	It's still damp.
茹だる	ウダル	うだるように暑い。	It's sweltering.
湿度	シツド	湿度がすごく高いですね。	It's very humid.
御釣り	オツリ	お釣りは結構です。	Keep the change.
つり	ツリ	つりは要らんよ。	Keep the change!
湿る	シメル	まだ、湿ってるよ。	It's still damp.
覗き見	ノゾキミ	覗き見だけはするな。	Just don't peek.
生地	キジ	生地をこねます。	Knead the dough.
レモン	レモン	レモンは苦い。	Lemons are sour.
酸っぱい	スッパイ	レモンは酸っぱい。	Lemons are sour.
広い	ヒロイ	広いな！	Large, isn't it?
修理	シュウリ	修理が必要だ。	I think it needs a tune-up.
苦い	ニガイ	めちゃ苦い。	It's very bitter.
昼飯	チュウハン	昼メシにしよう。	Let's eat lunch.
凧揚げ	タコアゲ	凧揚げをしよう。	Let's fly kites.
仕舞い	シマイ	しまいに彼は泣き出した。	At length, he began to cry.
引き返す	ヒキカエス	引き返そう。	Let's turn back.
ます	マショ	もう寝ましょ。	Let's go to bed.
泊まる	トマル	泊まってもいい？	Can I stay the night?
姪	メイ	この子は私の姪です。	This is my niece.
妻	ツマ	妻が怖くて。	I'm afraid of my wife.
引用	インヨウ	引用元はどこですか？	Where is that quote from?
メリークリスマス	メリークリスマス	メリークリスマス。	Merry Christmas!
カメラ	カメラ	カメラがめげた。	My camera is broken.
黒猫	クロネコ	黒猫は好き？	Do you like black cats?
飼い犬	カイイヌ	飼い犬が逃げた。	My dog ran away.
クリスマス	クリスマス	楽しいクリスマスを。	Merry Christmas!
吹き飛ぶ	フキトブ	布団が吹っ飛んだ。	My futon's gone.
吹き飛ばす	フキトバサ	帽子がふきとばされた。	My hat blew off.
鏡	カガミ	鏡が壊れた。	My mirror broke.
ん	ン	今、トムんち。	I'm now at Tom's house.
ち	チ	今、トムんち。	I'm now at Tom's house.
納豆	ナットウ	納豆はねばねばしている。	Natto is sticky.
ねばねば	ネバネバ	納豆はねばねばしている。	Natto is sticky.
パソコン	パソコン	私のパソコン遅い。	My computer is slow.
ちまう	チマッ	飲みすぎちまった。	I drank too much.
決して	ケッシテ	嘘は決してつくな！	Never tell a lie.
いいえ	イイエ	いいえ、違います。	No, you're wrong.
ビン	ビン	ビンをあけてください。	Open the bottle.
パンダ	パンダ	パンダって可愛い。	Pandas are cute.
物理	ブツリ	物理は難しい。	Physics is hard.
物理学	ブツリガク	彼は物理学者だ。	He is a physicist.
訂正	テイセイ	自分で訂正した。	I corrected myself.
すわる	スワリ	どうぞ、おすわりください。	Please sit down.
インフレ	インフレ	インフレが進んでいます。	Prices are high.
鮫	サメ	鮫は魚を食べます。	Sharks eat fish.
走者	ソウシャ	彼女は走者です。	She is a runner.
頃	コロ	７時頃にね。	See you about 7.
そらす	ソラシ	彼女は目をそらした。	She looked away.
紛失	フンシツ	彼女は本を紛失しました。	She lost a book.
白人	ハクジン	彼女は白人だ。	She's Caucasian.
抓る	ツネッ	彼女は彼をつねった。	She pinched him.
完全	カンゼン	完全に忘れてたよ。	I completely forgot it.
無欠	ムケツ	彼女は完全無欠だった。	She was perfect.
晒す	サラス	それを雨にさらすな。	Don't expose it to the rain.
姉	アネ	姉はいない。	I don't have an older sister.
落ち込む	オチコム	落ち込んでるの？	Are you depressed?
順調	ジュンチョウ	順調かい？	Are you doing OK?
柔らかい	ヤワラカイ	この牛肉は柔らかい。	This beef is tender.
絹	キヌ	絹は高価なんだよ。	Silk is expensive.
手触り	テザワリ	絹は手触りが柔らかい。	Silk feels soft.
スペイン語	スペインゴ	スペイン語は簡単です。	Spanish is easy.
きちんと	キチント	きちんと座りなさい。	Sit up straight.
真似	マネ	真似しないでよ。	Stop copying me.
隅	スミ	隅から隅まで探したの？	Have you searched everywhere?
重箱	ジュウバコ	重箱の隅をつつくようなことはやめて。	Stop nitpicking.
突く	ツク	もうすぐ、トムの貯金が底を突く。	Tom's savings will soon run out.
大体	ダイタイ	大体正しい。	That's mostly right.
鉛筆	エンピツ	あれは鉛筆です。	That's a pencil.
下る	クダル	くだらなすぎる。	That's so silly.
ない	ナ	くだらなすぎる。	That's so silly.
付き合う	ツキアウ	僕と付き合わない？	Would you like to go out with me?
賽	サイ	賽は投げられた。	The die is cast.
消える	キエル	火が消えた。	The fire is out.
明かり	アカリ	明かりを消して。	Put out the light.
赤らめる	アカラメ	その男性は顔を赤らめた。	The man blushed.
沈む	シズム	月が沈んだ。	The moon has set.
葉	ハ	葉が落ちた。	The leaves fell.
空	ソラ	空は青い。	The sky is blue.
とける	トケ	雪がとけた。	The snow melted.
枯れる	カレル	花が枯れたよ。	The flowers withered.
井戸	イド	井戸が干上がった。	The well ran dry.
石鹸	セッケン	石鹸がないよ。	There's no soap.
てる	テン	何してんの？	What're you doing?
すむ	スン	彼らはそこにすんでいる。	They live there.
槍	ヤリ	これは槍だよ。	This is a lance.
嫉妬	シット	あいつら嫉妬してんだよ。	They're jealous.
差し上げる	サシアゲル	差し上げます。	I will give it to you.
現実	ゲンジツ	それが現実だ。	That's the way it is.
真実	シンジツ	真実が必要だ。	I need the truth.
勿体	モッタイ	時間がもったいない。	Time is wasting.
十色	トイロ	十人十色。	To each his own.
十人	ジュウニン	十人十色。	To each his own.
裏切る	ウラギル	彼は裏切った。	He turned traitor.
食料	ショクリョウ	トムは食料を買った。	Tom bought food.
苦手	ニガテ	猫が苦手なの。	I'm afraid of cats.
ウォッカ	ウォッカ	トムはウォッカを飲んだ。	Tom drank vodka.
靨	エクボ	トムには、えくぼがあります。	Tom has dimples.
傷	キズ	トムは傷を負った。	Tom got wounded.
眠り	ネムリ	眠りかけてた。	I was almost asleep.
ダンサー	ダンサー	トムはダンサーなんだ。	Tom is a dancer.
ダンボ	ダンボ	トムったら、耳をダンボにしてるわよ。	Tom is all ears.
咳払い	セキバライ	彼は咳払いをした。	He cleared his throat.
インフルエンザ	インフルエンザ	恐らく、インフルエンザです。	It's probably the flu.
物怖じ	モノオジ	トムって、物怖じしないよな。	Tom is fearless.
司祭	シサイ	トムは司祭だ。	Tom is a priest.
男前	オトコマエ	トムは男前だ。	Tom is handsome.
友人	ユウジン	友人たちが恋しい。	I miss my friends.
頼もしい	タノモシイ	トムって、頼もしい。	Tom is reliable.
合理的	ゴウリテキ	これは合理的だ。	This is reasonable.
未成年	ミセイネン	トムは未成年だ。	Tom is underage.
裕福	ユウフク	トムは今裕福だ。	Tom is rich now.
スパイ	スパイ	トムはスパイじゃない。	Tom isn't a spy.
マッチ	マッチ	マッチありますか。	Do you have matches?
擦る	スル	彼女は目をこすった。	She rubbed her eyes.
ビーガン	ビーガン	トムはビーガンじゃない。	Tom isn't vegan.
果物	クダモノ	好きな果物は？	What's your favorite fruit?
行方	ユクエ	杳として行方が知れない。	We have no clue where he is.
晦ます	クラマシ	トムは１０月に姿をくらました。	Tom disappeared in October.
保釈	ホシャク	トムは保釈中に逃亡しました。	Tom jumped bail.
逃亡	トウボウ	彼は逃亡を図った。	He attempted to escape.
期待	キタイ	期待しないでね。	Don't hold your breath.
休養	キュウヨウ	トムには休養が必要だった。	Tom needed rest.
ラーメン	ラーメン	ラーメン行こう。	Let's go for some ramen.
ちょっかい	チョッカイ	トムはメアリーにちょっかいを出した。	Tom teased Mary.
ボランティア	ボランティア	トムはボランティアをした。	Tom volunteered.
びしょぬれ	ビショヌレ	トムはびしょ濡れだった。	Tom was all wet.
苛々	イライラ	イライラし始めた。	I started to get annoyed.
引き摺る	ヒキズル	彼は足を引きずって歩いた。	He walked with a limp.
ずる	ズッ	トムは足をひこずっていた。	Tom was limping.
ひこ	ヒコ	トムは足をひこずっていた。	Tom was limping.
にこにこ	ニコニコ	トムはニコニコだったよ。	Tom was smiling.
コート	コート	素敵なコートね。	That's a nice coat.
文章	ブンショウ	彼は文章がうまい。	He is a good writer.
爪先	ツマサキ	つま先の感覚がない。	I can't feel my toes.
皿洗い	サラアライ	お皿洗って。	Wash the dishes.
有り	アリ	壁に耳あり。	Walls have ears.
壁	カベ	壁に耳あり。	Walls have ears.
救助	キュウジョ	乗組員全員が救助された。	The whole crew was saved.
頭上	ズジョウ	頭上にご注意ください。	Watch your head!
学ぶ	マナブ	よく見て学べ。	Watch and learn.
足下	アシモト	足下に注意して下さい。	Watch your step.
段差	ダンサ	段差注意	Watch your step.
生魚	セイギョ	生魚は無理なのよ。	I can't stand raw fish.
泣かす	ナカシ	泣かしてやる！	I'm going to make you cry.
田植え	タウエ	私たちは田植えをしました。	We planted rice.
ピクニック	ピクニック	ピクニックに行かない？	How about going on a picnic?
取り戻す	トリモドス	トムから取り戻すよ。	I will get it back from Tom.
岐阜	ギフ	私たちは岐阜に行った。	We went to Gifu.
伺う	ウカガウ	伺います。	We'll visit you.
隣	トナリ	隣どうぞ。	Come sit by my side.
わし	ワシ	わしらは漁師だ。	We're fishermen.
漁師	リョウシ	わしらは漁師だ。	We're fishermen.
国勢	コクセイ	国勢調査ってなに？	What's a census?
調査	チョウサ	国勢調査ってなに？	What's a census?
運賃	ウンチン	運賃はいくらですか？	What's the fare?
トイレ	トイレ	ちょっとトイレ。	I need to go to the toilet.
地図	チズ	地図が買いたいんだ。	I want to buy a map.
少女	ショウジョ	あの少女は誰ですか。	Who's that girl?
悪戯っ児	イタズラッコ	彼はいたずらっ子だ。	He is a naughty boy.
治る	ナオル	頭痛いの治った？	Is your headache gone?
損	ソン	損はしないよ。	You cannot lose.
つく	ツキ	彼は嘘をつき続けた。	He kept on telling lies.
ず	ヌ	言わぬが花。	Silence is golden.
吠え面	ホエヅラ	後で吠え面かくなよ！	You'll be sorry!
かく	カク	後で吠え面かくなよ！	You'll be sorry!
天使	テンシ	君は天使のような人だ！	You're an angel.
敵	テキ	怒りは敵と思え。	Hatred is our enemy.
不敵	フテキ	大胆不敵ね。	You're fearless.
大胆	ダイタン	大胆不敵ね。	You're fearless.
新入り	シンイリ	新入りだな。	You're new, huh?
成長	セイチョウ	子供は成長が早い。	Children grow very quickly.
身分証明書	ミブンショウメイショ	身分証明書を見せて。	Show me your ID card.
提示	テイジ	身分証明書をご提示ください。	Your ID, please.
煩い	ワズライ	ここ、うるさいわね。	It's noisy in here.
一々	イチイチ	お前、いちいちうるさいなあ。	You're so picky.
バッグ	バッグ	バッグが開いてるよ。	Your bag's open.
社会	シャカイ	社会の窓、開いてますよ。	Your fly's down.
ボス	ボス	あなたがボスだよ。	You're the boss.
御宅	オタク	おたく、どこ住み？	Where's your house?
お子さん	オコサン	お子さんがおありですか。	Do you have kids?
92	キュウニ	９２引く９は８３です。	92 minus 9 is 83.
83	ハチサン	９２引く９は８３です。	92 minus 9 is 83.
ひょっこり	ヒョッコリ	狐が１匹ひょっこりやってきた。	A fox came along.
ヒューズ	ヒューズ	ヒューズが飛んだ。	A fuse has blown.
より	ヨリ	論より証拠。	The proof of the pudding is in the eating.
少ない	スクナイ	５は８より少ない。	5 is less than 8.
空気	クウキ	空気読んでよ。	Read between the lines.
翼	ツバサ	鳥には翼がある。	A bird has wings.
時間切れ	ジカンギレ	時間切れです。	Your time is up.
消え失せる	キエウセ	全ての望みは消え失せた。	All hope is gone.
姉妹	シマイ	姉妹はいますか？	Do you have any sisters?
喫煙者	キツエンシャ	喫煙者ですか？	Are you a smoker?
懐こい	ナツッコイ	あなたって人懐っこいほう？	Are you friendly?
歌手	カシュ	歌手なんですか？	Are you a singer?
使い	ツカイ	彼女は使いの者です。	She is the messenger.
コカイン	コカイン	コカインをやってるのか？	Are you on crack?
妊婦	ニンプ	あなたは妊婦さんですか？	Are you pregnant?
教員	キョウイン	皆さんは教員なんですか？	Are you teachers?
親	オヤ	親には見せたの？	Did you show it to your parents?
注目	チュウモク	ご注目下さい。	Please give me your attention.
忝い	カタジケナ	辱を知れ。	Bite your tongue.
遂に	ツイニ	ついに父は妥協した。	My father finally compromised.
間違える	マチガエル	間違えた。	I made a mistake.
わあ	ワァ	わぁ、間違えた。	Boy, was I wrong.
嘴	クチバシ	鳥にはくちばしがあります。	Birds have beaks.
歯磨き	ハミガキ	歯磨きはどこ？	Where's the toothpaste?
コピー	コピー	コピーをもらえますか？	Can I get a copy?
メニュー	メニュー	メニューをお願いします。	Let me see a menu.
一口	ヒトクチ	一口どう？	How about a bite?
休憩	キュウケイ	休憩した？	Did you take a break?
証明	ショウメイ	それ、証明できるの？	Can you prove it?
桜ん坊	サクランボ	サクランボは赤い。	Cherries are red.
解ける	トケル	それ解ける？	Can you solve it?
ひき	ヒキ	ひきだしを閉じて。	Close the drawer.
だし	ダシ	ひきだしを閉じて。	Close the drawer.
奮う	フルウ	奮ってご参加ください。	Come and join us.
よる	ヨッ	脇によってください。	Please step aside.
110	イチイチレイ	すぐに110番通報してください。	Dial 110 at once.
通報	ツウホウ	警察に通報するな。	Don't call the police.
不言	フゲン	不言実行。	Deeds, not words.
実行	ジッコウ	不言実行。	Deeds, not words.
ミルク	ミルク	ミルクは買った？	Did you buy milk?
相談	ソウダン	医者に相談しなよ。	Consult a doctor.
嘔吐	オウト	嘔吐しましたか？	Did you throw up?
煮る	ニル	君に豆を煮てあげよう。	I'll boil the beans for you.
御自分	ゴジブン	ご自分で設計なさったのですか。	Did you plan it yourself?
住まい	スマイ	どこにお住まいですか。	Where do you live?
エンドウ	エンドウ	エンドウ豆は好き？	Do you like peas?
グリーンピース	グリーンピース	グリンピースは好き？	Do you like peas?
軽はずみ	カルハズミ	軽はずみなことはするな。	Don't act rashly.
ボランティア活動	ボランティアカツドウ	ボランティア活動してるの？	Do you volunteer?
行動	コウドウ	今が行動する時だ。	Now is the time to act.
困らす	コマラス	トムを困らすんじゃない。	Don't bother Tom.
惑う	マドワ	私を惑わせないで。	Don't confuse me.
ばれる	バレル	バレないようにな。	Don't get caught.
迷惑	メイワク	迷惑かけてごめんね。	Sorry to trouble you.
お礼	オレイ	お礼には及びません。	Don't mention it.
及ぶ	オヨブ	駟も舌に及ばず。	Words can't be taken back.
話し掛ける	ハナシカケル	話しかけるな。	Don't talk to me.
がっかり	ガッカリ	がっかりだよ。	I'm disappointed.
逆らう	サカラウ	彼に逆らうな。	Don't oppose him.
キャッチ	キャッチ	キャッチボールをしよう。	Let's play catch.
たてる	タテル	音をたてるな。	Don't make noise.
告げ口	ツゲグチ	僕の告げ口をするな。	Don't tell on me.
かなう	カナイ	夢はかないます。	Dreams come true.
カーテン	カーテン	カーテン閉めて。	Draw the curtain.
快適	カイテキ	快適な空の旅を。	Enjoy the flight.
ルール	ルール	ルール違反だぞ。	It's against the rules.
オーケー	オーケー	すべてオーケーだ。	Everything is OK.
便利	ベンリ	そりゃ便利だね。	That's convenient.
渡す	ワタス	誰に渡したの？	Who did you give it to?
芝生	シバフ	隣の芝生は青い。	The grass is always greener on the other side.
階段	カイダン	階段を上がって。	Go up the stairs.
取り扱い	トリアツカイ	取扱注意	Handle with care.
召す	メス	お気に召してよかったです。	Glad you like it.
過ごす	スゴス	楽しく過ごしてる？	Are you having a good time?
素敵	ステキ	素敵な考えね。	It's a great idea.
一時	ヒトトキ	楽しいひとときを。	Have a good time.
てらっしゃる	テラッシャイ	行ってらっしゃい。	Have a safe trip.
嗽	ウガイ	うがいはしたの？	Have you gargled?
正午	ショウゴ	トムは正午についた。	Tom arrived at noon.
泳ぎ	オヨギ	泳ぎは得意？	Are you able to swim well?
平らげる	タイラゲ	彼は全部平らげた。	He ate all of it.
最近	サイキン	最近どう？	How have you been recently?
亡くなる	ナクナル	最近彼が亡くなった。	He died recently.
仰向け	アオムケ	仰向けになって。	Turn on your back.
就く	ヅク	彼は教職に就いた。	He went into teaching.
演説	エンゼツ	彼は演説した。	He gave a speech.
突然	トツゼン	突然彼は死んだ。	He died suddenly.
叫び声	サケビゴエ	叫び声が聞こえた。	I heard a scream.
張る	ハル	彼は網を張った。	He fixed the net.
網	アミ	彼は網を張った。	He fixed the net.
バイク	バイク	あのバイクはトムの？	Is that bike Tom's?
やがる	ヤガッ	金を隠しやがった。	He hid his money.
隠す	カクス	何隠してるの？	What are you hiding?
一方的	イッポウテキ	あいつが一方的に電話を切ったんだ。	He hung up on me.
肥満	ヒマン	彼は肥満体だ。	He is overweight.
自宅	ジタク	私は彼を自宅に招いた。	I invited him to my house.
帰り着く	カエリツイ	彼はたった今自宅に帰りついた。	He just got home.
付き合い	ツキアイ	彼はつきあいが悪い。	He is unsociable.
社交的	シャコウテキ	彼は非社交的だ。	He is unsociable.
オレンジ	オレンジ	彼はオレンジが好き。	He likes oranges.
左右	サユウ	彼は左右を見た。	He looked left and right.
魚釣り	サカナツリ	魚釣りは苦手だ。	I'm not good at fishing.
さっき	サッキ	さっき何かあった？	Did something happen earlier?
見渡す	ミワタス	彼は周りを見渡した。	He looked around.
素早い	スバヤイ	彼は素早い。	He moves quickly.
調理	チョウリ	彼は調理が好きです。	He likes to cook.
きっと	キット	彼はきっと勝つ。	He is sure to win.
違い	チガイ	違いがあるの？	Is there a difference?
侭	ママ	空腹のまま寝た。	I went to bed hungry.
ぐるり	グルリ	彼はぐるりとふりかえった。	He turned around.
拵える	コシラエル	彼は借金をこしらえた。	He ran into debt.
掲げる	カカゲル	彼は旗をかかげた。	He put up a flag.
旗	ハタ	彼は旗をかかげた。	He put up a flag.
捲る	マクル	彼は歌いまくった。	He sang and sang.
無罪	ムザイ	彼は無罪になった。	He was acquitted.
文字	モジ	文字が大きすぎ。	The font is too large.
劇作	ゲキサク	彼は劇作家である。	He's a dramatist.
越える	コエル	彼は３０歳を越えている。	He's over thirty.
生物	セイブツ	生物学者さんです。	He's a biologist.
学者	ガクシャ	生物学者さんです。	He's a biologist.
側	ガワ	彼は私の側に座った。	He sat down by my side.
丈夫	ジョウブ	彼はとても丈夫だ。	He's very strong.
並べる	ナラベル	おい、列に並べよ。	Hey, get in line.
金曜	キンヨウ	金曜ならどう？	How about Friday?
知り合う	シリアウ	どうやって知り合ったの？	How did you meet?
切っ掛け	キッカケ	ここへ来たきっかけは何ですか？	What made you come here?
出会う	デアウ	どうやって出会ったの？	How did you meet?
サラダ	サラダ	サラダ、美味しい？	Is the salad tasty?
ばつ	バツ	ばつが悪いったらありゃしない。	How embarrassing!
長さ	ナガサ	この鉛筆の長さは？	How long is this pencil?
センチ	センチ	身長何センチ？	How tall are you?
暮らし	クラシ	暮らしはどうですか。	How is your life?
感触	カンショク	テストの感触は？	How was the test?
近頃	チカゴロ	どう？近ごろ。	How're you doing?
同	ドウ	同意見です。	I agree with you.
溺れる	オボレル	彼は川でおぼれた。	He drowned in the river.
失い掛ける	ウシナイカケ	気を失いかけたんだ。	I almost fainted.
ブラジル	ブラジル	ブラジルは大きな国だ。	Brazil is a large country.
ロシア	ロシア	ロシアから来ました。	I am from Russia.
ポテト	ポテト	ポテトのLを1つ。	Large fries, please.
プライド	プライド	プライドポテトを食べたよ。	I ate some fries.
サンダル	サンダル	サンダルを買った。	I bought sandals.
丁寧	テイネイ	丁寧におじぎをしました。	I bowed politely.
ぶつける	ブツケ	頭をぶつけました。	I bumped my head.
豚肉	ブタニク	豚肉は私には合わない。	Pork doesn't agree with me.
挨拶	アイサツ	挨拶は大切よ。	Greetings are important.
集める	アツメル	はがきを集める。	I collect postcards.
切手	キッテ	切手を集めていた。	I collected stamps.
なれる	ナレ	鳥になれたらなあ。	I wish I were a bird.
ナッツ	ナッツ	ナッツは食べないんだ。	I don't eat nuts.
さす	サシ	傘をさしました。	I put up my umbrella.
靴	クツ	靴を履いて。	Put on your shoes.
人形	ニンギョウ	あの人形怖い。	That doll is scary.
すっきり	スッキリ	気分スッキリだよ。	I feel refreshed.
きっぱり	キッパリ	きっぱりお断りしました。	I flatly refused.
一気	イッキ	一気に飲み干した。	I gulped it down.
偽善	ギゼン	偽善は嫌いだ。	I hate hypocrisy.
予防接種	ヨボウセッシュ	予防接種を受けに行った。	I went to get vaccinated.
大型犬	オオガタケン	大型犬を飼ってるんです。	I have a big dog.
頼み	タノミ	頼みがあるんだ。	I have a request.
化学	カガク	化学が嫌いだ。	I hate chemistry.
知らせ	シラセ	残念な知らせって何？	What's the bad news?
規則	キソク	規則に逆らうな。	Don't disobey the rules.
余地	ヨチ	疑問の余地はない。	There's no room for doubt.
弁解	ベンカイ	弁解の余地もないよ。	I have no excuse.
花粉症	カフンショウ	私、花粉症なんです。	I have hay fever.
朗報	ロウホウ	朗報だよ。	That's good news.
白髪	ハクハツ	白髪があるの。	I have gray hair.
報告	ホウコク	いくつか報告があります。	I have some news.
胸焼け	ムネヤケ	胸焼けがします。	I have heartburn.
足音	アシオト	足音がする。	I hear footsteps.
天	テン	彼は天を仰いだ。	He looked up at the sky.
心地	ココチ	天にも昇る心地だったよ。	I jumped for joy.
日誌	ニッシ	日誌をつける。	I keep a journal.
オーストラリア	オーストラリア	オーストラリアが好きだ。	I like Australia.
こつ	コツ	コツ、知ってるよ。	I know the ropes.
要領	ヨウリョウ	要領はわかってるよ。	I know the ropes.
緑茶	リョクチャ	緑茶飲む？	Do you drink green tea?
チョコレート	チョコレート	チョコレートほしい？	Do you want some chocolate?
言語	ゲンゴ	言語が好きです。	I like languages.
ジャンクフード	ジャンクフード	ジャンクフードが好きなんだ。	I like junk food.
チョコ	チョコ	チョコは好き？	Do you like chocolate?
マッシュルーム	マッシュルーム	マッシュルームが好きです。	I like mushrooms.
ポップス	ポップス	ポップスが好きです。	I like pop music.
茸	タケ	キノコは好きです。	I like mushrooms.
辛口	カラクチ	僕は辛口カレーが好きなんだ。	I like hot curry.
カレー	カレー	カレーは好きですか？	Do you like curry?
ばら	バラ	バラが見たいな。	I want to see the roses.
愛読	アイドク	私は彼女の小説を愛読している。	I like her novel.
小説	ショウセツ	この小説は退屈だ。	This novel bores me.
発想	ハッソウ	その発想、いいね。	I like that idea.
ランプ	ランプ	あのランプ好きだな。	I like that lamp.
噂話	ウワサバナシ	噂話が好きでね。	I like to gossip.
ショー	ショー	いいショーでしたよ。	That was a good show.
世話	セワ	トムの世話をする。	I look after Tom.
天文学	テンモンガク	天文学が大好きなんだ。	I love astronomy.
雛豆	ヒヨコマメ	ひよこ豆が大好きなの。	I love chickpeas.
黄身	キミ	黄身が大好きなのよ。	I love egg yolks.
針鼠	ハリネズミ	ハリネズミ、かわいいね。	Hedgehogs are cute.
逃す	ノガス	チャンスを逃すな。	Don't miss this chance.
順番	ジュンバン	順番を待ってます。	I'm waiting my turn.
応急処置	オウキュウショチ	応急処置をお願いします。	I need first aid.
掃除機	ソウジキ	掃除機かけなきゃ。	I need to vacuum.
一切	イッサイ	家では一切飲まないよ。	I never drink at home.
肉類	ニクルイ	肉類は一切食べないんだ。	I never eat meat.
指差す	ユビサス	私は彼を指さした。	I pointed at him.
演奏	エンソウ	何か楽器を演奏するの？	Do you play an instrument?
バンド	バンド	好きなバンドは？	What bands do you like?
注文	チュウモン	何か注文した？	Did you order something?
予想	ヨソウ	僕はこれを予想した。	I predicted this.
拝む	オガム	毎日、拝んでます。	I pray every day.
速攻	ソッコウ	速攻で賛成した。	I quickly agreed.
ラベル	ラベル	私はラベルを読みます。	I read the label.
簡易	カンイ	簡易ベッドで寝てるんだ。	I sleep on a cot.
後悔	コウカイ	後悔するよ。	You'll regret it.
折り畳み	オリタタミ	折りたたみベッドで寝てるよ。	I sleep on a cot.
ガソリン	ガソリン	ガソリン臭いよ。	I smell gasoline.
取っ手	トッテ	私はドアの取っ手を回した。	I tried the knob.
回す	マワス	彼は鍵を回した。	He turned the key.
通学	ツウガク	彼は徒歩通学だ。	He walks to school.
アイス	アイス	アイス食べる？	Do you want some ice cream?
ペンフレンド	ペンフレンド	ペンフレンドが欲しいな。	I want a pen pal.
アイスクリーム	アイスクリーム	アイスクリームが欲しいよ。	I want ice cream.
2003	ニレイレイサン	２００３年にトムは消えた。	Tom disappeared in 2003.
教会	キョウカイ	教会に行きました。	I went to church.
悔しい	クヤシイ	悔しい？	Are you disappointed?
唖然	アゼン	唖然としました。	I was speechless.
動揺	ドウヨウ	すごい動揺した。	I was very upset.
嘗て	カツテ	かつて残忍な王様がいた。	Once upon a time, there lived a cruel king.
一笑	イッショウ	私は一笑に付されてしまった。	I was laughed at.
付する	フサ	私は一笑に付されてしまった。	I was laughed at.
無駄遣い	ムダヅカイ	水の無駄遣いだよ！	What a waste of water!
日曜日	ニチヨウビ	日曜日は暇です。	I'm free on Sunday.
バックアップ	バックアップ	僕がバックアップするよ。	I'll back you up.
受ける	ウケル	噂話を真に受けるな。	Don't believe the rumors.
罰	バツ	僕は罰を受けるだろう。	I'll be punished.
打っ飛ばす	ブットバシ	ぶっ飛ばしてやる！	I'll beat you up!
残り	ノコリ	残りは僕がやるよ。	I'll do the rest.
せる	セル	笑わせるな！	Don't make me laugh!
京都	キョウト	私は、京都に行く。	I'll go to Kyoto.
体重	タイジュウ	体重何キロ？	What do you weigh?
為る	シヨッ	いっぱい勉強しよっと。	I'll study a lot.
小腹	コバラ	小腹がすいてきたな。	I'm getting a little hungry.
漫画家	マンガカ	私は漫画家です。	I'm a cartoonist.
派	ハ	私はネコ派です。	I'm a cat person.
オーケー	オッケー	それでオッケーです。	I'm OK with that.
早食い	ハヤグイ	俺、早食いなんだ。	I'm a fast eater.
作詞家	サクシカ	私は、作詞家です。	I'm a songwriter.
ホテル	ホテル	今、ホテル。	I'm at the hotel.
ソングライター	ソングライター	ソングライターです。	I'm a songwriter.
不満	フマン	私は不満です。	I'm dissatisfied.
性格	セイカク	彼は性格がよい。	He has a nice personality.
今夜	コンヤ	今夜会える？	Can you meet tonight?
ほろ酔い	ホロヨイ	ほろ酔い気分ですよ。	I'm getting high.
アメリカ	アメリカ	アメリカから来ました。	I'm from America.
事務所	ジムショ	事務所にいます。	I'm in my office.
屋根裏	ヤネウラ	屋根裏部屋にいるよ。	I'm in the attic.
臆病者	オクビョウモノ	臆病者が逃げ出した。	The coward ran away.
カトリック	カトリック	僕、カトリックじゃないよ。	I'm not Catholic.
潰す	ツブス	時間を潰そうとしていた。	I was trying to kill time.
卑怯者	ヒキョウシャ	私、卑怯者じゃないもん。	I'm not a coward.
ちび	チビ	結構チビなんです。	I'm pretty short.
誇り	ホコリ	私は兄を誇りに思う。	I'm proud of my brother.
支持	シジ	あなたを支持します。	I'm on your side.
味方	ミカタ	どっちの味方なの？	Which side are you on?
時間外	ジカンガイ	今は勤務時間外なんだ。	I'm off duty now.
溜める	タメル	お金貯めたい。	I want to save money.
節約	セツヤク	節約中です。	I'm saving money.
年下	トシシタ	僕が一番年下だよ。	I'm the youngest.
一体	イッタイ	一体どうしたんだ。	What on earth happened?
昏睡	コンスイ	トムは昏睡状態なんですか？	Is Tom in a coma?
状態	ジョウタイ	幸せは心の状態だ。	Happiness is a state of mind.
かんかん	カンカン	トム、カンカンよ。	Tom is very angry.
烏滸	オコ	トムはまだ激おこ？	Is Tom still mad?
激	激	トムはまだ激おこ？	Is Tom still mad?
伝染	デンセン	風邪は伝染する。	Colds are contagious.
可能	カノウ	可能ですか？	Is that possible?
オウム	オウム	あれはオウムかな？	Is that a parrot?
銀行	ギンコウ	銀行に行かねば。	I have to go to the bank.
湖	ミズウミ	湖は凍っていた。	The lake was frozen.
正確	セイカク	これは正確ですか？	Is this accurate?
223	ニニサン	電話番号、２２３—１３７４、ですよね？	Is this 223-1374?
1374	イチサンナナヨン	電話番号、２２３—１３７４、ですよね？	Is this 223-1374?
電話番号	デンワバンゴウ	電話番号、何番？	What's the number?
価値	カチ	直す価値がある？	Is it worth fixing?
凶暴	キョウボウ	あなたの犬って凶暴？	Is your dog mean?
ミス	ミス	ミスでした。	It was a mistake.
暗闇	クラヤミ	真っ暗闇だ。	It is pitch dark.
真	シン	真っ暗闇だ。	It is pitch dark.
目茶目茶	メチャメチャ	めちゃめちゃ楽しかったよ。	It was great fun.
4	ヨン	四月一日です。	It's April first.
世界	セカイ	夢は世界一周です。	My dream is to take a round-the-world trip.
上々	ジョウジョウ	天気は上々だ。	It's a sunny day.
向日葵	ヒマワリ	それはひまわりです。	It's a sunflower.
暑さ	アツサ	強烈な暑さだ。	The heat is intense.
凍る	コオル	お肉凍ってるよ。	The meat is frozen.
ぽかぽか	ポカポカ	ぽかぽかと暖かい。	It's balmy today.
爽やか	サワヤカ	今日は爽やかな日だね。	It's balmy today.
錯覚	サッカク	それは錯覚です。	It's an illusion.
極寒	ゴッカン	極寒だね。	It's bitter cold.
著作権	チョサクケン	それは著作権で保護されてるよ。	It's copyrighted.
保護	ホゴ	トムは自然保護官なんだ。	Tom is a park ranger.
難い	ガタイ	信じ難いな。	It's hard to believe.
親譲り	オヤユズリ	それは親譲りよ。	It's in my blood.
大騒ぎ	オオサワギ	何だこの大騒ぎは？	What's the commotion?
ソファー	ソファ	ソファーの上だよ。	It's on the sofa.
上	ウエ	承知の上です。	I'm aware of that.
肺癌	ハイガン	肺がんです。	It's lung cancer.
立派	リッパ	立派ですね。	It's magnificent.
中々	ナカナカ	なかなかやるなあ。	It's pretty good.
ワイルド	ワイルド	結構ワイルドだな。	It's pretty wild.
野性	ヤセイ	かなり野性的ね。	It's pretty wild.
雨降り	アメフリ	今日は雨降りです。	It's rainy today.
晴れ	ハレ	今日は晴れだ。	It's sunny today.
平和	ヘイワ	平和だなぁ。	It's so peaceful.
逆様	サカサマ	逆さまだよ。	It's upside down.
中古	チュウコ	中古だよ。	It's second-hand.
上下	ジョウゲ	上下逆だよ。	It's upside down.
逆	ギャク	上下逆だよ。	It's upside down.
一般的	イッパンテキ	極めて一般的なことだ。	It's very common.
極めて	キワメテ	これは極めて珍しい。	This is a very rare specimen.
明るい	アカルイ	すごく明るい。	It's very bright.
通行	ツウコウ	左側通行です。	Keep to the left.
左側	ヒダリガワ	左側通行です。	Keep to the left.
アジア	アジア	日本人はアジア人です。	Japanese are Asians.
目下	メシタ	もっかいやらして。	Let me try again.
譲り合う	ユズリアイ	譲り合いましょう。	Let's compromise.
繋ぐ	ツナグ	手つなごうよ。	Let's hold hands.
適当	テキトウ	適当にやって。	Let's just do it.
踊り	オドリ	踊りに行きませんか。	Let's go dancing.
久し振り	ヒサシブリ	久しぶり。	Long time, no see.
トランプ	トランプ	トランプは面白い。	Playing cards is fun.
月見	ツキミ	月見て！	Look at the moon.
存分	ゾンブン	思う存分楽しみましょう！	Let's live it up!
遣り直す	ヤリナオス	やり直そうよ。	Let's start over.
命	イノチ	彼の命が危ない。	His life is in danger.
尊い	トウトイ	愛より尊い物はない。	Nothing is as precious as love.
澄む	スム	耳を澄ませてごらん。	Listen carefully.
出直す	デナオシ	出直しましょう。	Let's start over.
今後	コンゴ	今後話をしよう。	Let's talk later.
空ける	アケ	道を空けてください。	Make way, please.
御転婆	オテンバ	メアリーはお転婆だな。	Mary is a tomboy.
お転婆娘	オテンバムスメ	メアリーはおてんば娘なんだ。	Mary is a tomboy.
別嬪	ベッピン	娘さん、べっぴんさんね。	Your daughter's a beautiful girl.
びんた	ビンタ	往復びんたを食らった。	I got slapped on both cheeks.
缶	カン	缶は空よ。	The can is empty.
身体	シンタイ	身体、硬いね。	My body is stiff.
製	セイ	これって、スイス製？	Is this made in Switzerland?
ドイツ	ドイツ	私の車はドイツ製です。	My car is German.
がちがち	ガチガチ	背中がガチガチなんだ。	My back is stiff.
金魚	キンギョ	金魚は生きてる。	The goldfish is alive.
トレー	トレー	受信トレイがいっぱいだ。	My inbox is full.
受信	ジュシン	受信トレイがいっぱいだ。	My inbox is full.
肩凝り	カタコリ	肩こりがある。	My neck is stiff.
白	シロ	僕のソリは白だよ。	My sled is white.
そり	ソリ	僕のソリは白だよ。	My sled is white.
母	ハハ	母似です。	I resemble my mother.
脈	ミャク	脈がはやいです。	My pulse is fast.
バッテリー	バッテリー	バッテリーが切れた。	The battery gave out.
ズボン	ズボン	ズボン返してよ。	Give me back my pants.
おっかない	オッカナイ	妻がおっかないんだ。	My wife is scary.
初めまして	ハジメマシテ	初めまして。	Nice to meet you.
益々	マスマス	労なくして益なし。	No pain, no gain.
労	ロウ	労なくして益なし。	No pain, no gain.
種	シュ	苦は楽の種。	No pain, no gain.
何事	ナニゴト	何事？	Is something happening?
遣り方	ヤリカタ	やり方知ってる？	Do you know how to do it?
親父	オヤジ	親父の言うことを聞け。	Obey your father.
冷蔵庫	レイゾウコ	冷蔵庫が壊れた。	Our fridge broke.
ねえ	ネェ	ねぇ、お願い。	Oh, have a heart.
くそ	クソッ	クソッ！また失敗だ。	Oh, just my luck!
人々	ヒトビト	人々は犬が好きだ。	People love dogs.
持ち物	モチモノ	持ち物をまとめなさい。	Pack your things.
纏める	マトメル	持ち物をまとめなさい。	Pack your things.
ショパン	ショパン	ショパンでも弾いてよ。	Play some Chopin.
礼儀	レイギ	礼儀正しくしなさい。	Mind your manners.
プロパン	プロパン	プロパンはガスだよ。	Propane is a gas.
マスク	マスク	マスクをしなさい。	Put on your mask.
確かめる	タシカメル	確かめてくれよ。	Please make sure.
ボタン	ボタン	ボタンが取れた。	The button came off.
擽る	クスグル	くすぐるのは止めて。	Quit tickling me.
ローマ	ローマ	ローマは古い街だ。	Rome is an old city.
イタリア	イタリア	ローマはイタリアにある。	Rome is in Italy.
揉む	モム	肩揉んで。	Rub my shoulders.
教室	キョウシツ	教室でね。	See you in class.
軽蔑	ケイベツ	彼女は彼を軽蔑した。	She despised him.
返答	ヘントウ	私は返答に窮した。	I was at a loss for an answer.
大らか	オオラカ	彼女はおおらかだ。	She is easygoing.
1960	イチキュウロクレイ	私は１９６０年生まれだ。	I was born in 1960.
制限	セイゲン	制限はありません。	There are no limits.
拒む	コバム	彼女は彼を拒んだ。	She rejected him.
別れ	ワカレ	ここでお別れだ。	This is where we part.
告げる	ツゲル	彼女は別れを告げた。	She said goodbye.
強欲	ゴウヨク	彼女は強欲だ。	She's insatiable.
故郷	コキョウ	故郷が恋しいな。	I miss my hometown.
昇格	ショウカク	彼女は昇格した。	She was promoted.
昇進	ショウシン	彼女は昇進した。	She was promoted.
苦痛	クツウ	治療は苦痛を長引かせた。	The treatment prolonged the agony.
悶え苦しむ	モダエクルシン	彼女は苦痛に悶え苦しんでいた。	She was in agony.
下手	ヘタ	彼は字が下手だ。	He has bad handwriting.
インク	インク	彼女はインクで書いた。	She wrote in ink.
ベンチ	ベンチ	ベンチに座って。	Sit on the bench.
かけ	カケ	おかけになりませんか？	Do you want to sit down?
大きさ	オオキサ	丁度いい大きさよ。	It's just the right size.
早める	ハヤメル	トムを怖がらすのはやめて。	Stop scaring Tom.
おちょくる	オチョクル	トムをおちょくるのは止めなさい。	Stop teasing Tom.
傘	カサ	傘さす？	Do you want an umbrella?
言い訳	イイワケ	彼は言い訳を始めた。	He began to make excuses.
妹	イモウト	妹さんは元気？	How's your sister?
肝心	カンジン	始めが肝心。	A good beginning makes a good ending.
重要	ジュウヨウ	それは重要ですか？	Is that important?
点	テン	誰が最高点だった？	Who got the highest score?
無意味	ムイミ	それは無意味だよ。	That's pointless.
希少	キショウ	それはとても稀少ね。	That's very rare.
故障	コショウ	テレビが故障した。	The TV is broken.
袋	フクロ	袋は空っぽだ。	The bag is empty.
電池	デンチ	電池が切れちゃった。	My battery ran out.
バブル	バブル	バブルは崩壊した。	The bubble burst.
崩壊	ホウカイ	バブルは崩壊した。	The bubble burst.
弾ける	ハジケ	バブルははじけた。	The bubble burst.
易しい	ヤサシイ	その本は易しい。	The book is easy.
幕	マク	幕が下りた。	The curtain fell.
食品	ショクヒン	あの食品はいいです。	The food is good.
死に掛ける	シニカケ	その犬は死に掛けている。	The dog is dying.
電球	デンキュウ	電球がきれています。	The light is out.
瓶	ビン	瓶は空っぽだよ。	The jar is empty.
たがる	タガル	犬が入りたがってるよ。	The dog wants in.
冷める	サメル	お茶が冷めるよ。	Your tea's getting cold.
とれる	トレ	痛みがとれました。	The pain is gone.
海	ウミ	海は凪だった。	The sea was calm.
停電	テイデン	停電だ。	The power is out.
多数	タスウ	反対多数です。	The noes have it.
凪ぐ	ナイ	海は凪いでいた。	The sea was calm.
凪	ナギ	海は凪だった。	The sea was calm.
限界	ゲンカイ	もう限界だ。	I have reached my limits.
稗	ヒエ	水はひえひえだよ。	The water is icy.
列車	レッシャ	列車が来たよ。	The train's here.
干上がる	ヒアガッ	池が干上がった。	The pond has dried up.
証拠	ショウコ	論より証拠。	The proof of the pudding is in the eating.
砂糖	サトウ	砂糖がないよ。	There's no sugar.
済む	スム	宿題、済んだ？	Have you finished your homework?
ベル	ベル	ベルが鳴ってるよ。	There's the bell.
カップル	カップル	彼らはカップルだ。	They're a couple.
新刊	シンカン	こちらの本は新刊です。	This book is new.
ワン	ワン	ワンちゃん、病気みたい。	The dog looks sick.
839	ハチサンキュウ	８３９号室です。	This is Room 839.
号室	ゴウシツ	８３９号室です。	This is Room 839.
丸秘	マルヒ	このことはマル秘で。	This is a secret.
生肉	セイニク	これ、生肉よ。	This is raw meat.
死亡	シボウ	この男性は死亡しています。	This man is dead.
歯	ハ	歯が痛い。	I've got a toothache.
尊敬	ソンケイ	心から尊敬する。	I really respect you.
貴重	キチョウ	時間は貴重です。	Time is valuable.
心行く	ココロユク	トムは心ゆくまで楽しんだ。	Tom ate his fill.
たらふく	タラフク	トムはたらふく食べた。	Tom ate his fill.
ロールパン	ロールパン	トムはロールパンを買った。	Tom bought rolls.
船酔い	フナヨイ	トムは船酔いするんだ。	Tom gets seasick.
しこたま	シコタマ	トムはしこたま飲む。	Tom drinks a lot.
溺死	デキシ	トムは溺死しなかった。	Tom didn't drown.
ピストル	ピストル	トムはピストルを持ってたんだ。	Tom had a pistol.
タトゥー	タトゥー	タトゥーしてるの？	Do you have any tattoos?
さる	サル	サルに噛まれた。	I was bitten by a monkey.
拳銃	ケンジュウ	トムは拳銃を買ったんだ。	Tom bought a pistol.
隠し事	カクシゴト	トムには隠し事があるんだ。	Tom has a secret.
三塁打	サンルイダ	トムは三塁打を打った。	Tom hit a triple.
白血病	ハッケツビョウ	トムは白血病なんだ。	Tom has leukemia.
認知症	ニンチショウ	トムはね、認知症なのよ。	Tom has dementia.
塁打	ルイダ	トムは３塁打を打った。	Tom hit a triple.
ヨーグルト	ヨーグルト	冷蔵庫にヨーグルトがあるよ。	There is yogurt in the fridge.
助	スケ	トムは呑み助だ。	Tom is a drinker.
孤児	コジ	トムは孤児です。	Tom is an orphan.
食いしん坊	クイシンボウ	トムは食いしん坊だ。	Tom is a glutton.
イエスマン	イエスマン	トムはイエスマンなのよ。	Tom is a yes-man.
トラック	トラック	トラックが犬をはねたんだ。	A truck hit the dog.
運転手	ウンテンシュ	彼はバスの運転手だ。	He is a bus driver.
天狗	テング	天狗になるなよ。	Don't be overconfident.
塞ぎ込む	フサギコン	トムは塞ぎ込んでいる。	Tom is depressed.
生徒	セイト	トムは生徒です。	Tom is a student.
論理的	ロンリテキ	トムは非論理的だ。	Tom is illogical.
策略家	サクリャクカ	トムは策略家だ。	Tom is a schemer.
直情	チョクジョウ	トムは直情的だ。	Tom is impulsive.
せっかち	セッカチ	トムはせっかちなんだ。	Tom is impatient.
渋る	シブル	トムは渋っている。	Tom is reluctant.
立ち直り	タチナオリ	トムは立ち直りが早い。	Tom is resilient.
礼拝	レイハイ	彼は今礼拝中だ。	He's at church right now.
レジリエンス	レジリエンス	トムはレジリエンスが高い。	Tom is resilient.
豊か	ユタカ	トムは感受性豊かだ。	Tom is sensitive.
感受性	カンジュセイ	トムは感受性豊かだ。	Tom is sensitive.
裸	ハダカ	トムは上半身裸だ。	Tom is shirtless.
上半身	ジョウハンシン	トムは上半身裸だ。	Tom is shirtless.
目茶苦茶	メチャクチャ	髪がめちゃくちゃ。	My hair is a mess.
シェフ	シェフ	トムはシェフじゃないよ。	Tom isn't a chef.
性差別	セイサベツ	トムは性差別主義者ではない。	Tom isn't sexist.
主義者	シュギシャ	トムは独身主義者だ。	Tom is a confirmed bachelor.
レゲエ	レゲエ	トムはレゲエが好きだ。	Tom likes reggae.
海外	カイガイ	海外に行きたい。	I want to go abroad.
決まる	キマル	話は決まった。	Let's leave it at that.
レンタル	レンタル	トムは車をレンタルした。	Tom rented a car.
褒める	ホメル	先生に褒められたの？	Were you praised by the teacher?
読み聞かせ	ヨミキカセ	トムはメアリーに読み聞かせをしてあげた。	Tom read to Mary.
悪態	アクタイ	彼は怒るとよく悪態をつく。	He often swears when he is angry.
レンタカー	レンタカー	レンタカーです。	It's a rented car.
打ち	ウチ	不意打ちを食らった。	I was thrown off guard.
平手	ヒラテ	トムはメアリーを平手打ちした。	Tom slapped Mary.
こちょこちょ	コチョコチョ	トムはメアリーをこちょこちょした。	Tom tickled Mary.
病院	ビョウイン	病院に行けよ。	Go to the hospital.
アドバイス	アドバイス	アドバイス、ありがとう。	Thanks for the advice.
逮捕	タイホ	トムが逮捕された。	Tom was arrested.
パーカー	パーカー	トムはパーカーだったよ。	Tom wore a parka.
レース	レース	トムはレースに勝った。	Tom won the race.
パーカ	パーカー	このパーカーどう思う？	How do you like this parka?
向く	ムク	左を向いてください。	Turn to the left.
解除	カイジョ	ドアの鍵を解除しろ。	Unlock the doors.
計算機	ケイサンキ	計算機使えば。	Use a calculator.
左折	サセツ	左折して。	Turn to the left.
元栓	モトセン	元栓、しまってる。	The main tap is turned off.
電卓	デンタク	電卓使ったら。	Use a calculator.
植木	ウエキ	植木にお水をあげてきてちょうだい。	Water the plants.
頼り	タヨリ	頼りにしてるよ。	We depend on you.
閉まる	シマル	2時半に閉まる。	We close at 2:30.
取り合う	トリアッ	私たちは連絡を取り合っていた。	We kept in touch.
集中	シュウチュウ	仕事に集中しろ。	Keep focused on your work.
敗れる	ヤブレル	私たちは試合に敗れた。	We lost the game.
密会	ミッカイ	密会してました。	We met in secret.
暴力	ボウリョク	私たちは暴力が嫌いだ。	We hate violence.
密か	ヒソカ	密かに会ってました。	We met in secret.
我が家	ワガヤ	我が家が一番！	There's no place like home.
攻撃	コウゲキ	攻撃された。	We were attacked.
西	ニシ	日は西に沈む。	The sun sets in the west.
同級生	ドウキュウセイ	私たちは同級生です。	We're classmates.
クラスメート	クラスメイト	トムもクラスメイトだよ。	Tom is one of my classmates.
専業主婦	センギョウシュフ	私たちは専業主婦です。	We're housewives.
招待	ショウタイ	招待された？	Were you invited?
営業	エイギョウ	まだ営業してます。	We're still open.
ガード	ガード	僕たちはライフガードなんです。	We're lifeguards.
ライフ	ライフ	僕たちはライフガードなんです。	We're lifeguards.
不愉快	フユカイ	不愉快です。	We're not amused.
不味い	マジイ	魚は不味い。	The fish doesn't taste good.
たつ	タッ	かばん、重たっ！	What a heavy bag!
どういう	ドウイウ	どういうこと？	What do you mean?
求める	モトメル	彼は助けを求めた。	He asked for help.
用	ヨウ	何の用だ。	What do you want?
企む	タクラム	彼は何を企んでいるんだ。	What is he up to?
漏れる	モレル	秘密が漏れた。	The secret got out.
どのような	ドノヨウナ	どのような症状ですか。	What are the symptoms?
算盤	ソロバン	そろばんって、なぁに？	What's an abacus?
デモクラシー	デモクラシー	デモクラシーとは？	What's democracy?
原因	ゲンイン	原因は？	What's the cause?
星座	セイザ	星座は何ですか？	What's your sign?
願い	ネガイ	君の願いは何？	What's your wish?
税関	ゼイカン	税関はどこですか。	Where is Customs?
社長	シャチョウ	社長はどこですか。	Where's the boss?
刀	カタナ	綺麗な刀だな。	It's a beautiful sword.
出口	デグチ	出口を探そう。	Let's find the exit.
擁護	ヨウゴ	誰がトムを擁護した？	Who defended Tom?
ゴールキーパー	ゴールキーパー	ゴールキーパーは誰なの？	Who's the goalie?
婦人	フジン	あのご婦人は誰ですか。	Who is that lady?
キーパー	キーパー	誰がゴールキーパー？	Who's the goalie?
ゴール	ゴール	誰がゴールキーパー？	Who's the goalie?
ハムレット	ハムレット	彼はハムレットの役を演じた。	He played the part of Hamlet.
ごろごろ	ゴロゴロ	目がゴロゴロします。	My eyes feel gritty.
鳴らす	ナラス	トムは指を鳴らした。	Tom cracked his knuckles.
染め上がり	ソメアガリ	羊毛は染め上がりがきれいです。	Wool dyes nicely.
羊毛	ヨウモウ	羊は羊毛を与えてくれる。	Sheep provide us with wool.
生き残る	イキノコル	あなたは生き残ります。	You will survive.
泥酔	デイスイ	泥酔しちゃってるね。	You're plastered.
厚かましい	アツカマシイ	厚かましいなぁ。	You're shameless.
迎え	ムカエ	迎えが来たよ。	Your ride's here.
め	メ	図々しい奴め。	You're shameless.
御迎え	オムカエ	お迎えが来たよ。	Your ride's here.
持ち主	モチヌシ	あなたが持ち主です。	You're the owner.
靴下	クツシタ	君の靴下臭いよ。	Your socks stink.
腐る	クサル	牛乳が腐った。	The milk has gone bad.
ソックス	ソックス	ソックス、裏返しよ。	Your socks are inside out.
携帯電話	ケイタイデンワ	携帯電話が鳴った。	A cell phone rang.
入場	ニュウジョウ	入場無料だよ。	Admission is free.
薬物	ヤクブツ	アルコールは薬物だよ。	Alcohol is a drug.
平等	ビョウドウ	人は皆平等だ。	All men are equal.
嵐	アラシ	嵐は静まった。	The storm has died down.
入場料	ニュウジョウリョウ	入場料は無料です。	Admission is free.
大袈裟	オオゲサ	大袈裟かな？	Am I overreacting?
紙	カミ	紙が必要だ。	I need some paper.
吸血鬼	キュウケツキ	吸血鬼って信じてる？	Do you believe in vampires?
初心者	ショシンシャ	彼女は初心者だ。	She is a beginner.
バイリンガル	バイリンガル	君はバイリンガル？	Are you bilingual?
自信	ジシン	自信があるんだ。	I have confidence.
凹む	ヘコム	ヘコんでるの？	Are you depressed?
お出掛け	オデカケ	お出かけですか？	Are you going out?
所属	ショゾク	演劇部所属です。	I belong to the drama club.
チーム	チーム	チームに所属してる？	Are you on a team?
タイヤ	タイヤ	タイヤは大丈夫？	Are your tires OK?
巣作り	スヅクリ	鳥は巣作りをする。	Birds build nests.
救急車	キュウキュウシャ	救急車を呼んで！	Call an ambulance.
両親	リョウシン	両親に電話して。	Call your parents.
巣	ス	鳥は巣をつくる。	Birds build nests.
飲み物	ノミモノ	飲物はいかが？	Would you like a drink?
縄跳び	ナワトビ	縄跳びってできる？	Can you jump rope?
余裕	ヨユウ	そんな余裕あるの？	Can you afford it?
蝶結び	チョウムスビ	蝶結びできる？	Can you tie a bow?
復号	フクゴウ	君はそれを復号することができる？	Can you decode it?
蝶々	チョウチョウ	蝶々結びできる？	Can you tie a bow?
結び	ムスビ	蝶々結びできる？	Can you tie a bow?
直	ジカ	彼はじきに戻ります。	He will get back soon.
解読	カイドク	それを解読できる？	Can you decode it?
ファスナー	ファスナー	ファスナーが、動かない。	My zipper is stuck.
結ぶ	ムスブ	ネクタイを結べるの？	Can you tie a tie?
シャンパン	シャンペン	シャンペンを下さい。	Champagne, please.
シャンパン	シャンパン	シャンパンを下さい。	Champagne, please.
リボン	リボン	リボン結びできる？	Can you tie a bow?
御存知	ゴゾンジ	ご存じだった？	Were you aware of this?
たって	タッテ	そんなこと言ったって。	That's easy for you to say.
しょう	ショウ	しょうがないよ。	I don't blame you.
配る	クバル	いい手が配られた。	I was dealt a good hand.
ペット	ペット	何かペットは飼ってる？	Do you have a pet?
鳴き声	ナキゴエ	犬の鳴き声がする。	I hear a dog barking.
ラグビー	ラグビー	ラグビーは好き？	Do you like rugby?
忠実	チュウジツ	犬は忠実です。	Dogs are faithful.
卑怯	ヒキョウ	卑怯なまねしないでよ。	Don't be a coward.
落胆	ラクタン	私を落胆させないでくれ。	Don't let me down.
ごちゃごちゃ	ゴチャゴチャ	ゴチャゴチャ文句を言いなさんな。	Don't make a fuss.
言い做す	イイナサ	ゴチャゴチャ文句を言いなさんな。	Don't make a fuss.
休み休み	ヤスミヤスミ	冗談も休み休みにしてよ。	Don't pull my leg!
れる	レン	騙されんなよ。	Don't be deceived.
程々	ホドホド	お酒はほどほどに。	Drink responsibly.
焦る	アセル	焦らないで。	Don't rush things.
奉る	タテマツリ	な起こしたてまつりそ。	Don't wake him up.
脅かす	オビヤカス	脅かすなよ。	Don't threaten me.
控えめ	ヒカエメ	お酒は控えめに。	Drink responsibly.
さえ	サエ	水さえあればいい。	We only need water.
母さん	カアサン	母さんに叱られたんだ。	My mother scolded me.
満員	マンイン	どのバスも満員だ。	Every bus is full.
戸外	コガイ	戸外で運動しなさい。	Exercise outdoors.
体重計	タイジュウケイ	体重計に乗ってください。	Get on the scales.
昆虫	コンチュウ	ハエは昆虫よ。	Flies are insects.
果たす	ハタス	義務を果たしなさい。	Fulfill your duty.
義務	ギム	彼は義務を怠った。	He neglected his duties.
立ち去る	タチサル	今すぐ立ち去れ。	Go away right now.
御早う	オハヨウ	おはよう諸君。	Good morning, everyone.
直進	チョクシン	直進してください。	Go straight ahead.
急く	セイ	急いては事を仕損じる。	Haste makes waste.
損ずる	ソンジル	急いては事を仕損じる。	Haste makes waste.
損気	ソンキ	短気は損気。	Haste makes waste.
短気	タンキ	短気は損気。	Haste makes waste.
高価	コウカ	金は高価です。	Gold is expensive.
ハムスター	ハムスター	ハムスターって可愛いです。	Hamsters are cute.
破る	ヤブル	彼は約束を破った。	He broke his word.
脅迫	キョウハク	彼は私を脅迫した。	He blackmailed me.
干し草	ホシクサ	干し草は馬用です。	Hay is for horses.
本人	ホンニン	彼本人がやってきた。	He came in person.
ホンダ	ホンダ	彼はホンダの車を買った。	He bought a Honda.
死因	シイン	彼の死因はガンだった。	He died of cancer.
昨日	キノウ	昨日、泳いだ？	Did you swim yesterday?
凍死	トウシ	彼は凍死した。	He froze to death.
花瓶	カビン	花瓶割ったの誰？	Who broke the vase?
目配せ	メクバセ	彼は私に目くばせした。	He gave me a wink.
ちら	チラッ	彼をちらっと見た。	I caught a glimpse of him.
引っ越し	ヒッコシ	来月引っ越しするんです。	We are moving next month.
羽織る	ハオッ	彼はコートを羽織ってなかったよ。	He had no coat on.
上着	ウワギ	彼は上着を掛けた。	He hung up his coat.
健康状態	ケンコウジョウタイ	彼の健康状態はよくない。	He is in a poor state of health.
首吊り	クビツリ	彼は首つり自殺した。	He hanged himself.
生物学	セイブツガク	彼は生物学者だ。	He is a biologist.
悪人	アクニン	彼は悪人だ。	He is an evil man.
見込み	ミコミ	成功の見込みはない。	There is no hope of success.
科学者	カガクシャ	彼は科学者です。	He is a scientist.
不道徳	フドウトク	彼は不道徳な男だ。	He is an evil man.
職	ショク	彼は職を求めている。	He is after a job.
刑事	ケイジ	彼は刑事だ。	He is a detective.
無鉄砲	ムテッポウ	あいつは無鉄砲な男だ。	He is a daredevil.
紳士	シンシ	彼は紳士である。	He is a gentleman.
押し	オシ	彼は押しが強い。	He is influential.
近所	キンジョ	近所の者なんですが。	We're your neighbors.
大阪	オオサカ	大阪に住んでいます。	He lives in Osaka.
所有	ショユウ	その家は彼が所有している。	The house is owned by him.
土地	トチ	彼は土地をすべて売った。	He sold all his land.
暮らす	クラス	暮らしやすそう。	It looks like a nice place to live.
マイル	マイル	彼は５マイル走った。	He ran five miles.
大層	タイソウ	彼はたいそう速く走る。	He runs very fast.
船乗り	フナノリ	彼は船乗りを助けた。	He saved a sailor.
スーツ	スーツ	どこでスーツを作ったの？	Where did you have your suit made?
腰掛ける	コシカケル	彼はベッドに腰掛けた。	He sat on the bed.
する	スッ	彼はマッチをすった。	He struck a match.
夜更かし	ヨフカシ	彼は夜更かしした。	He stayed up late.
撮る	トル	写真を撮ろう。	Let's take a picture.
投げ付ける	ナゲツケ	彼はボールを投げつけた。	He threw the ball.
英語	エイゴ	英語、話せるよ。	I can speak English.
裏切り	ウラギリ	彼は裏切り者になった。	He turned traitor.
捩り上げる	ネジリアゲ	彼は私の腕をねじり上げた。	He twisted my arm.
脚本	キャクホン	彼は脚本を書いている。	He writes scripts.
はく	ハイ	私はズボンをはいた。	I put on my trousers.
古びる	フルビ	彼は古びた靴をはいていた。	He wore old shoes.
働き者	ハタラキモノ	彼は働き者だ。	He's a work horse.
潔い	イサギヨイ	彼は負けても潔い。	He's a good loser.
理想	リソウ	彼は私の理想の人よ。	He's my Mr. Right.
鯔背	イナセ	鯔背だね。	He's looking good.
儲ける	モウケル	かなり儲けた？	Did you make a lot of money?
欲	ヨク	トムは独占欲が強い。	Tom is possessive.
権力	ケンリョク	王は権力を乱用した。	The king abused his power.
レシート	レシート	これがレシートです。	Here's my receipt.
瞳	ヒトミ	彼女の瞳は青い。	Her eyes are blue.
大喜び	オオヨロコビ	彼は大喜びだ。	He's tickled pink.
毛布	モウフ	はい、毛布。	Here is a blanket.
手摺	テスリ	手すりにつかまりなさい。	Hold the handrail.
御八つ	オヤツ	おやつはどう？	How about a snack?
てる	テヨウ	どうしてわたしが知ってようか。	How should I know?
スペル	スペル	スペルは？	How is it spelled?
綴り	ツヅリ	どういう綴りなの？	How is it spelled?
試験	シケン	来週は試験だ。	The exam is coming up next week.
疾っく	トック	とっくに知ってたよ。	I already knew it.
御母様	オカアサマ	お母様はお元気ですか？	How's your mother?
戻す	モドス	戻す寸前だった。	I almost threw up.
寸前	スンゼン	戻す寸前だった。	I almost threw up.
翻訳家	ホンヤクカ	私は翻訳家です。	I am a translator.
お姉さん	オネエサン	お姉さんによろしくね。	Say hello to your sister for me.
サボテン	サボテン	サボテンを買いました。	I bought a cactus.
釣り針	ツリバリ	私は釣り針にえさを付けた。	I baited the hook.
申し上げる	モウシアゲル	お悔み申し上げます。	Please accept my sympathies.
詫びる	ワビル	彼は私に無礼をわびた。	He apologized to me for his rudeness.
重ねる	カサネル	重ねてお詫び申し上げます。	I apologize again.
ハンバーガー	ハンバーガー	ハンバーガーを食べたよ。	I ate a hamburger.
急	キュウ	彼は急にやめた。	He quit without notice.
焦がす	コガス	ケーキを焦がしちゃった。	I burned the cake.
読唇	ドクシン	私は読唇できない。	I can't read lips.
長居	ナガイ	長居はしないよ。	I won't be here long.
毎週	マイシュウ	毎週それをしてるんだ。	I do that every week.
ゲット	ゲット	ゲットできなかった。	I couldn't get it.
承諾	ショウダク	私は行くことを承諾した。	I consented to go.
リンク	リンク	リンクを開いた。	I opened the link.
ノー	ノー	ごめんな、答えはノーだ。	I'm sorry, but the answer is no.
晩	バン	一晩中泣いた。	I cried all night.
夜通し	ヨドオシ	夜通し遊ぼうぜ。	Let's make a night of it.
砂	スナ	目に砂が入った。	I got some sand in my eye.
疑う	ウタガウ	耳を疑った。	I couldn't believe my ears.
紹介	ショウカイ	自己紹介をします。	I'll just introduce myself.
散髪	サンパツ	私は散髪した。	I got my hair cut.
夢見	ユメミ	夢見が悪かった。	I had a bad dream.
刺す	サス	蚊が刺した。	A mosquito just bit me.
仕方	シカタ	仕方がないよ。	It can't be helped.
パンク	パンク	誰かパンク直せる？	Can anyone fix a flat tire?
あう	アイ	事故にあいました。	I had an accident.
事故	ジコ	事故にあいました。	I had an accident.
蚊	カ	蚊が嫌い。	I hate mosquitoes.
インタビュー	インタビュー	インタビューは嫌いです。	I hate interviews.
悪夢	アクム	悪夢に魘された。	I had a nightmare.
魘される	ウナサレ	悪夢に魘された。	I had a nightmare.
切り傷	キリキズ	ここに切傷があります。	I have a cut here.
コンピューター	コンピュータ	そのコンピュータ、ダメかも。	The computer might not work.
提案	テイアン	提案があります。	I have a proposal.
赤	アカ	赤が大好きなのよ。	I love the color red.
偏頭痛	ヘンズツウ	偏頭痛がします。	I have a migraine.
娘	ムスメ	娘が大好きだ。	I love my daughter.
パスポート	パスポート	パスポートは持った？	Do you have your passport?
胸	ムネ	胸がムカムカします。	I feel like vomiting.
デスクワーク	デスクワーク	デスクワークがあるんだ。	I have a desk job.
贈り物	オクリモノ	贈り物があります。	I have some gifts.
多少	タショウ	多少のお金はあるよ。	I have some money.
プレゼント	プレゼント	プレゼントをどうぞ。	It's a present for you.
サングラス	サングラス	サングラスを買いたいな。	I want to buy some dark glasses.
袖	ソデ	ない袖は振れない。	You can't get blood out of a stone.
楽しみ	タノシミ	明日楽しみだな。	I'm looking forward to tomorrow.
一山	ヒトヤマ	一山当てたんだよ。	I hit the jackpot.
立ち寄る	タチヨル	彼は本屋に立ち寄った。	He dropped in at the bookstore.
大当たり	オオアタリ	大当たりしたんだ。	I hit the jackpot.
偏見	ヘンケン	外国人労働者に偏見は持っていません。	I don't have a prejudice against foreign workers.
カレーライス	カレーライス	私はカレーライスが好きだ。	I like curry rice.
ザワークラウト	ザワークラウト	ザワークラウト好きなんだ。	I like sauerkraut.
ショートヘア	ショートヘア	ショートヘアがいいな。	I like short hair.
サンドイッチ	サンドイッチ	サンドイッチはいかが？	How about a sandwich?
色合い	イロアイ	色合いも気に入ってます。	I like the colors.
店	ミセ	店は開いている。	The store is open.
シャツ	シャツ	シャツの色は何色？	What color is your shirt?
スイカ	スイカ	スイカは食べないな。	I don't eat watermelon.
不自由	フジユウ	妻がいないと何かと不自由だ。	I'm inconvenienced when my wife is away.
片方	カタホウ	靴の片方がなくなった。	I lost one of my shoes.
イヤリング	イヤリング	あれって、私のイヤリングかな？	Are those my earrings?
動画	ドウガ	この動画、大好き。	I love this video.
ドレス	ドレス	あのドレス大好き。	I love that dress.
祖国	ソコク	彼は祖国を裏切った。	He betrayed his country.
愛おしい	イトオシイ	君の笑顔が愛おしい。	I love your smile.
ビデオ	ビデオ	このビデオ、すごくいいね。	I love this video.
ダム	ダム	大雨でダムが決壊した。	The dam burst owing to the heavy rain.
決心	ケッシン	私は決心した。	I made up my mind.
現代	ゲンダイ	現代は原子力の時代だ。	We live in the atomic age.
アート	アート	アートに興味ある？	Are you interested in art?
灰皿	ハイザラ	灰皿を下さい。	I need an ashtray.
手袋	テブクロ	手袋してる？	Are you wearing gloves?
温かい	アタタカイ	温かい水が欲しい。	I need warm water.
むく	ムイ	リンゴの皮をむいた。	I peeled an apple.
恩人	オンジン	彼は私の命の恩人だ。	I owe him my life.
ぶつかる	ブツカル	木にぶつかったんです。	I ran into a tree.
必死	ヒッシ	トムは必死に逃げた。	Tom ran for his life.
食らわす	クラワシ	私は彼のあごに１発食らわしてやった。	I punched his jaw.
発	ハツ	彼は３発撃った。	He fired three shots.
辛々	カラガラ	私は命からがら逃げた。	I ran for my life.
ランニング	ランニング	ランニングしている彼を見た。	I saw him running.
週間	シュウカン	２週間が過ぎた。	Two weeks went by.
58	ゴハチ	５８号線を使ったよ。	I took Highway 58.
号線	ゴウセン	５８号線を使ったよ。	I took Highway 58.
飴	アメ	飴がほしい。	I want some candy.
オーブン	オーブン	オーブンで何分？	How long should we leave it in the oven?
ジャケット	ジャケット	そのジャケットいいね。	I like your jacket.
困惑	コンワク	私は困惑した。	I was embarrassed.
洗脳	センノウ	洗脳されました。	I was brainwashed.
気恥ずかしい	キハズカシ	気恥ずかしさがあった。	I was embarrassed.
気落ち	キオチ	私は気落ちしていた。	I was discouraged.
保証	ホショウ	俺が保証するよ。	I will endorse it.
マフィン	マフィン	マフィンはできた？	Are the muffins ready?
宝籤	タカラクジ	宝くじが当たった。	I won the lottery.
優勝	ユウショウ	優勝したよ。	I won first prize.
賞	ショウ	１等賞を取ったぞ。	I won first prize.
ミートローフ	ミートローフ	ミートローフが食べたいです。	I'd like meatloaf.
ガイド	ガイド	ガイドとして働いてます。	I work as a guide.
出来る限り	デキルカギリ	できる限り手伝います。	I will help as much as I can.
調べる	シラベル	調べてみるよ。	I'll look into it.
日曜	ニチヨウ	日曜に行くよ。	I'll go on Sunday.
戻る	モドル	すぐに戻るよ。	I'll be back soon.
心許ない	ココロモトナイ	ちょっと心もとないんだけど。	I'm a bit anxious.
一人っ子	ヒトリッコ	お前も一人っ子？	Are you an only child, too?
見習い	ミナライ	私は見習いです。	I'm an apprentice.
承知	ショウチ	承知の上です。	I'm aware of that.
パジャマ	パジャマ	私、パジャマだよ。	I'm in my pajamas.
まー	マ	庭に水をまこう。	I'll water the garden.
リスト	リスト	そのリストを見せて。	Show me that list.
焼き魚	ヤキザカナ	焼き魚作ってます。	I'm grilling fish.
今週	コンシュウ	今週は忙しい？	Are you busy this week?
お手伝いさん	オテツダイサン	私はあなたのお手伝いさんじゃありません。	I'm not your maid.
どきどき	ドキドキ	ドキドキしてきた。	I'm getting excited.
存ずる	ゾンジル	お気の毒に存じます。	I'm sorry for you.
フィート	フィート	６フィートです。	I'm six feet tall.
余計	ヨケイ	余計なお世話だ。	None of your business.
オラ	オラ	オラは酔っ払ったど〜。	I'm totally drunk.
修正	シュウセイ	修正しました。	I've corrected it.
保険	ホケン	保険をかけて下さい。	Insure it, please.
ピンチ	ピンチ	トムはピンチ状態なの？	Is Tom in trouble?
抱える	カカエル	彼は小脇に本を抱えている。	He is holding his books under his arm.
トラブル	トラブル	私はトラブルに巻き込まれた。	I was involved in the trouble.
豹	ヒョウ	あれはヒョウなの？	Is that a leopard?
新車	シンシャ	それって新車？	Is that a new car?
毒	ドク	あれは毒だ。	That stuff is poison.
生活	セイカツ	彼は生活のために働く。	He works for his living.
純金	ジュンキン	それは純金ですか？	Is that pure gold?
沸く	ワク	お風呂沸いてる？	Is the bath ready?
浴室	ヨクシツ	ここが浴室です。	This is the bathroom.
治療薬	チリョウヤク	治療薬はあるんですか？	Is there a remedy?
門限	モンゲン	門限がありますか。	Is there a curfew?
シルク	シルク	これはシルクの感触だ。	This feels like silk.
新築	シンチク	家を新築中です。	I'm getting a new house built.
習慣	シュウカン	習慣化しました。	It became a habit.
癖	クセ	見たくせに。	I know you saw that.
化	カ	習慣化しました。	It became a habit.
悪意	アクイ	悪意のない嘘だ。	It is a white lie.
ばらばら	バラバラ	それはバラバラになった。	It fell to pieces.
絶え間	タエマ	雨は絶え間なく降っていた。	It rained nonstop.
激しい	ハゲシイ	雨は激しく降った。	It rained heavily.
予想外	ヨソウガイ	予想外だった。	It was unexpected.
貨物船	カモツセン	貨物船だよ。	It's a cargo ship.
辞書	ジショ	辞書持ってる？	Do you have a dictionary?
曇り	クモリ	曇りの日です。	It's a cloudy day.
世の中	ヨノナカ	厳しい世の中だなあ。	It's a grim world.
危なっかしい	アブナッカシイ	ちょっと危なっかしいなあ。	It's a bit wobbly.
ラシュモア	ラシュモア	ラシュモア山です。	It's Mt. Rushmore.
山	ヤマ	山の多い国です。	It's a very mountainous country.
啄木鳥	キツツキ	キツツキだよ。	It's a woodpecker.
大ブーム	ダイブーム	大ブームです。	It's all the rage.
ビュー	ビュー	風がビュウビュウだよ。	It's blowing hard.
狭い	セマイ	狭い部屋だね。	It's a small room.
緊急事態	キンキュウジタイ	緊急事態だ。	It's an emergency!
小さな	チイサナ	小さな部屋ね。	It's a small room.
真っ暗	マックラ	外は真っ暗だ。	It's dark outside.
常識	ジョウシキ	一般常識よ。	It's common sense.
一般	イッパン	一般常識よ。	It's common sense.
作り方	ツクリカタ	作り方は簡単よ。	It's easy to make.
かちかち	カチカチ	カチカチだ。	It's frozen solid.
線	セン	定規で線を書いて。	Draw a line with a ruler.
単なる	タンナル	単なる推測だろ。	You're just guessing.
かちんかちん	カチンカチン	カチンカチンだ。	It's frozen solid.
唯一	ユイイツ	君が唯一の友達なんだよ。	You're my only friend.
絶好	ゼッコウ	絶好の天気だった。	The weather couldn't have been better.
今更	イマサラ	いまさら遅いよ。	It's too late now.
始まる	ハジマル	また始まった。	There you go again.
微妙	ビミョウ	なんか微妙でしょ？	It's kind of iffy, don't you think?
転ぶ	コロブ	転ばぬ先の杖。	Forewarned is forearmed.
右側	ミギガワ	右側通行です。	Keep to the right.
日陰	ヒカゲ	日陰にいなさい。	Keep in the shade.
近寄る	チカヨル	俺に近寄るな。	Keep away from me.
お絵描き	オエカキ	子どもはお絵描きが好きです。	Kids like drawing.
デザート	デザート	デザートが欲しい？	Do you want some dessert?
腕相撲	ウデズモウ	腕相撲しよう。	Let's arm wrestle.
ちゃちゃ	チャチャッ	ちゃちゃっと食べようぜ。	Let's eat quickly.
テークアウト	テイクアウト	テイクアウトしよう。	Let's get takeout.
持ち帰り	モチカエリ	持ち帰りにしよう。	Let's get takeout.
げんまん	ゲンマン	ゆびきりげんまん。	Let's make a pact.
指切り	ユビキリ	ゆびきりげんまん。	Let's make a pact.
一休み	ヒトヤスミ	一休みしよう。	Let's take a rest.
割る	ワル	花瓶割ったの誰？	Who broke the vase?
話し合う	ハナシアウ	腹を割って話し合おう。	Let's talk turkey.
助産師	ジョサンシ	メアリーは助産師です。	Mary is a midwife.
恵み	メグミ	神の恵みがありますように。	May God bless you.
味見	アジミ	味見していい？	May I take a bite?
付け加える	ツケクワエル	リストに彼の名前をつけ加えた。	I added his name to the list.
礼儀作法	レイギサホウ	礼儀作法に気を付けなければいけない。	Mind your manners.
都合	ツゴウ	どこが都合がいい？	Where's convenient for you?
最低	サイテイ	最低！	You're disgusting!
両腕	リョウウデ	こんな風に両腕を挙げてみて。	Raise both of your arms up like this.
感覚	カンカク	足の感覚がない。	I can't feel my legs.
ぼっさ	ボッサ	髪がボッサボッサ。	My hair is a mess.
寝癖	ネグセ	寝癖がついちゃった。	My hair got kinky.
髪の毛	カミノケ	髪の毛ボサボサだよ。	My hair is a mess.
べとべと	ベトベト	髪の毛がべとべとしている。	My hair is greasy.
ぼさぼさ	ボサボサ	髪の毛ボサボサだよ。	My hair is a mess.
電源	デンゲン	携帯の電源が切れた。	My phone shut off.
スマホ	スマホ	スマホって持ってる？	Do you have a smartphone?
おじ	オジ	おじは怒っている。	My uncle is angry.
伯父	オジ	伯父は癌で亡くなりました。	My uncle died of cancer.
散らかる	チラカル	うちの庭は散らかってる。	My yard is a mess.
庭	ニワ	トムは庭にいる？	Is Tom in the garden?
抵抗	テイコウ	誰も抵抗できない。	No one can resist.
未	ヒツジ	未成年者お断り。	No minors allowed.
成年者	セイネンシャ	未成年者お断り。	No minors allowed.
断り	コトワリ	返品お断り。	No merchandise can be returned.
落第	ラクダイ	誰も落第しなかった。	No one has failed.
資金	シキン	資金が底をついた。	Our money ran out.
ベーグル	ベーグル	ベーグルを１つください。	One bagel, please.
桃	モモ	桃は甘い。	Peaches are sweet.
けばけば	ケバケバ	桃はケバケバしてます。	Peaches are fuzzy.
許可	キョカ	許可が必要ですか？	Do I need permission?
滞在	タイザイ	１週間滞在します。	I'll stay for a week.
ジャガ芋	ジャガイモ	じゃがいもの皮を剥いて。	Peel the potatoes.
クリック	クリック	リンクをクリックしました。	I clicked on the link.
ピンク	ピンク	ピンクのバラは美しい。	Pink roses are beautiful.
脇	ワキ	脇によってください。	Please step aside.
返信	ヘンシン	すぐに返信をください。	Please reply soon.
取り替える	トリカエル	取り替えてください。	Please replace it.
上昇	ジョウショウ	物価が上昇している。	Prices are rising.
履く	ハク	靴を履いて。	Put on your shoes.
下ろす	オロス	銃を下ろせ。	Put down your gun.
電気	デンキ	電気消して。	Put out the light.
来週	ライシュウ	また来週。	See you next week!
ごきげんよう	ゴキゲンヨウ	来週までごきげんよう。	See you next week.
吸収	キュウシュウ	敷物は音を吸収する。	Rugs absorb sound.
敷物	シキモノ	敷物は音を吸収する。	Rugs absorb sound.
ラグ	ラグ	ラグは音を吸収します。	Rugs absorb sound.
棘	トゲ	バラには棘がある。	Roses have thorns.
ぴったり	ピッタリ	これはピッタリだ。	This fits perfectly.
飛び上がる	トビアガル	猫は驚いて跳び上がった。	The cat jumped in surprise.
遠く	トオク	遠くに陸が見えた。	I saw land in the distance.
様子	ヨウス	彼女は不満な様子だ。	She looks unhappy.
魅力的	ミリョクテキ	彼女は魅力的だ。	She is attractive.
追い返す	オイカエシ	彼女は彼を追い返した。	She threw him out.
御洒落	オシャレ	彼女はオシャレだ。	She's fashionable.
一理	イチリ	それは一理ある。	That's a good point.
意識	イシキ	意識がありません。	She's unconscious.
ライン	ライン	トムは組立ラインで働いている。	Tom works on an assembly line.
沈黙	チンモク	沈黙は金。	Silence is golden.
子守歌	コモリウタ	子守唄を歌って。	Sing me a lullaby.
くどくど	クドクド	くどくど言わないで。	Stop badgering me.
かりかり	カリカリ	カリカリするなって。	Stop being cranky.
嫌がらせ	イヤガラセ	嫌がらせはやめて。	Stop harassing me.
しつこい	シツコイ	しつこいなぁ。	You're persistent.
鎮痛剤	チンツウザイ	鎮痛剤を飲みなさい。	Take some aspirin.
真相	シンソウ	真相をご存じですか？	Do you know the truth?
本心	ホンシン	本心を言ってみろ。	Tell me the truth.
アスピリン	アスピリン	このアスピリンを飲みなさい。	Take this aspirin.
本音	ホンネ	本音を言えよ。	Tell me the truth.
申し分	モウシブン	それは申し分ない。	That is all right.
兆候	チョウコウ	これは悪い兆候だ。	This is a bad sign.
れる	レル	涙が誘われる。	That makes me cry.
バス停	バステイ	これはバス停よ。	This is a bus stop.
お買い得	オカイドク	それはお買い得だね。	That's a good buy.
婚約者	コンヤクシャ	あの人が私の婚約者よ。	That's my fiancé.
意気	イキ	良し、その意気で。	That's the spirit.
てんで	テンデ	てんで役にたたない。	It's totally useless.
奇妙	キミョウ	奇妙な話だった。	It was a strange story.
空車	クウシャ	バスは空車だった。	The bus was empty.
御愛想	オアイソ	お愛想お願いします。	The check, please.
呼び鈴	ヨビリン	玄関の呼び鈴が鳴りました。	The doorbell rang.
玄関	ゲンカン	だれか玄関にいる。	Someone is at the door.
戦い	タタカイ	戦いは終わった。	The fight is over.
恋人	コイビト	彼女は私の恋人だ。	She is my girlfriend.
立ち込める	タチコメ	霧が立ち込めた。	The fog closed in.
がらがら	ガラガラ	公園はがらがらだ。	The park is empty.
なくなる	ナクナリ	痛みがなくなりました。	The pain has gone.
会議	カイギ	会議は何時から？	What time is the meeting?
川	カワ	その川は広い。	The river is wide.
小雨	コサメ	小雨になったよ。	The rain's let up.
スイッチ	スイッチ	スイッチは切れている。	The switch is off.
出航	シュッコウ	その船は、出航した。	The ship set sail.
濃い	コイ	血は水より濃い。	Blood is thicker than water.
確実	カクジツ	絶対確実だ。	There is no doubt.
似る	ニル	母似です。	I resemble my mother.
さらう	サラッ	彼女たちは私をさらった。	They kidnapped me.
連中	レンチュウ	気はいい連中です。	They're nice guys.
授業	ジュギョウ	彼等は授業中だ。	They are in class.
寄る	ヨル	虫は光に寄ってくる。	Insects are attracted to light.
メタル	メタル	彼らはメタルではない。	They're not metal.
怪しい	アヤシイ	彼が怪しい。	He looks suspicious.
図書館	トショカン	図書館にいるの？	Are you in the library?
絵	エ	これは絵だよ。	This is a painting.
出鱈目	デタラメ	こんなの、でたらめだよ。	This is gibberish.
父親	チチオヤ	彼は父親似だ。	He looks like my father.
木曜日	モクヨウビ	今日は木曜日です。	Today is Thursday.
真っ先	マッサキ	トムが真っ先に着いた。	Tom arrived first.
のり	ノリ	トムが一番のりだった。	Tom arrived first.
使用	シヨウ	試着室は今使用中だ。	The fitting room is being used now.
噛み煙草	カミタバコ	トムは噛みタバコを使用する。	Tom chews tobacco.
しゃがみ込む	シャガミコン	トムはしゃがみ込んだ。	Tom crouched down.
染める	ソメル	トムは髪を染めた。	Tom dyed his hair.
滅入る	メイッ	トムは気が滅入ってしまった。	Tom got depressed.
くすくす	クスクス	トムはまたくすくす笑った。	Tom giggled again.
怖じ気	オジケ	トム、怖じ気づいてるよ。	Tom has cold feet.
選択肢	センタクシ	選択肢は他にない。	There is no other choice.
ダンス	ダンス	ダンスを学びたい。	I want to learn to dance.
侮辱	ブジョク	トムはメアリーを侮辱した。	Tom insulted Mary.
卒業生	ソツギョウセイ	トムは卒業生です。	Tom is a graduate.
マジシャン	マジシャン	トムはマジシャンなんだ。	Tom is a magician.
こそ	コソ	こちらこそ。	The pleasure is mine.
アスリート	アスリート	トムはアスリートなんだよ。	Tom is an athlete.
選手	センシュ	彼は野球選手だ。	He's a baseball player.
不	フ	トムって不愛想なのよ。	Tom is unsociable.
愛想	アイソ	彼には愛想が尽きた。	I am disgusted with him.
夫	オット	夫はいい人よ。	My husband is a good man.
独占	ドクセン	トムは独占欲が強い。	Tom is possessive.
写り	ウツリ	トムは写真うつりがいい。	Tom is photogenic.
度胸	ドキョウ	トムは度胸がない。	Tom lacks courage.
怪訝	ケゲン	トムはまだ怪訝そうだった。	Tom was still dubious.
葉巻	ハマキ	葉巻はいかが？	Would you like a cigar?
気まずい	キマズイ	トムは気まずいみたいだ。	Tom looks awkward.
ミュージック	ミュージック	トムはポップミュージックが好きだ。	Tom likes pop music.
カントリー	カントリー	トムはカントリーミュージックが好きだ。	Tom likes country.
ストーブ	ストーブ	ストーブ切った？	Did you turn off the stove?
衝撃	ショウゲキ	トムは衝撃を受けたようだ。	Tom looks shocked.
釣り好き	ツリズキ	トムは釣り好きだ。	Tom likes fishing.
選択	センタク	トムは選択した。	Tom made a choice.
キャンプ	キャンプ	トムはキャンプが大好きだ。	Tom loves camping.
ホッケー	ホッケー	トムはホッケーをしたんだ。	Tom played hockey.
おく	オク	考えておくよ。	I'll think about it.
65	ロクゴ	父は６５歳で退職した。	My father retired at the age of 65.
抜く	ヌク	トムは剣を抜いた。	Tom drew the sword.
定年	テイネン	トムは６５で定年しました。	Tom retired at 65.
食卓	ショクタク	本は、食卓の上よ。	Your book is on the table.
持て成す	モテナス	トムはお茶でもてなしてくれた。	Tom served us tea.
かく	カカ	トムは滅多にいびきをかかない。	Tom seldom snores.
報復	ホウフク	トムは報復を望んでいる。	Tom wants revenge.
望む	ノゾム	彼は成功を望んだ。	He hoped to succeed.
神童	シンドウ	トムは神童だった。	Tom was a prodigy.
吐血	トケツ	吐血しました。	I coughed up blood.
苛立つ	イラダッ	彼は苛立っていた。	He became irritated.
誘拐	ユウカイ	トムが誘拐された。	Tom was kidnapped.
失望	シツボウ	失望するな。	Don't give up hope.
あたふた	アタフタ	トム、あたふたするぞ。	Tom will be upset.
ハイ	ハイ	トムはハイというだろう。	Tom would say yes.
其方	ソチラ	そちらはどうですか？	How about your place?
ライト	ライト	ライトをつけて。	Turn the light on.
津波	ツナミ	津波は滅多にない。	Tsunamis are rare.
チャンネル	チャネル	チャンネルを１にして。	Turn to channel 1.
性	セイ	アクリル性のペンキを使いなさい。	Use acrylic paint.
アクリル	アクリル	アクリル性のペンキを使いなさい。	Use acrylic paint.
ロビー	ロビー	ロビーで待ってて。	Wait in the lobby.
液体	エキタイ	水は液体である。	Water is a liquid.
購入	コウニュウ	家を購入したい。	I want to buy a house.
山羊	ヤギ	これは山羊のチーズなんですか？	Is this goat cheese?
乗り込む	ノリコム	私たちは車に乗り込んだ。	We got into a car.
夜明け	ヨアケ	私たちは夜明けに起きた。	We got up at dawn.
取り引き	トリヒキ	俺たちは取引をした。	We made a bargain.
税金	ゼイキン	税金をお支払いください。	Please pay the tax.
納める	オサメ	ペンチを道具箱に納めといて。	Put the pliers in the tool box.
北	キタ	北って、どっち？	Which direction is north?
答え	コタエ	答は簡単でした。	The answer was easy.
対	タイ	３対１で負けた。	We lost by a score of three to one.
プログラマー	プログラマー	あの人はプログラマーよ。	That person is a programmer.
幼馴染み	オサナナジミ	彼は幼馴染みだ。	He is a childhood friend.
0	レイ	水は摂氏０度で凍る。	Water freezes at 0°C.
キロ	キロ	体重何キロ？	What do you weigh?
その後	ソノアト	その後どうなるの？	What happens then?
値段	ネダン	値段聞いた？	Did you ask the price?
見物	ケンブツ	彼はバスで奈良を見物した。	He visited Nara by bus.
パンデミック	パンデミック	パンデミックって何？	What's a pandemic?
くよくよ	クヨクヨ	何をくよくよしているのだ。	What's eating you?
染み	シミ	何のシミ？	What's that stain?
物音	モノオト	あの物音は何？	What's that noise?
秘訣	ヒケツ	秘訣は？	What's the secret?
専攻	センコウ	専攻は何？	What's your major?
どない	ドナイ	どないしたん？	What's the matter?
専門	センモン	君の専門は何？	What's your major?
105	イチレイゴ	１０５号室はどこですか。	Where is Room 105?
ボトル	ボトル	僕のボトルはどこだ？	Where's my bottle?
今迄	イママデ	今まで何してたの？	What have you been up to?
マイボトル	マイボトル	マイボトル、どこだろう？	Where's my bottle?
マグ	マグ	誰がマグ割ったの？	Who broke the mug?
制作	セイサク	どなたが人形を制作したのですか？	Who made the doll?
あんな	アンナ	あんな男は嫌よ。	I can't stand that man.
入り	イリ	お入りになりませんか？	Won't you come in?
うわ	ウワッ	うわっ、すごいね。	Wow, that's great.
裏表	ウラオモテ	お前のすることには裏表がある。	You are two-faced.
見逃す	ミノガス	これは絶対見逃せないよ。	It's just too good to pass up.
明察	メイサツ	ご明察の通りです。	You guessed right.
汝	ナンジ	汝殺すなかれ。	You must not kill.
ヨーロッパ	ヨーロッパ	ヨーロッパ人に見える。	You look European.
口数	クチカズ	口数が多いぞ。	You talk too much.
多い	オオイ	口数が多いぞ。	You talk too much.
厄介者	ヤッカイモノ	この、厄介者め。	You're a nuisance.
むかつく	ムカツク	ムカつく！	You're disgusting!
謙虚	ケンキョ	トムはとても謙虚だよ。	Tom is very humble.
包囲	ホウイ	お前は包囲されている。	You're surrounded.
反乱	ハンラン	反乱が勃発した。	A revolt broke out.
勃発	ボッパツ	反乱が勃発した。	A revolt broke out.
襲い掛かる	オソイカカッ	犬がトムに襲い掛かった。	A dog attacked Tom.
愛情	アイジョウ	子供には愛情が必要だ。	A child needs love.
台風	タイフウ	台風が来てます。	A typhoon's coming.
或る	アル	ある考えを思い付いた。	An idea came to me.
御邪魔	オジャマ	お邪魔しました。	Sorry for the interruption.
浮かぶ	ウカブ	名案が浮かんだ。	A good idea occurred to me.
アリ	アリ	アリには足が6本あります。	Ants have six legs.
急ぎ	イソギ	お急ぎですか？	Are you in a hurry?
やばい	ヤバイ	本当にヤバそうだね。	That sounds really bad.
トラブる	トラブッ	トラブってるの？	Are you in trouble?
聞き上手	キキジョウズ	聞き上手になりたい。	I want to be a good listener.
ちゅんちゅん	チュンチュン	鳥がチュンチュン鳴いている。	Birds are chirping.
ぴいぴい	ピーピー	鳥がピーピー鳴いてるよ。	Birds are chirping.
ピーチクパーチク	ピーチクパーチク	鳥がピーチクパーチクいってるよ。	Birds are chirping.
サイト	サイト	このサイト凄い！	This site is great!
登録	トウロク	もう登録したよ。	I've registered already.
朝食	チョウショク	僕が朝食作るよ。	I'll make breakfast.
ブックマーク	ブックマーク	このサイトをブックマークしておいて。	Bookmark this site.
大志	タイシ	少年よ、大志を抱け。	Boys, be ambitious.
朝御飯	アサゴハン	朝ご飯は何がいい？	What do you want for breakfast?
お兄さん	オニイサン	お兄さん連れてきてね。	Bring your brother.
責める	セメル	自分を責めないで。	Don't beat yourself up.
替える	カエル	部屋を替えてもらえますか？	Can I change rooms?
枕	マクラ	枕を下さい。	Can I get a pillow?
ラケット	ラケット	ラケットは借りれますか。	Can I rent rackets?
イメージ	イメージ	イメージできる？	Can you picture it?
想像	ソウゾウ	想像できる？	Can you picture it?
ドリアン	ドリアン	ドリアンって、食べれる？	Can you eat durian?
引き起こす	ヒキオコス	肺炎は呼吸困難を引き起こす。	Pneumonia causes difficulty in breathing.
汚染	オセン	汚染は抑えられます。	Pollution can be controlled.
ポッケ	ポッケ	ポッケに収めなさい。	Put it in your pocket.
カレンダー	カレンダー	カレンダーはどこ？	Where's the calendar?
ポケット	ポケット	ポケットを確認して。	Check your pockets.
割	ワリ	トムは歳の割に細いです。	Tom is small for his age.
犯罪	ハンザイ	彼女は犯罪を犯した。	She committed a crime.
火傷	ヤケド	やけどしたの？	Did you get burned?
御都合	ゴツゴウ	何時がご都合よろしいですか？	What time would be good for you?
ビザ	ビザ	このビザはまずい。	This pizza is terrible.
オートバイ	オートバイ	オートバイを買うんだ。	I going to buy a motorcycle.
プラン	プラン	週末のプランは？	What are your weekend plans?
歌舞伎	カブキ	歌舞伎ってわかる？	Do you know kabuki?
身分	ミブン	身分が証明できるものをお持ちですか？	Do you have any ID?
生姜	ショウガ	生姜って、好き？	Do you like ginger?
蝸牛	カタツムリ	カタツムリって好き？	Do you like snails?
揃える	ソロエル	毛先をそろえますか。	Do you want a trim?
毛先	ケサキ	毛先をそろえますか。	Do you want a trim?
出血	シュッケツ	また出血してるよ。	You're bleeding again.
歯茎	ハグキ	歯茎から出血しますか。	Do your gums bleed?
猿真似	サルマネ	猿まねはやめろ。	Don't be a copycat.
兄子	セコ	せこせこするな。	Don't be so stingy.
せこい	セコ	せこせこするな。	Don't be so stingy.
みみっちい	ミミッチイ	そんなみみっちいこと言うな。	Don't be so stingy.
欲張る	ヨクバル	そんなに欲張らないの。	Don't be so greedy.
けちけち	ケチケチ	ケチケチすんな。	Don't be so stingy.
ひく	ヒカ	風邪をひかないでよ。	Don't catch a cold.
妄想	モウソウ	被害妄想に囚われるな。	Don't get paranoid.
被害	ヒガイ	被害妄想に囚われるな。	Don't get paranoid.
捕らわれる	トラワレル	被害妄想に囚われるな。	Don't get paranoid.
オブラート	オブラート	オブラートに包んだ言い方はしないで。	Don't sugarcoat it.
言い方	イイカタ	他の言い方ってある？	Can it be phrased another way?
寝	ネ	二度寝しないのっ！	Don't go back to sleep!
見せ付ける	ミセツケ	私に見せつけないでよ。	Don't tantalize me.
遠回し	トオマワシ	遠回しに言うな。	Don't beat around the bush.
石	イシ	点滴石を穿つ。	Constant dripping wears away a stone.
触れる	フレル	ボタンに触れるな！	Don't touch that button!
欠点	ケッテン	誰にでも欠点はある。	Everyone has flaws.
悪銭	アクセン	悪銭身につかず。	Easy come, easy go.
パスワード	パスワード	トムはパスワードを入力した。	Tom entered his password.
小切手	コギッテ	小切手は使えますか。	May I pay by check?
裏書き	ウラガキ	この小切手を裏書きしてください。	Endorse this check.
好く	スカ	トムは誰からも好かれていた。	Everyone liked Tom.
個性的	コセイテキ	みんな、個性的です。	Everyone is unique.
空欄	クウラン	空欄を埋めなさい。	Fill in the blanks.
埋める	ウメル	空欄を埋めなさい。	Fill in the blanks.
万端	バンタン	準備万端？	Is everything ready?
過ぎ去る	スギサッ	４０年が過ぎ去った。	Forty years passed.
はじめ	ハジメ	まずははじめの一歩から。	First things first.
鶏	ニワトリ	彼女は鶏を買った。	She bought a chicken.
完了	カンリョウ	準備完了！	Everything's ready.
取り分	トリブン	俺の取り分をよこせ。	Give me my portion.
金出	カナイデ	金出せよ。	Give me your money.
分け前	ワケマエ	分け前をくれよ。	Give me my portion.
時代	ジダイ	時代に乗り遅れるなよ。	Get with the times.
300	サンレイレイ	３００円かからないよ。	It won't cost ¥300.
ガラス	ガラス	ガラスは壊れやすい。	Glass breaks easily.
グラス	グラス	グラスは壊れやすいよ。	Glass is breakable.
地下室	チカシツ	地下室に行け。	Go to the basement.
研究室	ケンキュウシツ	研究室に戻りなさい。	Go back to the lab.
フライト	フライト	良いフライトを！	Have a nice flight.
以前	イゼン	彼は以前とは違う。	He is not what he used to be.
内	ウチ	徒歩圏内です。	It's within walking distance.
忠告	チュウコク	ご忠告に従います。	I'll act on your advice.
何処	ドコ	何処か行ってた？	Have you been away?
時間通り	ジカンドオリ	時間どおりです。	You're just on time.
要求	ヨウキュウ	彼は金を要求した。	He asked for money.
深呼吸	シンコキュウ	深呼吸をして。	Take a deep breath.
強請る	ネダル	彼はお金をねだった。	He asked for money.
階下	カイカ	彼は階下におりてきた。	He came downstairs.
強気	ツヨキ	彼は強気だ。	He comes on strong.
泣き	ナキ	彼は泣きに泣いた。	He cried and cried.
取り出す	トリダス	彼はペンを取り出した。	He got out his pen.
側転	ソクテン	彼は側転をしました。	He did a cartwheel.
心臓	シンゾウ	彼は心臓が悪い。	He has a bad heart.
軽い	カルイ	彼は口が軽い。	He has a big mouth.
意志	イシ	彼は意志が弱い。	He has a weak will.
機知	キチ	彼は機知に富んだ人だ。	He is a man of wit.
富む	トム	彼は機知に富んだ人だ。	He is a man of wit.
級友	キュウユウ	彼は私の級友です。	He is my classmate.
思い遣り	オモイヤリ	あいつは思いやりがない。	He is so heartless.
心深い	ココロフカイ	彼はとても用心深い。	He is very careful.
欠ける	カケル	歯が欠けました。	I've chipped a tooth.
判断力	ハンダンリョク	彼は判断力に欠けている。	He lacks judgement.
面	メン	二人は面と向かった。	They confronted each other.
冒険	ボウケン	彼は冒険好きだ。	He is fond of adventure.
わび	ワビ	彼はわびを入れた。	He made an apology.
記憶	キオク	彼は記憶を失った。	He lost his memory.
飛び級	トビキュウ	彼は一年飛び級をした。	He skipped a grade.
照れる	テレル	彼は照れていた。	He was embarrassed.
悲嘆	ヒタン	彼は悲嘆にくれた。	He was heartbroken.
悲しみ	カナシミ	悲しみを忘れなさい。	Forget your sorrows.
打ち拉ぐ	ウチヒシガ	彼は悲しみに打ちひしがれた。	He was heartbroken.
滑らか	ナメラカ	彼女の肌は滑らかです。	Her skin is smooth.
過剰	カジョウ	彼は自信過剰だ。	He's overconfident.
上の空	ウワノソラ	彼は上の空だ。	He's not all there.
資産家	シサンカ	彼は資産家だ。	He's a wealthy man.
クローゼット	クローゼット	クローゼットの中に隠れろ。	Hide in the closet.
つる	ツリ	はい、おつりです。	Here's your change.
おおい	オオイ	おーい！ほら、彼がトムだよ。	Hey look, it's Tom.
住所	ジュウショ	これが住所です。	Here's the address.
哺乳類	ホニュウルイ	人間は哺乳類です。	Humans are mammals.
就職活動	シュウショクカツドウ	就職活動はどう？	How's the job hunt?
就活	シュウカツ	就活どんな感じ？	How's the job hunt?
職場	ショクバ	職場に到着したよ。	I've arrived at work.
申し出	モウシデ	その申し出を断った。	I rejected the offer.
抱っこ	ダッコ	怖いから、抱っこ。	Hug me. I'm scared.
誤り	アヤマリ	弘法も筆の誤り。	Anyone can make a mistake.
代わる	カワッ	トム、代わってくれる？	Tom, can you take over?
既に	スデニ	時すでに遅し。	It's already too late for that.
ピカソ	ピカソ	ピカソの絵を買った。	I bought a Picasso.
退散	タイサン	トムは退散したに違いない。	I bet Tom ran away.
クラッチペダル	クラッチペダル	クラッチペダル、壊しちゃった。	I broke the clutch.
Tシャツ	ティーシャツ	Tシャツを買ったの。	I bought a T-shirt.
弁護士	ベンゴシ	母は弁護士です。	My mother is a lawyer.
顧問	コモン	顧問弁護士に電話しました。	I called my lawyer.
燃やす	モヤス	新聞を燃やした。	I burned the paper.
新聞	シンブン	新聞どこ？	Where's the newspaper?
指	ユビ	指を開いて。	Spread your fingers.
ぽん	ポン	私はぽんと手を打った。	I clapped my hands.
罪	ツミ	私は罪を告白した。	I confessed my sin.
告白	コクハク	私は罪を告白した。	I confessed my sin.
富士山	フジヤマ	私は富士山に登った。	I climbed Mt. Fuji.
言い改める	イイアラタメ	言い改めました。	I corrected myself.
言い直す	イイナオシ	言い直しました。	I corrected myself.
喀血	カッケツ	喀血しました。	I coughed up blood.
寒さ	サムサ	私は寒さに敏感だ。	I'm very sensitive to the cold.
炭酸飲料	タンサンインリョウ	炭酸飲料は飲みません。	I don't drink soda.
結局	ケッキョク	私は結局失敗した。	I failed after all.
漸と	ヤット	やっと見つけた。	I finally found it.
図	ズ	図に乗るな。	Don't push your luck.
贈呈	ゾウテイ	贈呈品としていただきました。	I got it as a gift.
品	シナ	これは天下一品だ。	This is the best thing on earth.
脳	ノウ	トムは脳外科医だ。	Tom is a brain surgeon.
震盪	シントウ	脳しんとうを起こしました。	I had a concussion.
軒	ノキ	大きな家を一軒持っています。	I have a big house.
きつい	キツイ	キツイなあ。	Don't be so hard on me.
ハード	ハード	ハードな一週間だった。	I had a tough week.
CM	シーエム	CMが嫌いです。	I hate commercials.
彼氏	カレシ	彼氏ならいるよ。	I have a boyfriend.
空咳	カラセキ	空咳が出ます。	I have a dry cough.
鼻風邪	ハナカゼ	鼻風邪をひきました。	I have a head cold.
スペアキー	スペアキー	スペアキーってある？	Do you have a spare key?
水槽	スイソウ	水槽を持ってるんだ。	I have a fish tank.
食欲	ショクヨク	私は食欲がない。	I have no appetite.
賑やか	ニギヤカ	にぎやかなところが好きだ。	I like busy places.
チョウ	チョウ	チョウが好きだよ。	I like butterflies.
蝋燭	ロウソク	ロウソクが燃え尽きた。	The candle burned out.
茹で卵	ユデタマゴ	ゆで卵が好きなんだ。	I like boiled eggs.
詩	シ	あれは大した詩だ。	That's a great poem.
カリフラワー	カリフラワー	カリフラワーは好きですよ。	I like cauliflower.
木苺	キイチゴ	私はキイチゴが好きです。	I like raspberries.
隠元豆	インゲンマメ	インゲン豆が好きなんです。	I like green beans.
トマトスープ	トマトスープ	僕はトマトスープが好きだ。	I like tomato soup.
短詩	タンシ	私は短詩が好きです。	I like short poems.
筋トレ	キントレ	筋トレするのが好きなんです。	I like working out.
鍛える	キタエル	体を鍛えるのが好きなんです。	I like working out.
ウインドサーフィン	ウィンドサーフィン	ウィンドサーフィンが好きだ。	I like windsurfing.
父ちゃん	トウチャン	父ちゃんと一緒に住んでるんだ。	I live with my dad.
都会	トカイ	都会で暮らしてます。	I live in the city.
焼き立て	ヤキタテ	焼きたてパンを買ったよ。	I bought fresh bread.
出来立て	デキタテ	このパンね、できたてなのよ。	This bread is freshly baked.
多忙	タボウ	多忙な毎日を送っています。	I live a busy life.
ビデオゲーム	ビデオゲーム	ビデオゲームが大好きです。	I love video games.
クラス	クラス	どこのクラスなの？	What class are you in?
先月	センゲツ	先月引っ越しました。	I moved last month.
栓抜き	センヌキ	栓抜きがいるね。	I need a corkscrew.
封筒	フウトウ	封筒がいる。	I need an envelope.
パット	パット	上手なパットだね。	That was an excellent putt.
マウス	マウス	マウスパットが要るなぁ。	I need a mouse pad.
秘書	ヒショ	秘書が必要だ。	I need a secretary.
ハンドローション	ハンドローション	ハンドローションが欲しいのよ。	I need hand lotion.
マウスパッド	マウスパッド	マウスパッドが要ります。	I need a mouse pad.
ナツメグ	ナツメグ	ナツメグがいるんですけど。	I need some nutmeg.
差す	サス	私は自転車に油を差した。	I oiled my bicycle.
ブーツ	ブーツ	ブーツは脱いで。	Take off your boots.
コイン	コイン	コインを拾ったんだ。	I picked up a coin.
嘘泣き	ウソナキ	嘘泣きをした。	I pretended to cry.
初め	ハジメ	初めは断りました。	I refused at first.
駆け寄る	カケヨッ	私は母に駆け寄った。	I ran to my mother.
徹夜	テツヤ	私は徹夜した。	I sat up all night.
報告書	ホウコクショ	彼は報告書を書いた。	He wrote the report.
間	マ	間もなく日没だ。	It'll soon be sunset.
熟睡	ジュクスイ	熟睡したよ。	I slept like a log.
横向き	ヨコムキ	横向きに寝る。	I sleep on my side.
爆睡	バクスイ	爆睡したよ。	I slept like a log.
本に	ホンニ	彼は本に夢中だった。	He was absorbed in the book.
ざっ	ザッ	私は本にざっと目を通した。	I skimmed the book.
まあまあ	マアマア	まあまあ、落ち着けよ。	Now, now, just calm down.
週	シュウ	週一で泳いでるんだ。	I swim once a week.
足首	アシクビ	足首をひねった。	I twisted my ankle.
捻挫	ネンザ	彼は足首をねんざした。	He sprained his ankle.
捻る	ヒネル	足首をひねった。	I twisted my ankle.
やら	ヤラ	何を言ってるのやら？	What are you saying?
ローテーブル	ローテーブル	ローテーブルが欲しいな。	I want a low table.
専用	センヨウ	自分専用の机が欲しいな。	I want my own desk.
セット	セット	目覚ましはセットした？	Have you set the alarm clock?
彫像	チョウゾウ	彫像が欲しいんだ。	I want a sculpture.
御店	オミセ	そのお店はどこ？	Where is that shop?
生まれ	ウマレ	冬生まれです。	I was born in the winter.
2013	ニレイイチサン	私は２０１３年生まれよ。	I was born in 2013.
お兄ちゃん	オニイチャン	お兄ちゃんはどこかな？	Where's my brother?
1980	イチキュウハチレイ	１９８０年に生まれました。	I was born in 1980.
止む無い	ヤムナク	私はやむなく行った。	I was forced to go.
1979	イチキュウナナキュウ	１９７９年生まれです。	I was born in 1979.
1972	イチキュウナナニ	1972年生まれです。	I was born in 1972.
1988	イチキュウハチハチ	私は1988年に生まれました。	I was born in 1988.
強要	キョウヨウ	私は強要には屈しません。	I won't be coerced.
屈する	クッシ	彼はその誘惑に屈した。	He gave in to the temptation.
懐かしい	ナツカシイ	懐かしいな。	I'm feeling nostalgic.
フォロー	フォロー	君をフォローしたりなんてしないよ。	I won't follow you.
農場	ノウジョウ	私は農場で働いた。	I worked on a farm.
供する	キョウシ	お供します。	I'll accompany you.
其方	ソッチ	そっちは今何時？	What time is it there?
荷作り	ニヅクリ	荷造りできてる？	Are your bags packed?
処分	ショブン	僕が処分しておくよ。	I'll get rid of it.
うかがう	ウカガイ	それでは後ほどうかがいます。	I'll see you later.
後程	ノチホド	また後ほど来ます。	I think I'll come back later.
かける	カケヨウ	電話をかけよう。	I'll make a phone call.
考え直す	カンガエナオス	考え直してみるわ。	I'll think it over.
物覚え	モノオボエ	物覚えが悪くてね。	I'm a slow learner.
覚える	オボエル	覚えるの、簡単よ。	It's easy to learn.
こわい	コワイ	私は猫がこわい。	I'm afraid of cats.
満々	マンマン	もう、食べる気満々。	I'm already hungry.
がたい	ガタイ	俺はガタイもいいし強い。	I'm big and strong.
あく	アイ	日曜日はあいてます。	I'm free on Sunday.
シンガポール	シンガポール	シンガポールから来ました。	I'm from Singapore.
台所	ダイドコロ	台所はどこ？	Where's the kitchen?
シャンプー	シャンプー	朝はシャンプーしません。	I don't shampoo my hair in the morning.
ベランダ	ベランダ	ベランダ、狭っ。	The balcony is small.
始める	ハジメル	問題はいつ始めるかだ。	The question is when to start.
売り	ウリ	彼は家を売りに出した。	He put up his house for sale.
飽き飽き	アキアキ	魚には飽き飽きしてんだ。	I'm sick of eating fish.
手持ち	テモチ	手持ちが少ないんだ。	I'm short of money.
増える	フエル	体重が増えたんだ。	I've gained weight.
曲	キョク	有名な曲よ。	It's a famous song.
仏	フツ	知らぬが仏。	Ignorance is bliss.
クリスチャン	クリスチャン	トムはクリスチャンなの？	Is Tom a Christian?
キリスト教	キリストキョウ	キリスト教に改宗しました。	I converted to Christianity.
徒	ト	トムはキリスト教徒だと思う。	I think Tom is a Christian.
鈍行	ドンコウ	鈍行なの？	Is it a slow train?
オープン	オープン	もうオープンしてる？	Is it already open?
空港	クウコウ	空港まで送るよ。	I'll drive you to the airport.
伝言	デンゴン	伝言はある？	Is there a message?
文	ブン	この文は変だ。	This is a strange sentence.
前触れ	マエブレ	これって、悪い前触れ？	Is this a bad sign?
急行	キュウコウ	これは急行ですか。	Is this an express?
ステーキ	ステーキ	ステーキ食べたい。	I want to eat steak.
厄日	ヤクビ	今日は厄日か？	Is today a bad day?
仕業	シワザ	これは、お前の仕業か？	Is this your doing?
気配	ケハイ	秋の気配がします。	It feels like fall.
大して	タイシテ	大して難しくないよ。	It isn't very hard.
出来事	デキゴト	これは実際の出来事です。	This is an actual happening.
ストーリー	ストーリー	悲しいストーリーだった。	It was a sad story.
不健康	フケンコウ	不健康そうね。	It looks unhealthy.
結果的	ケッカテキ	結果的にうまくいった。	It turned out well.
切ない	セツナイ	切ない話だった。	It was a sad story.
直る	ナオル	頭痛が直った。	My headache has gone.
落ち度	オチド	完全に私の落ち度です。	It's completely my fault.
幻想的	ゲンソウテキ	とても幻想的でした。	It was so mystical.
神秘的	シンピテキ	すごく神秘的だったよ。	It was so mystical.
タイプミス	タイプミス	ごめん、それタイプミスだ。	Sorry, that's a typo.
雲	クモ	雲ひとつない空だ。	There are no clouds in the sky.
角	カク	そこの角ですよ。	It's at the corner.
打ち間違い	ウチマチガイ	打ち間違いです。すみません。	It's a typo. Sorry.
軽傷	ケイショウ	軽傷です。	It's a minor wound.
世間	セケン	世間は狭いですね。	It's a small world.
きっかり	キッカリ	１０時きっかりです。	It's exactly 10:00.
済み	ズミ	これは証明済みの事実だ。	It's a proven fact.
一息	ヒトイキ	あと一息だ。	We're almost there.
言い伝え	イイツタエ	ただの言い伝えさ。	It's just a saying.
混む	コム	まだ混んでるよ。	It's still crowded.
差し迫る	サシセマッ	出発の時間が差し迫っている。	It's time to leave.
ギリシャ	ギリシャ	イタリアはギリシャではない。	Italy isn't Greece.
至って	イタッテ	至って普通のことです。	It's very ordinary.
やん	ヤン	めっちゃ普通やん。	It's very ordinary.
禁止	キンシ	喫煙は絶対禁止。	Smoking is strictly forbidden.
イエス	イエス	イエスかノーかはっきりしろ。	Just say yes or no.
陸	リク	陸が見えてきた。	Land came in sight.
み	ミ	子供はのみ込みが早い。	Kids learn quickly.
込み	コミ	子供はのみ込みが早い。	Kids learn quickly.
散る	チル	葉が散ってゆく。	Leaves are falling.
言い替える	イイカエル	言い換えてみるね。	Let me rephrase it.
ゆり	ユリ	ゆりは甘い香りがする。	Lilies smell sweet.
煙	ケムリ	煙でむせた。	I was choked by smoke.
ネット	ネット	ネットで検索して。	Look for it online.
検索	ケンサク	ネットで検索して。	Look for it online.
セックス	セックス	戦争するよりセックスしよう。	Make love, not war.
火星	カセイ	火星に生き物はいるの？	Is there life on Mars?
衛星	エイセイ	火星には２つの衛星がある。	Mars has two moons.
栄養	エイヨウ	安いけど栄養豊富です。	It's cheap but very nutritious.
同席	ドウセキ	同席してもいいかな。	Mind if I join you?
ハイブリッド	ハイブリッド	車はハイブリッドです。	My car is a hybrid.
にゃあ	ニャー	うちの猫ね、よくニャーって鳴くの。	My cat meows a lot.
叶う	カナウ	夢は叶った。	My dreams have come true.
国境	コッキョウ	音楽に国境なし。	Music is universal.
大家族	ダイカゾク	大家族なの？	Do you have a big family?
ずたずた	ズタズタ	私の心はズタズタです。	My heart is broken.
左足	ヒダリアシ	左足が痛みます。	My left foot hurts.
勘	カン	私の勘は正しかったんだ。	My hunch was right.
メールボックス	メールボックス	メールボックス、確認した？	Did you check the mailbox?
左手	ヒダリテ	左手が痛いんだ。	My left hand hurts.
たまる	タマッ	メールがたまってる。	My mailbox is full.
怠い	ダルイ	足がだるいです。	My legs feel heavy.
鼻水	ハナミズ	鼻水が出ます。	I have a runny nose.
東向き	ヒガシムキ	私の部屋は東向きです。	My room faces east.
汚れる	ヨゴレル	靴が汚れてる。	My shoes are dirty.
汚	オ	僕の靴、汚っ。	My shoes are dirty.
いたむ	イタン	体中がいたんでいた。	My whole body hurt.
スライド	スライド	次のスライドをお願いします。	Next slide, please.
助ける	タスケル	ワインは消化を助ける。	Wine helps digest food.
怪我人	ケガニン	けが人はでなかった。	Nobody was injured.
っ子	ッコ	人っ子一人いません。	Not a soul is here.
価格	カカク	妥当な価格だね。	That's a fair price.
原油	ゲンユ	原油価格が下がった。	Oil prices dropped.
ぐちゃぐちゃ	グチャグチャ	うちの庭、ぐちゃぐちゃね。	Our yard is a mess.
坊や	ボウヤ	あっちへ行きな、ぼうや。	Out of my way, boy.
竹	タケ	パンダは竹が大好きです。	Pandas love bamboo.
フランス	フランス	彼女はフランス出身だ。	She is from France.
料金	リョウキン	急行の料金は幾らですか。	How much is the express?
すく	スカ	お腹をすかせて来て下さいね。	Please come hungry.
ご利用	ゴリヨウ	お皿をご利用ください。	Please use a plate.
急騰	キュウトウ	物価が急騰した。	Prices have jumped.
受話器	ジュワキ	受話器を置いて。	Put the phone down.
葉書	ハガキ	はがきを集める。	I collect postcards.
航空便	コウクウビン	航空便で小包を送ったよ。	I sent the parcel by airmail.
どん	ドン	位置について、用意、ドン。	Ready! Get set! Go!
位置	イチ	位置について、用意、ドン。	Ready! Get set! Go!
鶏肉	ケイニク	彼女は鶏肉を買った。	She bought chicken.
茶色	チャイロ	彼の靴は茶色だ。	His shoes are brown.
茶色い	チャイロイ	あの茶色いのも私のです。	That brown one is mine, too.
現れる	アラワレル	窓に顔が現れた。	A face appeared at the window.
内股	ウチマタ	彼女は内股だ。	She is pigeon-toed.
20	ニレイ	今日は20日だよ。	Today is the twentieth.
アンティーク	アンティーク	彼女はアンティークが大好きなんだ。	She loves antiques.
骨董品	コットウヒン	彼は骨董品を見る目がある。	He has an eye for antiques.
スター	スター	好きな映画スターは誰？	Who's your favorite movie star?
摘む	ツム	彼女は花を摘んだ。	She picked flowers.
脅す	オドス	彼女は彼を脅した。	She threatened him.
悪女	アクジョ	彼女は意地悪女だ。	She's a big teaser.
アルコール中毒	アルコールチュウドク	彼女はアルコール中毒だ。	She's an alcoholic.
笑い物	ワライモノ	彼女は笑い物にされた。	She was laughed at.
関係	カンケイ	年齢は関係ない。	Age is just a number.
早め	ハヤメ	早めに寝た。	I went to bed early.
例	レイ	別の例を示しなさい。	Show me another example.
はく	ハキ	さっさと靴をはきなさい。	Slip on your shoes.
手術室	シュジュツシツ	彼女を手術室に運んでくれ。	Take her to the OR.
塵出し	ゴミダシ	ゴミ出したよ。	I took out the trash.
外す	ハズス	彼は眼鏡を外した。	He took off his glasses.
ごみ	ゴミ	ごみを外に出して。	Take out the trash.
取り払う	トッパラッ	その箱、取っ払ってよね！	Take that box away!
じか	ジカ	トムにじかに言えば。	Tell Tom in person.
直接	チョクセツ	トムに直接言えよ。	Tell Tom in person.
件	ケン	この件は終わった。	This matter is closed.
赤ん坊	アカンボウ	彼は赤ん坊同然だ。	He's just like a baby.
売り切れ	ウリキレ	その本は売り切れです。	That book sold out.
一流	イチリュウ	一流の腕前ですね。	That's a class act.
腕前	ウデマエ	一流の腕前ですね。	That's a class act.
ナイス	ナイス	ナイスアイデア！	That's a good idea!
名案	メイアン	名案だ。	That's a good idea!
思い付き	オモイツキ	いい思いつきね。	That's a good idea.
葡萄	ブドウ	この葡萄酸っぱいよ。	These grapes taste sour.
つる	ツル	それは葡萄のつるだよ。	That's a grapevine.
当たり前	アタリマエ	当たり前のこと言うなよ。	Don't state the obvious.
表現	ヒョウゲン	思想は言葉で表現される。	Thoughts are expressed by means of words.
松	マツ	それは松の木です。	That's a pine tree.
悩み	ナヤミ	深刻な悩みがあるの。	I have serious problems.
風船	フウセン	赤い風船、欲しい。	I want the red balloon.
打者	ダシャ	打者はアウトになった。	The batter was out.
アウト	アウト	打者はアウトになった。	The batter was out.
なる	ナッ	ブザーがなった。	The buzzer sounded.
ブザー	ブザー	ブザーがなった。	The buzzer sounded.
嘗める	ナメル	俺をなめるな。	Don't underestimate me.
地球	チキュウ	地球は丸い。	The earth is round.
指す	サス	時計は２時を指している。	The clock says two.
萎れる	シオレル	花が萎れたよ。	The flowers wilted.
はれる	ハレ	霧がはれた。	The fog has lifted.
溶ける	トケル	氷が溶けている。	The ice is melting.
未来	ミライ	未来から来ました。	I come from the future.
信号	シンゴウ	信号、青だよ。	The light is green.
市場	シジョウ	市場は賑わっている。	The market is bustling.
盛り返す	モリカエシ	市場は盛り返してきた。	The market rallied.
冷凍	レイトウ	お肉は冷凍だよ。	The meat is frozen.
がらん	ガラン	公園はがらんとしていた。	The park was empty.
閉鎖	ヘイサ	道は閉鎖中だ。	The road is closed.
八百長	ヤオチョウ	このゲームは八百長だ。	This game is fixed.
星	ホシ	満天の星だ。	The sky is full of stars.
止む	ヤム	雨が止んだ。	It's stopped raining.
逸れる	ソレル	話がそれた。	The story wandered.
池	イケ	池が凍ってるよ。	The pond is frozen.
航海	コウカイ	その船は航海中です。	The ship is at sea.
段々	ダンダン	段々思い出し始めてきた。	I'm beginning to remember it.
緑	ミドリ	緑内障ですか？	Do you have glaucoma?
輝く	カガヤク	星が輝いている。	The stars are bright.
逃げ出す	ニゲダス	泥棒は逃げ出した。	The thief ran away.
景色	ケシキ	見事な景色だ。	The view is lovely.
温かい	アタタカカッ	水は、温かかった。	The water was warm.
おさまる	オサマッ	風がおさまった。	The wind died down.
波	ナミ	波が高い。	The waves are high.
遅延	チエン	遅延はありませんでした。	There was no delay.
背比べ	セイクラベ	どんぐりの背比べだよ。	They are all alike.
団栗	ドングリ	どんぐりの背比べだよ。	They are all alike.
レスラー	レスラー	彼らはレスラーです。	They are wrestlers.
乗り	ノリ	この車は５人乗りです。	This car fits five.
きみ	キミ	この本はきみのだよ。	This book is yours.
歩き回る	アルキマワル	トムは部屋を歩き回った。	Tom walked around the room.
彼方此方	アチラコチラ	あちこち痒いよ。	I feel itchy everywhere.
密輸	ミツユ	これね、密輸品なんだよ。	This is contraband.
禁制品	キンセイヒン	これは禁制品です。	This is contraband.
停留所	テイリュウジョ	次の停留所で降ります。	I'm going to get off at the next stop.
密売	ミツバイ	これさ、密売品なんだ。	This is contraband.
道路地図	ドウロチズ	道路地図を下さい。	May I have a road map?
フィアンセ	フィアンセ	こちらが、僕のフィアンセです。	This is my fiancé.
許嫁	イイナズケ	この子が、僕の許嫁です。	This is my fiancé.
盗作	トウサク	これは盗作だよ。	This is plagiarism.
ぱくり	パクリ	これはパクリです。	This is plagiarism.
前代未聞	ゼンダイミモン	これは前代未聞だね。	This is unheard of.
切れ味	キレアジ	このナイフは切れ味が悪い。	This knife is dull.
給料	キュウリョウ	給料は歩合制です。	The pay is based on sales.
トリック	トリック	これはトリックじゃない。	This isn't a trick.
物語	モノガタリ	この物語は真実です。	This story is true.
ドリル	ドリル	これはドリルではない。	This isn't a drill.
安物	ヤスモノ	安物買いの銭失い。	Buy cheap and waste your money.
労働者	ロウドウシャ	労働者たちは人垣を作った。	The laborers formed a human barricade.
紐	ヒモ	靴の紐を結びなさい。	Tie your shoelaces.
溺れ死に	オボレジニ	トムはもう少しで溺れ死にするところだった。	Tom almost drowned.
チャーハン	チャーハン	炒飯が食べたいな。	I want to eat fried rice.
祝日	シュクジツ	今日は祝日です。	Today is a holiday.
キャンデー	キャンディ	このキャンディーは誰の？	Whose candy is this?
焼き飯	ヤキメシ	トムは焼き飯を食べた。	Tom ate fried rice.
湧く	ワク	トムは興味が湧きました。	Tom became curious.
チケット	チケット	チケットは高い。	Tickets are expensive.
病欠	ビョウケツ	トムは病欠の電話を入れた。	Tom called in sick.
過小	カショウ	トムはメアリーを過小評価した。	Tom belittled Mary.
評価	ヒョウカ	私は彼女を高く評価した。	I had a good opinion of her.
避難	ヒナン	トムはボストンに避難した。	Tom fled to Boston.
雪達磨	ユキダルマ	後で雪だるま作ろうよ。	Let's make a snowman later.
剣	ケン	トムは剣を抜いた。	Tom drew the sword.
呻き声	ウメキゴエ	男は痛みにうめき声をあげた。	The man groaned in pain.
発する	ハッスル	トムは大きなうめき声を発した。	Tom groaned loudly.
きく	キカ	トムはきかない。	Tom doesn't listen.
作り笑い	ツクリワライ	トムは作り笑いをした。	Tom forced a smile.
栗鼠	リス	トムはリスを見た。	Tom saw a squirrel.
一癖	ヒトクセ	トムは一癖ある。	Tom has his quirks.
短足	タンソク	トムって、短足なのよ。	Tom has short legs.
クラクション	クラクション	トムはクラクションを鳴らし続けた。	Tom continued to honk the horn.
愛猫	アイビョウ	トムは愛猫家です。	Tom is a cat lover.
カメラマン	カメラマン	トムはカメラマンだよ。	Tom is a cameraman.
探偵	タンテイ	トムは探偵だ。	Tom is a detective.
キャスター	キャスター	トムはポッドキャスターです。	Tom is a podcaster.
ポッド	ポッド	トムはポッドキャスターです。	Tom is a podcaster.
オタク	オタク	トムは数学オタクです。	Tom is a math geek.
マニア	マニア	トムは数学マニアなんだ。	Tom is a math geek.
女誑し	オンナタラシ	トムは女たらしだ。	Tom is a womanizer.
気分屋	キブンヤ	トムって気分屋だよね。	Tom is a moody guy.
員	イン	野球部員ですか？	Do you belong to the baseball club?
飼育	シイク	トムは動物園の飼育員だ。	Tom is a zookeeper.
反社会的	ハンシャカイテキ	トムは反社会的人間だ。	Tom is a sociopath.
ぽっち	ボッチ	トムがまたぼっちだ。	Tom is alone again.
子守り	コモリ	トムは子守してるよ。	Tom is babysitting.
耽る	フケル	トムは空想にふけっている。	Tom is daydreaming.
空想	クウソウ	龍は空想の動物だ。	Dragons are imaginary animals.
しかと	シカト	しかとは知りません。	I don't know for certain.
掃く	ハク	お前は床を掃きさえすればよい。	All you have to do is sweep the floor.
自室	ジシツ	トムは自室にいます。	Tom is in his room.
知的	チテキ	トムは知的だ。	Tom is intelligent.
内向的	ナイコウテキ	トムは内向的だ。	Tom is introverted.
屋根	ヤネ	屋根に穴が空いてる。	There's a hole in the roof.
シチュー	シチュー	私はシチューを作り始めた。	I started to make stew.
悲観的	ヒカンテキ	トムは悲観的だ。	Tom is pessimistic.
ずぶ濡れ	ズブヌレ	トムはずぶ濡れです。	Tom is soaking wet.
キャッチャー	キャッチャー	トムはキャッチャーです。	Tom is the catcher.
メッセージ	メッセージ	メッセージを残しておきました。	I left you a message.
ラクロス	ラクロス	トムはラクロスが好きだ。	Tom likes lacrosse.
97	キュウナナ	トムは97歳まで生きた。	Tom lived to be 97.
スパゲッティ	スパゲティ	これほんとにスパゲッティ？	Is this really spaghetti?
プロポーズ	プロポーズ	トムにプロポーズされた。	Tom proposed to me.
サボる	サボル	よく学校をサボります。	We often skip school.
泣き止む	ナキヤン	赤ん坊は泣き止んだ。	The baby stopped crying.
態と	ワザト	わざとやってるの？	Are you doing this on purpose?
無愛想	ブアイソウ	トムね、無愛想だったよ。	Tom was unfriendly.
騒がしい	サワガシイ	ここは騒がしいな。	It's too noisy in here.
コンタクト	コンタクト	コンタクト見つかった？	Did you find your contact lenses?
研究所	ケンキュウショ	トムは研究所で働いています。	Tom works in a lab.
ブラウン	ブラウン	一番好きな色はブラウンです。	My favorite color is brown.
ぶるぶる	ブルブル	トムの携帯がブルブルした。	Tom's phone buzzed.
目覚まし	メザマシ	目覚ましを止めなさい。	Turn off the alarm.
手錠	テジョウ	トムは手錠をかけられてたの？	Was Tom handcuffed?
回避	カイヒ	戦争は回避できない。	War is unavoidable.
手元	テモト	手元に気をつけて！	Watch your fingers.
挟む	ハサム	小耳に挟んだよ。	A little bird told me.
洗濯	センタク	トムは洗濯中だ。	Tom is doing the laundry.
指先	ユビサキ	指先を火傷しました。	I burnt my fingertip.
養子	ヨウシ	私達は子供を養子にした。	We adopted a child.
チャーター	チャーター	私たちはバスをチャーターした。	We chartered a bus.
叩きのめす	タタキノメシ	私たちはその男を叩きのめした。	We beat the man up.
借り切る	カリキッ	私たちはバスを借り切った。	We chartered a bus.
乗り過ごす	ノリスゴシ	乗り過ごしちゃったよ。	We missed our stop.
互い	タガイ	お互いさまだろ。	It seems we are in the same boat.
愛し合う	アイシアッ	彼らは愛し合っている。	They love each other.
単に	タンニ	彼女は単に議論のために論じる。	She argues just for the sake of arguing.
尽きる	ツキル	力が尽きた。	My strength is all gone.
食糧	ショクリョウ	食糧が尽きた。	We ran out of food.
合格	ゴウカク	試験に合格しました。	We passed the exam.
浴	ヨク	僕らは泥浴をした。	We took a mud bath.
泥	ドロ	僕らは泥浴をした。	We took a mud bath.
泥風呂	ドロブロ	僕たち泥風呂に入ったんだ。	We took a mud bath.
定休日	テイキュウビ	本日は定休日です。	We're closed today.
本日	ホンジツ	本日は定休日です。	We're closed today.
留守番	ルスバン	留守番しててね。	Look after the place while we're out, OK?
仲良し	ナカヨシ	トムとは仲良しよ。	I'm good friends with Tom.
同類	ドウルイ	俺たちは同類だよ。	We're very similar.
仲	ナカ	弟とは仲が良いよ。	I'm on good terms with my brother.
カボチャ	カボチャ	おっきなカボチャだね！	What a big pumpkin!
在庫	ザイコ	在庫がありません。	We're out of stock.
滑稽	コッケイ	こっけいな話だなあ！	What a funny story!
偶然	グウゼン	偶然だね！	What a coincidence!
卑劣	ヒレツ	なんと卑劣な奴だ。	What a mean fellow!
何色	ナニイロ	これって、何色？	What color is this?
郵便番号	ユウビンバンゴウ	郵便番号って、なに？	What is a zip code?
結婚式	ケッコンシキ	結婚式はいつ？	When's the wedding?
集合	シュウゴウ	日曜日に集合しよう。	Let's get together on Sunday.
寺院	ジイン	寺院はどこですか？	Where's the temple?
博物館	ハクブツカン	博物館にいるんだ。	We're at the museum.
美術館	ビジュツカン	俺たちは美術館に行った。	We went to the museum.
寺	テラ	お寺はどこですか？	Where's the temple?
バター	バター	バターはどこ？	Where's the butter?
審査員	シンサイン	審査員は誰ですか？	Who are the judges?
マネージャー	マネージャー	誰がマネージャーですか？	Who is the manager?
ボクシング	ボクシング	ボクシングしてみたら？	Why not try boxing?
刑務所	ケイムショ	彼は刑務所へ送られた。	He was sent to prison.
鈍い	ニブイ	ここが鈍く痛いんです。	I have a dull ache here.
傷跡	キズアト	傷あとが残りますか。	Will I have a scar?
相当	ソウトウ	相当痛みますか？	Will it hurt a lot?
掛け	カケ	お掛けになりませんか。	Won't you sit down?
飲み過ぎ	ノミスギ	飲み過ぎよ。	You've drunk too much.
おみ足	オミアシ	綺麗なおみ足ですこと。	You have nice legs.
令状	レイジョウ	令状が必要ですよ。	You need a warrant.
きり	キリ	きりがない。	This is never going to end.
魔	マ	この遅刻魔！	You're always late.
思い過ごし	オモイスゴシ	思い過ごしだよ。	You're imagining things.
嫁	ヨメ	俺の嫁じゃあるまいし。	You're not my wife.
うざい	ウザイ	うざいなぁ。	You're a real pain.
未だ未だ	マダマダ	まだまだ若いなぁ。	You're still green.
臭う	ニオウ	お前の息、臭うぞ。	Your breath smells.
吹き込む	フキコム	冷たい風が吹き込んだ。	A cold wind blew in.
はねる	ハネ	彼は車にはねられた。	He was hit by a car.
関する	カンスル	これは星に関する本です。	This is a book about stars.
一摘み	ヒトツマミ	塩ひとつまみを加えてください。	Add a pinch of salt.
アルミ	アルミ	アルミは金属です。	Aluminum is a metal.
白鳥	ハクチョウ	ハクチョウはみんな白いんですか？	Are all swans white?
体育館	タイイクカン	あの人たちは体育館にいるの？	Are they in the gym?
空席	クウセキ	空席はありますか。	Are seats available?
リスク	リスク	リスクはあるの？	Are there any risks?
生存者	セイゾンシャ	生存者はいますか？	Are there survivors?
シューズ	シューズ	あれって、新しいシューズ？	Are those new shoes?
近視	キンシ	近視なんですか？	Are you nearsighted?
近眼	キンガン	近眼なんですか？	Are you nearsighted?
Facebook	フェイスブック	Facebookやってる？	Are you on Facebook?
無職	ムショク	無職なの？	Are you out of work?
光	ヒカリ	水は光を反射する。	Water reflects light.
家鴨	アヒル	アヒルに似てるの。	It looks like a duck.
クレジット	クレジット	クレジットで払えますか。	Can I pay on credit?
然し	シカシ	しかし私は恐れなかった。	But I wasn't afraid.
手続き	テツヅキ	彼に手続きを説明した。	I explained the procedure to him.
搭乗	トウジョウ	何時に搭乗開始ですか。	What time does boarding begin?
カート	カート	このカート使ってもいいですか？	Can I use this cart?
セミ	セミ	セミが鳴いている。	Cicadas are singing.
オフィス	オフィス	トムはよくオフィスにいる。	Tom spends a lot of time at the office.
レシピ	レシピ	レシピ本はよく売れます。	Cookbooks sell well.
売れる	ウレル	傘が良く売れる。	Umbrellas sell well.
売れ行き	ウレユキ	料理本は売れ行きがいいよ。	Cookbooks sell well.
署名	ショメイ	私は書類に署名した。	I attached my signature to the document.
帳	トバリ	夜のとばりが下りつつある。	Darkness is falling.
つつ	ツツ	緊張が高まりつつある。	Tensions are rising.
チップ	チップ	チップを置きましたか。	Did you leave a tip?
咳	セキ	咳が出ますか。	Do you have a cough?
ガム	ガム	ガム持ってない？	Do you have any gum?
ボーリング	ボーリング	ボーリングは好き？	Do you like bowling?
牡蠣	カキ	牡蠣は食べないよ。	I don't eat oysters.
サーフィン	サーフィン	サーフィンは好き？	Do you like surfing?
クレジットカード	クレジットカード	クレジットカードの番号は？	What's your credit card number?
せがむ	セガム	金をせがむな。	Don't ask for money.
ドラム	ドラム	トムってドラムやってるの？	Does Tom play drums?
御節介	オセッカイ	よけいなお節介だ。	Mind your own business.
見捨てる	ミステル	僕を見捨てないで。	Don't give up on me.
ばたん	バタン	バタンとドアを閉めた。	I slammed the door shut.
ぐずぐず	グズグズ	ぐずぐずしないで。	Don't procrastinate.
落書き	ラクガキ	ここに落書きするな。	Don't scribble here.
休日	キュウジツ	明日は休日です。	Tomorrow's a holiday.
象	ゾウ	象は鼻が長い。	Elephants have long trunks.
野菜	ヤサイ	野菜を食べたら？	Why don't you eat some vegetables?
休暇	キュウカ	良い休暇を。	Have a nice vacation.
満席	マンセキ	満席です。	All the seats are booked.
すら	スラ	俺ですら負けたんだから。	Even I was defeated.
安堵	アンド	みんな安堵した。	Everyone's relieved.
撫で下ろす	ナデオロシ	みんな胸をなでおろした。	Everyone's relieved.
爪楊枝	ツマヨウジ	つまようじをください。	Give me a toothpick.
磨く	ミガク	歯を磨いたの？	Did you brush your teeth?
用事	ヨウジ	今日用事あるの？	Is there anything you need to do today?
答案	トウアン	答案を出して下さい。	Hand in your papers.
提出	テイシュツ	宿題を提出しなさい。	Hand in your homework.
爺	ジイ	お爺さんは何歳ですか？	How old is your grandfather?
怒り	イカリ	怒りは敵と思え。	Hatred is our enemy.
週末	シュウマツ	週末にね。	See you on the weekend.
受け入れる	ウケイレル	部長が提案を受け入れました。	The section chief accepted the proposal.
ピアニスト	ピアニスト	彼はピアニストになった。	He became a pianist.
わっ	ワッ	彼は突然わっと泣き出した。	He burst into tears.
採用	サイヨウ	彼は彼女の意見を採用した。	He adopted her idea.
乗馬	ジョウバ	乗馬は楽しい。	Riding horses is fun.
設計	セッケイ	彼がその車を設計した。	He designed the car.
治す	ナオス	彼は私の病気を治した。	He cured my illness.
デザイン	デザイン	彼がその車をデザインした。	He designed the car.
追跡	ツイセキ	犬はきつねを追跡した。	The dog ran after a fox.
噂	ウワサ	お噂はかねがね。	I've heard a lot about you.
レコード	レコード	昨晩はレコードを聴きました。	I listened to some records last night.
陸軍	リクグン	彼は陸軍士官だ。	He is an army officer.
起床	キショウ	彼は７時に起床します。	He gets up at seven.
分別	ブンベツ	彼は分別のある行動をとっている。	He has acted wisely.
ランナー	ランナー	彼は速いランナーだ。	He is a fast runner.
名医	メイイ	彼は名医だ。	He is a good doctor.
腕白	ワンパク	彼はわんぱくな少年です。	He is a naughty boy.
倹約家	ケンヤクカ	彼は倹約家だ。	He is an economizer.
徒ら	イタズラ	彼はいたずらな少年です。	He is a naughty boy.
無遠慮	ブエンリョ	彼は無遠慮な人だ。	He is a rude person.
程遠い	ホドトオイ	そのソフトは完璧からほど遠い。	That program is still far from perfect.
難行苦行	ナンギョウクギョウ	彼は罪滅ぼしに難行苦行をしている。	He is doing penance.
罪滅ぼし	ツミホロボシ	彼は罪滅ぼしに難行苦行をしている。	He is doing penance.
斜め	ナナメ	布を斜めに切ります。	Cut the cloth diagonally.
帰省中	キセイチュウ	彼は休暇で帰省中です。	He is home on leave.
イングランド	イングランド	彼はイングランドに住んでいます。	He lives in England.
学外	ガクガイ	彼は学外に住んでいる。	He lives off campus.
遣る気	ヤルキ	彼はやる気がない。	He lacks motivation.
経験	ケイケン	凄い経験でした。	It was a terrific experience.
不足	フソク	彼は経験不足だね。	He lacks experience.
両手	リョウテ	彼は両手をあげた。	He raised his hands.
使い果たす	ツカイハタシ	彼は力を使い果たした。	He has run out of energy.
目的	モクテキ	彼は目的を達成した。	He reached his goal.
達成	タッセイ	彼は目的を達成した。	He reached his goal.
鳥籠	トリカゴ	彼は鳥かごをあけた。	He opened the cages.
靴屋	クツヤ	彼は靴屋を経営している。	He runs a shoe shop.
度々	タビタビ	度々ごめんね。	Sorry for asking so many questions.
発つ	タッ	彼はパリへ発った。	He set off to Paris.
訪ねる	タズネル	彼は友人を訪ねた。	He visited a friend.
ぽつん	ポツン	彼はぽつんと一人立っていた。	He stood by himself.
専念	センネン	彼は自分の仕事に専念した。	He stuck to his job.
オハイオ州	オハイオシュウ	彼はオハイオ州で生まれた。	He was born in Ohio.
こつこつ	コツコツ	彼は仕事をこつこつやった。	He stuck to his job.
近道	チカミチ	近道をしよう。	Let's take a short cut.
忍耐	ニンタイ	彼は大変忍耐強かった。	He was very patient.
罰する	バッスル	彼は罰せられるだろう。	He will be punished.
作文	サクブン	彼は報告書を作文した。	He wrote the report.
作成	サクセイ	彼は報告書を作成した。	He wrote the report.
レポート	レポート	彼はレポートを書いた。	He wrote the report.
うんと	ウント	うんと暖かくなった。	It has become much warmer.
大器晩成	タイキバンセイ	彼は大器晩成だ。	He's a late bloomer.
恐らく	オソラク	おそらく遅れる。	I'll probably be late.
留守	ルス	母は留守です。	My mother isn't at home.
89	ハチキュウ	彼は十中八九来るだろう。	He's likely to come.
十中	ジュウナカ	彼は十中八九来るだろう。	He's likely to come.
相変わらず	アイカワラズ	相変わらずだね。	You never change, do you?
真っ赤	マッカ	それは真っ赤な嘘だよ。	That's a flat-out lie.
キッチン	キッチン	キッチンはどこ？	Where's the kitchen?
長男	チョウナン	彼は長男です。	He's the oldest son.
余所余所しい	ヨソヨソシカッ	彼女の態度はよそよそしかった。	Her manner was cold.
プリン	プリン	プリン食べる？	Do you want some pudding?
実現	ジツゲン	夢が実現した。	His dream came true.
速報	ソクホウ	速報です。	Here's a news flash.
本名	ホンミョウ	彼の本名はトムです。	His real name's Tom.
視力	シリョク	視力は悪いです。	I have bad eyesight.
かなう	カナッ	彼の願いがかなった。	His dream came true.
美徳	ビトク	正直は美徳のひとつです。	Honesty is a virtue.
スピーチ	スピーチ	いいスピーチでしたね。	That was a good speech.
タイ	タイ	彼女はタイに旅立った。	She set out for Thailand.
方法	ホウホウ	連絡方法教えて。	How can I reach you?
救う	スクウ	世界を救えるのはお前だけだ！	You are the only one who can save the world.
着心地	キゴコチ	着心地はいかがですか。	How does it fit you?
恐れ入る	オソレイッ	彼の才能にはおそれいったよ。	I admire his talent.
才能	サイノウ	彼は才能のある人だ。	He's a man of ability.
コンサート	コンサート	コンサートよかった？	Did you have a good concert?
実際	ジッサイ	実際は何があったの？	What actually happened?
非番	ヒバン	今日は非番です。	I am off duty today.
役員	ヤクイン	私は役員になった。	I became a director.
スモークサーモン	スモークサーモン	スモークサーモンを食べたよ。	I ate smoked salmon.
背広	セビロ	私は新しい背広を買った。	I bought a new suit.
灰	ハイ	手紙は灰にしました。	I burned the letter.
鱗	ウロコ	目から鱗が落ちた。	I can see the light.
面倒臭い	メンドウクサイ	面倒臭いよ。	I can't be bothered.
見当たる	ミアタル	鍵が見当たらない。	I can't find my key.
ない	ネェ	許さねぇ。	I can't forgive you.
金槌	カナヅチ	俺、金槌なんだ。	I can't swim at all.
タチ	タチ	タチの悪い風邪をもらってしまった。	I caught a bad cold.
200	ニレイレイ	私は２００まで数えた。	I counted up to 200.
拾い上げる	ヒロイアゲ	彼は石を一つ拾い上げた。	He picked up a stone.
心当たり	ココロアタリ	心当たりはないよ。	I don't have a clue.
大蒜	ニンニク	ニンニクは苦手だ。	I don't like garlic.
好	コウ	夏は好きくない。	I don't like summer.
菊	キク	夏は好きくない。	I don't like summer.
小食	ショウショク	あなた、少食だね？	You don't eat much, do you?
人恋しい	ヒトコイシカッ	ちょっと人恋しかった。	I felt a bit lonely.
歌詞	カシ	歌詞がわかる？	Do you know the words?
息切れ	イキギレ	息切れがします。	I get out of breath.
ぎこちない	ギコチナイ	トムはぎこちなく踊った。	Tom danced awkwardly.
草履	ゾウリ	草履、忘れた。	I forgot my sandals.
就職	シュウショク	やっと就職できたぞ！	I finally got a job.
Eメール	イーメール	気味の悪いeメールが来た。	I got a weird email.
育ち	ソダチ	私はボストン育ちです。	I grew up in Boston.
育つ	ソダツ	ここで育ったの？	Did you grow up here?
人数	ニンズウ	人数を数えてます。	I'm counting the number of people.
村	ムラ	町は村よりも大きい。	Towns are larger than villages.
即興	ソッキョウ	即興でやるのは苦手だ。	I hate to improvise.
雌猫	メスネコ	メス猫を飼ってるんだ。	I have a female cat.
苺	イチゴ	苺はどこ？	Where are the strawberries?
冒す	オカス	僕は危険を冒すのは嫌いだ。	I hate taking risks.
モルモット	モルモット	モルモットを飼ってるんだ。	I have a guinea pig.
胃	イ	胃が痛いんです。	I have a stomachache.
すっくと	スクト	お腹がすくと胃が痛みます。	I have hunger pangs.
べたべた	ベタベタ	手がべたべたする。	I have sticky hands.
歌声	ウタゴエ	トムの歌声聞いた？	Did you hear Tom singing?
毎朝	マイアサ	毎朝、走ってるよ。	I jog every morning.
ジョギング	ジョギング	ジョギングしてみたら？	Why not try jogging?
居場所	イバショ	居場所知ってるよ。	I know where she is.
困難	コンナン	とても困難だった。	It was very difficult.
光沢	コウタク	光沢のある紙が好き。	I like glossy paper.
ぽっちゃり	ポッチャリ	トムはぽっちゃり顔だ。	Tom has a chubby face.
光沢紙	コウタクシ	光沢紙がいいな。	I like glossy paper.
名字	ミョウジ	苗字は何て言うの？	What's your last name?
年配	ネンパイ	年配の方が好きです。	I like older people.
オレンジジュース	オレンジジュース	オレンジジュースが好き。	I like orange juice.
スノーボード	スノーボード	スノーボードが好きです。	I like snowboarding.
石榴	ザクロ	トムはザクロを食べた。	Tom ate a pomegranate.
野花	ノバナ	野花が好き。	I like wild flowers.
ポテトサラダ	ポテトサラダ	ポテトサラダが好きなんだ。	I like potato salad.
セーター	セーター	セーター後ろ前だよ。	Your sweater is on backwards.
遥か	ハルカ	遥か遠くに住んでいます。	I live too far away.
スノボー	スノボー	スノボーが好きなんだ。	I like snowboarding.
イタリア料理	イタリアリョウリ	イタリア料理が大好きです。	I love Italian food.
ユーロ	ユーロ	３０ユーロになります。	This will cost €30.
稼ぐ	カセグ	もっと稼ぎたい。	I'd like to earn more.
イタ飯	イタメシ	イタ飯大好き。	I love Italian food.
手品	テジナ	手品できるよ。	I can do magic tricks.
手料理	テリョウリ	あなたの手料理が大好きです。	I love your cooking.
先週	センシュウ	先週は雪でした。	It snowed last week.
チーズピザ	チーズピザ	チーズピザが大好きです。	I love cheese pizza.
ブラックベリー	ブラックベリー	ブラックベリーが大好きなんだ。	I love blackberries.
クラブ	クラブ	クラブに入りたいな。	I'd like to join the club.
ハンガー	ハンガー	ハンガーをください。	I need some hangers.
昨年	サクネン	昨年卒業しました。	I graduated last year.
去年	キョネン	去年の新人です。	I was a freshman last year.
昨夜	サクヤ	昨夜、見たわ。	I saw it last night.
合わせる	アワセル	我々の時計をあわせよう。	Let's synchronize our watches.
時々	トキドキ	トムは時々泣く。	Tom sometimes cries.
釘	クギ	釘を踏んじゃった。	I stepped on a nail.
踏む	フム	釘を踏んじゃった。	I stepped on a nail.
がば	ガバッ	がばっと気合を入れて身を起こした。	I sprang out of bed.
気合い	キアイ	気合いを入れて頑張れ。	Roll up your sleeves and get busy.
くすねる	クスネ	トムからくすねてきたんだ。	I stole it from Tom.
ぶん殴る	ブンナグリ	お前をぶん殴りたい。	I want to punch you.
先頭	セントウ	列の先頭でした。	I was first in line.
工場	コウジョウ	工場で働いています。	I work in a factory.
ダイキリ	ダイキリ	ダイキリをください。	I'd like a daiquiri.
追い付く	オイツク	すぐ追いつくから。	I'll soon catch up with you.
合流	ゴウリュウ	後であなたたちに合流します。	I'll join you later.
埋め合わせ	ウメアワセ	今度、埋め合わせするよ。	I'll make up for it.
完璧主義者	カンペキシュギシャ	彼は完璧主義者だ。	He is a perfectionist.
辺	ヘン	この辺は寒いよ。	It's cold around here.
ボディーガード	ボディガード	私はトムのボディガードです。	I'm Tom's bodyguard.
余所者	ヨソモノ	よそ者なもので。	I'm a stranger here.
浅い	アサイ	眠りが浅いんだ。	I'm a light sleeper.
護衛	ゴエイ	私はトムの護衛です。	I'm Tom's bodyguard.
トムママ	トムママ	トムママのメアリーです。	I'm Mary, Tom's mom.
放し	ッパナシ	くしゃみしっぱなし。	I'm always sneezing.
詰む	ツム	俺、もう詰んだわ。	I'm at my wit's end.
考古学	コウコガク	私は考古学者です。	I'm an archeologist.
まー	マー	友達と飲んでまーす。	I'm drinking with friends.
夢中	ムチュウ	あなたに夢中なの。	I'm crazy about you.
御陰様	オカゲサマ	おかげさまで元気です。	I'm fine, thank you.
登校	トウコウ	登校するところです。	I'm going to school.
光栄	コウエイ	お会いできて光栄です。	I'm glad to see you.
入院	ニュウイン	入院してます。	I'm in the hospital.
入院中	ニュウインチュウ	入院中なんです。	I'm in the hospital.
偽善者	ギゼンシャ	僕は、偽善者なんかじゃない。	I'm not a hypocrite.
土日	ドニチ	土日は休みよ。	I'm off on weekends.
制	セイ	彼らは日給制です。	They are paid by the day.
日給	ニッキュウ	彼らは日給制です。	They are paid by the day.
素	モト	１は素数ですか？	Is 1 a prime number?
欠勤	ケッキン	トムは今日、欠勤なの？	Is Tom absent today?
サンタ	サンタ	サンタが町にやって来る。	Santa Claus is coming to town.
詰め物	ツメモノ	詰め物が取れました。	I've lost a filling.
依存症	イゾンショウ	トムはアルコール依存症なの？	Is Tom an alcoholic?
悪化	アッカ	悪化したのですか。	Is it getting worse?
駅	エキ	あれが駅なの？	Is that the station?
ジャスミン	ジャスミン	これってジャスミン茶？	Is this jasmine tea?
当て嵌まる	アテハマル	これは当てはまる？	Is this appropriate?
講座	コウザ	この講座って、いい？	Is this course good?
銀	ギン	金は銀より重い。	Gold is heavier than silver.
ゴート	ゴート	これはゴートチーズですか？	Is this goat cheese?
ティー	ティー	これってジャスミンティー？	Is this jasmine tea?
ヘルメット	ヘルメット	ヘルメットは、つけてたの？	Were you wearing a helmet?
収まる	オサマル	ここには収まらないわ。	It doesn't fit here.
無関係	ムカンケイ	無関係です。	It is nothing to me.
そんじょそこら	ソンジョソコラ	そんじょそこらのペンじゃない。	It isn't just a pen.
報い	ムクイ	それは当然の報いだ。	It serves you right.
当然	トウゼン	至極当然のことだ。	That's perfectly natural.
闇夜	アンヤ	闇夜だった。	It was a dark night.
実話	ジツワ	実話だった。	It was a true story.
岩	イワ	岩の下に隠れたい。	I want to hide under a rock.
丸で	マルデ	まるで酔っているようだ。	He looks like he's drunk.
接戦	セッセン	接戦でしたね。	It was really close.
降り	フリ	ザアザア降りだった。	It was pouring rain.
ざあざあ	ザアザア	ザアザア降りだった。	It was pouring rain.
蒸し暑い	ムシアツイ	今日は蒸し暑いね？	It's muggy today, isn't it?
難問	ナンモン	難問だ。	It's a difficult problem.
重大	ジュウダイ	これは重大な決断だ。	It's a big decision.
決断	ケツダン	それはいい決断だ。	You made a good decision.
掘り出し物	ホリダシモノ	掘り出しものですよ。	It's a real bargain.
ちょろい	チョロイ	こんなのちょろいちょろい。	It's as easy as pie.
乾く	カワク	服が乾いてないぞ。	The clothes aren't dry.
季節	キセツ	スキーの季節です。	It's the ski season.
シーズン	シーズン	スキーシーズンです。	It's the ski season.
煙たい	ケムタイ	あの人は煙たい。	I feel awkward in his presence.
仲良く	ナカヨク	仲良くできないの？	Can't you just be nice to each other?
l	リットル	ポテトのLを1つ。	Large fries, please.
おく	オコウ	彼女をそっとしておこう。	Let's leave her alone.
今回	コンカイ	今回はしないよ。	I won't do it this time.
大目	オオメ	今回は大目に見よう。	I'll let it go this time.
ちゃり	チャリ	チャリで行こうよ。	Let's go by bicycle.
第	ダイ	健康が第一だ。	Nothing is more important than health.
課	カ	第３課を読みましょう。	Let's read Lesson 3.
取り合う	トリアイ	お互いに連絡を取り合いましょう。	Let's keep in touch with each other.
大人	オトナ	君はもう大人だ。	You are now an adult.
移動	イドウ	彼は机を右に移動させた。	He moved the desk to the right.
せる	セヨウ	さっさと終わらせようよ。	Let's finish it right away.
カップケーキ	カップケーキ	カップケーキ作ろうよ。	Let's make cupcakes.
雨乞い	アマゴイ	雨乞いをしよう。	Let's pray for rain.
多く	オオク	多くの車が通り過ぎた。	Many cars passed by.
通り過ぎる	トオリスギル	多くの車が通り過ぎた。	Many cars passed by.
幸い	サイワイ	幸い天気は良かった。	Fortunately, the weather was good.
生存	セイゾン	多くの犬が生存している。	Many dogs are alive.
ムズイ	ムズイ	数学はムズイ。	Mathematics is difficult.
かあさん	カアサン	かあさん、トムがつねった。	Mom, Tom pinched me.
猿	サル	猿は木に登る。	Monkeys climb trees.
地獄	ジゴク	地獄の沙汰も金次第。	Money is everything.
沙汰	サタ	地獄の沙汰も金次第。	Money is everything.
腫れる	ハレル	足首が腫れてるんです。	My ankle is swollen.
踝	クルブシ	くるぶしが腫れてるんだ。	My ankle is swollen.
とろい	トロイ	私のパソコンとろい。	My computer is slow.
めげる	メゲ	カメラがめげた。	My camera is broken.
膨らむ	フクラム	ケーキが膨らまなかった。	My cake didn't rise.
獣医	ジュウイ	トムは獣医だよ。	Tom is a veterinarian.
凝る	コル	肩が凝った。	I have a stiff shoulder.
強張る	コワバッ	背中がこわばってるんだ。	My back feels stiff.
耳鳴り	ミミナリ	耳鳴りがします。	My ears are ringing.
痺れる	シビレル	足がしびれた。	My foot fell asleep.
焼ける	ヤケル	目が焼けるように痛い。	My eyes are burning.
無くなる	ナクナル	頭痛が無くなった。	My headache is gone.
べた付く	ベタツイ	手がべたついてるの。	My hands are sticky.
隣人	リンジン	彼は私の隣人です。	He is one of my neighbors.
部屋番号	ヘヤバンゴウ	部屋番号は５です。	My room number is 5.
赤色	アカイロ	私の新しいドレスは赤色です。	My new dress is red.
充電	ジュウデン	充電が切れそう。	My battery is running out.
家内	カナイ	家内は医師です。	My wife is a doctor.
思い残す	オモイノコス	これで何も思い残すことはないよ。	Now I can die happy.
サーブ	サーブ	今度は君のサーブだ。	Now it's your serve.
性質	セイシツ	油は水に浮く性質がある。	Oil floats on water.
駝鳥	ダチョウ	ダチョウは空を飛べない。	Ostriches can't fly.
きん	キン	弟、僕より大きんだ。	My younger brother is bigger than me.
いずれ	イズレ	いずれは死ぬんだよ。	We'll all die someday.
或いは	アルイワ	あるいはそれは本当かもしれない。	Perhaps that's true.
たつ	タチ	彼女が死んで５年たちます。	She has been dead five years.
入れ替える	イレカエ	電池を入れ替えないと。	It needs new batteries.
お構い	オカマイ	どうぞおかまいなく。	Please don't bother.
制服	セイフク	制服はあるの？	Do you have a school uniform?
ぴん	ピン	ピンとこないな。	That doesn't ring a bell.
幸運	コウウン	幸運を祈ります。	I wish you the best of luck.
如く	シカ	百聞は一見に如かず。	Seeing is believing.
一見	イッケン	百聞は一見に如かず。	Seeing is believing.
百聞	ヒャクブン	百聞は一見に如かず。	Seeing is believing.
アドレス	アドレス	アドレスを送って。	Text me the address.
転がす	コロガス	そのボールを僕の方に転がしてください。	Roll the ball to me.
明後日	ミョウゴニチ	また明後日。	See you in two days.
削る	ケズル	鉛筆を削りなさい。	Sharpen your pencil.
現す	アラワサ	彼女は姿を現さなかった。	She did not turn up.
2000	ニセン	予算から2千円足が出た。	We ran over the budget by two thousand yen.
2000	ニレイレイレイ	彼女は本を2,000冊持っている。	She has 2,000 books.
朝寝坊	アサネボウ	彼女は朝寝坊だ。	She is a late riser.
奥手	オクテ	彼女はちょっと奥手なんだ。	She is a little shy.
年頃	トシゴロ	彼女はだいたい私と同じ年頃だ。	She is about my age.
気立て	キダテ	彼女は気立てがいい。	She is good-natured.
伸びる	ノビル	彼女は背が伸びてきている。	She is growing tall.
ひも	ヒモ	私は靴のひもを緩めた。	I loosened my shoelaces.
ベース	ベース	彼女は、あのベースが好き。	She likes that bass.
勤める	ツトメル	彼女は銀行に勤めている。	She works in a bank.
強か	シタタカ	彼女はしたたかな女だ。	She's a tough woman.
手厳しい	テキビシイ	彼女は手厳しい人です。	She's a tough woman.
今時	イマドキ	彼女は今時の女の子だ。	She's a modern girl.
無一文	ムイチモン	彼女は無一文ではない。	She's not penniless.
元通り	モトドオリ	彼女はもと通り元気になった。	She's herself again.
木の実	コノミ	リスが木の実を食べています。	The squirrel is eating a nut.
安静	アンセイ	安静にしていてください。	Stay quiet and rest.
広げる	ヒロゲル	指を広げてみて。	Spread your fingers.
批判	ヒハン	私を批判するのは止めて！	Stop criticizing me.
長靴	ナガグツ	長靴、ぬいでね。	Take off your boots.
縫い	ヌイ	長靴、ぬいでね。	Take off your boots.
高まる	タカマル	緊張が高まりつつある。	Tensions are rising.
原本	ゲンポン	これは原本です。	This is the original.
妥当	ダトウ	妥当な価格だね。	That's a fair price.
オリジナル	オリジナル	これはオリジナルです。	This is the original.
斬新	ザンシン	斬新な意見だね。	That's a novel idea.
難題	ナンダイ	それは難題だ。	That's a tall order.
概ね	オオムネ	概ね合ってます。	That's mostly right.
参考	サンコウ	とても参考になります。	That's very helpful.
熟する	ジュクス	りんごが熟している。	The apples are ripe.
熟れる	ウレ	りんごは熟れている。	The apples are ripe.
可愛らしい	カワイラシイ	その猫は可愛らしい。	The cat is adorable.
迫る	セマル	時間が迫っている。	The clock's ticking.
刻々	コッコク	刻々と時間が迫ってくる。	The clock's ticking.
がたがた	ガタガタ	車はがたがた揺れた。	The car gave a jolt.
揺れる	ユレル	地面が揺れ始めた。	The ground started shaking.
皹	ヒビ	画面にひびが入ってる。	My screen is cracked.
破損	ハソン	ファイルが破損しています。	The file is corrupt.
ファイル	ファイル	ファイルが破損しています。	The file is corrupt.
火災警報	カサイケイホウ	火災警報が鳴った。	The fire alarm rang.
フォルダー	フォルダー	フォルダーは空です。	The folder is empty.
強烈	キョウレツ	強烈な暑さだ。	The heat is intense.
猛烈	モウレツ	猛烈な暑さだ。	The heat is intense.
ひっそり	ヒッソリ	家はひっそりとしていた。	The house was quiet.
支配人	シハイニン	支配人はいい人なんだ。	The manager is nice.
一方	イッポウ	謎は深くなる一方だ。	The mystery deepens.
謎	ナゾ	謎は深くなる一方だ。	The mystery deepens.
改正	カイセイ	法律が改正された。	The law was changed.
ぼやける	ボヤケル	写真がぼやけてる。	The photo is blurry.
東	ヒガシ	風は東に吹いています。	The wind is blowing east.
タイル	タイル	タイルはぴかぴか。	The tiles are shiny.
サーバー	サーバー	サーバーが落ちてる。	The servers are down.
ダウン	ダウン	彼は風邪でダウンした。	He came down with a cold.
ぐらつく	グラツイ	テーブルがぐらついてるよ。	The table is wobbly.
どんより	ドンヨリ	空はどんよりしている。	The sky is overcast.
乗用車	ジョウヨウシャ	トラックが乗用車にぶつかりました。	The truck hit a car.
暫し	シバシ	しばしの沈黙があった。	There was a silence.
和らぐ	ヤワラグ	風が和らいだ。	The wind has abated.
地下鉄	チカテツ	地下鉄に乗ろう。	Let's take the subway.
使い物	ツカイモノ	もう使い物にならない。	They're useless now.
使い道	ツカイミチ	もう使い道がない。	They're useless now.
黴	カビ	長靴にかびが生えた。	Mold grew on the boots.
曖昧	アイマイ	この文の意味は曖昧だ。	The meaning of this sentence is ambiguous.
梅	ウメ	見て、梅の木！	Look. There's a plum tree.
メガホン	メガホン	これはメガホンよ。	This is a megaphone.
生える	ハエル	蒔かぬ種は生えぬ。	If you don't plant the seeds, they won't grow.
殺虫剤	サッチュウザイ	これは殺虫剤だよ。	This is insecticide.
ノート	ノート	ノートは収めて。	Put your notebook away.
父さん	トウサン	これは父さんのです。	This is my father's.
ちんぷんかんぷん	チンプンカンプン	私にはちんぷんかんぷんでした。	That was all Greek to me.
非売品	ヒバイヒン	これは非売品です。	This isn't for sale.
いんちき	インチキ	これはインチキじゃないよ。	This isn't cheating.
マンゴー	マンゴー	マンゴーが食べたい。	I want to eat a mango.
スカート	スカート	スカート短すぎよ。	Your skirt is too short.
ざらざら	ザラザラ	この紙はざらざらしている。	This paper is rough.
ぐらぐら	グラグラ	この歯がグラグラします。	This tooth is loose.
汚れ	ヨゴレ	このテーブルは汚れがなくてきれいです。	This table is clean.
今年	コトシ	今年卒業します。	I'll graduate this year.
重たい	オモタイ	この鞄は重たすぎる。	This bag is too heavy.
ウェブ	ウェブ	トムはウェブカメラを買った。	Tom bought a webcam.
タイミング	タイミング	タイミングって、大切だよね。	Timing is important.
吸い込む	スイコム	鼻から息を吸い込んで。	Breathe in through your nose.
泣き明かす	ナキアカシ	トムは一晩中泣き明かした。	Tom cried all night.
采の目	サイノメ	トムは玉ねぎをさいの目に切った。	Tom diced the onion.
がっつく	ガッツク	トムってがっつくんだよ。	Tom eats like a pig.
ライフル	ライフル	トムは自分のライフルを撃った。	Tom fired his rifle.
欲する	ホッスル	トムはそれを欲しがらない。	Tom doesn't want it.
大欠伸	オオアクビ	トムが大あくびをしたよ。	Tom gave a big yawn.
禿げ	ハゲ	トムには十円ハゲがある。	Tom has a bald spot.
呻く	ウメイ	トムは痛みのあまり呻いた。	Tom groaned in pain.
生やす	ハヤス	トムは口ひげを生やした。	Tom grew a mustache.
口髭	クチヒゲ	トムは口ひげを生やした。	Tom grew a mustache.
円形	エンケイ	トムは円形脱毛症だ。	Tom has a bald spot.
脱毛症	ダツモウショウ	トムは円形脱毛症だ。	Tom has a bald spot.
向上心	コウジョウシン	トムには向上心がない。	Tom has no ambition.
毛むくじゃら	ケムクジャラ	トムは、毛むくじゃらな手をしている。	Tom has hairy hands.
野心	ヤシン	トムは野心がない。	Tom has no ambition.
コネ	コネ	トムにはコネがある。	Tom has connections.
無	ム	トムは睡眠時無呼吸症候群です。	Tom has sleep apnea.
症候群	ショウコウグン	トムは睡眠時無呼吸症候群です。	Tom has sleep apnea.
せこい	セコイ	トムって、せこいよ。	Tom is a cheapskate.
ない	ネエ	あいつの冗談、全然笑えねえんだ。	His jokes are not funny at all.
体育	タイイク	トムは体育の先生だ。	Tom is a PE teacher.
御寝しょ	オネショ	トムはおねしょの常習犯です。	Tom is a bed-wetter.
常習犯	ジョウシュウハン	トムはおねしょの常習犯です。	Tom is a bed-wetter.
バックパッカー	バックパッカー	トムはバックパッカーなんだよ。	Tom is a backpacker.
幼児	ヨウジ	トムは幼児です。	Tom is a little kid.
マザコン	マザコン	トムってマザコンなんだよ。	Tom is a mama's boy.
過激	カゲキ	君の提案は少し過激だ。	Your proposal is a bit extreme.
思想	シソウ	思想は言葉で表現される。	Thoughts are expressed by means of words.
無病	ムビョウ	トムは無病状です。	Tom is asymptomatic.
状	ジョウ	トムは無病状です。	Tom is asymptomatic.
政治家	セイジカ	トムは政治家です。	Tom is a politician.
翻訳者	ホンヤクシャ	トムは翻訳者です。	Tom is a translator.
一筋	ヒトスジ	私は妻一筋です。	I'm faithful to my wife.
長子	チョウシ	トムが私の長子だ。	Tom is my firstborn.
登場	トウジョウ	いよいよトムの登場です。	Tom is finally here.
愈	イヨイヨ	いよいよトムの登場です。	Tom is finally here.
助手	ジョシュ	トムは私の助手です。	Tom is my assistant.
満ちる	ミチル	潮が満ち始めている。	The tide is coming in.
最終的	サイシュウテキ	トムは最終的に無事だった。	Tom is finally safe.
末っ子	スエッコ	彼は末っ子だ。	He is the baby of the family.
リーダー	リーダー	トムは良いリーダーだ。	Tom is a good reader.
浮き浮き	ウキウキ	トムったら、すごくウキウキしてるの。	Tom is very excited.
人気者	ニンキモノ	人気者になりたかった。	I wanted to be popular.
ライター	ライター	ライター持ってる？	Do you have a lighter?
とう	トウ	トムはとうに分かっていた。	Tom knew it already.
加わる	クワワル	加わりたい。	I want to participate.
軍人	グンジン	トムは軍人じゃない。	Tom isn't a soldier.
ポップ	ポップ	トムはポップミュージックが好きだ。	Tom likes pop music.
舟	フネ	トムは舟の上で生活している。	Tom lives on a boat.
肉団子	ニクダンゴ	トムは肉団子が好きなんだ。	Tom likes meatballs.
ミートボール	ミートボール	ミートボールが欲しい人！	Who wants meatballs?
目立つ	メダツ	トムは目立ちたがり屋だ。	Tom likes attention.
バテバテ	バテバテ	トム、バテバテみたい。	Tom looks exhausted.
兼ねる	カネル	彼がおまちかねよ。	He is impatient to see you.
移る	ウツル	ボストンに移ったんだ。	I've moved to Boston.
寝かし付ける	ネカシツケ	子ども達を寝かしつけてよ。	Send the kids to bed.
受かる	ウカル	試験には受かったの？	Did you pass the test?
怒鳴り付ける	ドナリツケ	トムはメアリーを怒鳴りつけた。	Tom shouted at Mary.
流暢	リュウチョウ	トムは流暢に話す。	Tom speaks fluently.
すらすら	スラスラ	彼女はすらすら答えた。	She gave a ready answer.
送金	ソウキン	トムはメアリーに送金しました。	Tom sent Mary money.
IQ	アイキュー	トムはIQテストを受けたよ。	Tom took an IQ test.
アルバイト	アルバイト	私もアルバイトしたいなあ。	I want to have a part-time job, too.
パート	パート	私もパートがしたいな。	I want to have a part-time job, too.
ボリューム	ボリューム	ボリュームを下げてください。	Please turn down the volume.
ふさふさ	フサフサ	トムの髪の毛はふさふさだ。	Tom's hair is thick.
振る舞い	フルマイ	年相応の振舞いをしなさい。	Try to act your age.
音量	オンリョウ	音量を下げてください。	Turn down the volume, please.
余所	ヨソ	よそで待ってて。	Wait somewhere else.
二	フタ	コーヒーふたつ下さい。	Two coffees, please.
欠乏	ケツボウ	浪費なければ欠乏なし。	Waste not, want not.
浪費	ロウヒ	浪費なければ欠乏なし。	Waste not, want not.
言葉遣い	コトバヅカイ	言葉づかいに気を付けなさい。	Watch your language.
道路	ドウロ	道路を横切るな。	Don't cross the road.
切り落とす	キリオトシ	私たちはロープを切り落とした。	We cut off the rope.
口述	コウジュツ	口述試験があったんです。	We had an oral exam.
断念	ダンネン	なぜ断念したのですか？	Why did you give up?
小	ショウ	明日数学の小テストがある。	We will have a math quiz tomorrow.
心得る	ココロエル	泳ぎは心得ていますよ。	We know how to swim.
直ちに	タダチニ	委員会が直ちに召集された。	The committee was summoned at once.
家路	イエジ	私たちは家路についた。	We set out for home.
親友	シンユウ	彼は僕の親友だ。	He is my close friend.
コメント	コメント	失礼なコメントね！	What a rude comment!
怠慢	タイマン	随分と怠慢な教師だな！	What a lazy teacher!
ミスる	ミスッ	すまんミスった。	Sorry, I made a mistake.
節穴	フシアナ	おまえの目は節穴か？	What are you eyeing?
御勧め	オススメ	超おすすめだよ。	I recommend it strongly.
imho	imho	ＩＭＨＯってどういう意味なの？	What does IMHO mean?
詰まり	ツマリ	つまりどういうこと？	What does that mean?
何語	ナニゴ	それって、何語？	What language is it?
流行る	ハヤル	今何が流行っていますか。	What is popular now?
時刻	ジコク	現在の時刻は？	What time is it now?
現在	ゲンザイ	現在の時刻は？	What time is it now?
了見	リョウケン	一体どういう了見だね。	What's the big idea?
バス賃	バスチン	バス賃はいくらですか。	What's the bus fare?
何日	ナンニチ	一年って、何日？	How many days are there in a year?
何月	ナンガツ	今何月だっけ？	What month is it now?
バス代	バスダイ	バス代はいくら？	What's the bus fare?
何時間	ナンジカン	一日何時間寝てる？	How many hours a day do you sleep?
投票日	トウヒョウビ	投票日はいつ？	When's Election Day?
父の日	チチノヒ	父の日って、いつ？	When's Father's Day?
母の日	ハハノヒ	明日は母の日です。	Tomorrow is Mother's Day.
厨房	チュウボウ	厨房に猫がいるわよ。	There is a cat in the kitchen.
勤め	ツトメ	どちらにお勤めですか。	Who do you work for?
御父様	オトウサマ	お父様は、ご健在ですか？	Is your father still alive?
老人	ロウジン	あの老人は誰ですか。	Who is that old man?
せる	セレ	誰に知らせればいいですか。	Who should I inform?
別荘	ベッソウ	この別荘の持ち主は誰ですか。	Who owns this villa?
しょっぱい	ショッパイ	この料理、しょっぱいよ。	This food is too salty.
ぶす	ブス	私のこと、ブスだと思う？	Do you think I'm ugly?
ブサイク	ブサイク	お前なんでそんなブサイクなの？	Why are you so ugly?
た	ダラ	飲んだら？	Why don't you drink?
おや	オヤ	おやもう済んだの？	Have you finished it already?
遊泳	ユウエイ	ここは遊泳禁止です。	You can't swim here.
頼る	タヨル	人に頼るなよ。	Don't rely on others.
自惚	ウヌボレ	うぬぼれ屋さんね。	You have a big head.
幻滅	ゲンメツ	君には幻滅した。	You disappointed me.
赤信号	アカシンゴウ	赤信号で止まりましたか。	Did you stop at the red light?
頂く	イタダク	お待ちいただくことになりますが。	You'll have to wait.
痩せる	ヤセル	痩せたいの？	Do you want to slim down?
鬼	オニ	鬼の目にも涙。	Even the hard-hearted can be moved to tears.
残量	ザンリョウ	バッテリー残量が少なくなっています。	Your battery is low.
推理	スイリ	あなたの推理は間違っている。	Your guess is wrong.
ぐしゃぐしゃ	グシャグシャ	お前の部屋はぐしゃぐしゃだな。	Your room is a mess.
塞ぐ	フサグ	その穴をふさごうよ。	Let's plug up the hole.
行く手	ユクテ	バスが行く手をふさいだ。	A bus got in the way.
縞模様	シマモヨウ	シマウマは縞模様をしてます。	Zebras have stripes.
別料金	ベツリョウキン	パーマは別料金です。	A permanent is extra.
パーマ	パーマ	パーマは別料金です。	A permanent is extra.
イカ	イカ	イカには１０本の足がある。	A squid has ten legs.
知能	チノウ	類人猿は知能が高い。	Apes are intelligent.
類人	ルイジン	類人猿は知能が高い。	Apes are intelligent.
タイピング	タイピング	タイピングって、できる？	Are you able to type?
今晩	コンバン	今晩暇かな？	Are you free tonight?
サウナ	サウナ	サウナにいるの？	Are you in the sauna?
大都会	ダイトカイ	ボストンは大都会です。	Boston is a big city.
大都市	ダイトシ	大都市は嫌いです。	I dislike big cities.
洗濯物	センタクモノ	洗濯物干したよ。	We hung up the laundry.
取り込む	トリコム	洗濯物を取り込んで。	Bring in the laundry.
延泊	エンパク	延泊をお願いできますか？	Can I extend my stay?
滞在期間	タイザイキカン	滞在期間はどのくらいですか。	How long will you stay?
延長	エンチョウ	ビザの延長をお願いします。	Please extend this visa.
持ち出し	モチダシ	本は持ち出しできますか。	Can I take books out?
とる	トレル	一日休みとれるの？	Can I take a day off?
配達	ハイタツ	配達は有料ですか。	Do you charge for delivery?
クロール	クロール	クロールできる？	Can you do the crawl?
常食	ジョウショク	牛は草を常食とする。	Cattle feed on grass.
来店	ライテン	来週またご来店下さい。	Check back next week.
馬子	マゴ	馬子にも衣装だな。	Clothes make the man.
衣装	イショウ	馬子にも衣装だな。	Clothes make the man.
スプーン	スプーン	スプーンがありません。	There is a spoon missing.
尻尾	シッポ	牛の尻尾は長い。	Cows have long tails.
遺書	イショ	彼は遺書をしたためた。	He has drawn up a will.
残す	ノコス	アイス残しといてね。	Save me some ice cream.
ノック	ノック	ノックの音がした？	Did you hear a knock?
あたたかい	アッタカイ	何かあったかい。	Did something happen?
抑	ソモソモ	そもそも話したの？	Did you speak at all?
ヘルニア	ヘルニア	ヘルニアを患ってますか？	Do you have a hernia?
患う	ワズラウ	トムは癌を患っている。	Tom is suffering from cancer.
アリバイ	アリバイ	アリバイはあるの？	Do you have an alibi?
梯子	ハシゴ	梯子って持ってる？	Do you have a ladder?
刺青	シセイ	刺青があるの？	Do you have a tattoo?
札	サツ	千円札くずれますか。	Can you break a 1,000 yen bill?
入れ墨	イレズミ	入れ墨入れてるの？	Do you have a tattoo?
内障	ナイショウ	緑内障ですか？	Do you have glaucoma?
フットボール	フットボール	トムはフットボールをするの？	Does Tom play football?
入れ歯	イレバ	入れ歯をしていますか？	Do you wear dentures?
着物	キモノ	着物は着ますか。	Do you wear a kimono?
コンタクトレンズ	コンタクトレンズ	コンタクトレンズはあった？	Did you find your contact lenses?
スカッシュ	スカッシュ	トムはスカッシュやるかな？	Does Tom play squash?
悪口	ワルグチ	人の悪口を言うな。	Don't speak ill of others.
海豚	イルカ	イルカは哺乳類である。	A dolphin is a mammal.
横切る	ヨコギル	道路を横切るな。	Don't cross the road.
染みる	シミル	石けんが目にしみました。	The soap hurt my eyes.
がつがつ	ガツガツ	そんなにがつがつ食べるんじゃないよ。	Don't eat like a pig.
人前	ヒトマエ	人前でキスするなよ。	Don't kiss in public.
置いてけぼり	オイテキボリ	置いてきぼりにしないで。	Don't leave me alone.
公衆	コウシュウ	公衆電話はどこですか。	Where is a public telephone?
面前	メンゼン	公衆の面前でキスするなよ。	Don't kiss in public.
付け上がる	ツケアガル	親切にしてやればつけあがる。	Give him an inch and he'll take a yard.
穿る	ホジル	鼻をほじるな。	Don't pick your nose.
指図	サシズ	あれこれ指図するのは止めろ。	Stop ordering me around.
彼是	アレコレ	あれこれ指図するのは止めろ。	Stop ordering me around.
引っ張る	ヒッパル	引っ張るぞ。	We're going to pull it.
大金持ち	オオガネモチ	叔父は大金持ちです。	My uncle has a ton of money.
アイルランド	アイルランド	ダブリンはアイルランドにあります。	Dublin is in Ireland.
ダブリン	ダブリン	ダブリンはアイルランドにあります。	Dublin is in Ireland.
直線	チョクセン	直線を引きなさい。	Draw a straight line.
内線	ナイセン	内線４５番をお願いします。	Extension 45, please.
釣り銭	ツリセン	釣り銭は取っておいてください。	Please keep the change.
畳む	タタム	トムは傘を畳んだ。	Tom folded up his umbrella.
接する	セッスル	友達として接したい。	I want to be friends with you.
務める	ツトメル	彼は議長を務めた。	He acted as chairman.
議長	ギチョウ	彼は議長を務めた。	He acted as chairman.
応募	オウボ	彼は仕事に応募した。	He applied for a job.
シャボン	シャボン	シャボン玉ははじけた。	The soap bubble burst.
玉	タマ	シャボン玉ははじけた。	The soap bubble burst.
取り止める	トリヤメ	旅行は取りやめたんだって。	He canceled his trip.
釣る	ツル	彼は魚を３匹釣った。	He caught three fish.
死	シ	彼は死を恐れなかった。	He didn't fear death.
次の日	ツギノヒ	その次の日に彼は死んだ。	He died the next day.
商う	アキナッ	彼は金物を商っている。	He deals in hardware.
金物	カナモノ	彼は金物を商っている。	He deals in hardware.
湯沸かし器	ユワカシキ	あいつは瞬間湯沸かし器なんだよ。	He easily gets angry.
瞬間	シュンカン	この瞬間を楽しみたい。	I want to enjoy this moment.
退学	タイガク	退学になっちゃった。	I got expelled from school.
記憶力	キオクリョク	彼は記憶力がよい。	He has a good memory.
ガールフレンド	ガールフレンド	彼にはガールフレンドがいない。	He has no girlfriend.
怠惰	タイダ	彼は怠惰な学生だ。	He is a lazy student.
対する	タイスル	彼は君に対して怒っている。	He is angry with you.
こわい	コワ	彼はこわがって泳げない。	He is afraid to swim.
力持ち	チカラモチ	彼は縁の下の力持ちだ。	He is an unsung hero.
縁の下	エンノシタ	彼は縁の下の力持ちだ。	He is an unsung hero.
息遣い	イキヅカイ	彼は荒い息遣いをしている。	He is breathing hard.
荒い	アライ	トムは運転が荒い。	Tom is a reckless driver.
60	ロクレイ	六十の手習い。	It is never too late to learn.
ダイビング	ダイビング	彼はダイビングが得意だ。	He is good at diving.
快方	カイホウ	彼は快方に向かっている。	He is getting better.
最早	モハヤ	もはや言うことはない。	I have nothing further to say.
書斎	ショサイ	彼は書斎にいる。	He is in his library.
エネルギッシュ	エネルギッシュ	エネルギッシュな方よ。	He is full of energy.
自立	ジリツ	彼は自立した。	He is now on his own.
今本	イマモト	彼は今本を読んでいます。	He is reading a book.
飛び起きる	トビオキ	彼は飛び起きた。	He jumped out of bed.
長崎	ナガサキ	彼は長崎に住んでいる。	He lives in Nagasaki.
全速	ゼンソク	彼は全速で駆けた。	He ran at full speed.
駆ける	カケル	彼は全速で駆けた。	He ran at full speed.
捏ち上げる	デッチアゲ	彼は話をでっち上げた。	He made up the story.
財産	ザイサン	彼は全財産を失った。	He lost all of his money.
目当て	メアテ	彼は財産目当てで結婚した。	He married for money.
駆け込む	カケコン	彼は部屋に駆け込んだ。	He ran into the room.
ドアベル	ドアベル	彼はドアベルを鳴らした。	He rang the doorbell.
自分自身	ジブンジシン	彼は自分自身に話しかけた。	He talked to himself.
長生き	ナガイキ	彼女は長生きした。	She lived a long life.
選出	センシュツ	彼は市長に選出された。	He was elected mayor.
重傷	ジュウショウ	彼は重傷を負った。	He was badly wounded.
切らす	キラス	彼は息を切らしていた。	He was out of breath.
放り込む	ホウリコマ	彼ね、刑務所に放り込まれたのよ。	He was put in prison.
独房	ドクボウ	彼は独房に入れられた。	He was put in a cell.
射殺	シャサツ	彼は射殺された。	He was shot to death.
プレーヤー	プレイヤー	彼はテニスプレイヤーだ。	He's a tennis player.
ポンド	ポンド	トムは７０ポンド減量した。	Tom lost seventy pounds.
270	ニナナレイ	彼は体重が270ポンドあります。	He weighs 270 pounds.
ヘロイン	ヘロイン	トムはヘロイン中毒だ。	Tom is a heroin addict.
常習者	ジョウシュウシャ	彼はヘロインの常習者だ。	He's a heroin addict.
扱き使う	コキツカッ	彼は私達をこき使っている。	He works us too hard.
解体	カイタイ	解体するの手伝って。	Help me dismantle it.
汽車	キシャ	あ、汽車が来た。	Here comes the train!
療養中	リョウヨウチュウ	彼は目下療養中だ。	He's under treatment.
分解	ブンカイ	必要なら分解して。	Take it apart if necessary.
洗車	センシャ	洗車しなきゃ。	I need to wash my car.
手ぶら	テブラ	彼は手ぶらだった。	His hands were empty.
ココア	ココア	熱いココアを下さい。	I'd like to have some hot chocolate.
感心	カンシン	君の勇気には感心する。	I admire your courage.
ほとほと	ホトホト	ほとほと困っているんです。	It's a pain in the neck.
広さ	ヒロサ	この部屋の広さで十分だ。	This room is large enough.
深さ	フカサ	雪は膝の深さだった。	The snow was knee deep.
ツアー	ツアー	夜のツアーはありますか。	Are there any night tours?
樹齢	ジュレイ	この木は樹齢約300年です。	This tree is about 300 years old.
基本的	キホンテキ	基本的には賛成です。	I agree in principle.
感服	カンプク	彼の勇気には感服する。	I admire his courage.
目指す	メザス	私は作家を目指している。	I aim to be a writer.
即座	ソクザ	即座に同意しました。	I agreed immediately.
常	ツネ	火は常に危険だ。	Fire is always dangerous.
感	カン	リズム感ゼロね。	You have no sense of rhythm.
へん	ヘン	私はこのへんはよく知りません。	I am a stranger here.
主義	シュギ	事なかれ主義なんです。	I am playing it safe.
申請	シンセイ	ビザを申請したんだ。	I applied for a visa.
剃刀	カミソリ	新しいカミソリを買ったよ。	I bought a new razor.
アップルパイ	アップルパイ	アップルパイを焼いたの。	I baked an apple pie.
レッカー	レッカー	レッカー呼んだよ。	I called a tow truck.
説得	セットク	私はトムを説得できない。	I can't convince Tom.
飾る	カザル	彼女は壁を絵で飾った。	She decorated the wall with pictures.
飾り付け	カザリツケ	飾りつけしたのは私じゃありません。	I didn't decorate it.
髭剃り	ヒゲソリ	髭剃りがまだなんだ。	I still haven't shaved.
好む	コノム	猫は肉より魚を好む。	The cat prefers fish to meat.
議論	ギロン	議論は継続中だ。	Discussions are ongoing.
科学	カガク	科学は好きではありません。	I don't like science.
掛け	ガケ	アイロンがけは好きじゃないんだ。	I don't like ironing.
理科	リカ	理科はね、好きじゃないんだ。	I don't like science.
コニャック	コニャック	コニャックは飲まないんだ。	I don't drink cognac.
根	ネ	彼は根が優しい。	He's a kind man at heart.
恨む	ウラム	恨んでなんかないよ。	I don't hold grudges.
酢	ス	酢は嫌いです。	I don't like vinegar.
なおす	ナオセ	僕は靴をなおせない。	I don't repair shoes.
体操	タイソウ	彼は体操が得意だ。	He is good at gymnastics.
心待ち	ココロマチ	お便りを心待ちにしています。	I'm looking forward to hearing from you.
ファックス	ファックス	ファックスしなきゃ。	I need to send a fax.
寝巻き	ネマキ	寝巻きは着ないんだ。	I don't wear pajamas.
うとうと	ウトウト	彼はついうとうととした。	He dozed off even though he didn't want to.
空箱	カラバコ	空箱あったよ。	I found an empty box.
哀れ	アワレ	哀れに思う。	I feel sorry for him.
空き箱	アキバコ	空き箱あったよ。	I found an empty box.
偶々	タマタマ	たまたま、見つけたんだ。	I found it by chance.
c	c	英語でCをとった。	I got a C in English.
b	b	物理でBをとった。	I got a B in physics.
はち	ハチ	ハチに刺されたの？	Were you stung by a bee?
検査	ケンサ	目の検査を受けた。	I got my eyes tested.
a	アール	フランス語でAを取った。	I got an A in French.
食	ショク	病院食は嫌いです。	I hate hospital food.
微熱	ビネツ	微熱があったの。	I had a little fever.
手渡す	テワタス	彼女は彼に鍵を手渡した。	She handed him the key.
焼き	ヤキ	やきもち焼きの女性は大嫌いだ。	I hate jealous women.
焼餅	ヤキモチ	やきもちを焼くなよ。	You shouldn't be jealous.
ムービー	ムービー	サイレントムービーは嫌いです。	I hate silent movies.
サイレント	サイレント	サイレントムービーは嫌いです。	I hate silent movies.
ヤダ	ヤダ	月曜日は、本当にヤダ。	I can't stand Mondays.
予感	ヨカン	嫌な予感がする。	I have a bad feeling.
野暮	ヤボ	野暮用があるんだ。	I have a few errands.
甘党	アマトウ	僕は甘党だ。	I have a sweet tooth.
物好き	モノズキ	私は甘いもの好きだ。	I have a sweet tooth.
くし	クシ	私は木のくしを持っています。	I have a wooden comb.
持病	ジビョウ	腰に持病があります。	I have back problems.
腰痛	ヨウツウ	腰痛持ちです。	I have back problems.
持ち	モチ	腰痛持ちです。	I have back problems.
歯並び	ハナラビ	歯並びが悪いんです。	I have crooked teeth.
持論	ジロン	私には持論があります。	I have my own theory.
不平	フヘイ	不平はまったくない。	I have no complaints.
蓄膿症	チクノウショウ	蓄膿症です。	I have sinus trouble.
従兄弟	イトコ	従兄弟が３人います。	I have three cousins.
びびる	ビビリ	トムがビビりだってことは分かってる。	I know Tom is scared.
ぎゅっ	ギュッ	彼女をぎゅっと抱きしめた。	I hugged her tightly.
日本食	ニホンショク	寿司は、日本食です。	Sushi is a Japanese food.
和食	ワショク	和食が好きです。	I like Japanese food.
バーボン	バーボン	バーボンが大好きです。	I like bourbon a lot.
髪型	カミガタ	彼女の髪型いいね。	I like her hairstyle.
レア	レア	レアでお願いします。	I would like mine rare.
プロレス	プロレス	プロレスが好きなんだ。	I like pro wrestling.
ローストチキン	ローストチキン	ローストチキンが好きです。	I like roast chicken.
木靴	キグツ	木靴を履くのが好きだ。	I like to wear clogs.
ネックレス	ネックレス	すてきなネックレスしてるね。	I like your necklace.
ピーマン	ピーマン	ピーマンは全く食べない。	I don't eat green peppers at all.
ハッピーエンド	ハッピーエンド	その物語はハッピーエンドだ。	The story ends happily.
愛着	アイチャク	自分の仕事に愛着を持ってます。	I love my work a lot.
見上げる	ミアゲル	大空を見上げる。	I look up at the sky.
大空	オオゾラ	大空を見上げる。	I look up at the sky.
模型	モケイ	私は模型の飛行機を作った。	I made a model plane.
経済学	ケイザイガク	経済学を専攻しています。	I major in economics.
歴史学	レキシガク	私は歴史学を専攻した。	I majored in history.
損ねる	ソコネル	彼は機嫌をそこねている。	He is in an angry mood.
途中	トチュウ	家に帰る途中なの？	Are you on your way home?
がつ	ガツ	全然、気がつかなったよ。	I never noticed that.
大至急	ダイシキュウ	大至急、来てください。	Come as soon as possible.
50000	ゴマン	この球場は５万人入る。	This stadium will hold 50,000 people.
速さ	ハヤサ	電光石火の速さで走った。	I ran like lightning.
電光石火	デンコウセッカ	電光石火の速さで走った。	I ran like lightning.
アーモンド	アーモンド	生のアーモンドの方が好き。	I prefer raw almonds.
レッスン	レッスン	レッスン中は黙ってなさい。	Be quiet during the lesson.
MP	エムピー	ＭＰ３プレーヤーがほしい！	I want an MP3 player!
ジーパン	ジーパン	普段はジーパンだよ。	I usually wear jeans.
ジャム	ジャム	苺はジャムにできるよ。	Strawberries can be made into jam.
努める	ツトメル	私は笑わないように努めた。	I tried not to laugh.
ジーンズ	ジーンズ	ジーンズは完売しました。	We're sold out of jeans.
ポーカー	ポーカー	ポーカーがしたい。	I want to play poker.
貯金	チョキン	貯金したい。	I want to save money.
映画館	エイガカン	映画館に行こうよ。	Let's go to the movies.
思い	オモイ	思いもよらなかった。	I never thought of that.
疚しい	ヤマシイ	僕はやましい思いだった。	I was feeling guilty.
劇場	ゲキジョウ	私は劇場にいました。	I was at the theater.
科する	カスル	１ドルの罰金を科せられた。	I was fined a dollar.
罰金	バッキン	１ドルの罰金を科せられた。	I was fined a dollar.
海軍	カイグン	父は海軍にいた。	My father was in the navy.
キログラム	キログラム	私の体重は５８キログラムです。	I weigh 58 kilograms.
同行	ドウコウ	少年は同行を許可された。	The boy was permitted to go with them.
窓辺	マドベ	窓辺に向かった。	I went to the window.
祈り	イノリ	幸運をお祈りいたします。	I wish you good luck.
寧ろ	ムシロ	私はむしろここにいたい。	I'd rather stay here.
来年	ライネン	来年は卯年だ。	Next year is the year of the rabbit.
片時	カタトキ	僕は片時も君から目を離さない。	I'll be watching you.
注射	チュウシャ	注射をしましょう。	I'll give you a shot.
永遠	エイエン	永遠に続くかと思ったよ。	It felt like forever.
洗い物	アライモノ	洗い物は私がします。	I'll wash the dishes.
断然	ダンゼン	こっちが断然いいって。	This is definitely good.
Windows	ウィンドウズ	私は断然ウィンドウズ派。	I'm a Windows person.
すっからかん	スッカラカン	もうすっからかんだ。	I'm all out of money.
アレルギー	アレルギー	猫アレルギーなの。	I'm allergic to cats.
朝型	アサガタ	朝型人間？	Are you a morning person?
会社員	カイシャイン	私は会社員です。	I'm an office worker.
良好	リョウコウ	今は気分良好だよ。	I'm feeling fine now.
ストレス	ストレス	ストレスがたまってきたよ。	I'm feeling stressed.
日本語	ニホンゴ	私は日本語が上手です。	I'm good at Japanese.
毎晩	マイバン	毎晩電話するよ。	I'll call you every night.
時給制	ジキュウセイ	給料は時給制なんだ。	I'm paid by the hour.
検疫	ケンエキ	検疫中です。	I'm under quarantine.
相手	アイテ	話し相手が欲しい。	I need someone to talk with.
待ち草臥れる	マチクタビレ	待ちくたびれたよ。	I was tired of waiting.
トースト	トースト	トースト焦がしちゃった。	I've burnt the toast.
閃く	ヒラメク	いいことひらめいたよ。	I've got a good idea.
目撃者	モクゲキシャ	目撃者はいた？	Were there any witnesses?
イグアナ	イグアナ	イグアナは爬虫類だよ。	Iguanas are reptiles.
売り出す	ウリダス	それはまだ売り出し中ですか？	Is it still for sale?
消防車	ショウボウシャ	あれって、消防車？	Is that a fire truck?
エレベーター	エレベーター	エレベーター使おうよ。	Let's take the elevator.
治療	チリョウ	彼は治療を断られた。	He was refused medical treatment.
時刻表	ジコクヒョウ	時刻表はありますか？	Is there a timetable?
藁	ワラ	藁なしで煉瓦はできない。	Bricks can't be made without straw.
カメ	カメ	このカメって、あなたの？	Is this turtle yours?
カフェインレスコーヒー	カフェインレスコーヒー	これはカフェインレスコーヒーですか？	Is this decaf coffee?
ダイヤ	ダイヤ	このダイヤ、偽物だよ。	This diamond is fake.
トランク	トランク	工具箱はトランクの中よ。	My toolbox is in the trunk.
ぱらぱら	パラパラ	雨がぱらぱら降り出しました。	It began to sprinkle.
デカフェ	デカフェ	これはデカフェですか？	Is this decaf coffee?
続く	ツヅク	永遠に続くかと思ったよ。	It felt like forever.
容易	ヨウイ	勝つのは容易ではない。	It isn't easy to win.
得	トク	朝起きは三文の得。	The early bird catches the worm.
手口	テグチ	卑劣な手口だったよな。	It was a dirty trick.
悪戯	イタズラ	たちの悪いいたずらでした。	It was a nasty prank.
初	ハツ	それが初キスだったんだ。	It was my first kiss.
思い出	オモイデ	想い出をありがとう。	Thanks for the memories.
悪質	アクシツ	悪質な嫌がらせでした。	It was a nasty prank.
えげつない	エゲツナイ	えげつないやり方だったな。	It was a nasty trick.
日没	ニチボツ	間もなく日没だ。	It'll soon be sunset.
泣き面	ナキッツラ	「泣きっ面に蜂」だな。	It's a double whammy.
わあ	ワア	わあ、素敵だな。	That would be lovely.
約	ヤク	約３．２キロです。	It's about two miles.
3.2	サン．ニ	約３．２キロです。	It's about two miles.
朝飯	アサメシ	そんなの朝飯前よ。	It's a piece of cake.
さっぱり	サッパリ	私にはさっぱり。	It's all Greek to me.
カウンター	カウンター	あそこのカウンターです。	It's at that counter.
ムシムシ	ムシムシ	ムシムシするね？	It's humid, isn't it?
革	カワ	革でできてるんだ。	It's made of leather.
恐ろしい	オソロシイ	今日は恐ろしく寒い。	It's awfully cold today.
似付く	ニツカ	似ても似つかない。	It's quite different.
むしむし	ムシムシ	ここはすごくむしむしする。	It's very humid here.
どころ	ドコロ	暑くて仕事どころではない。	It's too hot to work.
たつ	タタ	てんで役にたたない。	It's totally useless.
とかす	トカシ	いいから髪をとかしなさい。	Just brush your hair.
御自宅	ゴジタク	ご自宅まで送りますよ。	Let me take you home.
ケンケンパ	ケンケンパ	ケンケンパしようよ。	Let's play hopscotch.
臨機応変	リンキオウヘン	臨機応変にやろうよ。	Let's play it by ear.
1865	イチハチロクゴ	リンカーンは１８６５年に死んだ。	Lincoln died in 1865.
リンカーン	リンカーン	リンカーンは１８６５年に死んだ。	Lincoln died in 1865.
頬	ホオ	涙が一筋頬を流れた。	A tear ran down her cheek.
頬っぺ	ホッペ	僕のほっぺつねらないで！	Don't pinch my cheeks.
プログラム	プログラム	プログラムをいただけますか。	May I have a program?
領収書	リョウシュウショ	領収書は必要ないです。	I don't need a receipt.
拝借	ハイシャク	ペンを拝借できますか。	Can I borrow your pen?
パニック	パニック	頭がパニックだ。	My brain is frazzled.
任務	ニンム	任務完了しました。	Mission accomplished.
兄貴	アニキ	俺の兄貴はバカだ。	My brother is stupid.
うるうる	ウルウル	ウルウルしてきた。	My eyes are watering.
54	ゴヨン	彼は５４歳で死んだ。	He died when he was 54 years old.
猟師	リョウシ	父は猟師です。	My father's a hunter.
孫	マゴ	孫はいないよ。	I have no grandchildren.
身の毛	ミノケ	身の毛がよだつ。	My hair stood on end.
弥立つ	ヨダツ	身の毛がよだつ。	My hair stood on end.
ずきずき	ズキズキ	頭がズキズキする。	My head is throbbing.
震える	フルエル	手が震えるんだ。	My hands are shaking.
鼓動	コドウ	心臓の鼓動が速くなった。	My heart beat faster.
炎	ホノオ	炎を弱くしなさい。	Turn the flame down low.
全焼	ゼンショウ	家は全焼した。	The house has burnt down.
丸焼け	マルヤケ	僕ん家、丸焼けになったんだ。	My house burned down.
キーボード	キーボード	お前のキーボード、汚いな。	Your keyboard is filthy.
画面	ガメン	画面が割れちゃった。	My screen is cracked.
すり	スリ	私はすりにやられた。	My pocket was picked.
拒否	キョヒ	私の計画は拒否された。	My plan was rejected.
以外	イガイ	水以外何も見えない。	I can't see anything but water.
争い事	アラソイゴト	人って、争いごとが好きですね。	People love to fight.
邪険	ジャケン	兄が邪険にされた。	My older brother was ill-treated.
施錠	セジョウ	門を施錠してください。	Please lock the gate.
練習	レンシュウ	練習は熟達の道。	Practice makes perfect.
記入	キニュウ	用紙に自分の名を記入した。	I filled in my name on the form.
隅っこ	スミッコ	隅っこに置いといて。	Put it in the corner.
案内役	アンナイヤク	彼女が案内役をした。	She acted as a guide.
郵便	ユウビン	郵便が届いた。	The mail has arrived.
局員	キョクイン	彼女は郵便局員になった。	She became a postman.
再来週	サライシュウ	また再来週。	See you in two weeks.
午前	ゴゼン	日本は今午前3時です。	In Japan, it's now 3:00 a.m.
丸顔	マルガオ	彼女は丸顔です。	She has a round face.
軽食	ケイショク	仕事に戻る前に軽食をとった。	I had a snack before I went back to work.
子持ち	コモチ	彼女は十人の子持ちなんだ。	She has ten children.
ハンドバッグ	ハンドバッグ	そのハンドバッグ、私の。	That handbag is mine.
荒げる	アラゲ	彼女は声を荒げた。	She raised her voice.
ミニスカート	ミニスカート	ミニスカートは時代遅れよ。	Miniskirts have gone out of fashion.
身形	ミナリ	身なりを整えなさい。	Make yourself presentable.
服装	フクソウ	彼女は服装にうるさい。	She is particular about what she wears.
にこやか	ニコヤカ	彼女はいつもにこやかだね。	She's always smiling.
生まれ付く	ウマレツキ	彼女は生まれつき弱い。	She's weak by nature.
ひ弱	ヒヨワ	彼女はひ弱な体質だ。	She's weak by nature.
体質	タイシツ	彼女はひ弱な体質だ。	She's weak by nature.
欠落	ケツラク	何かが欠落してます。	Something is missing.
株価	カブカ	株価が下がった。	Stock prices dropped.
退ける	シリゾケル	その手どけてよ。	Get your dirty paws off me.
御見舞い	オミマイ	お見舞いありがとう。	Thank you for coming.
退かす	ドカシ	このテーブルをどかしてちょうだい。	Take this table away.
御世話	オセワ	余計なお世話だ。	None of your business.
正に	マサニ	まさにその通りだ。	That's exactly what I mean.
番組	バングミ	この番組見る？	Do you want to watch this program?
ヒット	ヒット	あの映画、ヒットしたなぁ。	That movie was a hit.
流	リュウ	それがまさに彼女流だ。	That is just her way.
つき	ツキ	それはすばらしいおもいつきだ。	That's a bright idea.
セント	セント	４５セントです。	It'll cost you 45 cents.
御箱	オハコ	それは彼の十八番だ。	That's his specialty.
強み	ツヨミ	そこがお前の強みだよ。	That's your strength.
バルコニー	バルコニー	バルコニーは狭いです。	The balcony is small.
狭	キョウ	ベランダ、狭っ。	The balcony is small.
におい	ニオイ	犬はにおいに敏感だ。	Dogs have a keen sense of smell.
ヒーター	ヒーター	ヒーターが壊れてるよ。	The heater is broken.
地面	ジメン	地面が揺れ始めた。	The ground started shaking.
ぬれる	ヌレ	道路は雨でぬれていた。	The road was wet from the rain.
暖房	ダンボウ	暖房が壊れています。	The heater is broken.
静まり返る	シズマリカエッ	家は静まり返っていた。	The house was silent.
片付く	カタヅク	仕事はほぼ片付いた。	The work is almost done.
レモネード	レモネード	レモネードは冷たい。	The lemonade is cold.
宛て	アテ	手紙は僕宛だよ。	The letter is for me.
目覚める	メザメル	その音で目覚めた。	The noise woke me up.
向き	ムキ	その映画は成人向きだ。	The movie is X-rated.
成人	セイジン	成人した娘がいるよ。	I have a grown daughter.
アダルト	アダルト	その映画はアダルト指定だよ。	The movie is X-rated.
指定	シテイ	その映画はアダルト指定だよ。	The movie is X-rated.
吹き零れる	フキコボレ	鍋がふきこぼれているよ。	The pot is boiling over.
ロブスター	ロブスター	ロブスター旨かったよ。	The lobster was good.
シーツ	シーツ	このシーツ、湿っぽいよ。	The sheets feel damp.
結果	ケッカ	結果は良い。	The results are good.
良性	リョウセイ	腫瘍は良性でした。	The tumor was benign.
読み物	ヨミモノ	女性は読み物をしている。	The woman is reading.
進行	シンコウ	腫瘍は進行しています。	The tumor is growing.
静まる	シズマル	風が静まった。	The wind calmed down.
破裂	ハレツ	水道管が破裂した。	The water pipe burst.
導管	ドウカン	水道管が破裂した。	The water pipe burst.
冠	カンムリ	ここに冠がある。	There's a crown here.
プラム	プラム	このプラムは食べごろだ。	These plums are ripe.
食べ頃	タベゴロ	このみかんは食べ頃だ。	These oranges are good to eat.
フルーツ	フルーツ	このフルーツは不味い。	This fruit tastes bad.
別々	ベツベツ	別々でお願いします。	Please bill us separately.
相思相愛	ソウシソウアイ	２人は相思相愛なの？	Do they love each other?
捕獲	ホカク	彼らはキツネを罠で捕獲しました。	They trapped the fox.
頑丈	ガンジョウ	このベッドは頑丈そうだ。	This bed seems sturdy.
建物	タテモノ	あの建物を見て。	Look at that building.
緩い	ユルイ	このボタンは緩い。	This button is loose.
通路	ツウロ	２番通路です。	They're in aisle two.
ダイヤモンド	ダイヤモンド	このダイヤモンドは偽物です。	This diamond is fake.
すべすべ	スベスベ	この生地、すべすべね。	This cloth is smooth.
見当	ケントウ	皆目見当がつきません。	I don't have the slightest idea.
ノンカロリー	ノンカロリー	これは、ノンカロリーです。	This has no calories.
トイレットペーパー	トイレットペーパー	これはトイレットペーパーだよ。	This is toilet paper.
元祖	ガンソ	これが元祖よ。	This is the original.
間違え	マチガエ	番号をお間違えです。	You have the wrong number.
狭苦しい	セマクルシイ	この部屋は狭苦しい。	This room is cramped.
金属製	キンゾクセイ	この梯子は金属製だ。	This ladder is metal.
石油	セキユ	トムは石油で財を成した。	Tom made a fortune in oil.
燃料	ネンリョウ	石炭は化石燃料だ。	Coal is a fossil fuel.
ラッキーデー	ラッキーデー	今日は、ラッキーデーです。	Today's my lucky day.
晴天	セイテン	今日は晴天です。	Today is a sunny day.
巨大	キョダイ	木星は巨大だ。	Jupiter is very large.
都市	トシ	東京は巨大都市だ。	Tokyo is a huge city.
固まり	カタマリ	トムは、劣等感の塊だ。	Tom has an inferiority complex.
凧	タコ	凧が木に引っかかった。	The kite got caught in the tree.
電動自転車	デンドウジテンシャ	トムね、電動自転車を買ったのよ。	Tom bought an E-bike.
ばったり	バッタリ	ばったり昔の友達に会った。	I ran into an old friend.
フルート	フルート	トムはフルートが吹けます。	Tom can play a flute.
彫る	ホル	彼は木から仏像を彫った。	He carved a Buddha statue from wood.
還付	カンプ	トムは税金の還付を受けた。	Tom got a tax refund.
洞窟	ドウクツ	トムは洞窟に入ったよ。	Tom entered the cave.
輪	ワ	彼らは輪になった。	They formed themselves into a circle.
贈る	オクル	私は彼に金時計を贈った。	I gave him a gold watch.
美声	ビセイ	トムは美声の持ち主だ。	Tom has a nice voice.
滑舌	カツゼツ	トムは滑舌がいい。	Tom has good diction.
太い	フトイ	トムは首が太いんだ。	Tom has a thick neck.
がっしり	ガッシリ	トムはがっしりした手をしている。	Tom has strong hands.
トレーナー	トレーナー	トムはドッグトレーナーです。	Tom is a dog trainer.
ドッグ	ドッグ	トムはドッグトレーナーです。	Tom is a dog trainer.
訓練士	クンレンシ	トムは犬の訓練士なんだ。	Tom is a dog trainer.
億	オク	トムは億万長者だ。	Tom is a billionaire.
万	マン	トムは億万長者だ。	Tom is a billionaire.
長者	チョウジャ	トムは億万長者だ。	Tom is a billionaire.
好き嫌い	スキキライ	トムは好き嫌いないよ。	Tom isn't a fussy eater.
パーク	パーク	トムはパークレンジャーなんだ。	Tom is a park ranger.
レンジャー	レンジャー	トムはパークレンジャーなんだ。	Tom is a park ranger.
官	カン	トムは自然保護官なんだ。	Tom is a park ranger.
自然	シゼン	火は自然に消えた。	The fire went out by itself.
神経科	シンケイカ	トムは神経科医です。	Tom is a neurologist.
医	イ	トムは神経科医です。	Tom is a neurologist.
カウボーイ	カウボーイ	トムは本物のカウボーイだ。	Tom is a real cowboy.
小僧	コゾウ	トムはわんぱく小僧なんだ。	Tom is a naughty boy.
下戸	ゲコ	トムってね、下戸なのよ。	Tom is a lightweight.
古く	フルク	トムは古くからの友人です。	Tom is an old friend.
監視	カンシ	彼は彼らを監視した。	He kept an eye on them.
盗み聞き	ヌスミギキ	盗み聞きは良くないよ。	You shouldn't eavesdrop.
人見知り	ヒトミシリ	彼女は人見知りをする。	She is shy of strangers.
売買	バイバイ	トムは馬を売買している。	Tom buys and sells horses.
がめつい	ガメツイ	トムは本当にがめつい。	Tom is really greedy.
最強	サイキョウ	トムが最強。	Tom is the strongest.
デザイナー	デザイナー	彼女はデザイナー志望だ。	She wants to be a designer.
垢抜ける	アカヌケ	トムって垢抜けてるね。	Tom is sophisticated.
スリム	スリム	スリムになりたいの？	Do you want to slim down?
殴り倒す	ナグリタオシ	トムは彼を殴り倒した。	Tom knocked him down.
横着	オウチャク	トムは横着な人じゃない。	Tom isn't a lazy man.
玄米	ゲンマイ	トムは玄米が好きなのよ。	Tom likes brown rice.
フォークソング	フォークソング	トムはフォークソングが好きだ。	Tom likes folk music.
白米	ハクマイ	トムは白米が好きなんだよ。	Tom likes white rice.
しゅんと	シュント	トムはしゅんとしてるかもね。	Tom may be depressed.
聴力	チョウリョク	トムは聴力を失った。	Tom lost his hearing.
鳥小屋	トリゴヤ	トムは鳥小屋を作った。	Tom made a birdhouse.
隻腕	セキワン	トムは隻腕です。	Tom only has one arm.
音読	オンドク	トムはそれを音読した。	Tom read it out loud.
擦り剥く	スリムイ	トムは膝を擦りむいた。	Tom scraped his knee.
研ぐ	トグ	トムは斧を研いだ。	Tom sharpened his ax.
斧	オノ	トムは斧を研いだ。	Tom sharpened his ax.
スライス	スライス	トムは玉ねぎをスライスしました。	Tom sliced the onion.
薄切り	ウスギリ	トムは玉ねぎを薄切りにした。	Tom sliced the onion.
薄い	ウスイ	あの人は影が薄い。	He is always in the background.
零す	コボス	トムは牛乳をこぼした。	Tom spilled the milk.
嗅ぐ	カグ	トムは薔薇の匂いを嗅いだ。	Tom smelled the rose.
ぶつぶつ	ブツブツ	顔中にぶつぶつができた。	I have spots coming out all over my face.
阻止	ソシ	トムは阻止しようとしたんだけどね。	Tom tried to stop it.
バルブ	バルブ	トムはバルブを回しました。	Tom turned the valve.
かく	カキ	地図をかきましょうか？	Shall I draw a map for you?
スクーリング	スクーリング	トムはホームスクーリングで育った。	Tom was homeschooled.
有罪	ユウザイ	彼は有罪と宣告された。	He was declared guilty.
判決	ハンケツ	彼は死刑判決を受けた。	He was sentenced to death.
ドライブ	ドライブ	ドライブとかどう？	What do you say to going for a drive?
感激	カンゲキ	トムは感激するだろう。	Tom will be thrilled.
マラソン	マラソン	トム、マラソンで優勝したよ。	Tom won the marathon.
雑	ザツ	トムは仕事が雑だ。	Tom's work is sloppy.
吉日	キツジツ	思い立ったが吉日！	Tomorrow never comes.
思い立つ	オモイタッ	思い立ったが吉日！	Tomorrow never comes.
ステレオ	ステレオ	ステレオの音、小さくしてよ。	Turn down the stereo.
地震	ジシン	地震だった？	Was it an earthquake?
外国人	ガイコクジン	外国人って面白いなあ。	Foreigners are interesting, aren't they?
反射	ハンシャ	水は光を反射する。	Water reflects light.
見失う	ミウシナウ	我々は彼を見失った。	We have lost sight of him.
助け合う	タスケアウ	友達は助け合うものだよ。	Friends help each other.
人手不足	ヒトデフソク	我々は今人手不足だ。	We need more workers.
人手	ヒトデ	もっと人手が必要だ。	We need more workers.
たっぷり	タップリ	時間はたっぷりある。	We have all kinds of time.
散策	サンサク	トムは散策に出かけた。	Tom went for a stroll.
絨毯	ジュウタン	新しいじゅうたんが欲しい。	We want a new carpet.
海岸	カイガン	海岸に行ったよ。	We went to the beach.
目隠し	メカクシ	目隠しをされてたの？	Were you blindfolded?
組	クミ	何組なの？	Which class are you in?
どう	ド	そのあと君はどしたの？	What did you do then?
何曜	ナンヨウ	今日、何曜日？	What day is it today?
鴎	カモメ	カモメは何を食べるの？	What do seagulls eat?
悩む	ナヤム	トムは何を悩んでるの？	What's bothering Tom?
バスケット	バスケット	私たちは昨日バスケットをした。	We played basketball yesterday.
積む	ツム	トムは車に銃を積んでいる。	Tom has a gun in his car.
籠	カゴ	籠の中には何もない。	There's nothing in the basket.
停車駅	テイシャエキ	次の停車駅はどこですか。	What's the next stop?
完成	カンセイ	いつ完成したのですか。	When was it finished?
締め切り	シメキリ	締切りは月曜日です。	The deadline is Monday.
いつ頃	イツゴロ	いつ頃着きますか。	When will they arrive?
クリーニング屋	クリーニングヤ	クリーニング屋はどこですか？	Where is the laundry?
売り場	ウリバ	CD売り場はどこですか？	Where can I buy a CD?
場	バ	洗濯場はどこですか？	Where is the laundry?
ポスト	ポスト	ポスト争いは厳しい。	Competition for the position is very intense.
待ち合わせ	マチアワセ	駅で待ち合わせしようね。	Let's meet at the station.
訪れる	オトズレル	好機は二度訪れない。	Opportunity seldom knocks twice.
麦藁帽子	ムギワラボウシ	僕の麦わら帽子はどこ？	Where's my straw hat?
お手洗い	オテアライ	お手洗いはどこですか？	Where's the bathroom?
洗面所	センメンジョ	洗面所はどこですか？	Where's the washroom?
旦那	ダンナ	旦那様はどこ？	Where's your husband?
植える	ウエル	松の木を植えたんだよ。	I planted a pine tree.
発明	ハツメイ	必要は発明の母。	Necessity is the mother of invention.
何者	ナニモノ	一体、あなたは何者なの？	Who on earth are you?
ソーダ	ソーダ	誰がソーダをこぼしたの？	Who spilled the soda?
ホームラン	ホームラン	誰が一番ホームランを打ったの？	Who hit the most home runs?
葉っぱ	ハッパ	どうして葉っぱは、緑色なの？	Why are leaves green?
裸足	ハダシ	どうして裸足なの？	Why are you barefoot?
回転	カイテン	彼は頭の回転が速い。	He has a good head on his shoulders.
躊躇う	タメラウ	躊躇うものは失敗する。	He who hesitates is lost.
ふく	フキ	顔を奇麗にふきなさい。	Wipe your face clean.
限る	カギル	君が勝つとは限らない。	You may or may not win.
腰抜け	コシヌケ	お前は腰抜けなんかじゃないよ。	You are not a coward.
干渉	カンショウ	干渉しないで。	You keep out of this.
謝罪	シャザイ	君は謝罪すべきだ。	You should apologize.
推測	スイソク	単なる推測だろ。	You're just guessing.
垂れる	タレル	鼻水がたれているよ。	Your nose is running.
正常	セイジョウ	体温は正常です。	Your temperature's normal.
荷物	ニモツ	荷物が届いた。	A package has arrived.
小耳	コミミ	小耳に挟んだよ。	A little bird told me.
人伝て	ヒトヅテ	人づてに聞いたよ。	A little bird told me.
付き物	ツキモノ	犠牲はつきものさ。	Casualties are expected.
ブラッディー	ブラッディー	ブラッディーマリーをください。	A Bloody Mary, please.
マリー	マリー	トムはマリーに賛同しない。	Tom doesn't agree with Mary.
持つ	モツ	僕が持つよ。	Let me carry it for you.
不測	フソク	不測の事態は起こるもの。	Accidents will happen.
事態	ジタイ	事態は急変した。	There was a sudden change in the situation.
新入生	シンニュウセイ	新入生の方ですか？	Are you a new student?
口説く	クドイ	私のこと、口説いてるの？	Are you hitting on me?
減量	ゲンリョウ	減量中なの？	Are you losing weight?
ハイヒール	ハイヒール	ハイヒール履いてるの？	Are you wearing heels?
当時	トウジ	当時私は学生だった。	I was a student at that time.
悪事	アクジ	悪事千里を走る	Bad news travels fast.
千里	センリ	悪事千里を走る	Bad news travels fast.
哺乳瓶	ホニュウビン	哺乳瓶は煮沸消毒すること。	Boil the milk bottles.
消毒	ショウドク	哺乳瓶は煮沸消毒すること。	Boil the milk bottles.
煮沸	シャフツ	哺乳瓶は煮沸消毒すること。	Boil the milk bottles.
労る	イタワル	老人をいたわりなさい。	Be kind to old people.
掏摸	スリ	スリに注意。	Beware of pickpockets.
年寄り	トシヨリ	彼女はお年寄りに親切です。	She is kind to old people.
やさしい	ヤサシク	お年寄りにはやさしくしなさい。	Be kind to old people.
ハンマー	ハンマー	このハンマーを使うな。	Don't use this hammer.
絞る	シボル	おしぼり持ってきて。	Bring me a damp towel.
果たして	ハタシテ	そのうわさは果たして本当だろうか。	Can the rumor be true?
石炭	セキタン	石炭は化石燃料だ。	Coal is a fossil fuel.
化石	カセキ	石炭は化石燃料だ。	Coal is a fossil fuel.
日向ぼっこ	ヒナタボッコ	猫が日向ぼっこしてたよ。	The cat was basking in the sun.
示す	シメス	コンパスは北を示す。	Compasses point north.
コンパス	コンパス	コンパスは北を示す。	Compasses point north.
甲殻類	コウカクルイ	蟹は甲殻類だよ。	Crabs are crustaceans.
蟹	カニ	蟹は甲殻類だよ。	Crabs are crustaceans.
御襁褓	オムツ	オムツは高いね。	Diapers are expensive.
預ける	アズケル	鍵は私に預けたら？	Why don't you leave your key with me?
申し込む	モウシコム	奨学金を申し込むつもりだよ。	I'm going to apply for a scholarship.
出向く	デムク	私がそこに出向く必要がありますか。	Do I need to go there?
乗り換え	ノリカエ	乗り換えは必要ですか。	Do I need to transfer?
パートナー	パートナー	パートナーはいますか？	Do you have a partner?
プリンター	プリンタ	プリンター持ってる？	Do you have a printer?
空き部屋	アキベヤ	空き部屋はありますか。	Do you have a vacancy?
イヤホン	イヤホン	イヤホン持ってる？	Do you have earphones?
単語	タンゴ	難しい単語です。	It's a difficult word.
土弄り	ツチイジリ	土いじりは好きかい？	Do you like gardening?
ガーデニング	ガーデニング	ガーデニングは好き？	Do you like gardening?
サイズ	サイズ	靴のサイズはいくつ？	What's your shoe size?
ルートビア	ルートビア	ルートビアって、好き？	Do you like root beer?
庭弄り	ニワイジリ	庭いじりは好き？	Do you like gardening?
ホットドッグ	ホットドッグ	ホットドッグが欲しいの？	Do you want a hot dog?
醜い	ミニクイ	私を醜いと思いますか。	Do you think I'm ugly?
入浴剤	ニュウヨクザイ	入浴剤は使ってる？	Do you use bath salts?
プレッツェル	ブレッツェル	ブレッツェル、食べる？	Do you want a pretzel?
プレッツェル	プレッツェル	プレッツェル、欲しい？	Do you want a pretzel?
スカーフ	スカーフ	トムってスカーフ持ってるの？	Does Tom have a scarf?
マフラー	マフラー	トムってマフラー持ってる？	Does Tom have a scarf?
サイクリング	サイクリング	私はサイクリングに行きたいな。	I'd like to go cycling.
つめ	ツメ	つめを噛むんじゃない。	Don't bite your nails.
包み紙	ツツミガミ	包み紙は食べちゃダメよ。	Don't eat the wrapper.
て	ッチャ	目をつむっちゃ駄目。	Don't close your eyes.
つむ	ツム	目をつむっちゃ駄目。	Don't close your eyes.
抱き上げる	ダキアゲ	猫を抱き上げてはだめよ。	Don't pick up the cat.
他人	タニン	他人より身内。	Blood is thicker than water.
漏らす	モラス	彼女は秘密をもらした。	She let the secret out.
不用意	フヨウイ	不用意に秘密を洩らしちゃだめだよ。	Don't spill the beans.
抓る	ツネラ	僕のほっぺつねらないで！	Don't pinch my cheeks.
深刻	シンコク	深刻な問題だな。	It's a serious problem.
口答え	クチゴタエ	口答えするな。	Don't talk back to me.
ベルト	ベルト	それ、私があげたベルト？	Is that the belt I gave you?
想定	ソウテイ	想定の範囲外だ。	I never imagined anything like this.
想定外	ソウテイガイ	想定外を想定せよ。	Expect the unexpected.
大陸	タイリク	ヨーロッパは大陸です。	Europe is a continent.
不可能	フカノウ	それはほとんど不可能だ。	It is next to impossible.
奇遇	キグウ	まさかこんなところでお会いするとは、奇遇ですね。	Fancy seeing you here.
其々	ソレゾレ	人それぞれです。	Everyone is different.
シートベルト	シートベルト	シートベルトするの忘れてた。	I forgot to put on my seatbelt.
着ける	ツケ	時間通りには着けないよ。	You won't get there on time.
創造	ソウゾウ	神が世界を創造した。	God created the world.
鍵束	カギタバ	私の鍵束を見かけなかった？	Have you seen my keys?
FAQ	エフエーキュー	FAQは読まれましたか？	Have you read the FAQ?
読み	ヨミ	「よくある質問」はお読みになりましたか？	Have you read the FAQ?
聖者	セイジャ	彼は聖者のようにふるまった。	He acted like a saint.
放棄	ホウキ	その計画は放棄された。	The plans were discarded.
舞台	ブタイ	彼は舞台に立った。	He acted on the stage.
左腕	サワン	彼は左腕を骨折した。	He broke his left arm.
つとめる	ツトメ	彼は私の通訳をつとめてくれた。	He interpreted for me.
住居	ジュウキョ	彼は住居に侵入した。	He broke into a house.
侵入	シンニュウ	彼は住居に侵入した。	He broke into a house.
呼ばわり	ヨバワリ	私を泥棒呼ばわりするの？	Are you calling me a thief?
読み書き	ヨミカキ	彼は読み書きができる。	He can read and write.
自力	ジリキ	彼は自力で食べれない。	He can't feed himself.
イギリス	イギリス	彼はイギリス出身である。	He comes from England.
追い払う	オイハラッ	彼はその犬を追い払った。	He drove the dog away.
中古車	チュウコシャ	彼は中古車を扱っている。	He deals in used cars.
扱う	アツカウ	彼は扱いにくい。	He is hard to deal with.
横断	オウダン	彼は道路を横断した。	He crossed the street.
家具屋	カグヤ	彼は家具屋だ。	He deals in furniture.
大いに	オオイニ	彼はおおいに稼ぐ。	He earns a great deal.
値	アタイ	彼はその賞に値する。	He deserves the prize.
大金	タイキン	大金を運んでるの？	Are you carrying a lot of money?
10000	イチマン	１万円でたりる？	Will ten thousand yen do?
高給	コウキュウ	弁護士は高給取りだ。	Lawyers are well paid.
保証人	ホショウニン	彼が借金の保証人になってくれた。	He guaranteed my debt.
うつす	ウツサ	彼にひどい風邪をうつされた。	He gave me a bad cold.
90	キュウレイ	直角は９０度である。	A right angle has ninety degrees.
日本製	ニホンセイ	この車は日本製だ。	This car was made in Japan.
たんまり	タンマリ	副業でたんまり儲けたんだ。	I made a lot of money on the side.
絶対的	ゼッタイテキ	彼は絶対的な権力を持っている。	He has absolute power.
知恵	チエ	彼は知恵のある人だ。	He is a man of wisdom.
実行力	ジッコウリョク	彼は実行力のある人です。	He is a man of action.
行動力	コウドウリョク	彼は行動力がある。	He is a man of action.
賢者	ケンジャ	彼は賢者だ。	He is a man of wisdom.
助言	ジョゲン	ご助言、感謝します。	I appreciate your advice.
人物	ジンブツ	彼は立志伝中の人物だ。	He is a self-made man.
立志伝	リッシデン	彼は立志伝中の人物だ。	He is a self-made man.
通訳	ツウヤク	トムって通訳なんだよ。	Tom is an interpreter.
朗らか	ホガラカ	彼はいつも朗らかだ。	He is always cheerful.
陽気	ヨウキ	彼はいつも陽気だ。	He is always cheerful.
士官	シカン	彼は陸軍士官だ。	He is an army officer.
データ	データ	彼はデータを集めている。	He is collecting data.
狂	キョウ	彼は音楽狂だ。	He is mad about music.
窃盗	セットウ	彼には窃盗の罪がある。	He is guilty of theft.
只者	タダモノ	あいつはただ者ではない。	He is no ordinary man.
親しい	シタシイ	彼は親しい友人だ。	He is my close friend.
偽る	イツワル	彼は年齢を偽った。	He lied about his age.
非常識	ヒジョウシキ	彼は非常識だ。	He lacks common sense.
ハムエッグ	ハムエッグ	彼はハムエッグが好きです。	He likes ham and eggs.
飛び出す	トビダス	彼は家を飛び出した。	He ran away from home.
名刺	メイシ	名刺、持ってる？	Do you have a business card?
転がり落ちる	コロガリオチ	彼はベッドから転がり落ちた。	He rolled off the bed.
家出	イエデ	彼は家出をした。	He ran away from home.
女優	ジョユウ	彼は女優と結婚した。	He married an actress.
踏み消す	フミケシ	彼は火を踏み消した。	He stamped out a fire.
整理	セイリ	荷物を整理したいのですが。	I'd like to put my belongings away.
傾向	ケイコウ	彼は怠ける傾向がある。	He's inclined to be lazy.
新生活	シンセイカツ	彼は新生活を始めた。	He started a new life.
片付け	カタヅケ	彼は部屋の片付けをした。	He tidied up his room.
寝返り	ネガエリ	彼は寝返りをうった。	He turned over in bed.
うつ	ウッ	彼は寝返りをうった。	He turned over in bed.
前方	ゼンポウ	彼は私の前方を歩いた。	He walked ahead of me.
アフリカ	アフリカ	彼はアフリカで生まれた。	He was born in Africa.
跛	ビッコ	彼はびっこを引いていた。	He walked with a limp.
気難しい	キムズカシイ	彼は気難しかった。	He was hard to please.
真後ろ	マウシロ	彼は私の真後ろにいた。	He was just behind me.
丘	オカ	学校は丘の上だ。	The school is on the hill.
青年	セイネン	青年は失恋した。	The young man was disappointed in love.
教職	キョウショク	彼は教職に就いた。	He went into teaching.
風変わり	フウガワリ	トムは風変わりな老人だ。	Tom is a cranky old man.
同然	ドウゼン	彼は赤子同然だ。	He's just like a baby.
商用	ショウヨウ	彼は商用で旅をした。	He traveled on business.
赤子	アカゴ	彼は赤子同然だ。	He's just like a baby.
一風	イップウ	彼って一風変わった人だよね。	He's a strange person.
底抜け	ソコヌケ	彼は底抜けの馬鹿だ。	He's an absolute fool.
デオドラント	デオドラント	はい、デオドラント。	Here's some deodorant.
説得力	セットクリョク	彼の話は説得力がある。	His story sounds true.
尤も	モットモ	お怒りはごもっともです。	I understand your anger.
きく	キキ	おい、口のきき方に気をつけろ。	Hey, watch your mouth.
捏ち上げ	デッチアゲ	彼の話はでっち上げだ。	His story was made up.
琵琶湖	ビワコ	琵琶湖は日本最大の湖です。	Lake Biwa is the largest lake in Japan.
増やす	フヤス	彼は貯金を増やした。	He added to his savings.
なれる	ナレル	私を愛せるようになれる？	Can you learn to love me?
箇月	カゲツ	妊娠４か月です。	I'm four months pregnant.
重さ	オモサ	雪の重さで家がつぶれた。	The house collapsed under the weight of snow.
搾乳	サクニュウ	牛の搾乳ってどうやるの？	How do you milk a cow?
位	クライ	どれ位かかりますか。	How long will it take?
麦粉	ムギコ	ライ麦粉はいくらですか？	How much is rye flour?
ライ	ライ	ライ麦粉はいくらですか？	How much is rye flour?
名	ナ	彼女は名演説をした。	She made a good speech.
何人	ナンニン	何人兄弟なの？	How many brothers do you have?
負傷者	フショウシャ	負傷者は何人でしたか？	How many were injured?
いか	イカ	この指輪、いかほどですか？	How much is this ring?
道幅	ミチハバ	彼らは道幅を広げた。	They widened the road.
吹き消す	フキケシ	トムは蝋燭を吹き消した。	Tom blew out the candles.
追加	ツイカ	一覧に追加し忘れてた。	I forgot to add that to my list.
ダース	ダース	卵が半ダースある。	We have a half-dozen eggs.
何枚	ナンマイ	服を何枚か買ったよ。	I bought some clothes.
着	キ	作業着に着替えなきゃ。	I have to change into my work clothes.
縦列	ジュウレツ	縦列駐車が苦手なのよ。	I'm not good at parallel parking.
テキーラ	テキーラ	テキーラは飲めないんだ。	I can't drink tequila.
モチベーション	モチベーション	モチベーションが失せた。	I've lost my motivation.
持ち上がる	モチアガラ	この箱が持ち上がらないんだよ。	I can't lift this box.
ドイツ語	ドイツゴ	ドイツ語は話せません。	I cannot speak German.
最終バス	サイシュウバス	最終バスに間に合ったよ。	I caught the last bus.
薪割り	マキワリ	トムは薪割りしてるよ。	Tom is chopping firewood.
番号	バンゴウ	番号が違いますよ。	You have the wrong number.
ジョーク	ジョーク	彼のジョークに笑ったよ。	I laughed at his joke.
標識	ヒョウシキ	標識は見ませんでした。	I didn't see the sign.
ジム	ジム	今日はジムに行くの？	Are you going to the gym today?
ミント	ミント	ミントティーは、苦手なのよ。	I don't like mint tea.
考え方	カンガエカタ	トムの考え方、好きだな。	I like the way Tom thinks.
飛び込む	トビコム	僕は川に飛び込んだ。	I dove into the river.
語	ゴ	僕は三カ国語を話す。	I speak three languages.
スウェーデン	スウェーデン	私はスウェーデン語を話せません。	I don't speak Swedish.
むかつく	ムカツイ	ムカついてきた。	I started to get annoyed.
縄梯子	ナワバシゴ	縄梯子、見っけ。	I've found the rope ladder.
生まれ変わる	ウマレカワッ	生まれ変わった気分だよ。	I feel like a new man.
うつす	ウツシ	私は彼に風邪をうつした。	I gave my cold to him.
飴玉	アメダマ	私は彼女にアメ玉を出してあげた。	I gave her some candy.
テキスト	テキスト	トムからテキストを受け取ったよ。	I got a text from Tom.
奨学金	ショウガクキン	奨学金をもらいました。	I got the scholarship.
大幅	オオハバ	給料が大幅に上がったんだ。	I got a big pay raise.
濡れ鼠	ヌレネズミ	僕は濡れねずみになった。	I got wet to the skin.
占う	ウラナウ	私は運勢を占ってもらった。	I had my fortune told.
運勢	ウンセイ	私は運勢を占ってもらった。	I had my fortune told.
仕立てる	シタテル	そのスーツはどこで仕立てたの？	Where did you have the suit made?
間一髪	カンイッパツ	間一髪で助かったんだよ。	I had a narrow escape.
雪掻き	ユキカキ	雪かき大っ嫌い。	I hate shoveling snow.
ルックス	ルックス	私は自分のルックスが嫌いだ。	I hate the way I look.
利用	リヨウ	彼らは図書館を利用できる。	They have access to the library.
図書	トショ	図書カードあるよ。	I have a library card.
観光	カンコウ	観光で来てるんです。	I've come to see the sights.
親戚	シンセキ	あの人たちは親戚なの？	Are they your relatives?
持ち合わせ	モチアワセ	金の持ち合わせがない。	I have no money on me.
合鍵	アイカギ	合鍵があるよ。	I have the master key.
生命保険	セイメイホケン	私は生命保険に入っています。	I have life insurance.
マスターキー	マスターキー	マスターキーを持ってます。	I have the master key.
元妻	モトツマ	元妻は３人いるよ。	I have three ex-wives.
地下	チカ	地下に隠れました。	I hid in the basement.
すすめる	ススメ	強くおすすめします。	I highly recommend it.
個人的	コジンテキ	それって、個人的意見？	Is that a personal opinion?
パイロット	パイロット	彼はパイロットになる決意をした。	He made up his mind to be a pilot.
大勢	オオゼイ	大勢の人が見てた？	Were there many people watching?
ダーク	ダーク	ダークチョコが好きです。	I like dark chocolate.
フランス料理	フランスリョウリ	フランス料理が好きなんだ。	I like French cooking.
魚介類	ギョカイルイ	魚介類が好きなんだ。	I like eating seafood.
コットン	コットン	コットンの服が好き。	I like cotton clothes.
リキュール	リキュール	コーヒーリキュール、好きだよ。	I like coffee liqueur.
堤防	テイボウ	堤防が洪水を防いだ。	The levee kept the floodwater back.
アパート	アパート	いいアパートね。	This is a great apartment.
田舎	イナカ	僕は田舎で育った。	I grew up in the country.
主題歌	シュダイカ	その主題歌が好きなの。	I like the theme song.
ローラースケート	ローラースケート	ローラースケートが大好きです。	I love roller skating.
胡瓜	キュウリ	きゅうり嫌いなんだ。	I don't like cucumbers.
出会す	デクワシ	偶然、彼女に出くわした。	I met her by accident.
大儲け	オオモウケ	大儲けしたい。	I want to make a lot of money.
水着	ミズギ	新しい水着がいるの。	I need a new swimsuit.
マットレス	マットレス	新しいマットレスがいるな。	I need a new mattress.
凡そ	オヨソ	私はおよそ５０ドル払った。	I paid about 50 bucks.
仕舞い	ジマイ	彼の名前は分からずじまいだったな。	I never knew his name.
パス	パス	テストは全てパスした。	I passed all my tests.
植樹	ショクジュ	松の木を植樹しました。	I planted a pine tree.
オススメ	オススメ	この本、オススメよ。	I recommend this book.
牡丹	ボタン	牡丹が大好きなの。	I really like peonies.
大々	ダイダイ	花が、大大大好きなんだ。	I really love flowers.
遣り甲斐	ヤリガイ	自分の仕事にやりがいを感じています。	I really love my work.
うつ伏せ	ウツブセ	私はうつぶせに寝た。	I slept on my stomach.
日中	ニッチュウ	日中は仕事をしてます。	I work during the day.
危機	キキ	命の危機を感じた。	I felt my life was in danger.
瀕する	ヒンシ	象は絶滅の危機に瀕している。	Elephants are in danger of dying out.
魔女	マジョ	あの子、魔女じゃないかな。	I think she's a witch.
想像力	ソウゾウリョク	想像力を働かせた。	I used my imagination.
一切れ	ヒトキレ	パイ一切れちょうだい。	I want a piece of pie.
韓国	カンコク	韓国に行ってみたい。	I want to visit Korea.
びくびく	ビクビク	彼はびくびくしている。	He is afraid of his own shadow.
濡れ衣	ヌレギヌ	濡れ衣を着せられた。	I was falsely accused.
着せる	キセル	濡れ衣を着せられた。	I was falsely accused.
噎せる	ムセ	煙でむせた。	I was choked by smoke.
食わす	クワサ	あいつに一杯食わされた。	I was deceived by him.
途方	トホウ	私は途方に暮れた。	I was at my wit's end.
昼間	ヒルマ	昼間は働いてます。	I work during the day.
マック	マック	マックで働いてるよ。	I work for McDonald's.
マクドナルド	マクドナルド	マクドナルドで働いてるんだ。	I work for McDonald's.
以後	イゴ	以後こんなことはいたしません。	I won't do this again.
チェックアウト	チェックアウト	チェックアウトお願いします。	I'd like to check out.
賭ける	カケル	賭けてもいいよ。	I'd bet my life on it.
状況	ジョウキョウ	状況は最悪だ。	The situation is ugly.
道案内	ミチアンナイ	道案内してあげるよ。	I'll show you the way.
大学生	ダイガクセイ	大学生です。	I'm a college student.
印刷	インサツ	すぐ印刷します。	I'll print it quickly.
高所	コウショ	高所恐怖症なんだ。	I'm afraid of heights.
恐怖症	キョウフショウ	高所恐怖症なんだ。	I'm afraid of heights.
凍え死ぬ	コゴエシニ	凍え死にそう。	I'm freezing to death.
影響	エイキョウ	喫煙は健康に影響する。	Smoking affects our health.
語学	ゴガク	語学は得意だよ。	I'm good at languages.
来月	ライゲツ	来月子供を生みます。	She will have a baby next month.
ジョン	ジョン	ジョンは私の２個上。	John's two years older than me.
争う	アラソウ	私は彼と優勝を争った。	I competed with him for the championship.
あんま	アンマ	それあんま関係なくない？	That's not really the issue, is it?
騒音	ソウオン	私は騒音になれている。	I'm used to the noise.
ウォーキング	ウォーキング	今、ウォーキング中。	I'm walking right now.
物忘れ	モノワスレ	物忘れがひどいんです。	I've become forgetful.
ブラックリスト	ブラックリスト	ブラックリストに載ってしまった。	I've been blacklisted.
発見	ハッケン	私は発見をした。	I've made a discovery.
何度	ナンド	あなたの体温は何度？	What's your temperature?
カンカン	カンカン	トムって、私のことカンカンに怒ってる？	Is Tom very mad at me?
ガチ	ガチ	トムって、私にガチでキレてる？	Is Tom very mad at me?
直行便	チョッコウビン	それは直行便ですか。	Is it a direct flight?
インストール	インストール	インストールは簡単ですか？	Is it easy to install?
アクション	アクション	それはアクション映画なの？	Is it an action movie?
見合う	ミアッ	見合った価値があるか？ないか？	Is it worth it or not?
ピーナッツバター	ピーナッツバター	それって、ピーナッツバターなの？	Is that peanut butter?
歯ブラシ	ハブラシ	それは僕の歯ブラシですか？	Is that my toothbrush?
香水	コウスイ	香水つけてる？	Are you wearing perfume?
サテン	サテン	それがサテンのドレス？	Is that a satin dress?
寝室	シンシツ	あれはトムの寝室？	Is that Tom's bedroom?
ドレスコード	ドレスコード	ドレスコードはありますか？	Is there a dress code?
ルームメート	ルームメイト	あの人がルームメイトなの？	Is that your roommate?
スクールバス	スクールバス	スクールバスがあるの？	Is there a school bus?
生き物	イキモノ	火星に生き物はいるの？	Is there life on Mars?
ねんね	ネンネ	赤ちゃん、ねんねしてるの？	Is your baby sleeping?
霜	シモ	ゆうべ霜が降りた。	It frosted last night.
大成功	ダイセイコウ	大成功だった。	It was a huge success.
詐欺	サギ	詐欺臭いな。	It sounds like a scam.
夜中	ヨナカ	夜中過ぎだったよ。	It was after midnight.
土曜	ドヨウ	土曜の夜だった。	It was Saturday night.
骨	ホネ	彼は犬に骨をやった。	He gave the dog a bone.
温か	アタタカ	晴れていて暖かでした。	It was sunny and warm.
症状	ショウジョウ	よくある症状です。	It's a common symptom.
筋	スジ	筋が通ってないだろう。	It would be illogical.
懐中電灯	カイチュウデントウ	誰か懐中電灯持ってない？	Does anyone have a flashlight?
一種	イッシュ	これはパンの一種だ。	This is a kind of bread.
時間帯	ジカンタイ	毎日働く時間帯が違うんです。	I work different hours every day.
ラッシュアワー	ラッシュアワー	もうすぐラッシュアワーの時間帯に入る。	It's almost rush hour.
道徳	ドウトク	それは道徳上の問題だ。	It's a moral question.
好物	コウブツ	それは、わたしの好物です。	It's my favorite food.
見積もり	ミツモリ	あくまでも見積もりです。	It's only an estimate.
飽くまで	アクマデ	あくまでも見積もりです。	It's only an estimate.
梅雨	ツユ	梅雨です。	It's the rainy season.
時期	ジキ	今話すのは時期尚早だ。	It's too soon to tell.
尚早	ショウソウ	今話すのは時期尚早だ。	It's too soon to tell.
イタリアン	イタリアン	イタリアンパスタは旨いよ。	Italian pasta is delicious.
取り付く	トッツキ	とても取っ付き易いよ。	It's very easy to use.
木星	モクセイ	木星は巨大だ。	Jupiter is very large.
き	シ	ちょっとここに置かしといて。	Just put it down here.
島国	シマグニ	日本は島国だ。	Japan is an island country.
取り敢えず	トリアエズ	とりあえず、忘れましょう。	Let's forget it for now.
取り	トリ	弁護士は高給取りだ。	Lawyers are well paid.
有袋類	ユウタイルイ	コアラは有袋類なんだよ。	Koalas are marsupials.
金柑	キンカン	キンカンって美味しいよ。	Kumquats is delicious.
逃がす	ニガス	好機を逃がすな。	Strike while the iron's hot.
換気	カンキ	換気しろよ。	Let some fresh air in.
祟る	タタリ	触らぬ神に祟りなし。	Let sleeping dogs lie.
かえる	カエ	洗剤かえた？	Did you change detergents?
河岸	カシ	ちょいとここらで河岸をかえましょうや。	Let's get out of here.
試し	タメシ	物は試し。	You'll never know unless you try.
論議	ロンギ	論議を終えましょう。	Let's end this debate.
洋服	ヨウフク	お洋服着ましょうね。	Let's get you dressed.
ビーチ	ビーチ	ビーチに行きましょう。	Let's go to the beach.
寝転がる	ネコロガロウ	砂の上に寝転がろうよ。	Let's lie on the sand.
バレーボール	バレーボール	バレーボールは得意？	Are you good at volleyball?
後回し	アトマワシ	食事は後回しにしよう。	Let's postpone dinner.
栗	クリ	栗を焼こう。	Let's roast chestnuts.
値札	ネフダ	値札を見て。	Look at the price tag.
花見	ハナミ	あのお花見て。	Look at those flowers.
円盤	エンバン	見て！空飛ぶ円盤よ！	Look! A flying saucer!
ワーキングママ	ワーキングママ	メアリーはワーキングママです。	Mary is a working mom.
印	シルシ	正解に印をつけてください。	Please mark the correct answer.
ワーキングマザー	ワーキングマザー	メアリーはワーキングマザーです。	Mary is a working mom.
アカウント	アカウント	アカウントがBANされた。	My account got banned.
BAN	ビーエーエヌ	アカウントがBANされた。	My account got banned.
寮	リョウ	同じ寮なんだ。	We all live in the same dorm.
食生活	ショクセイカツ	食生活を変えるべき？	Do I have to change my diet?
健康的	ケンコウテキ	トムはいつも健康的です。	Tom is always healthy.
人差し指	ヒトサシユビ	人差し指が痛い。	My index finger hurts.
ミドルネーム	ミドルネーム	僕のミドルネームはトムです。	My middle name is Tom.
リュックサック	リュックサック	僕のリュックサック、めっちゃ重たいんだ。	My pack is very heavy.
リュック	リュック	彼女はリュックを背負っている。	She is carrying a backpack on her back.
筋肉痛	キンニクツウ	全身筋肉痛だ。	My whole body is sore.
真下	マシタ	私の部屋はこの真下です。	My room is just below.
擦り減る	スリヘッ	靴がすり減った。	My shoes are worn out.
右手	ミギテ	右手がしびれます。	My right hand is numb.
生き甲斐	イキガイ	仕事が生き甲斐です。	My work is my passion.
前もって	マエモッテ	前もってお知らせします。	I'll let you know beforehand.
コントロール	コントロール	コントロールを失い始めた。	I began to lose control.
傾ける	カタムケル	それに全身全霊を傾けた。	He put all his heart and soul into it.
思い浮かぶ	オモイウカバ	何も思い浮かばない。	Nothing comes to mind.
豚	ブタ	豚は小屋にいない。	The pigs aren't in the pen.
内密	ナイミツ	ご内密にお願いします。	Please keep it secret.
暗証番号	アンショウバンゴウ	暗証番号を入力してください。	Please enter your PIN.
用紙	ヨウシ	用紙に自分の名を記入した。	I filled in my name on the form.
キャンドル	キャンドル	キャンドルに火を灯してください。	Please light a candle.
灯す	トモス	やろうともしてないですね。	You haven't even tried.
プライバシー	プライバシー	プライバシーなんて存在しない。	Privacy doesn't exist.
ペスト	ペスト	ネズミはペストを媒介します。	Rats carry the plague.
媒介	バイカイ	ネズミはペストを媒介します。	Rats carry the plague.
塗り	ヌリ	日焼け止め塗りな。	Put on some sunscreen.
繁殖	ハンショク	うさぎは繁殖が早い。	Rabbits breed quickly.
流行	リュウコウ	流行はすぐ変わります。	Fashions change quickly.
幻想	ゲンソウ	幻想の命は短い。	Illusions are short lived.
体験	タイケン	あなたの体験を教えて。	Share your experience.
カタログ	カタログ	カタログを送ってください。	Please send me a catalog.
達する	タッスル	彼女は目的を達した。	She achieved her goal.
劇	ゲキ	その劇は好評だった。	That play was popular.
船便	フナビン	船便で出してください。	Send this by sea mail.
一部	イチブ	屋根の一部が吹っ飛んだ。	Part of the roof blew off.
気絶	キゼツ	気絶しそうだ。	I think I'm going to faint.
青白い	アオジロイ	具合が悪いの？顔が青白いよ。	Are you sick? You look pale.
浮かべる	ウカベル	母は涙を浮かべていた。	My mother was in tears.
裁縫	サイホウ	彼女は裁縫が上手です。	She can sew very well.
差し出す	サシダス	彼女は手を差し出した。	She held out her hand.
スタイル	スタイル	彼女はスタイルがいい。	She has a good figure.
縫う	ヌウ	これ手で縫ったの？	Did you sew this by hand?
ニューヨーク	ニューヨーク	ニューヨークは大きな都市だ。	New York is a big city.
今家	イマイエ	彼は今家にいます。	He's at home right now.
歌唱法	カショウホウ	彼女は私達に歌唱法を教授してくれた。	She taught us singing.
外れ	ハズレ	彼女は調子外れに歌う。	She sings out of tune.
逆立ち	サカダチ	彼女は逆立ちをした。	She stood on her head.
パンプス	パンプス	彼女はパンプスをはいていた。	She was wearing pumps.
断つ	タツ	彼女は自らの命を絶った。	She took her own life.
自ら	ミズカラ	彼女は自らの命を絶った。	She took her own life.
ポルトガル語	ポルトガルゴ	彼女はポルトガル語を話します。	She speaks Portuguese.
雑草	ザッソウ	彼女は庭の雑草を抜いた。	She weeded the garden.
極まる	キワマル	彼女は感極まって泣いた。	She wept with emotion.
120	イチニレイ	彼女は体重が１２０ポンドある。	She weighs 120 pounds.
81	ハチイチ	彼女は８１才になった。	She turned eighty-one.
滑り出し	スベリダシ	彼女は順調な滑り出しを切っている。	She's off and running.
洒落る	シャレル	彼女しゃれた格好してるね。	She's smartly dressed.
無知	ムチ	彼女はかなり無知である。	She's rather clueless.
具体的	グタイテキ	具体的に何を見たの？	What did you see exactly?
表す	アラワス	沈黙は同意を表す。	Silence gives consent.
負かす	マカス	いつか負かしてやる！	Someday I'll beat you.
すむ	スマ	すまんミスった。	Sorry, I made a mistake.
クオリティー	クオリティ	音のクオリティが大事だ。	Sound quality matters.
流れ	ナガレ	流れはさほど速くない。	The stream isn't very swift.
呉々	クレグレ	くれぐれもお体をお大事に。	Take care of yourself.
御玉杓子	オタマジャクシ	おたまじゃくしみたいね。	It looks like a tadpole.
使い方	ツカイカタ	使い方教えて。	Tell me how to use it.
感想	カンソウ	感想聞かせてね。	Tell me your thoughts.
城	シロ	この城は美しい。	The castle is beautiful.
ベビーカー	ベビーカー	そのベビーカーはうちのです。	That stroller is ours.
賢明	ケンメイ	あれは賢明だったな。	That was a smart move.
好評	コウヒョウ	その劇は好評だった。	That play was popular.
あー	ア	ざまあ見ろ。	That serves you right.
嘘八百	ウソハッピャク	あれは嘘八百だ。	That's a pack of lies.
嘘っぱち	ウソッパチ	それは嘘っぱちだよ。	That's a flat-out lie.
別問題	ベツモンダイ	それは別問題だ。	That's another matter.
もみ	モミ	それって、もみの木じゃないよ。	That's not a fir tree.
北斗七星	ホクトシチセイ	あれは北斗七星だよ。	That's the Big Dipper.
にこ	ニコッ	赤ちゃんが僕に、ニコッとしてくれたんだ。	The baby smiled at me.
ナイル	ナイル	ナイル川はアフリカにあります。	The Nile is in Africa.
燃え尽きる	モエツキ	ロウソクが燃え尽きた。	The candle burned out.
チキン	チキン	チキン美味しかった。	The chicken was great.
又もや	マタモヤ	またもや、バスが遅れてる。	The bus is late again.
引き出し	ヒキダシ	机の引き出しが開いている。	The desk drawer is open.
かちり	カチリ	ドアがカチリと音をたてて閉まった。	The door clicked shut.
群集	グンシュウ	群衆は静かになった。	The crowd calmed down.
フォント	フォント	フォントが大きすぎます。	The font is too large.
処刑	ショケイ	王は処刑された。	The king was executed.
王	オウ	王は処刑された。	The king was executed.
蛇口	ジャグチ	蛇口が水漏れしてるんです。	The faucet is leaking.
水漏れ	ミズモレ	蛇口が水漏れしてるんです。	The faucet is leaking.
切れ	キレ	鮭を３切れ下さい。	Give me three pieces of salmon.
薬缶	ヤカン	薬缶のお湯が沸いている。	The kettle is boiling.
実験	ジッケン	実験は成功だった。	The experiment succeeded.
家賃	ヤチン	家賃は払った？	Have you paid the rent?
棚	タナ	棚は空っぽです。	The shelves are empty.
水位	スイイ	川の水位が非常に低い。	The river is very low.
外部	ガイブ	秘密が外部に漏れた。	The secret leaked out.
汁	シル	お汁はまだ熱いよ。	The soup is still hot.
ぱちん	パチン	シャボン玉がパチンと割れた。	The soap bubble burst.
つるんつるん	ツルンツルン	道路はつるんつるんだった。	The road was slippery.
すばしこい	スバシッコク	その泥棒はすばしっこく走った。	The thief ran quickly.
潮	シオ	潮が満ち始めている。	The tide is coming in.
生温い	ナマヌルイ	その水、生ぬるいよ。	The water is lukewarm.
条約	ジョウヤク	その条約は調印された。	The treaty was signed.
調印	チョウイン	その条約は調印された。	The treaty was signed.
天候	テンコウ	天候が急に変化した。	There was a sudden change in the weather.
1954	イチキュウゴヨン	その戦争は１９５４年に終わった。	The war ended in 1954.
1941	イチキュウヨンイチ	開戦は、1941年だった。	The war began in 1941.
開戦	カイセン	開戦は、1941年だった。	The war began in 1941.
手洗い	テアライ	お手洗はありませんでした。	There was no bathroom.
足跡	アシアト	足跡があったの。	There were footprints.
かっ	カッ	このリンゴ、でかっ。	These apples are huge.
せっせと	セッセト	彼女は髪をせっせと直していた。	She was busy doing her hair.
憎み合う	ニクミアッ	二人は互いに憎み合っていた。	They hated each other.
ふかふか	フカフカ	このベッド、ふかふか。	This bed is very soft.
だに	ダニ	このドア、微動だにしないよ。	This door won't budge.
微動	ビドウ	このドア、微動だにしないよ。	This door won't budge.
庭園	テイエン	この庭園、素敵ね。	This garden is lovely.
ブラウス	ブラウス	コットンブラウスです。	This blouse is cotton.
綿	メン	このブラウスは綿100%です。	This blouse is cotton.
社用車	シャヨウシャ	これは社用車です。	This is a company car.
継母	ママハハ	こちらは、継母です。	This is my stepmother.
基づく	モトヅク	実話に基づいています。	It's based on a true story.
赤ペン	アカペン	これは、私の赤ペンよ。	This is my red pencil.
町役場	マチヤクバ	これが町役場です。	This is the Town Hall.
非常口	ヒジョウグチ	こちらが非常口になります。	This is the fire exit.
役場	ヤクバ	ここが役場です。	This is the Town Hall.
明確	メイカク	明確な返事が欲しい。	Give me a definite answer.
3000	サンレイレイレイ	新しいＣＤに３０００円払った。	I spent 3,000 yen on a new CD.
公式	コウシキ	この報道は公式のものだ。	This news is official.
報道	ホウドウ	この報道は公式のものだ。	This news is official.
貸間	カシマ	この部屋は貸間です。	This room is for rent.
フリー	フリー	このソフトはフリーです。	This software is free.
ソフト	ソフト	このソフトはフリーです。	This software is free.
貸し	カシ	これは貸室です。	This room is for rent.
室	ムロ	これは貸室です。	This room is for rent.
要人	ヨウジン	この部屋は要人用です。	This room is for VIPs.
糸	イト	この糸は丈夫だよ。	This string is strong.
儲かる	モウカル	弁護士は儲かる。	Lawyers make a lot of money.
教科書	キョウカショ	教科書は、高い。	Textbooks are expensive.
ソフトウェア	ソフトウェア	このソフトウェアは無料です。	This software is free.
スーツケース	スーツケース	そのスーツケース重い？	Are your suitcases heavy?
雨雲	アマグモ	雨雲が出てるよ。	Those are rain clouds.
癒す	イヤシ	時はすべての傷を癒してくれる。	Time heals all wounds.
解決	カイケツ	彼は難問を解決した。	He solved the difficult problem.
歳月	サイゲツ	歳月人を待たず。	Time waits for no one.
さっ	サッ	彼女は服をさっと着た。	She slipped into her clothes.
願い出る	ネガイデ	トムは昇給を願い出た。	Tom asked for a raise.
昇給	ショウキュウ	トムは昇給を願い出た。	Tom asked for a raise.
今朝	ケサ	今朝の虹みた？	Did you see the rainbow this morning?
泥沼	ドロヌマ	トムは泥沼にはまった。	Tom fell into the mud.
嵌まる	ハマル	トムは泥沼にはまった。	Tom fell into the mud.
爆発	バクハツ	トムは怒りを爆発させた。	Tom exploded in anger.
転た寝	ウタタネ	トムがソファーでうたた寝してたよ。	Tom dozed on the sofa.
膨れる	フクレル	トムってすぐ膨れるよね。	Tom gets cross easily.
正当	セイトウ	トムには正当な理由があった。	Tom had a good reason.
26	ニロク	トムは26歳で結婚した。	Tom got married at 26.
熱中症	ネッチュウショウ	トムって、熱中症になったんだよ。	Tom had a heat stroke.
脳腫瘍	ノウシュヨウ	トムには脳腫瘍があった。	Tom had a brain tumor.
場違い	バチガイ	彼の意見は本当に場違いだった。	His remark was really out of line.
外車	ガイシャ	彼女は外車に乗っている。	She drives an imported car.
ピアス	ピアス	耳にピアス開けたいのよ。	I want to get my ears pierced.
多趣味	タシュミ	彼は多趣味だ。	He has a lot of hobbies.
絶対音感	ゼッタイオンカン	トムって絶対音感があるのよ。	Tom has perfect pitch.
抱き付く	ダキツイ	少女はトムに抱きついた。	The young girl hugged Tom.
陰	カゲ	彼は戸の陰に隠れた。	He hid himself behind the door.
甘えん坊	アマエンボ	トムは甘えん坊です。	Tom is a spoiled brat.
精神科医	セイシンカイ	トムは精神科医をしている。	Tom is a psychiatrist.
駄々っ子	ダダッコ	トムは駄々っ子だ。	Tom is a spoiled brat.
悪	アク	トムは悪ガキだ。	Tom is a spoiled brat.
クソガキ	クソガキ	トムはクソガキだ。	Tom is a spoiled brat.
有能	ユウノウ	彼は有能な技師です。	He is an able engineer.
マン	マン	トムは有能な銀行マンだよ。	Tom is an able banker.
腕利き	ウデキキ	トムは腕利きの弁護士だよ。	Tom is an able lawyer.
イラストレーター	イラストレーター	トムはイラストレーターなんだ。	Tom is an illustrator.
通訳者	ツウヤクシャ	トムは通訳者です。	Tom is an interpreter.
閉所	ヘイショ	トムは閉所恐怖症だ。	Tom is claustrophobic.
慰める	ナグサメル	トムはメアリーを慰めている。	Tom is consoling Mary.
会	カイ	壮行会はいつなの？	When is the pep rally?
のっぽ	ノッポ	トムの方が私よりのっぽさんね。	Tom is taller than me.
器用	キヨウ	トムはとっても手先が器用だ。	Tom is very dexterous.
手先	テサキ	彼は手先が不器用だ。	He is clumsy with his hands.
年賀	ネンガ	トムって、私には年が上すぎるのよ。	Tom is too old for me.
短パン	タンパン	トムが短パンを履いてるよ。	Tom is wearing shorts.
竜	リュウ	トムは龍を殺した。	Tom killed the dragon.
寝泊まり	ネトマリ	トムはキャンピングカーで寝泊まりしている。	Tom lives in a camper.
キャンピングカー	キャンピングカー	トムはキャンピングカーで寝泊まりしている。	Tom lives in a camper.
ディスコ	ディスコ	トムはディスコミュージックが好きだ。	Tom likes disco music.
kg	キログラム	体重が3kg減った。	I lost three kilograms.
はく	ハカ	トムは絶対にジーンズをはかないんだ。	Tom never wears jeans.
怯える	オビエル	彼は恐怖におびえた。	He was seized with fear.
巻き込む	マキコム	交通渋滞に巻き込まれたんだ。	I was caught in a traffic jam.
アイスホッケー	アイスホッケー	トムはアイスホッケーをしたよ。	Tom played ice hockey.
全速力	ゼンソクリョク	彼は全速力で走った。	He ran as fast as his legs could carry him.
駆け足	カケアシ	トムは駆け足で階段を上っていった。	Tom ran up the stairs.
散々	サンザン	家に散々お金をかけた。	I spent a lot of money on my house.
台無し	ダイナシ	トムに週末を台無しにされた。	Tom ruined my weekend.
畳	タタミ	トムは畳の上に座った。	Tom sat on the tatami.
ごしごし	ゴシゴシ	トムは足をゴシゴシ洗った。	Tom scrubbed his feet.
販売	ハンバイ	彼が販売部の責任者だ。	He's in charge of the sales department.
不機嫌	フキゲン	みんな不機嫌だ。	Everyone is in a bad mood.
三毛	ミケ	トムの猫って三毛猫なんだよ。	Tom's cat is a calico.
A型	エーガタ	トムの血液型はＡ型です。	Tom's blood type is A.
血液型	ケツエキガタ	血液型何型？	What's your blood type?
1939	イチキュウサンキュウ	戦争は１９３９年に起きた。	War broke out in 1939.
常識的	ジョウシキテキ	常識的に考えてみて。	Use your common sense.
F	F	水は212℉で沸騰します。	Water boils at 212°F.
沸騰	フットウ	水は100度で沸騰する。	Water boils at 100 degrees.
212	ニイチニ	水は212℉で沸騰します。	Water boils at 212°F.
摂氏	セッシ	水は摂氏０度で凍る。	Water freezes at 0°C.
小まめ	コマメ	こまめに手を洗いなさい。	Wash your hands often.
カロリー	カロリー	水は０カロリーです。	Water has zero calories.
頂上	チョウジョウ	頂上まで登ったよ。	We climbed to the top.
牽引	ケンイン	この車をけん引することはできない。	We can't tow this car.
余分	ヨブン	余分な金はない。	We have no extra money.
同姓	ドウセイ	僕たち、同姓同名なんだ。	We have the same name.
同名	ドウメイ	僕たち、同姓同名なんだ。	We have the same name.
農作業	ノウサギョウ	私たちは農作業を手伝いました。	We helped on the farm.
警戒	ケイカイ	警戒が必要だ。	We need to stay alert.
サマー	サマー	私たちはサマーキャンプで出会った。	We met at summer camp.
差	サ	私たちは２点差で負けた。	We lost by two points.
壕	ゴウ	私達はこうたいごうたいで運転した。	We took turns driving.
隊	タイ	探検隊は南極への出発を延期した。	The expedition has postponed its departure to the Antarctic.
交代	コウタイ	私達は交替で運転した。	We took turns driving.
離陸	リリク	飛行機は離陸間際だ。	The plane is about to take off.
当	トウ	当機は１５分後に着陸します。	We'll be landing in 15 minutes.
機	キ	まだ機は熟していない。	It's not yet the right time.
出来高	デキダカ	私たちは出来高制で働いている。	We're paid by the job.
上達	ジョウタツ	君の英語は上達したね。	Your English has improved.
眺め	ナガメ	なんて美しい眺めでしょう。	What a beautiful view!
材料	ザイリョウ	材料は何ですか？	What are they made of?
いや	イヤー	いやー、熱い試合だったね！	What an exciting game!
素材	ソザイ	素材は何でしょうか？	What are they made of?
所望	ショモウ	何をご所望ですか？	What can I do for you?
抜け毛	ヌケゲ	抜け毛がひどいんです。	A lot of my hair has fallen out.
アナウンサー	アナウンサー	アナウンサーは英語を話した。	The announcer spoke English.
火元	ヒモト	火元はなに？	What started the fire?
出火	シュッカ	出火原因は何ですか？	What started the fire?
泊	ハク	何泊するの？	How many nights will you be staying?
フルネーム	フルネーム	あなたのフルネームは何ですか？	What's your full name?
診断	シンダン	診断結果はどうだったの？	What's your diagnosis?
自慢	ジマン	少々自慢なのです。	I'm rather proud of it.
特技	トクギ	特技は何ですか？	What's your specialty?
壮行	ソウコウ	壮行会はいつなの？	When is the pep rally?
食堂	ショクドウ	食堂はどこですか。	Where's the cafeteria?
リモコン	リモコン	リモコン返せよ！	Give me back the remote!
ギフトショップ	ギフトショップ	ギフトショップはどこですか？	Where's the gift shop?
老女	ロウジョ	あの老女は誰ですか？	Who is that old woman?
老婆	ロウバ	老婆が焼け死んだ。	An old woman was burnt to death.
老婦人	ロウフジン	あの老婦人は誰ですか？	Who is that old woman?
婆	バア	あのお婆さんは誰ですか？	Who is that old woman?
広める	ヒロメル	誰がその噂を広めたんだ？	Who spread that rumor?
忌む	イン	どうしてフランス語ってこんなにムズいんだ。	Why is French so hard?
薄荷	ハッカ	ハッカ飴、一つどう？	Would you like a mint?
辻褄	ツジツマ	本当のところ、つじつまは合っている。	Actually, it makes perfect sense.
飼い慣らす	カイナラス	狼を飼い慣らすことはできません。	You can't tame a wolf.
影響力	エイキョウリョク	あなたに影響力はない。	You have no influence.
つく	ツカ	嘘はつかなくてもいいんだよ。	You don't need to lie.
一所懸命	イッショケンメイ	あなたが一所懸命働くことが必要だ。	It is necessary for you to work hard.
減らす	ヘラス	たばこの量を減らしなさい。	You should smoke less.
バチ	バチ	今にバチがあたるぞ。	You'll get it someday.
空耳	ソラミミ	空耳ですよ。	You're hearing things.
口座	コウザ	あなたの口座は空っぽだ。	Your account is empty.
ゼロ	ゼロ	リズム感ゼロね。	You have no sense of rhythm.
残高	ザンダカ	残高を知りたいのですが。	I'd like to find out my bank balance.
お嬢さん	オジョウサン	お嬢さん、背が高いですね。	Your daughter is tall.
靴紐	クツヒモ	靴紐が解けていますよ。	Your shoes are untied.
2539	ニゴサンキュウ	2539は素数です。	2539 is a prime number.
ばっちい	バッチイ	ばっちい手ね。	Your hands are filthy.
青信号	アオシンゴウ	青信号は「進め」って意味よ。	A green light means go.
野生	ヤセイ	キツネは野生動物です。	A fox is a wild animal.
纏まる	マトマル	考えがまとまったようですね。	I see your mind's made up.
有りの侭	アリノママ	ありのままの君を愛してるよ。	I love you the way you are.
1000	イチレイレイレイ	千円で足りる？	Is a thousand yen enough?
スポンジ	スポンジ	スポンジは水を吸います。	A sponge absorbs water.
水底	ミナソコ	彼らはみなそこへいった。	All of them went there.
通じる	ツウジル	英語で話が通じますか。	Can you communicate in English?
見知る	ミシラ	見知らぬ男が家の前にいる。	There is a stranger in front of the house.
見落とす	ミオトス	何か見落としていますか？	Am I missing something?
有り金	アリガネ	有り金全部なくなったよ。	I've lost all my money.
化粧	ケショウ	化粧してるの？	Are you wearing makeup?
器	ウツワ	盗聴器はつけてる？	Are you wearing a wire?
盗聴	トウチョウ	盗聴器はつけてる？	Are you wearing a wire?
裏	ウラ	裏には裏がある。	There are wheels within wheels.
議事録	ギジロク	議事録は取っていますか？	Are you taking minutes?
よる	ヨリ	壁により掛かるな。	Don't lean against the wall.
雑誌	ザッシ	それは、昔の雑誌よ。	That's an old magazine.
紙袋	カミブクロ	紙袋をいただけますか。	Can I have a paper bag?
とめる	トメ	１晩とめていただけますか。	Could you please put me up for the night?
時間割り	ジカンワリ	時間割をもらえますか。	Can I get the schedule?
路線	ロセン	路線の変更はできますか。	Can I change the route?
簿記	ボキ	君は簿記ができますか。	Can you do bookkeeping?
オムレツ	オムレツ	オムレツって作れる？	Can you cook an omelet?
オルガン	オルガン	オルガンは弾けますか？	Can you play the organ?
迷惑メール	メイワクメール	迷惑メールを確認してみて。	Check your spam folder.
フォルダー	フォルダ	迷惑メールフォルダを見てみて。	Check your spam folder.
児童	ジドウ	児童虐待は犯罪です。	Child abuse is a crime.
虐待	ギャクタイ	児童虐待は犯罪です。	Child abuse is a crime.
事務室	ジムシツ	私の事務室に来なさい。	Come on into my office.
主人	シュジン	ご主人はご在宅ですか。	Is your husband at home?
合	ゴウ	お米2合炊いといて。	Cook 300 grams of rice.
炊く	タク	お米2合炊いといて。	Cook 300 grams of rice.
死人	シニン	死人に口なし。	Dead men tell no tales.
点取り	テントリ	いい点取れた？	Did you get good marks?
トロフィー	トロフィー	トロフィーをもらったのですか。	Did you win the trophy?
再	サイ	この番組は再放送だ。	This program is a rerun.
クリップ	クリップ	クリップってある？	Do we have paper clips?
募金	ボキン	募金するのですか。	Do you give to charity?
定期券	テイキケン	バスの定期券はお持ちですか？	Do you have a bus pass?
絆創膏	バンソウコウ	絆創膏、持ってる？	Do you have a band-aid?
靴篦	クツベラ	靴ベラを持ってる？	Do you have a shoehorn?
忘れ物	ワスレモノ	忘れ物ない？	Do you have everything?
摘み	ツマミ	何かおつまみない？	Do you have any snacks?
ジンジャーエール	ジンジャーエール	ジンジャーエールは好きですか？	Do you like ginger ale?
白ワイン	シロワイン	白ワインは好き？	Do you like white wine?
マスター	マスター	英語をマスターしたいな。	I'd like to master English.
正面	ショウメン	正面衝突だった。	It was a head-on collision.
アメリカン・フットボール	アメリカンフットボール	アメリカンフットボールに夢中なんだ。	I'm crazy about football.
馴れ馴れしい	ナレナレシイ	馴れ馴れしくしないで。	Don't be fresh with me.
せびる	セビラ	私にお金をせびらないでくれ。	Don't ask me for money.
心変わり	ココロガワリ	心変わりしないでね。	Don't change your mind.
禁物	キンモツ	過信は禁物だよ。	Don't be overconfident.
過信	カシン	過信は禁物だよ。	Don't be overconfident.
あくどい	アクドイ	あくどい事をするな。	Don't do wicked things.
自惚れる	ウヌボレル	うぬぼれるな。	Don't flatter yourself.
感情的	カンジョウテキ	そう感情的にならないで。	Don't get so emotional.
のっ	ノッ	二度寝しないのっ！	Don't go back to sleep!
居座る	イスワル	この辺りに居座るな。	Don't stay around here.
甘やかす	アマヤカス	子供を甘やかすな。	Don't spoil your child.
国	クニ	山の多い国です。	It's a very mountainous country.
個性	コセイ	彼は個性が強い。	He has a strong personality.
エルニーニョ	エルニーニョ	エルニーニョはまだ続く。	El Niño will continue.
木材	モクザイ	乾いた木材はよく燃える。	Dry wood burns quickly.
訛り	ナマリ	みんな訛りがある。	Everyone has an accent.
所持	ショジ	最近では、誰でも銃を所持している。	Everyone now has a gun.
退出	タイシュツ	みなさん、退出してください。	Everyone, please leave.
操り人形	アヤツリニンギョウ	操り人形はみんなに愛されています。	Everyone loves puppets.
操る	アヤツル	君はそれを巧みに操った。	You handled that deftly.
消しゴム	ケシゴム	消しゴム返してよ。	Give me back my eraser.
諸君	ショクン	おはよう諸君。	Good morning, everyone.
123	イチニサン	１２３便は到着しましたか。	Has Flight 123 arrived?
便	ビン	どの便に乗ってたの？	What flight were you on?
おはようございます	オハヨウゴザイマス	皆さん、おはようございます。	Good morning, everyone.
図る	ハカル	彼は逃亡を図った。	He attempted to escape.
狂人	キョウジン	彼は狂人のように振る舞った。	He acted like a madman.
ずけずけ	ズケズケ	彼はずけずけものをいうからね。	He doesn't mince words.
制止	セイシ	彼はその車を制止しなかった。	He didn't stop the car.
気色	ケシキ	気色悪い奴だ。	He gives me the creeps.
スイング	スイング	彼のスイングは実に見事だ。	He has a perfect swing.
焦げ茶	コゲチャ	彼はこげ茶色の髪をしていた。	He had dark brown hair.
脱獄	ダツゴク	彼は脱獄した。	He escaped from prison.
肩幅	カタハバ	彼は肩幅が広い。	He has broad shoulders.
旅立つ	タビダツ	彼は九州へ旅立った。	He has left for Kyushu.
九州	キュウシュウ	彼は九州へ旅立った。	He has left for Kyushu.
愛する	アイス	彼は愛すべき男だ。	He is a lovable person.
大工	ダイク	彼は腕の良い大工だ。	He is a good carpenter.
バイオリン	バイオリン	バイオリンが弾けるの？	Can you play the violin?
技師	ギシ	彼は有能な技師です。	He is an able engineer.
活気	カッキ	彼は活気のある人です。	He is an active person.
活動的	カツドウテキ	彼は活動的な人だ。	He is an active person.
変人	ヘンジン	かなりの変人だ。	He is quite an odd man.
名声	メイセイ	名声を保つことは難しい。	It's hard to maintain one's reputation.
出来	デキ	彼は数学の出来が悪い。	He is terrible at math.
永久	エイキュウ	彼は永久にアフリカを去った。	He left Africa forever.
飛び乗る	トビノッ	彼は電車に飛び乗った。	He jumped on the train.
見下す	ミクダス	彼は女性を見下している。	He looks down on women.
惚れる	ホレル	彼は惚れっぽい人だ。	He often falls in love.
賭け	カケ	彼は彼女と賭けをした。	He made a bet with her.
ミルトン	ミルトン	彼はよくミルトンの言葉を引用する。	He often quotes Milton.
延期	エンキ	決定は延期された。	The decision was put off.
楽譜	ガクフ	彼はピアノを楽譜なしで弾いた。	He played piano by ear.
あいかわらず	アイカワラズ	彼はあいかわらず丈夫だ。	He is as strong as ever.
無断	ムダン	無断で触るな。	Don't touch anything without asking first.
過ち	アヤマチ	私は重大な過ちを犯した。	I made a serious mistake.
悔やむ	クヤム	お悔み申し上げます。	Please accept my sympathies.
ぽっ	ポッ	彼女を見てぽっとした。	He saw her and blushed.
奪う	ウバウ	彼は私の財布を奪った。	He robbed me of my purse.
アルバム	アルバム	彼はアルバムを見せてくれた。	He showed me his album.
上機嫌	ジョウキゲン	トムは上機嫌だ。	Tom is in high spirits.
宙返り	チュウガエリ	彼は宙返りをした。	He turned a somersault.
宣告	センコク	彼は有罪と宣告された。	He was declared guilty.
どの道	ドノミチ	どのみち彼は来るだろう。	He will come after all.
歯医者	ハイシャ	彼は歯医者に行った。	He went to the dentist.
代わり	カワリ	水のお代わりを下さい。	I'd like some more water.
分厚い	ブアツイ	彼は分厚い眼鏡をかけています。	He wears thick glasses.
足早	アシバヤ	彼は足早に立ち去った。	He went off in a hurry.
易々	ヤスヤス	この問題は、易々とは解けない。	This problem isn't easy to solve.
競争	キョウソウ	競争は激しくなった。	The competition has become fierce.
入賞	ニュウショウ	彼は三位に入賞した。	He won the third prize.
愛好者	アイコウシャ	彼はスポーツの愛好者だ。	He's a lover of sports.
どん底	ドンゾコ	彼は貧乏のどん底だ。	He's as poor as can be.
極まりない	キワマリナイ	彼は貧乏極まりない。	He's as poor as can be.
実る	ミノル	彼女の努力がみのった。	Her efforts bore fruit.
有り余る	アリアマル	毎月有り余るほどの金をやるよ。	I give you plenty of money each month.
反復	ハンプク	彼の仕事は反復作業だ。	His work is repetitive.
作業	サギョウ	彼の仕事は反復作業だ。	His work is repetitive.
繰り返す	クリカエス	歴史は繰り返す。	History repeats itself.
ゲート	ゲート	ゲートは６時に閉まります。	The gate is closed at six.
かみさん	カミサン	君のかみさん元気？	How is your wife doing?
発音	ハツオン	発音がいいね。	You have good pronunciation.
ワンピース	ワンピース	このワンピース、買うべき？	Should I buy this dress?
翻訳	ホンヤク	この翻訳はどう？	How's this translation?
面接	メンセツ	面接はどうだった？	How was your interview?
合唱	ガッショウ	合唱の練習はどうだった？	How was choir practice?
常時	ジョウジ	常時ヘルメットを被っています。	I always wear a helmet.
ミュート	ミュート	携帯はいつもミュートにしてます。	I always mute my phone.
16	ジュウロク	私は16歳です。	I am sixteen years old.
葬儀	ソウギ	私は彼の葬儀に参加した。	I attended his funeral.
スロー	スロー	スロークッカーを買いました。	I bought a slow cooker.
クッカー	クッカー	スロークッカーを買いました。	I bought a slow cooker.
判断	ハンダン	見かけで判断するな。	Don't judge by appearances.
持ち上げる	モチアゲル	この石は持ち上げれないよ。	I can't lift this rock.
思考	シコウ	偉大な思考は心より生じる。	Great thoughts come from the heart.
曲がりくねる	マガリクネル	私の思考は当てもなく曲がりくねる。	I change my mind a lot.
籠もる	コモル	家にこもることにした。	I decided to stay home.
ころ	コロッ	ころっと忘れとったわ。	I completely forgot it.
とる	トッ	昼寝しとったね。	You took a nap, didn't you?
心配性	シンパイショウ	私、心配性なんです。	I do a lot of worrying.
銭	セン	一銭も使わなかった。	I didn't spend a penny.
疑わしい	ウタガワシイ	彼が来るかは疑わしい。	I am doubtful whether he will come.
滅入る	メイル	雨の日は気が滅入るよ。	Rainy days make me depressed.
咎める	トガメル	私はそのことで気がとがめている。	I feel guilty about it.
月給	ゲッキュウ	私は月給です。	I get paid every month.
毎月	マイツキ	毎月給料をもらいます。	I get paid every month.
違反	イハン	ルール違反だぞ。	It's against the rules.
交通	コウツウ	交通違反切符を切られた。	I got a traffic ticket.
渋滞	ジュウタイ	渋滞で遅れました。	I was delayed by a traffic jam.
始動	シドウ	エンジンを始動させた。	I got the engine going.
発作	ホッサ	彼は心臓発作で死んだ。	He died of a heart attack.
あいこ	アイコ	これでおあいこだろ。	I guess we're even now.
ぞっこん	ゾッコン	俺、メアリーにぞっこんなんだ。	I have a crush on Mary.
5000	ゴレイレイレイ	５０００円ばかりもっている。	I have about 5,000 yen.
同僚	ドウリョウ	同僚なら大勢いるよ。	I have many colleagues.
ミニカー	ミニカー	ミニカーをたくさん持ってるんだ。	I have many model cars.
モデルカー	モデルカー	モデルカーをたくさん持ってるんだ。	I have many model cars.
とかす	トカサ	髪をとかさなくちゃ。	I have to comb my hair.
言伝	コトヅテ	彼が死んだことは言伝に知りました。	I heard that he'd died.
鳴る	ナル	電話が鳴る音が聞こえた。	I heard the phone ring.
事故る	ジコッ	さっき、事故っちゃって。	I just had an accident.
修正方法	シュウセイホウホウ	修正方法なら分かるよ。	I know how to fix that.
クラシック	クラシック	私はクラシックが好きです。	I like classical music.
オートミール	オートミール	オートミールクッキー好きだよ。	I like oatmeal cookies.
独り旅	ヒトリタビ	ひとり旅が好きです。	I like traveling alone.
ミディアム	ミディアム	ステーキはミディアムで焼いて下さい。	I like my steak medium.
同居	ドウキョ	両親と同居しています。	I live with my parents.
桜	サクラ	桜が満開です。	Cherry blossoms are in full bloom.
集合住宅	シュウゴウジュウタク	私は集合住宅に住んでいます。	I live in an apartment.
仰ぎ見る	アオギミル	空を仰ぎ見る。	I looked up at the sky.
ソング	ソング	クリスマスソングが大好き。	I love Christmas songs.
ブルーベリー	ブルーベリー	ブルーベリーは今が旬なんだよ。	Blueberries are now in season.
タルト	タルト	この桃のタルト、おいしい。	This peach tart is tasty.
髭もじゃ	ヒゲモジャ	髭もじゃの男が大好きです。	I love men with beards.
SF	エスエフ	SFが大好きなの。	I love science fiction.
レストラン	レストラン	レストランは満席です。	The restaurant is full.
母国	ボコク	母国が大好きです。	I love my home country.
タピオカ	タピオカ	タピオカ・プディングが大好きなんです。	I love tapioca pudding.
プディング	プディング	タピオカ・プディングが大好きなんです。	I love tapioca pudding.
好青年	コウセイネン	好青年に会ったよ。	I met a nice young man.
予備	ヨビ	予備はありますか？	Do you have an extra one?
色鉛筆	イロエンピツ	色鉛筆が要ります。	I need colored pencils.
板	イタ	スキー板と靴を貸して下さい。	I'd like to rent skis and ski boots.
コーシャ	コーシャ	コーシャしか食べません。	I only eat kosher food.
資料	シリョウ	この資料が必要なんです。	I need those documents.
フード	フード	コーシャフードしか食べませんよ。	I only eat kosher food.
年中	ネンジュウ	年中無休です。	It's open every day of the year.
代金	ダイキン	あの靴の代金は払ったの？	Did you pay for those shoes?
小休止	ショウキュウシ	小休止を提案します。	I propose a short rest.
走り回る	ハシリマワル	私は野原中を走り回った。	I ran around the field.
野原中	ノハラナカ	私は野原中を走り回った。	I ran around the field.
リズ	リズ	今朝、リズを見かけました。	I saw Liz this morning.
尊重	ソンチョウ	あなたの意見を尊重します。	I respect your opinion.
群	グン	私は羊の群を見た。	I saw a flock of sheep.
浅はか	アサハカ	トムは浅はかだと思うよ。	I think Tom is shallow.
遣り手	ヤリテ	彼はやり手だと思う。	I think he's competent.
適う	カナッ	理に適ってると思う。	I think it makes sense.
理	リ	理に適ってると思う。	I think it makes sense.
Google	グーグル	毎日Googleは使ってます。	I use Google every day.
自身	ジシン	それは僕自身でやりたい。	I want to do it myself.
生み立て	ウミタテ	生みたての卵が欲しい。	I want some fresh eggs.
弾ける	ヒケル	楽器は弾ける？	Can you play a musical instrument?
留学	リュウガク	私は留学したい。	I want to study abroad.
不意	フイ	不意打ちを食らった。	I was thrown off guard.
食らう	クラウ	不意打ちを食らった。	I was thrown off guard.
弟子	デシ	トムの弟子でした。	I was Tom's apprentice.
援助	エンジョ	彼らは援助を申し出た。	They offered assistance.
王子	オウジ	王子本人に会ったんだよ。	I met the prince himself.
場合	バアイ	それは極端な場合だ。	They are the extreme cases.
ハワイ	ハワイ	ハワイに行きたいです。	I wish to go to Hawaii.
ダブルルーム	ダブルルーム	ダブルルームをおねがいします。	I'd like a double room.
窓側	マドガワ	窓側の席がいいです。	I'd like a window seat.
コンサルタント	コンサルタント	私は経営コンサルタントです。	I'm a management consultant.
今月	コンゲツ	今月は黒字である。	We're in the black this month.
予定表	ヨテイヒョウ	予定表を見てみましょう。	I'll check my schedule.
測る	ハカル	熱は測ったの？	Have you taken your temperature?
言い付ける	イイツケ	パパに言いつけますよ。	I'll tell Daddy on you.
郵送	ユウソウ	本は郵送しますね。	I'll mail you the book.
国語	コクゴ	何か国語話せるの？	How many languages can you speak?
眼科医	ガンカイ	眼科医です。	I'm an ophthalmologist.
グルテン	グルテン	僕はグルテンアレルギーだ。	I'm allergic to gluten.
ブルー	ブルー	一日中ブルーだった。	I was feeling blue all day.
天然痘	テンネントウ	私は天然痘に免疫があります。	I'm immune to smallpox.
免疫	メンエキ	私は天然痘に免疫があります。	I'm immune to smallpox.
ペンペン	ペンペン	お尻ペンペンするよ！	I'm going to spank you.
お尻	オシリ	お尻ペンペンするよ！	I'm going to spank you.
うずうず	ウズウズ	やりたくてうずうずするわ。	I'm itching to do that.
部	ブ	下線部を訳せ。	Translate the underlined part.
寝そべる	ネソベッ	芝生に寝そべってるんだ。	I'm lying on the grass.
へっちゃら	ヘッチャラ	ネズミはへっちゃらだよ。	I'm not afraid of mice.
ハンスト	ハンスト	ハンスト中です。	I'm on a hunger strike.
ハンガーストライキ	ハンガーストライキ	ハンガーストライキをしています。	I'm on a hunger strike.
有給	ユウキュウ	今、有給休暇中なの。	I'm on a paid vacation.
遣らかす	ヤラカシ	やらかして、ごめんなさい。	I'm sorry for doing it.
最も	モットモ	私は最も速い走者です。	I'm the fastest runner.
有用	ユウヨウ	馬は有用な動物だ。	Horses are useful animals.
元素	ゲンソ	鉄は有用な金属元素である。	Iron is a useful metal.
蛤	ハマグリ	ハマグリは食べたことないな。	I've never eaten clams.
ジブラルタル	ジブラルタル	ジブラルタルって、国なの？	Is Gibraltar a country?
島	シマ	この島はきれいだな。	This island is beautiful.
バスルーム	バスルーム	トムはバスルームにいるの？	Is Tom in the bathroom?
風呂場	フロバ	風呂場に蜘蛛がいる。	There's a spider in the bathroom.
駐車場	チュウシャジョウ	駐車場はある？	Is there a parking lot?
近辺	キンペン	この近辺にATMはありますか？	Is there an ATM nearby?
ATM	エーティーエム	ＡＴＭは故障中です。	The ATM is out of order.
速度	ソクド	制限速度ってある？	Is there a speed limit?
飲料水	インリョウスイ	これは飲料水ですか？	Is this drinking water?
降り止む	フリヤマ	雪は降り止まなかった。	It didn't stop snowing.
仮名	カナ	言わずもがなだ。	It goes without saying.
機能	キノウ	これらは完全に機能する。	These are fully functional.
不思議	フシギ	不思議な夜でした。	It was a strange night.
成る可く	ナルベク	なるべくしてなった。	It was bound to happen.
水の泡	ミズノアワ	全てが水の泡となった。	It was all for nothing.
奇跡	キセキ	それはまさに奇跡だった。	It was truly a miracle.
予め	アラカジメ	それはあらかじめ練っていた計画ではなかった。	It wasn't premeditated.
家業	カギョウ	家業です。	It's a family business.
他動詞	タドウシ	それは、他動詞です。	It's a transitive verb.
付け	ツケ	つけでお願いします。	Put this on my tab, please.
向こう側	ムコウガワ	通りを渡って向こう側です。	It's across the street.
焼け	ヤケ	今日はやけに暑い。	It's awfully hot today.
大分	オオイタ	今日は大分暖かいね。	It's fairly warm today.
夏場	ナツバ	夏場は暑いです。	It's hot in the summer.
込み入る	コミイッ	かなり込み入ってるんだよ。	It's quite complicated.
旬	シュン	今は牡蠣が旬なの？	Are oysters in season now?
目障り	メザワリ	実に目障りだな。	It's really an eyesore.
伝説	デンセツ	これは都市伝説です。	This is an urban legend.
武道	ブドウ	剣道は武道です。	Kendo is a martial art.
剣道	ケンドウ	剣道は武道です。	Kendo is a martial art.
話題	ワダイ	話題変えよう。	Let's change the topic.
仮	カリ	仮にそれが本当だとしましょう。	Let's assume it's true.
取り掛かる	トリカカル	仕事に取りかかろう。	Let's get down to business.
保留	ホリュウ	その件は保留にしておこう。	Let's put that on hold.
一列	カズナミ	一列に並んで。	Line up in single file.
黒板	コクバン	黒板を見なさい。	Look at the blackboard.
現代風	ゲンダイフウ	メアリーは現代風の女性だよ。	Mary is a modern woman.
免許証	メンキョショウ	免許証は持ってます。	I have a driver's license.
ちかちか	チカチカ	目がチカチカします。	My eyes feel irritated.
面する	メンスル	家は海に面してるよ。	My house faces the sea.
万年筆	マンネンヒツ	万年筆って持ってる？	Do you have a fountain pen?
しん	シン	私の万年筆、新しんだよ。	My fountain pen is new.
新	シン	新校舎を建設中です。	A new school building is being built.
命令	メイレイ	私の命令は絶対だ。	My orders are absolute.
涙ぐむ	ナミダグン	母は涙ぐんでいた。	My mother was in tears.
ぐうぐう	グーグー	お腹がグーグー鳴っている。	My stomach is growling.
頭皮	トウヒ	頭皮がとてもかゆいんです。	My scalp is very itchy.
記者	キシャ	新聞記者になりたい。	I want to become a journalist.
ジャーナリスト	ジャーナリスト	息子はジャーナリストなんです。	My son is a journalist.
世	ヨ	世に真の大事なし。	Nothing really matters.
羹	コウ	羹に懲りて膾を吹く	Once bitten, twice shy.
懲りる	コリル	懲りないよね。	You never learn, do you?
膾	ナマス	羹に懲りて膾を吹く	Once bitten, twice shy.
扠	サテ	さて、何しようか？	Now, what should we do?
売店	バイテン	売店で聞いてください。	Please ask at the shop.
桃色	モモイロ	桃色って、かわいい色ね。	Pink is a pretty color.
合計	ゴウケイ	合計は100だ。	The total is one hundred.
請求書	セイキュウショ	請求書を合計してください。	Please add up the bill.
以降	イコウ	2時半以降に来てください。	Please come after 2:30.
換える	カエ	彼は円をドルと換えた。	He exchanged yen for dollars.
レジ	レジ	レジはあそこよ。	The cash register is over there.
スクリプト	スクリプト	このスクリプトを実行して下さい。	Please run this script.
余所行き	ヨソイキ	トムはよそ行きだったよ。	Tom put on his Sunday best.
熟達	ジュクタツ	練習は熟達の道。	Practice makes perfect.
継続	ケイゾク	継続は力なり。	Practice makes perfect.
日本酒	ニホンシュ	日本酒はお米からできるんだ。	Sake is made from rice.
察する	サッスル	状況を察しなさいよ。	Read between the lines.
整頓	セイトン	本を整頓しなさい。	Put your books in order.
頼み込む	タノミコン	彼女は彼にいてほしいと頼み込んだ。	She begged him to stay.
毒舌	ドクゼツ	彼女は毒舌家だ。	She has a sharp tongue.
自己中心的	ジコチュウシンテキ	彼女は自己中心的な女性だ。	She is a selfish woman.
編む	アム	あのセーターもう編んじゃった？	Have you finished knitting that sweater?
医学	イガク	私は医学を専攻しています。	I'm majoring in medicine.
身震い	ミブルイ	彼女は恐ろしくて身震いした。	She trembled with fear.
試みる	ココロミル	心肺蘇生法を試みる。	I'm going to attempt CPR.
度目	ドメ	彼女は３度目を試みた。	She tried a third time.
絶頂	ゼッチョウ	彼女は幸せの絶頂ってところだね。	She must be very happy.
美容院	ビヨウイン	母は美容院に行っています。	My mother has gone to the beauty shop.
グラマー	グラマー	彼女はグラマーだね。	She's a glamorous girl.
弾き	ハジキ	彼女はじきよくなるだろう。	She will get well soon.
眉間	ミケン	眉間に皺を寄せていた。	She wrinkled her brows.
皺	シワ	眉間に皺を寄せていた。	She wrinkled her brows.
寄せる	ヨセル	眉間に皺を寄せていた。	She wrinkled her brows.
厚い	アツイ	この本はとても厚い。	This book is very thick.
働き詰め	ハタラキヅメ	彼女は働きづめだ。	She's always on the go.
教わる	オソワル	誰にピアノを教わったの？	Who taught you to play the piano?
有り余る	アリアマッ	彼女はお金が有り余ってるんだよ。	She's rolling in money.
下品	ゲボン	下品なことを言うな。	Shut your filthy mouth.
手本	テホン	お手本を見せてよ。	Show me how to do that.
置き引き	オキビキ	誰かにバッグを置き引きされました。	Somebody swiped my bag.
到来	トウライ	ついに春が到来しました！	Spring is finally here.
言い寄る	イイヨル	トムに言い寄るのはやめて。	Stop flirting with Tom.
章	ショウ	つまらない章は飛ばせ。	Skip the boring chapters.
予習	ヨシュウ	次の章を予習しておきなさい。	Study the next chapter.
燕	エン	つばめはとても速く飛ぶ。	Swallows fly very fast.
掻い出す	カイダス	なんでいつもちょっかい出すの？	Why do you always butt in?
伝わる	ツタワル	涙が私の顔を伝わって落ちた。	Tears ran down my face.
ともあれ	トモアレ	何はともあれありがとう。	Thank you all the same.
情報	ジョウホウ	情報は全て握っている。	I have all the information.
痩せっぽち	ヤセッポチ	あの子、瘦せっぽちだなぁ。	That girl is very thin.
腹立つ	ハラダツ	それ、めっちゃ腹立つ。	That makes me so angry.
似合い	ニアイ	よくお似合いです。	That looks good on you.
マッサージ	マッサージ	そのマッサージは心地良かった。	That massage felt good.
広まる	ヒロマル	その噂はすぐに広まった。	That rumor soon spread.
心地良い	ココチヨイ	彼女の声はここちよい。	She has an agreeable voice.
際どい	キワドカッ	際どかった。	That was a close shave.
危機一髪	キキイッパツ	危機一髪だった。	That was a close shave.
冷や汗	ヒヤアセ	冷や汗ものだった。	That was a close shave.
アプローチ	アプローチ	うまいアプローチだね。	That's a good approach.
彼れ	アリャア	ありゃあ馬鹿馬鹿しいアイデアだったな。	That was a stupid idea.
法律違反	ホウリツイハン	それは法律違反です。	That's against the law.
重宝	チョウホウ	それ、本当に重宝するよ。	That's real convenient.
気掛かり	キガカリ	彼の安否が気がかりだ。	I'm anxious about his safety.
こっ酷い	コッピドク	上司にこっぴどく叱られた。	The boss bawled me out.
フェンス	フェンス	私はフェンスを緑に塗った。	I painted the fence green.
気前	キマエ	彼は気前がいい。	He is generous with his money.
バグ	バグ	バグ改修、終わりました。	The bug has been fixed.
改修	カイシュウ	バグ改修、終わりました。	The bug has been fixed.
ほかほか	ホカホカ	パンはまだホカホカです。	The bread is still hot.
蕾	ツボミ	つぼみがほころび始めた。	The buds began to open.
綻びる	ホコロビル	つぼみがほころび始めた。	The buds began to open.
式典	シキテン	式典は終わりました。	The ceremony has ended.
文脈	ブンミャク	その文脈は重要だ。	The context is crucial.
火災報知器	カサイホウチキ	火災報知器が鳴った。	The fire alarm sounded.
黄色い	キイロイ	花は黄色い。	The flowers are yellow.
ハンター	ハンター	ハンターは熊を撃った。	The hunter shot a bear.
中断	チュウダン	試合は一時中断された。	The game was suspended.
奪い取る	ウバイトッ	その男性は彼女の鞄を奪い取った。	The man robbed her bag.
賑わう	ニギワウ	市場は賑わっている。	The market is bustling.
ミーティング	ミーティング	ミーティングは終わりました。	The meeting was closed.
会合	カイゴウ	秘密の会合をもった。	We had a secret meeting.
丸々	マルマル	豚はまるまるとしてきた。	The pig is growing fat.
程度	テイド	一週間程度で治りますよ。	You'll get well in a week or so.
雀	スズメ	ここの給料は、雀の涙程度よ。	The pay here is a joke.
処理中	ショリチュウ	現在、処理中です。	The process is ongoing.
治まる	オサマル	風が治まった。	The wind has calmed down.
咲く	サク	バラが咲いている。	The roses are in bloom.
暖まる	アタタマッ	部屋は次第に暖まってきた。	The room is warming up.
鎮圧	チンアツ	反乱は鎮圧された。	The revolt was crushed.
スモッグ	スモッグ	今日は、スモッグがひどかった。	The smog was bad today.
大ヒット	ダイヒット	その歌は大ヒットだった。	The song was a big hit.
発車	ハッシャ	電車は時間通りに発車した。	The train departed on time.
程良い	ホドヨイ	早ければ早い程よい。	The sooner, the better.
塩辛い	シオカライ	この梅干し、塩辛いね。	These umeboshi are really salty.
脱線	ダッセン	列車は脱線した。	The train ran off the tracks.
定刻	テイコク	列車は定刻に着いた。	The train arrived on schedule.
きらきら	キラキラ	太陽はきらきらと輝いていた。	The sun shone brightly.
塵箱	ゴミバコ	ゴミ箱は空っぽだ。	The trash can is empty.
キンキン	キンキン	水はキンキンに冷たかった。	The water was ice cold.
38	サンハチ	水温は３８度です。	The water's 38 degrees.
温度	オンド	温度は七十度です。	The thermometer stands at 70.
水温	スイオン	水温は３８度です。	The water's 38 degrees.
要因	ヨウイン	たくさんの要因が存在する。	There are many factors.
照り返し	テリカエシ	太陽の照り返しが強い。	There's a lot of glare.
称賛	ショウサン	誰もが彼を賞賛する。	Everyone speaks highly of him.
真珠	シンジュ	この真珠は本物そっくりだ。	These pearls look real.
そっくり	ソックリ	父親にそっくりだ。	He is the image of his father.
新鮮	シンセン	朝は空気が新鮮だ。	The air is fresh in the morning.
合意	ゴウイ	彼らは値段の点で合意した。	They agreed on a price.
崇拝	スウハイ	彼らは彼女を心から崇拝している。	They admire her deeply.
やがる	ヤガラ	あいつら、何もしやがらない。	They don't do anything.
痘痕	アバタ	「あばたもえくぼ」って言うからね。	They say love is blind.
先日	センジツ	先日彼に会った。	I met him the other day.
入居	ニュウキョ	つい先日、入居なさったんですよ。	They moved in recently.
ロケット	ロケット	彼らはロケットを打ち上げた。	They launched a rocket.
花火	ハナビ	花火を見た？	Did you see the fireworks?
発言	ハツゲン	トムの発言は的外れだ。	What Tom said was beside the point.
カーペット	カーペット	床にカーペットを敷いた。	They laid the carpet on the floor.
触り	ザワリ	このカーペットは足ざわりが良い。	This carpet feels nice.
不正確	フセイカク	このデータは不正確である。	This data is incorrect.
しょっぱい	ショッパ	この食べ物は塩っぱ過ぎる。	This food is too salty.
サービス	サービス	これは無料のサービスですよ。	This is a free service.
城下町	ジョウカマチ	ここは企業城下町です。	This is a company town.
企業	キギョウ	ここは企業城下町です。	This is a company town.
木製	モクセイ	その箱は木製です。	The box is made of wood.
上等	ジョウトウ	これは上等なワインだ。	This is excellent wine.
古代	コダイ	これが古代の法です。	This is an ancient law.
私道	シドウ	これは私道です。	This is a private road.
祖父	ソフ	私の祖父です。	This is my grandfather.
上り坂	ノボリザカ	この道は上り坂になっている。	This is an uphill road.
ディズニーランド	ディズニーランド	ディズニーランド行ったことある？	Have you ever been to Disneyland?
最終電車	サイシュウデンシャ	これが最終電車です。	This is the last train.
ガレージ	ガレージ	車はガレージの中です。	The car is in the garage.
ラスト	ラスト	これがラストオーダーです。	This is the last order.
オーダー	オーダー	これがラストオーダーです。	This is the last order.
しんどい	シンドイ	この仕事、死ぬほどしんどい。	This job is killing me.
飼い慣らす	カイナラサ	このライオンはよく飼い馴らされている。	This lion is very tame.
はらはら	ハラハラ	この映画、ハラハラする。	This movie is exciting.
機械	キカイ	この機械は故障中だ。	This machine is out of order.
罅割れる	ヒビワレ	この皿、ひび割れてるよ。	This plate has a crack.
暖まる	アタタマリ	この部屋は暖まりやすい。	This room heats easily.
細い	ホソイ	昔より食が細くなった。	I eat less than I used to.
薄っぺら	ウスッペラ	この薄っぺらの本は、僕のです。	This thin book is mine.
薄っぺらい	ウスッペライ	この薄っぺらい本は、僕のです。	This thin book is mine.
年代	ネンダイ	この列車は年代物だ。	This train is very old.
スペシャルデー	スペシャルデー	今日はスペシャルデーです。	Today is a special day.
高得点	コウトクテン	トムは数学のテストで高得点を取った。	Tom aced the math test.
片目	カタメ	トムは片目が見えない。	Tom is blind in one eye.
授かる	サズカル	トムとメアリーは双子を授かった。	Tom and Mary had twins.
事細か	コトコマカ	トムは事細かに答えました。	Tom answered in detail.
チーズバーガー	チーズバーガー	トムはチーズバーガーを食べた。	Tom ate a cheeseburger.
ダッシュ	ダッシュ	トムは自分の部屋にダッシュした。	Tom dashed to his room.
悄気る	ショゲ	トムはしょげてしまうかもしれないな。	Tom could be depressed.
腕立て	ウデタテ	トムは腕立てを２０回した。	Tom did twenty pushups.
泣き止む	ナキヤミ	トムは泣き止みませんでした。	Tom didn't stop crying.
泣き止む	ナキヤマ	トムは泣き止まなかった。	Tom didn't stop crying.
新た	アラタ	新たな事実が発覚した。	New facts have been brought to light.
悄気返る	ショゲカエッ	トムはすっかりしょげ返ってしまった。	Tom got very depressed.
胃腸	イチョウ	トムは胃腸が弱い。	Tom has a weak stomach.
外科医	ゲカイ	トムは脳外科医だ。	Tom is a brain surgeon.
公認会計士	コウニンカイケイシ	トムは公認会計士なんですよね？	Tom is a CPA, isn't he?
太め	フトメ	トムは少し太めだ。	Tom is a little chubby.
禿げる	ハゲル	トムは私ほどハゲてない。	Tom isn't as bald as I am.
片耳	カタミミ	トムは片耳が聞こえない。	Tom is deaf in one ear.
究極	キュウキョク	トムって究極に細かいよね。	Tom is extremely fussy.
握る	ニギル	情報は全て握っている。	I have all the information.
素人	シロウト	トムはただの素人だ。	Tom is just an amateur.
アマチュア	アマチュア	トムはアマチュアにすぎない。	Tom is just an amateur.
神経質	シンケイシツ	試合の直前はいつも神経質になる。	I always get nervous just before a match.
異父	イフ	トムは、異父兄弟なのよ。	Tom is my half-brother.
乳	チチ	トムは牛の乳を搾っている。	Tom is milking the cow.
異母	イボ	トムは、異母兄弟だよ。	Tom is my half brother.
打ち所	ウチドコロ	トムは非の打ちどころがない息子だ。	Tom is the perfect son.
エメンタール	エメンタール	トムはエメンタールチーズが好きだ。	Tom likes Swiss cheese.
ガーリックパン	ガーリックパン	ガーリックパンは好き？	Do you like garlic bread?
おば	オバ	トムはおばさん好きなのよ。	Tom likes mature women.
ガーリック	ガーリック	ガーリックの臭いが嫌なの。	I hate the smell of garlic.
熟	ツクヅク	トムは熟女好きなのよ。	Tom likes mature women.
女好き	オンナズキ	トムは熟女好きなのよ。	Tom likes mature women.
地質学	チシツガク	トムは地質学を専攻してた。	Tom majored in geology.
なくす	ナクス	トムはよく物をなくす。	Tom often loses things.
木登り	キノボリ	トムはよく木登りしてるよ。	Tom often climbs trees.
ちょくちょく	チョクチョク	トムはちょくちょく授業をサボる。	Tom often cuts classes.
ゴルフ場	ゴルフジョウ	この近くにゴルフ場はありますか？	Is there a golf course near here?
圧倒	アットウ	トムは圧倒されたようだった。	Tom seemed overwhelmed.
ぐうたら	グウタラ	トムが、自分はぐうたらしてないってさ。	Tom says he isn't lazy.
絵葉書	エハガキ	トムが絵葉書を送ってきたんだ。	Tom sent me a postcard.
車両	シャリョウ	トムは警察車両を盗んだ。	Tom stole a police car.
パトカー	パトカー	トムはパトカーを盗んだ。	Tom stole a police car.
解く	トク	トムが謎を解いたぞ。	Tom solved the mystery.
ラム酒	ラムシュ	トムはラム酒をがぶ飲みした。	Tom took a swig of rum.
がぶ飲み	ガブノミ	トムはラム酒をがぶ飲みした。	Tom took a swig of rum.
負け犬	マケイヌ	負け犬とつるむな。	Stop hanging out with losers.
保つ	タモツ	名声を保つことは難しい。	It's hard to maintain one's reputation.
平静	ヘイセイ	トムは平静を装った。	Tom put on a brave face.
プラグ	プラグ	トムはアイロンのプラグを抜いた。	Tom unplugged the iron.
かつら	カツラ	トムは昔、かつらをつけていた。	Tom used to wear a wig.
未熟児	ミジュクジ	娘は未熟児でした。	My daughter was premature.
模範囚	モハンシュウ	トムは模範囚だった。	Tom was a model inmate.
気さく	キサク	トムはとても気さくで社交的だ。	Tom is very friendly and outgoing.
へべれけ	ヘベレケ	トムはへべれけになっていた。	Tom was totally wasted.
痛々しい	イタイタシイ	トムは痛々しいほどに痩せていた。	Tom was painfully thin.
仮面	カメン	トムは仮面をかぶっていた。	Tom was wearing a mask.
だらけ	ダラケ	血だらけだよ。	There's blood everywhere.
包帯	ホウタイ	彼女は傷口に包帯をした。	She applied a bandage to the wound.
引き継ぐ	ヒキツグ	彼は仕事を引き継いだ。	He took over the business.
発生	ハッセイ	別の問題が発生した。	Another problem has come up.
極く	ゴク	それはごく平凡な物語だ。	It's just another story.
稀	マレ	ピカソのような画家は稀だ。	Such painters as Picasso are rare.
マイク	マイク	マイクのスイッチ入れて。	Turn on the microphone.
ターン	ターン	U ターン禁止です。	U-turns are prohibited.
u	u	U ターン禁止です。	U-turns are prohibited.
葬式	ソウシキ	彼の葬式には出なかった。	I didn't attend his funeral.
慰め合う	ナグサメアッ	私たちは互いに慰め合った。	We consoled each other.
アラビア	アラビア	アラビア語は右から左へ書きます。	Arabic is written from right to left.
討議	トウギ	今、その問題を討議中ですよ。	The problem is being discussed now.
辛うじて	カロウジテ	私達はかろうじて逃れた。	We had a narrow escape.
逃れる	ノガレル	トムは危険から逃れた。	Tom escaped from the danger.
安心感	アンシンカン	ここはすごく安心感を覚えるわ。	We feel very safe here.
郊外	コウガイ	私の家は郊外にある。	My house is in the suburbs.
泥んこ遊び	ドロンコアソビ	僕たち、泥んこ遊びが好きなんだ。	We like playing in mud.
学習	ガクシュウ	これが彼の英語学習法です。	This is the way he learned English.
公	コウ	私たちはそれを公にしようと思う。	We will make it public.
イベント	イベント	イベントを延期しました。	We postponed the event.
決める	キメル	今日中に決めるべきよ。	We should decide today.
外周	ガイシュウ	公園の外周を走りました。	We ran around the park.
品切れ	シナギレ	ただいま品切れとなっております。	We're out of stock now.
共同体	キョウドウタイ	私たちは運命共同体だ。	We're in the same boat.
新婚旅行	シンコンリョコウ	僕らは新婚旅行中です。	We're on our honeymoon.
大食らい	オオグライ	彼はなんて大食らいなんだろう。	What a big eater he is!
大食い	オオグイ	なんちゅう大食いなんだこいつは。	What a big eater he is!
シ	シ	シたくなるって何を？	What do you want to do?
ゼリー	ゼリー	彼が好きなのはゼリーです。	What he likes is jelly.
略	リャク	ＵＮって何の略なの？	What does UN stand for?
UN	ユーエヌ	ＵＮって何の略なの？	What does UN stand for?
和らげる	ヤワラゲル	この薬は筋肉痛を和らげる。	This medicine helps relieve muscle pain.
まじまじ	マジマジ	何をまじまじと見てるの？	What're you staring at?
避雷針	ヒライシン	避雷針って何？	What's a lightning rod?
取り組む	トリクム	何に取り組んでいるのですか。	What're you working on?
型	カタ	血液型何型？	What's your blood type?
気温	キオン	気温が急に下がった。	The temperature has suddenly dropped.
えっ	エ	え？ 何て言った？	What? What did you say?
出産予定日	シュッサンヨテイビ	出産予定日はいつなの？	When are you expecting?
辿り着く	タドリツク	やっと、湖にたどり着いたよ。	We finally reached the lake.
昼休憩	ヒルキュウケイ	お昼休憩って、いつ？	When's the lunch break?
市役所	シヤクショ	市役所はどこですか？	Where is the city hall?
歯磨き粉	ハミガキコ	歯磨き粉はどこにありますか？	Where's the toothpaste?
アップル	アップル	私のアップルジュースはどこにあるの？	Where's my apple juice?
食堂車	ショクドウシャ	食堂車はどこにありますか。	Where's the dining car?
ランド	ランド	ディズニーランドを開設したのは誰なんですか？	Who started Disneyland?
開設	カイセツ	口座を開設したいのですが。	I'd like to open an account.
消化	ショウカ	ワインは消化を助ける。	Wine helps digest food.
決め手	キメテ	ワインが食事の決め手です。	Wine can make the meal.
共有	キョウユウ	共有したい？	Do you want to share it?
無二	ムニ	おまえは俺の無二の親友だ。	You are my best friend.
構える	カマエル	気長に構える必要があります。	You have to be patient.
気長	キナガ	気長に構える必要があります。	You have to be patient.
心中	シンジュウ	心中お察し致します。	You have my sympathies.
農家	ノウカ	あなた農家さんみたいだね。	You look like a farmer.
寝言	ネゴト	よく寝言を言います。	I often talk in my sleep.
掛ける	カケル	４掛ける２は８だ。	Four multiplied by two is eight.
o	o	君の o は a に見えるよ。	Your o's look like a's.
半	ハン	半ドアだよ。	Your door isn't closed.
感嘆詞	カンタンシ	「ああ」は感嘆詞だ。	"Ah" is an interjection.
囁く	ササヤク	彼は彼女に何か囁いた。	He whispered something to her.
ハイフン	ハイフン	ここにはハイフンがいるよ。	A hyphen is needed here.
ハープ	ハープ	子供がハープを弾いている。	A child is playing harp.
ふく	フイ	彼は顔の汗をふいた。	He wiped the sweat off his face.
角形	カクケイ	六角形には辺が6本ある。	A hexagon has six sides.
トニック	トニック	ジン・トニックをください。	A gin and tonic, please.
ジン	ジン	ジン・トニックをください。	A gin and tonic, please.
ぶんぶん	ブンブン	彼は頭をぶんぶんと振った。	He shook his head back and forth.
蜾蠃	スガル	一匹の蜜蜂がブンブンと飛んでいる。	A bee is buzzing around.
名簿	メイボ	名簿に私も加えといて。	Add my name to the list.
正方形	セイホウケイ	正方形には四つの辺がある。	A square has four sides.
照明	ショウメイ	すべての照明が消えた。	All the lights went out.
マティーニ	マティーニ	ウォッカマティーニをお願いします。	A vodka martini, please.
解決策	カイケツサク	何か解決策はあるの？	Are there any solutions?
火曜日	カヨウビ	火曜日はお暇ですか。	Are you free on Tuesday?
顎髭	アゴヒゲ	顎ひげを生やそうとしてるの？	Are you growing a beard?
ビタミン	ビタミン	ビタミンは摂ってますか？	Are you taking vitamins?
せめて	セメテ	せめてヒントをくれよ。	At least give me a hint.
偶に	タマニ	たまに夕食作るよ。	I sometimes cook dinner.
両足	リョウアシ	両足ともに折れている。	Both my legs are broken.
上辺	ウワベ	外見の美しさはうわべだけのものだ。	Beauty is but skin deep.
外見	ガイケン	外見にだまされるな。	Don't be fooled by appearances.
アイスコーヒー	アイスコーヒー	アイスコーヒーを持ってきて。	Bring me an iced coffee.
写す	ウツス	答え、写してもいい？	Can I copy your answers?
500	ゴレイレイ	500gいくら？	How much for half a kilo?
かき	カキ	生のカキは食べれる？	Can you eat raw oysters?
潜水	センスイ	潜水して泳げるかい。	Can you swim underwater?
水中	スイチュウ	水中を泳げるかい？	Can you swim underwater?
取り寄せる	トリヨセル	取り寄せていただけますか。	Can you order it for me?
犠牲	ギセイ	犠牲はつきものさ。	Casualties are expected.
電子レンジ	デンシレンジ	電子レンジ使える？	Can you use a microwave?
レンジ	レンジ	レンジ使える？	Can you use a microwave?
首輪	クビワ	猫に首輪はいらないよ。	Cats don't need collars.
部品	ブヒン	車の部品は、高い。	Car parts are expensive.
ごきぶり	ゴキブリ	ゴキブリは昆虫です。	Cockroaches are insects.
感情	カンジョウ	彼女の感情は傷つきやすい。	Her feelings are easily hurt.
採点	サイテン	採点しましたか。	Did you grade the tests?
虹	ニジ	虹を見た？	Did you see the rainbow?
ビザカード	ビザカード	ビザカードは使えますか。	Do you accept Visa card?
てく	テク	何時に出てくの？	What time will you leave?
咳止め	セキドメ	咳止めはありますか。	Do you have any cough medicine?
ドロップ	ドロップ	せき止めのドロップはありますか。	Do you have cough drops?
さす	サス	傘さす？	Do you want an umbrella?
フルーツジュース	フルーツジュース	フルーツジュースが欲しいですか？	Do you want fruit juice?
長髪	チョウハツ	トムは、長髪なの？	Does Tom have long hair?
免許	メンキョ	やっと免許が取れました。	I finally got a driver's license.
毛	ケ	トムって、ロン毛なの？	Does Tom have long hair?
ロン	ロン	トムって、ロン毛なの？	Does Tom have long hair?
ロングヘア	ロングヘア	トムは、ロングヘアなの？	Does Tom have long hair?
態々	ワザワザ	誰もわざわざそんなことしないよ。	No one will bother to do such a thing.
はぐらかす	ハグラカサ	私の質問をはぐらかさないでよ。	Don't avoid my question.
塀	ヘイ	塀に登るな。	Don't climb up the wall.
類	ルイ	類は友を呼ぶ。	Birds of a feather flock together.
間食	カンショク	間食をするな。	Don't eat between meals.
濡らす	ヌラス	携帯を濡らすなよ。	Don't get the phone wet.
ファイト	ファイト	ファイトだ。	Don't give up the fight.
覗く	ノゾク	私は戸棚を覗いた。	I looked in the cupboard.
のぞく	ノゾイ	彼は顕微鏡をのぞいていた。	He was looking through a microscope.
八つ当たり	ヤツアタリ	オレに八つ当たりするなよ。	Don't take it out on me.
無駄口	ムダグチ	無駄口をたたくな。	Don't waste your breath.
当たり	アタリ	一人あたり７千ドル払った。	Each person paid $7,000.
7000	ナナセン	一人あたり７千ドル払った。	Each person paid $7,000.
買収	バイシュウ	どんな人でも買収できるものだ。	Every man has his price.
除く	ノゾク	トムを除いて全員賛成した。	Everyone but Tom agreed.
勤務先	キンムサキ	父は勤務先にいます。	Father is in his office.
バリ	バリ	まず、バリを剥がしてください。	First, remove the burrs.
剥がす	ハガス	まず、バリを剥がしてください。	First, remove the burrs.
競技	キョウギ	ラグビーは屋外競技である。	Rugby is an outdoor game.
追い出す	オイダス	ここから犬を追い出してよ。	Get the dog out of here.
備え	ソナエ	備えあれば憂いなし。	Forewarned is forearmed.
憂い	ウレイ	備えあれば憂いなし。	Forewarned is forearmed.
銀杏	ギンナン	銀杏は大きな木だよ。	Ginkgos are large trees.
銀杏	イチョウ	イチョウは大木です。	Ginkgos are large trees.
大木	タイボク	イチョウは大木です。	Ginkgos are large trees.
磨き	ミガキ	今すぐ、歯を磨きに行くんだ。	Go brush your teeth now.
気候	キコウ	気候は変化している。	The climate is changing.
妻子	サイシ	彼は妻子を捨てた。	He abandoned his family.
食い物	クイモノ	彼は私の信頼を食いものにした。	He abused my confidence.
職権	ショッケン	彼は職権を乱用する。	He abuses his authority.
乱用	ランヨウ	彼は職権を乱用する。	He abuses his authority.
罵る	ノノシル	彼は彼女を罵った。	He called her bad names.
背泳ぎ	セオヨギ	彼は背泳ぎができる。	He can swim on his back.
一睡	イッスイ	彼は一睡もしなかった。	He did not sleep a wink.
撫で付ける	ナデツケ	髪の毛を後ろになでつけた。	He combed back his hair.
解明	カイメイ	彼は秘密を解明した。	He found out the secret.
幼稚園	ヨウチエン	彼は幼稚園に通っている。	He goes to kindergarten.
到頭	トウトウ	とうとう雨が降り出した。	At last, it began to rain.
ユーモア	ユーモア	彼はユーモアが分かる。	He has a sense of humor.
センス	センス	センスが全然ないわ。	You have absolutely no fashion sense.
フレンドリー	フレンドリー	フレンドリーな方よ。	He is a friendly person.
親しむ	シタシム	彼は親しみやすい人だ。	He is a friendly person.
北海道	ホッカイドウ	彼は北海道に行ってしまった。	He has gone to Hokkaido.
偉大	イダイ	彼は偉大な科学者だ。	He is a great scientist.
優勝者	ユウショウシャ	彼はテニスの優勝者です。	He is a tennis champion.
殺人罪	サツジンザイ	彼は殺人罪に問われた。	He was accused of murder.
起訴	キソ	彼は窃盗罪で起訴された。	He was accused of theft.
一筋縄	ヒトスジナワ	彼は一筋縄ではいかない。	He is hard to deal with.
中国語	チュウゴクゴ	彼は中国語が流暢である。	He is fluent in Chinese.
横たわる	ヨコタワル	彼はソファーに横たわっている。	He is lying on the sofa.
見掛け	ミカケ	彼は見かけとは違う。	He is not what he seems.
旅慣れる	タビナレ	彼は旅慣れている。	He is used to traveling.
背丈	セタケ	彼は平均的な背丈だ。	He is of average height.
平均的	ヘイキンテキ	彼は平均的な背丈だ。	He is of average height.
凭せ掛ける	モタセカケ	彼はひじに身をもたせかけた。	He leaned on his elbows.
頑健	ガンケン	彼はとても頑健だ。	He is strong as a horse.
スチュワーデス	スチュワーデス	彼はスチュワーデスと結婚した。	He married a stewardess.
ポパイ	ポパイ	彼は犬にポパイという名前をつけた。	He named his dog Popeye.
仰ぐ	アオグ	彼は天を仰いだ。	He looked up at the sky.
似	ニ	彼は父親似だ。	He looks like my father.
港町	ミナトマチ	彼は港町に住んでいる。	He lives in a port town.
本棚	ホンダナ	彼は本棚から本を１冊取った。	He took a book from the bookshelf.
職務怠慢	ショクムタイマン	彼は職務怠慢だった。	He neglected his duties.
口外	コウガイ	彼は口外はしないと約束してくれた。	He promised not to tell.
前進	ゼンシン	彼らは川まで前進した。	They advanced to the river.
箇国	カコク	僕は三カ国語を話す。	I speak three languages.
突っ撥ねる	ツッパネ	彼は私の申し出を突っぱねた。	He turned down my offer.
挫ける	クジケ	彼は時々くじけてしまう。	He sometimes loses hope.
窃盗罪	セットウザイ	彼は窃盗罪で起訴された。	He was accused of theft.
行かす	イカサ	彼はそこに行かされた。	He was made to go there.
殺人	サツジン	彼は殺人を犯した。	He was guilty of murder.
目撃	モクゲキ	彼は殺人を目撃した。	He witnessed the murder.
ほやほや	ホヤホヤ	髪ね、切りたてホヤホヤなの。	I just got my hair done.
出立て	デタテ	彼は大学を出たてのほやほやだ。	He's fresh from college.
計算	ケイサン	彼は計算が得意だ。	He's good at arithmetic.
髄	ズイ	彼は骨の髄まで腐りきっている。	He's rotten to the core.
かす	カス	この石動かすの手伝って。	Help me move this stone.
石動	イスルギ	この石動かすの手伝って。	Help me move this stone.
愚か者	オロカモノ	この世は、愚か者だらけ。	The world is full of fools.
物臭	モノグサ	彼は大変ものぐさな男だ。	He's such a lazy fellow.
へえ	ヘエ	へえ、知らなかった。	Heh, I didn't know that.
メールアドレス	メールアドレス	私のメールアドレスです。	Here's my email address.
川辺	カワベ	彼の家は川辺にある。	His house is by a river.
帰り	カエリ	これが帰りの切符だ。	Here's my return ticket.
天国	テンゴク	一緒に天国へ行きたいか？	Do you want to go to heaven with me?
払い戻し	ハライモドシ	払い戻しをお願いします。	I'd like to get a refund.
盗難	トウナン	警察に車の盗難届を出した。	I reported the theft of my car to the police.
届け	トドケ	警察に車の盗難届を出した。	I reported the theft of my car to the police.
33	サンサン	テストで３３点しかとれませんでした。	I scored only 33 points on the test.
代	ダイ	切符代、ある？	Do you have money for a ticket?
助力	ジョリョク	ご助力に感謝します。	I appreciated your help.
今し方	イマシガタ	つい今し方ここへ着いたばかりだ。	I arrived here just now.
ぎりぎり	ギリギリ	ギリギリ電車に間に合った。	I barely made the train.
充電器	ジュウデンキ	充電器を見つけられない。	I can't find my charger.
天井	テンジョウ	彼は天井を見上げた。	He looked up at the ceiling.
暗号	アンゴウ	この暗号は私には解読できない。	I can't break this code.
我が	ワガ	それでこそわが娘だ。	That's what I expected of my daughter.
機内	キナイ	機内では眠れないんだ。	I can't sleep on planes.
釣れる	ツレ	魚は釣れなかった。	I didn't catch any fish.
こぼれる	コボレ	思わず涙がこぼれた。	I couldn't help but cry.
寝付く	ネツク	なかなか寝つけなかった。	I couldn't get to sleep.
生きる	イキル	私には生きる価値がない。	I don't deserve to live.
芯	シン	林檎の芯は食べないよ。	I don't eat apple cores.
資格	シカク	彼は昇進の資格がある。	He is qualified for promotion.
モダンジャズ	モダンジャズ	私にはモダンジャズは分からないよ。	I don't get modern jazz.
メモリ	メモリ	メモリが足りないのかなぁ。	I don't have enough RAM.
名札	ナフダ	名札は付けてたの？	Were you wearing a name tag?
小銭	コゼニ	小銭持ってないわ。	I don't have any change.
グレープフルーツ	グレープフルーツ	グレープフルーツは嫌いなんだよ。	I don't like grapefruit.
小型犬	コガタケン	小型犬は、好みじゃないのよ。	I don't like small dogs.
ブラック	ブラック	コーヒーはブラックにします。	I'll take my coffee black.
喫茶店	キッサテン	喫茶店に行きたい？	Do you want to go to a coffee shop?
ヘッドホン	ヘッドホン	ヘッドホン直しといたよ。	I fixed your headphones.
ケチャップ	ケチャップ	ケチャップ、買い忘れた。	I forgot to buy ketchup.
今宵	コヨイ	今宵はとても切ない。	I feel very sad tonight.
ぺこ	ペコ	僕もお腹ぺっこぺこだよ。	I feel very hungry, too.
っぺ	ペ	僕もお腹ぺっこぺこだよ。	I feel very hungry, too.
f	f	私は化学でFを取った。	I got an F in chemistry.
きっぷ	キップ	きっぷをタダで手に入れたよ。	I got a ticket for free.
森林	シンリン	森林の空気はおいしい。	The air is wonderful in the woods.
森	モリ	彼は森で迷った。	He lost his way in the woods.
誕生	タンジョウ	今朝、仔牛が誕生しました。	The calf was born this morning.
門外漢	モンガイカン	私は音楽に関しては門外漢だ。	I have no ear for music.
クローバー	クローバー	ボク、クローバーのエー、持ってるんだ。	I have the ace of clubs.
エー	エー	ボク、クローバーのエー、持ってるんだ。	I have the ace of clubs.
エース	エース	私にはクラブのエースがあるんだ。	I have the ace of clubs.
ペンチ	ペンチ	車にペンチがあるよ。	I have pliers in my car.
下さる	クダサル	約束を守って下さるわね。	You will keep your word, won't you?
切り立て	キリタテ	髪ね、切りたてホヤホヤなの。	I just got my hair done.
惨め	ミジメ	トムがみじめであると僕は知っている。	I know Tom is miserable.
姑	シュウトメ	私、姑のこと好きだよ。	I like my mother-in-law.
義理	ギリ	義理の母のこと好きよ。	I like my mother-in-law.
平凡	ヘイボン	平凡な毎日さ。	I live an ordinary life.
橙色	ダイダイイロ	だいだい色が好きよ。	I like the color orange.
話し方	ハナシカタ	彼の話し方が嫌なの。	I don't like the way he talks.
表玄関	オモテゲンカン	私は表玄関に鍵をかけた。	I locked the front door.
夕日	ユウヒ	あの夕日を見て。	Look at the setting sun.
解説	カイセツ	あなたの解説、好きだよ。	I like your explanation.
しめる	シメ	窓の鍵しめた？	Did you lock the windows?
着こなし	キコナシ	センスのある着こなしですね。	I love that combination.
固茹で	カタユデ	固ゆで卵が大好きなのよ。	I love hard-boiled eggs.
接骨木	ニワトコ	私はニワトコジュースが好きだ。	I love elderberry juice.
些細	ササイ	些細な間違いをした。	I made a little mistake.
緩める	ユルメル	私は靴のひもを緩めた。	I loosened my shoelaces.
此の間	コナイダ	こないだ彼に会った。	I met him the other day.
ミシン	ミシン	ミシンが必要ね。	I need a sewing machine.
買い出し	カイダシ	食料品の買い出しに行かなくちゃ。	I need to get groceries.
食料品	ショクリョウヒン	食料品買わなくちゃ。	I need to buy some groceries.
シカゴ	シカゴ	私は来週シカゴに行きます。	I'm leaving for Chicago next week.
よる	ヨラ	思いもよらなかった。	I never thought of that.
部分的	ブブンテキ	部分的には賛成だよ。	I partly agree with you.
家具	カグ	新しい家具を買いました。	We bought new furniture.
齧る	カジリ	フランス語を少しかじりました。	I picked up some French.
作品	サクヒン	彼の作品を一つ読んだ。	I read one of his works.
鮮明	センメイ	鮮明に覚えてるよ。	I remember that vividly.
はねる	ハネル	私はその車が人をはねるのを見ました。	I saw the car hit a man.
パレード	パレード	パレードでお前のこと見たぞ。	I saw you in the parade.
センサー	センサー	モーションセンサーを設置しました。	I set up motion sensors.
モーション	モーション	モーションセンサーを設置しました。	I set up motion sensors.
取り付ける	トリツケ	スポットライトを取り付けます。	We'll put up spotlights.
設置	セッチ	モーションセンサーを設置しました。	I set up motion sensors.
売り渡す	ウリワタシ	自分の本を安く売り渡したんだ。	I sold my books cheaply.
徹底的	テッテイテキ	私はそれを徹底的に調べた。	I studied it thoroughly.
伸ばす	ノバス	私は足を伸ばした。	I stretched out my legs.
人間関係	ニンゲンカンケイ	私、人間関係が苦手なの。	I suck at relationships.
虫歯	ムシバ	どうも虫歯のようです。	I think I have a cavity.
頑固	ガンコ	トムって頑固だと思う。	I think Tom is stubborn.
取り消す	トリケス	取り消します。	I'll take back what I said.
所出	ショシュツ	こんな所出よう！	I wanna get out of here!
外交官	ガイコウカン	私は外交官になりたい。	I want to be a diplomat.
モップ	モップ	モップがけをしたい。	I want to mop the floor.
がけ	ガケ	モップがけをしたい。	I want to mop the floor.
軍隊	グンタイ	軍隊に入りたいんです。	I want to join the army.
取り除く	トリノゾク	落葉を取り除いて下さい。	Please get rid of the dead leaves.
入隊	ニュウタイ	入隊したいです。	I want to join the army.
研究	ケンキュウ	野生の花の研究が好きだ。	I like studying wild flowers.
火山	カザン	火山を見てみたい。	I want to see a volcano.
海外旅行	カイガイリョコウ	海外旅行したいな。	I want to travel abroad.
ウチ	ウチ	昨日はウチにいました。	I was at home yesterday.
引っ掛かる	ヒッカカル	骨が喉にひっかかった。	A bone stuck in my throat.
忌ま忌ましい	イマイマシカッ	本当にいまいましかった。	I was really frustrated.
大忙し	オオイソガシ	仕事で大忙しでした。	I was swamped with work.
ドキュメンタリー	ドキュメンタリー	ドキュメンタリー番組を見ました。	I watched a documentary.
YouTube	ユーチューブ	YouTubeでそれ見たよ。	I watched it on YouTube.
本屋	ホンヤ	本屋に行ってきた。	I went to the bookstore.
将来	ショウライ	将来が心配で。	I worry about my future.
金輪際	コンリンザイ	金輪際彼女には会わない。	I won't see her anymore.
コールセンター	コールセンター	コールセンターで働いてます。	I work in a call center.
領事館	リョウジカン	領事館で働いています。	I work at the consulate.
経過	ケイカ	それ以来３年が経過した。	Three years have passed since then.
添削	テンサク	あとで添削せにゃ。	I'll look it over later.
ず	ニャ	あとで添削せにゃ。	I'll look it over later.
公務員	コウムイン	私は公務員です。	I'm a government worker.
メダリスト	メダリスト	オリンピックのメダリストです。	I'm an Olympic medalist.
オリンピック	オリンピック	オリンピックの起源は？	What are the origins of the Olympics?
魚介	ギョカイ	魚介アレルギーなんです。	I'm allergic to seafood.
冷え冷え	ヒエビエ	体の芯まで冷え冷えだよ。	I'm chilled to the bone.
疎い	ウトク	パソコンには疎くて。	I'm computer illiterate.
東海岸	ヒガシカイガン	東海岸出身です。	I'm from the East Coast.
中腹	チュウフク	年中腹減ってんだ、オレ。	I'm hungry all the time.
ウオーミングアップ	ウォーミングアップ	今ウォーミングアップしてるとこだよ。	I'm just warming up now.
口紅	クチベニ	口紅塗ってるの。	I'm putting on lipstick.
雷	カミナリ	僕、雷嫌いなんだよ！	I'm scared of lightning.
待ち	マチ	順番待ちしてます。	I'm waiting for my turn.
使い切る	ツカイキッ	お金、全部使い切っちゃった。	I've spent all my money.
要	ヨウ	要は、首になったのさ。	To make a long story short, I was fired.
要する	ヨウスル	要するに人生は短い。	In a word, life is short.
ぺらぺら	ペラペラ	彼は英語がペラペラだ。	He has a good command of English.
生卵	ナマタマゴ	生卵は食べても安全ですか？	Is eating raw eggs safe?
海藻	カイソウ	海藻は身体にいいですか？	Is seaweed good for you?
弁当箱	ベントウバコ	あれはトムのお弁当箱？	Is that Tom's lunch box?
海苔	ノリ	海苔って、身体にいいの？	Is seaweed good for you?
免税店	メンゼイテン	ここは免税店ですか。	Is this a duty-free shop?
しも	シモ	石炭は必ずしも黒くない。	Coal is not always black.
涎	ヨダレ	よだれが出そう。	It makes my mouth water.
耐久性	タイキュウセイ	これは耐久性に欠けているようです。	It seems durable enough.
灯油	トウユ	灯油みたいな臭いがするよ。	It smells like kerosene.
出会い	デアイ	それは偶然の出会いだった。	It was a casual meeting.
ぞっと	ゾット	ゾッとする話だった。	It was a chilling story.
即決	ソッケツ	即決でした。	It was a quick decision.
事件	ジケン	私はその事件を調べた。	I looked into the incident.
ストレスフル	ストレスフル	ストレスフルな一週間だった。	It was a stressful week.
しんと	シント	辺りはしんとしていた。	It was quiet all around.
ゴールデンレトリバー	ゴールデンレトリバー	ゴールデンレトリバーだよ。	It's a golden retriever.
買い時	カイドキ	買い時だよ。	It's a good time to buy.
有り触れる	アリフレ	とてもありふれた名前です。	It's a very common name.
坂	サカ	それはとても急な坂です。	It's a very steep slope.
彼此	カレコレ	もうかれこれ１０時です。	It's almost ten o'clock.
工業都市	コウギョウトシ	工業都市です。	It's an industrial city.
湿気	シッケ	確かに暑いが、湿気はない。	It is hot, but it isn't humid.
味わう	アジワウ	彼は苦い経験を味わった。	He had a bitter experience.
在り来り	アリキタリ	それってありきたりな話だな。	It's just another story.
マントルピース	マントルピース	マントルピースの上にあるよ。	It's on the mantelpiece.
試行錯誤	シコウサクゴ	まだ試行錯誤だな。	It's still being tested.
埃	ホコリ	ここはホコリだらけだな。	Everything here is covered in dust.
トマトソース	トマトソース	トマトソースって、体にいいの？	Is tomato sauce healthy?
保管	ホカン	涼しい場所に保管のこと。	Keep it in a cool place.
一服	イップク	一服させて。	Let me have a cigarette.
繰り出す	クリダス	今日は街へ繰り出すぞ！	Let's go downtown today.
駆け落ち	カケオチ	駆け落ちしよう。	Let's run away together.
仮定	カテイ	それが真実であると仮定しよう。	Let's suppose it's true.
二股	フタマタ	メアリーは二股をかけている。	Mary has two boyfriends.
児	ジ	メアリーは2児の母である。	Mary is a mother of two.
既婚	キコン	メアリーは既婚女性です。	Mary is a married woman.
詐称	サショウ	メアリーは年齢詐称をした。	Mary lied about her age.
ワインリスト	ワインリスト	ワインリストを見せて下さい。	May I see the wine list?
機会	キカイ	トムは機会を逃した。	Tom missed an opportunity.
シリアル	シリアル	朝食は、シリアルでした。	My breakfast was cereal.
防水	ボウスイ	この時計は防水です。	This watch is waterproof.
フリーズ	フリーズ	またパソコンがフリーズした。	My computer froze again.
凍傷	トウショウ	耳が凍傷にかかりました。	My ears are frostbitten.
霜焼け	シモヤケ	耳がしもやけになったんだ。	My ears are frostbitten.
ばくばく	バクバク	心臓がバクバクし始めたんです。	My heart started racing.
不在	フザイ	父は不在です。	My father isn't at home.
前歯	マエバ	前歯が抜けました。	My front tooth fell out.
中国	チュウゴク	父は中国へ旅立った。	My father has gone to China.
言語学	ゲンゴガク	私は言語学専攻です。	My major is linguistics.
無理矢理	ムリヤリ	彼は無理やり部屋に入った。	He forced his way into the room.
右肩	ミギカタ	右肩が痛い。	My right shoulder hurts.
下手糞	ヘタクソ	妻は、運転が下手くそなんですよ。	My wife is a bad driver.
読み方	ヨミカタ	誰も読み方が分からなかった。	No one knew how to read.
ううん	ウウン	「犬飼ってる？」「ううん」	"Do you have a dog?" "No."
おお	オウ	お、おう、行けたら行くわ。	Oh, if I can go, I will.
おっ	オ	お、おう、行けたら行くわ。	Oh, if I can go, I will.
劣化	レッカ	オリーブオイルは劣化しやすい。	Olive oil is perishable.
混ざる	マザル	油と水は混ざらないんだ。	Oil and water don't mix.
当店	トウテン	当店は年中無休です。	This store is open 365 days a year.
中止	チュウシ	試合は中止になった。	The game was called off.
運行	ウンコウ	我々の便が運行中止となった。	Our flight was canceled.
欠航	ケッコウ	私たちのフライトが欠航になりました。	Our flight was canceled.
水浸し	ミズビタシ	地下は水浸しです。	The basements are flooded.
YES	yes	もちろん、答えは「YES」だよ。	Of course, the answer is yes.
NO	ノー	「Yes」か「No」でお答えください。	Please answer yes or no.
軽挙妄動	ケイキョモウドウ	軽挙妄動を慎んでください。	Please behave prudently.
削除	サクジョ	それを削除できると思います。	I think it can be deleted.
内々	ナイナイ	内々に話ができないかな？	Could we talk in private?
都度	ツド	何かあったらそのつど知らせてください。	Please keep me informed.
包み	ツツミ	包みを開けて下さい。	Please open the package.
傷口	キズグチ	傷口を見せてください。	Please show me the scar.
場内	ジョウナイ	場内でお待ちください。	Please wait in the hall.
蠍	サソリ	サソリは危険だ。	Scorpions are dangerous.
定める	サダメル	彼女は的にねらいを定めた。	She aimed at the target.
狙い	ネライ	君の狙いは何なんだ？	What are you getting at?
ひよこ	ヒヨコ	彼女はひよこを買った。	She bought a baby chick.
縁起	エンギ	７は縁起のいい番号だ。	Seven is a lucky number.
利己的	リコテキ	彼女は利己的な人だ。	She is a selfish person.
屋敷	ヤシキ	彼女は大きな屋敷を持っている。	She has a large mansion.
精々	セイゼイ	彼女はせいぜい18歳だ。	She is eighteen at most.
諺	コトワザ	好きな諺は何ですか？	What's your favorite proverb?
新調	シンチョウ	眼鏡を新調した。	I bought a new pair of glasses.
80	ハチレイ	彼は８０歳まで生きた。	He lived to be eighty years old.
一家	イッカ	彼女が一家を支えている。	She supports her family.
不幸	フコウ	彼女は不幸らしい。	She seems to be unhappy.
踠く	モガク	彼女は立ちあがろうと、もがいた。	She struggled to get up.
ウール	ウール	彼女はウールの服を着ていた。	She was dressed in wool.
チャンピオン	チャンピオン	私はチャンピオンと対戦した。	I played against the champion.
不向き	フムキ	彼女はその仕事に不向きだ。	She's unfit for the job.
熱する	ネッスル	彼女は水を熱している。	She's heating the water.
スキージャンプ	スキージャンプ	スキージャンプって、見るからに怖いよな。	Ski jumping looks scary.
誤字	ゴジ	あの手紙、誤字だらけだぞ。	There are too many typos in that letter.
脱字	ダツジ	誤字脱字だらけで申し訳ないです。	Sorry for all the typos.
恐れ入る	オソレイリ	恐れ入りますが、本日は満席です。	Sorry, we're full today.
めそめそ	メソメソ	女の子みたいにメソメソするのはやめろ。	Stop crying like a girl.
夏休み	ナツヤスミ	夏休みが終わった。	The summer vacation is over.
指示	シジ	そっちの指示に従うよ。	I'll follow your instructions.
物事	モノゴト	物事には限度がある。	There is a limit to everything.
メキシコ	メキシコ	好きなメキシコ料理は何？	What's your favorite Mexican food?
テキサス州	テキサスシュウ	テキサス州はメキシコと接している。	Texas borders on Mexico.
裂く	サク	２、３分時間を割いていただけませんか。	Could you spare me a few minutes?
後押し	アトオシ	後押しをありがとう。	Thanks for your support.
鷲	ワシ	あの鷲、きれいね。	That eagle is beautiful.
不明	フメイ	火事の原因は不明だ。	The cause of the fire is unknown.
複製	フクセイ	あの絵は複製です。	That painting is a copy.
製造	セイゾウ	その工場は玩具を製造している。	That factory makes toys.
的外れ	マトハズレ	それは的外れだ。	That's beside the point.
不適当	フテキトウ	それはとても不適当だ。	That's so inappropriate.
這い這い	ハイハイ	その赤ちゃんははいはいをはじめた。	The baby began to crawl.
大使	タイシ	大使は戻りました。	The ambassador returned.
駆け上る	カケノボッ	猫は木をかけ登った。	The cat ran up the tree.
丸める	マルメル	猫は背中を丸めた。	The cat arched its back.
変化	ヘンカ	変化の時でした。	It was time for a change.
燃え移る	モエウツッ	カーテンに火が燃え移った。	The curtain caught fire.
カウントダウン	カウントダウン	カウントダウン、始まったよ。	The countdown has begun.
刈る	カル	草は刈らないといけないよ。	The grass needs cutting.
ほこり	ホコリ	彼女はほこりを払った。	She brushed away the dust.
引き分け	ヒキワケ	試合は引き分けになった。	The match ended in a draw.
車庫	シャコ	これは車庫の鍵よ。	This is the key to the garage.
炎上	エンジョウ	家は炎上していた。	The house was in flames.
売却	バイキャク	その家は売却されました。	The house has been sold.
ジェット機	ジェットキ	ジェット機は東京に着陸した。	The jet landed at Tokyo.
着陸	チャクリク	飛行機は無事着陸した。	The airplane made a safe landing.
詐欺師	サギシ	詐欺師が捕まった。	The imposter was caught.
瞬く	シバタタク	噂は瞬く間に広がった。	The rumor quickly spread.
忽ち	タチマチ	ボートはたちまち沈んだ。	The boat sank in a flash.
鮮やか	アザヤカ	月は鮮やかに輝いていた。	The moon shone brightly.
宵の口	ヨイノクチ	まだ宵の口だ。	The night's still young.
開き	ヒラキ	もうすぐプール開きです。	The pool will open soon.
死に掛かる	シニカカッ	彼は死にかかっている。	He is on the point of death.
取り止め	トリヤメ	その計画は取りやめになった。	The project was aborted.
値上がり	ネアガリ	値上がりします。	The price will increase.
海面	カイメン	海面は上昇しています。	The sea level is rising.
錨	イカリ	船は錨を下ろした。	The ship dropped anchor.
吹雪	フブキ	吹雪が続いた。	The snowstorm continued.
真っ青	マッサオ	空は真っ青だった。	The sky was a deep blue.
ビーフステーキ	ビーフステーキ	ビーフステーキ、絶品だったな。	The steak was excellent.
脱皮	ダッピ	蛇は脱皮した。	The snake shed its skin.
解かす	トカシ	太陽が雪を解かした。	The sun melted the snow.
絶品	ゼッピン	ビーフステーキ、絶品だったな。	The steak was excellent.
薙ぎ倒す	ナギタオサ	あらしでその村はなぎ倒された。	The storm laid the village flat.
車輪	シャリン	車輪が回りだした。	The wheel began to turn.
メリット	メリット	たくさんのメリットがあります。	There are many benefits.
無限	ムゲン	宇宙は無限だ。	The universe is endless.
強風	キョウフウ	強風が吹いていた。	There was a strong wind.
リセット	リセット	リセットボタンがないぞ。	There's no reset button.
枯れ掛ける	カレカケ	この花は枯れかけている。	These flowers are dying.
はさみ	ハサミ	このハサミを使うな。	Don't use this pair of scissors.
拾い集める	ヒロイアツメ	彼らは木の実を拾い集めている。	They are gathering nuts.
口付け	クチヅケ	彼らは雨の中で口づけを交わした。	They kissed in the rain.
交わす	カワス	彼らは微笑みを交わした。	They smiled at each other.
申し出る	モウシデル	彼らは援助を申し出た。	They offered assistance.
畑	ハタケ	彼らは畑で働いている。	They work in the fields.
手放す	テバナサ	彼らはあなたを決して手放さない。	They'd never let you go.
書籍	ショセキ	この書籍は実に古いものだ。	This book is really old.
破ける	ヤブケル	この布はすぐ破ける。	This cloth tears easily.
布	ヌノ	この布はすぐ破ける。	This cloth tears easily.
ばり	バリ	このゲーム、ばり面白い。	This game is really fun.
耐火	タイカ	この家は耐火住宅だ。	This house is fireproof.
住宅	ジュウタク	この家は耐火住宅だ。	This house is fireproof.
紛らわしい	マギラワシイ	これはちょっと紛らわしいな。	This is a bit confusing.
ずば抜ける	ズバヌケ	これが、ずば抜けて一番だ。	This is by far the best.
立て	タテ	彼は校長になり立てだ。	He has just become a principal.
経緯	ケイイ	事の経緯はこうです。	This is how it happened.
ズーム	ズーム	これがズームのボタンだよ。	This is the zoom button.
入り口	イリグチ	入り口はふさがれていた。	The entrance was blocked.
拡大	カクダイ	拡大ボタンはこれね。	This is the zoom button.
レーン	レーン	ここのプールは、６レーンあります。	This pool has six lanes.
人受け	ヒトウケ	これは万人受けしないよ。	This isn't for everyone.
欠陥	ケッカン	この携帯は欠陥品だ。	This phone is defective.
未完成	ミカンセイ	このリストは未完成です。	This list is incomplete.
日当たり	ヒアタリ	この部屋は日当たりが良い。	This room gets sunshine.
キルト	キルト	このキルト、めっちゃ暖かいよ。	This quilt is very warm.
七面鳥	シチメンチョウ	この七面鳥おいしいね。	This turkey tastes good.
放送	ホウソウ	この番組は再放送だ。	This program is a rerun.
スニーカー	スニーカー	そのスニーカーはダサいよ。	Those sneakers are ugly.
ツナサンド	ツナサンド	トムはツナサンドを食べたんだ。	Tom ate a tuna sandwich.
建築家	ケンチクカ	トムは建築家になった。	Tom became an architect.
サンド	サンド	サラミサンドが食べたいな。	I'd like a salami sandwich.
blt	blt	トムが私のＢＬＴサンド食べちゃったのよ。	Tom ate my BLT sandwich.
ハイブリッドカー	ハイブリッドカー	トムはハイブリッドカーを買った。	Tom bought a hybrid car.
釣り上げる	ツリアゲ	トムが大物を釣り上げたよ。	Tom caught a large fish.
否認	ヒニン	トムはメアリーを殺したことを否認した。	Tom denied killing Mary.
オリーブ	オリーブ	オリーブが好きなんだよね？	You like olives, don't you?
スポーツカー	スポーツカー	トムはスポーツカーを運転する。	Tom drives a sports car.
定期的	テイキテキ	トムは定期的に運動してるんだ。	Tom exercises regularly.
寝入る	ネイッ	トムはすぐに寝入った。	Tom fell asleep quickly.
成す	ナス	成せば成る。	Where there's a will, there's a way.
ジープ	ジープ	トムはジープから降りた。	Tom got out of the jeep.
めろめろ	メロメロ	トムはメアリーにメロメロなんだよ。	Tom has a crush on Mary.
汚す	ヨゴス	事故で左腕をけがしたんだ。	I got my left arm hurt in the accident.
権利	ケンリ	トムには知る権利がある。	Tom has a right to know.
野望	ヤボウ	トムには野望がある。	Tom has ambitious goals.
ゴム	ゴム	トムはゴム手袋をはめた。	Tom put on his rubber gloves.
潜める	ヒソメ	トムはソファーの後ろに身を潜めました。	Tom hid behind the sofa.
ランタン	ランタン	トムはランタンを掲げた。	Tom held up the lantern.
スポーツマン	スポーツマン	トムは真正のスポーツマンだ。	Tom is a true sportsman.
真正	シンセイ	トムは真正のスポーツマンだ。	Tom is a true sportsman.
意欲的	イヨクテキ	トムは意欲的な男だ。	Tom is an ambitious man.
坊	ボウ	トムって、お坊さんなんだよね？	Tom is a monk, isn't he?
インストラクター	インストラクター	トムはスキーのインストラクターだ。	Tom is a ski instructor.
ウイスキー	ウイスキー	このウイスキーはどう。	How do you like this whisky?
元彼	モトカレ	トムが元彼とより戻したんだって。	Tom is back with his ex.
傲慢	ゴウマン	トムは傲慢な野郎なんだ。	Tom is an arrogant jerk.
惚れ込む	ホレコン	トムはメアリーに惚れ込んでいる。	Tom is crazy about Mary.
元カノ	モトカノ	元カノと今夜デートなんだ。	I have a date with an ex-girlfriend tonight.
鑢	ヤスリ	トムは爪にやすりをかけている。	Tom is filing his nails.
求職	キュウショク	トムは求職中だ。	Tom is looking for work.
縦	タテ	首を縦に振るのは同意のサインだ。	A nod is a sign of agreement.
リュート	リュート	トムはリュートを弾いています。	Tom is playing the lute.
年齢的	ネンレイテキ	これ、トムの年齢的にキツイでしょ。	Tom is too old for this.
偏食	ヘンショク	トムは偏食じゃないよ。	Tom isn't a fussy eater.
熱帯魚	ネッタイギョ	トムは熱帯魚を飼っている。	Tom keeps tropical fish.
バロック	バロック	トムはバロック音楽が好きだ。	Tom likes Baroque music.
テディベア	テディベア	トムはテディベアを抱きしめました。	Tom hugged his teddy bear.
気まずい	キマズ	トム、気まずそうね。	Tom looks uncomfortable.
70	ナナレイ	温度は七十度です。	The thermometer stands at 70.
見比べる	ミクラベル	トムはその二人を見比べた。	Tom looked at them both.
ウインタースポーツ	ウインタースポーツ	トムはな、ウインタースポーツが好きなんだよ。	Tom likes winter sports.
装う	ヨソオウ	トムは平静を装った。	Tom put on a brave face.
ファン	ファン	ミステリーファンなの？	Are you a fan of mystery novels?
摩る	スル	トムは額をさすった。	Tom rubbed his forehead.
額	ガク	トムは額をさすった。	Tom rubbed his forehead.
間髪	カンパツ	トムは間髪を入れず、返答した。	Tom responded instantly.
流れ星	ナガレボシ	あ、流れ星だ！	Look! There's a shooting star.
好く	スキ	それ、トムは好きそうだったよ。	Tom seemed to like that.
物販	ブッパン	トムはインターネットで物販を手掛けている。	Tom sells things online.
インターネット	インターネット	インターネットの接続が遮断された。	My internet connection was cut off.
手掛ける	テガケル	これは彼の手がけたものと私には分かる。	I can see his hand in this.
実家	ジッカ	トムはいまだに実家に住んでいる。	Tom still lives at home.
誇張	コチョウ	トムには誇張癖がある。	Tom tends to exaggerate.
フロア	フロア	トムはフロアジャッキを使った。	Tom used the floor jack.
ジャッキ	ジャッキ	トムはフロアジャッキを使った。	Tom used the floor jack.
兵士	ヘイシ	兵士になったことある？	Have you ever been a soldier?
告る	コクラ	トムに告られた。	Tom told me he loves me.
殴り殺す	ナグリコロサ	トムは殴り殺されたんだ。	Tom was beaten to death.
乗り乗り	ノリノリ	トムはノリノリだった。	Tom was in high spirits.
短編小説	タンペンショウセツ	トムは短編小説を書いた。	Tom wrote a short story.
着替え	キガエ	着替えに家に帰った。	I went home to change clothes.
遺体	イタイ	トムの遺体は火葬された。	Tom's body was cremated.
火葬	カソウ	トムの遺体は火葬された。	Tom's body was cremated.
ノブ	ノブ	ノブをのの字に回して。	Turn the knob clockwise.
時計回り	トケイマワリ	ノブを時計回りに回して。	Turn the knob clockwise.
お巡りさん	オマワリサン	あそこにお巡りさんいる？	Do you see any policeman over there?
コロン	コロン	トムはコロンつけてたの？	Was Tom wearing cologne?
膨張	ボウチョウ	水は熱で膨張する。	Water expands with heat.
金銭的	キンセンテキ	私たちは金銭的に彼を援助した。	We aided him with money.
切り詰める	キリツメ	生活費を切り詰めた。	We cut our living costs.
生活費	セイカツヒ	生活費を切り詰めた。	We cut our living costs.
両替	リョウガエ	両替したいんですが。	I'd like to change some money.
取り扱う	トリアツカウ	花と種を取り扱っています。	We sell flowers and seeds.
雪合戦	ユキガッセン	雪合戦をしようよ。	Let's have a snowball fight.
対処	タイショ	この問題は私が対処します。	I'll deal with this problem.
直視	チョクシ	現実を直視すべきだ。	You should face reality.
見合わせる	ミアワセル	私たちはお互いに顔を見合わせた。	We looked at each other.
ドッグフード	ドッグフード	ドッグフードを買わなきゃね。	We need to buy dog food.
脱出	ダッシュツ	何とかそこから脱出した。	We made it out of there.
爆笑	バクショウ	僕たちは爆笑した。	We roared with laughter.
続き	ツヅキ	続きは明日にしよう。	We'll continue tomorrow.
スポットライト	スポットライト	スポットライトを取り付けます。	We'll put up spotlights.
人妻	ヒトヅマ	私たち、みんな人妻なのよ。	We're all married women.
けり	ケレ	始めよければ半ば成功。	Well begun is half done.
半ば	ナカバ	始めよければ半ば成功。	Well begun is half done.
出出し	デダシ	順調な出だし半ば成就も同じ。	Well begun is half done.
成就	ジョウジュ	順調な出だし半ば成就も同じ。	Well begun is half done.
好調	コウチョウ	滑り出しが好調なら事は半ば成就したのに等しい。	Well begun is half done.
等しい	ヒトシイ	どれも等しく重要です。	All are equally important.
夕焼け	ユウヤケ	きれいな夕焼けだよ！	What a beautiful sunset!
為さる	ナサル	何をなさるつもりですか。	What are you driving at?
長所	チョウショ	あなたの長所は何ですか。	What are your strengths?
看板	カンバン	ここへ看板を立てよう。	Let's set up a sign here.
芝居	シバイ	芝居は面白かったですか。	Was the play interesting?
閉店	ヘイテン	何時閉店ですか。	What time does it close?
香辛料	コウシンリョウ	好きな香辛料は？	What spices do you like?
旧姓	キュウセイ	旧姓は、何？	What's your maiden name?
エアメール	エアメール	エアメールだといくらですか？	What's the airmail rate?
目的地	モクテキチ	目的地はどこなの？	What's your destination?
体温	タイオン	体温は正常です。	Your temperature's normal.
移転	イテン	どこに移転するの？	Where are you moving to?
乗り場	ノリバ	バス乗り場はどこですか。	Where can I catch a bus?
更衣室	コウイシツ	更衣室はどこですか？	Where's the locker room?
楽屋	ガクヤ	楽屋口はどこですか。	Where is the stage door?
水筒	スイトウ	僕の水筒、どこかな？	Where's my water bottle?
郵便局	ユウビンキョク	郵便局に行くの？	Are you going to the post office?
乗り換える	ノリカエル	次の駅で乗り換えます。	We'll change trains at the next station.
犬小屋	イヌゴヤ	庭に犬小屋があります。	There's a doghouse in the yard.
イスラム教	イスラムキョウ	どうしてイスラム教徒じゃないの？	Why aren't you a Muslim?
疑り深い	ウタグリブカイ	何でトムはああも疑り深いのかね。	Why's Tom so suspicious?
ソウル	ソウル	ソウルは韓国の首都です。	Seoul is the capital of South Korea.
メート	メート	あなたと私はソウルメイトなのよ。	You and I are soulmates.
巧み	タクミ	君はそれを巧みに操った。	You handled that deftly.
下す	クダス	手の下しようが無い。	There's nothing to be done about it.
向き合う	ムキアワ	現実と向き合わなきゃ。	You must face the facts.
書き直す	カキナオス	これ、書き直した方がいいよ。	You should rewrite this.
苦労	クロウ	苦労するよ。	You'll have a hard time.
コック	コック	おそらくトムは良いコックだ。	Supposedly, Tom is a good cook.
聖人	セイジン	お前も聖人君子じゃないだろう。	You're no saint, either.
君子	クンシ	お前も聖人君子じゃないだろう。	You're no saint, either.
充血	ジュウケツ	目が充血してるよ。	Your eyes are bloodshot.
じんと	ジント	ジーンときました。	You've touched my heart.
煙い	ケムイ	タバコが煙い！	Your smoking bothers me.
微風	ソヨカゼ	そよ風が吹いている。	A gentle wind is blowing.
ふと	フト	奇抜な考えがふと心に浮かんだ。	A novel idea occurred to me.
色んな	イロンナ	いろんなことを話し合った。	We discussed many things.
敏感	ビンカン	私は寒さに敏感だ。	I'm very sensitive to the cold.
吸い取る	スイトル	スポンジは液体を吸い取る。	A sponge absorbs liquids.
レモンティー	レモンティー	レモンティーを一杯ください。	A tea with lemon, please.
胡椒	コショウ	もう少し胡椒を入れて。	Add a little more pepper.
アルカリ	アルカリ	アルカリは酸を中和する。	Alkalis neutralize acids.
中和	ナカワ	アルカリは酸を中和する。	Alkalis neutralize acids.
酸	サン	アルカリは酸を中和する。	Alkalis neutralize acids.
例外	レイガイ	例外はあるんですか？	Are there any exceptions?
おちょくる	オチョクッ	おちょくってる？	Are you making fun of me?
漸く	ヨウヤク	ようやくバスが止まった。	At last, the bus stopped.
麦芽	バクガ	ビールは麦芽から醸造される。	Beer is brewed from malt.
醸造	ジョウゾウ	ビールは麦芽から醸造される。	Beer is brewed from malt.
キャベツ	キャベツ	キャベツは生でも食べられる。	Cabbage can be eaten raw.
水牛	スイギュウ	あれは牛ですか水牛ですか。	Is that a cow or a buffalo?
り	リ	はしご貸りてもいい？	Can I borrow your ladder?
パンツ	パンツ	このパンツ、ポケットがないのよ。	My pants don't have pockets.
つめる	ツメ	少しつめてください。	Would you just move along a bit, please?
夜行性	ヤコウセイ	猫は夜行性の動物だ。	Cats are active at night.
暗がり	クラガリ	彼は暗がりを怖がった。	He was afraid of the dark.
夜目	ヨメ	猫は夜目が利く。	Cats can see in the dark.
間近	マジカ	この建物は完成間近だ。	This building is near completion.
チャックス	チャックス	チャックス・ダイナーは閉店しました。	Chuck's Diner has closed.
ダイナー	ダイナー	チャックス・ダイナーは閉店しました。	Chuck's Diner has closed.
以内	イナイ	２時間以内に戻ります。	I'll be back within two hours.
供給	キョウキュウ	牛は我々に牛乳を供給する。	Cows supply us with milk.
細切り	ホソギリ	肉は細切りにします。	Cut the meat into strips.
増加	ゾウカ	犯罪が増加している。	Crime is on the increase.
ダーウィン	ダーウィン	ダーウィンは世界を変えた。	Darwin changed the world.
クーラーボックス	クーラーボックス	クーラーボックスは持ってきた？	Did you bring the cooler?
ぽか	ポカ	何か俺、ポカやりました？	Did I do anything stupid?
障る	サワル	気に障ったならごめん。	I'm sorry if I hurt your feelings.
カンタ	カンタ	カンタロープ・メロン買った？	Did you buy a cantaloupe?
メロン	メロン	これは新種のメロンです。	This is a new kind of melon.
西瓜	スイカ	すいか買った？	Did you buy a watermelon?
抱き締める	ダキシメル	トムがメアリーを抱きしめるの見た？	Did you see Tom hug Mary?
声帯	セイタイ	魚に声帯はありますか？	Do fish have vocal cords?
そる	ソリ	ヒゲもそりますか。	Do you also want a shave?
赤鉛筆	アカエンピツ	赤鉛筆を持っていますか。	Do you have a red pencil?
学生証	ガクセイショウ	学生証は持ってる？	Do you have your student ID card?
スノーモービル	スノーモービル	スノーモービルは持ってますか？	Do you have a snowmobile?
ポイント	ポイント	ポイントカードはお持ちですか？	Do you have a point card?
スペアタイヤ	スペアタイヤ	スペアタイヤはありますか？	Do you have a spare tire?
25	ニゴ	5の2乗は25です。	Five squared is twenty-five.
硬貨	コウカ	２５セント硬貨をお持ちですか。	Do you have any quarters?
帰り道	カエリミチ	帰り道は分かりますか。	Do you know the way home?
産	サン	フランス産のワインは好きですか。	Do you like French wines?
目覚まし時計	メザマシドケイ	目覚まし時計って、あります？	Do you sell alarm clocks?
着ける	ツケル	トムがネクタイを着けることってあるの？	Does Tom ever wear a tie?
枝	エダ	枝を折るな。	Don't break the branches.
そらす	ソラス	話をそらすなよ。	Don't change the subject.
切り倒す	キリタオサ	たくさんの木が切り倒された。	Many trees were cut down.
弄る	イジル	その鍵をいじるな！	Don't play with that key!
いびる	イビラ	私をいびらないで。	Don't pick on me, please.
展示物	テンジブツ	展示物に手を触れないでください。	Don't touch the exhibits.
荒々しい	アラアラシイ	荒々しい言葉を使うな。	Don't use harsh language.
草食	ソウショク	象は草食動物です。	Elephants are herbivores.
物差し	モノサシ	物差しを使って線を引きなさい。	Draw a line with a ruler.
家庭	カテイ	教育は家庭に始まる。	Education starts at home.
教育	キョウイク	教育は家庭に始まる。	Education starts at home.
定規	ジョウギ	定規で線を書いて。	Draw a line with a ruler.
夕方	ユウガタ	夕方が近づいていた。	Evening was drawing near.
止し	サシ	さしを使って線を書いて。	Draw a line with a ruler.
弱点	ジャクテン	誰にでも弱点がある。	Everybody has weaknesses.
川流れ	カワナガレ	河童の川流れ。	Every man has his faults.
河童	カッパ	河童の川流れ。	Every man has his faults.
河豚	フグ	河豚は食いたし命は惜しし。	Every rose has its thorn.
よる	ヨル	それは文脈による。	It depends on the context.
トントン拍子	トントンビョウシ	全てとんとん拍子に進んだ。	Everything went smoothly.
発熱	ハツネツ	発熱は病気の兆候です。	Fever indicates sickness.
包み込む	ツツミコム	炎が森を包み込んだ。	Fire devoured the forest.
第一印象	ダイイチインショウ	第一印象は大切だ。	First impressions matter.
先んじる	サキンズレ	先んずれば人を制す。	First come, first served.
制する	セイスル	先んずれば人を制す。	First come, first served.
通用	ツウヨウ	私に言い訳は通用しないぞ。	Excuses won't work on me.
信仰	シンコウ	信仰は山をも動かす。	Faith can move mountains.
小麦粉	コムギコ	小麦粉を棚に入れて。	Put the flour on the shelf.
小麦	コムギ	小麦粉は小麦から作られる。	Flour is made from wheat.
終点	シュウテン	終点で降りて。	Get off at the last stop.
チョーク	チョーク	チョークを一本下さい。	Give me a piece of chalk.
貴金属	キキンゾク	金は貴金属だ。	Gold is a precious metal.
バッジ	バッジ	誰か僕のバッジ見なかった？	Has anyone seen my badge?
ヒッチハイク	ヒッチハイク	ヒッチハイクは嫌だな。	I don't like hitchhiking.
UFO	ユーエフオー	UFO見たことある？	Have you ever seen a UFO?
以下	イカ	君の仕事は平均以下だ。	Your work is below average.
漢字	カンジ	漢字は読むのが難しい。	Chinese characters are difficult to read.
決断力	ケツダンリョク	彼は決断力がない。	He can't make a decision.
女装	ジョソウ	彼は女装した。	He dressed up as a woman.
消し止める	ケシトメ	彼は火事を消し止めた。	He extinguished the fire.
午前中	ゴゼンチュウ	彼は午前中に起きた。	He got up in the morning.
評判	ヒョウバン	彼は評判がよい。	He has a good reputation.
面白み	オモシロミ	彼は面白みのない人だ。	He has no sense of humor.
記録	キロク	彼は記録を破った。	He has broken the record.
そわそわ	ソワソワ	彼はそわそわしている。	He has ants in his pants.
典型的	テンケイテキ	彼は典型的な日本人だ。	He is a typical Japanese.
器械	キカイ	彼は器械運動が得意だ。	He is good at gymnastics.
バスケットボール	バスケットボール	彼はバスケットボールがうまい。	He is good at basketball.
飛び越える	トビコエ	彼は垣根を飛び越えた。	He jumped over the hedge.
垣根	カキネ	彼は垣根を飛び越えた。	He jumped over the hedge.
だだ	ダダ	あいつ、だだ広い家に住んでるんだ。	He lives in a huge house.
史学	シガク	彼は史学専攻ではない。	He isn't a history major.
老ける	フケル	彼は老けて見える。	He looks old for his age.
覗き込む	ノゾキコン	トムは部屋を覗き込んだ。	Tom looked into the room.
全	ゼン	彼は全財産を失った。	He lost all of his money.
校長	コウチョウ	彼は校長になり立てだ。	He has just become a principal.
最終	サイシュウ	最終決定は彼に任せた。	We left the final decision to him.
名付ける	ナヅケル	娘にメアリーと名付けたい。	I want to name my daughter Mary.
ぽち	ポチ	彼は自分の小犬をポチと名づけた。	He named his puppy Pooch.
書	ショ	彼は昨年遺言書を作成した。	He made a will last year.
遺言	ユイゴン	彼は昨年遺言書を作成した。	He made a will last year.
終電	シュウデン	彼は終電を逃した。	He missed the last train.
合図	アイズ	彼は止まれと合図した。	He signaled them to stop.
大統領	ダイトウリョウ	彼は大統領を辞任した。	He resigned as president.
辞任	ジニン	彼は大統領を辞任した。	He resigned as president.
46	ヨンロク	彼は四六時中勉強している。	He studies day and night.
オーバー	オーバー	彼はオーバーを脱いだ。	He took off his overcoat.
独学	ドクガク	彼は独学でフランス語を学んだ。	He taught himself French.
一命	イチメイ	トムは一命をとりとめた。	Tom narrowly escaped death.
取り止める	トリトメ	トムは一命をとりとめた。	Tom narrowly escaped death.
差し足	サシアシ	彼は抜き足差し足で部屋に入った。	He tiptoed into the room.
抜き足	ヌキアシ	彼は抜き足差し足で部屋に入った。	He tiptoed into the room.
問う	トウ	彼は殺人罪に問われた。	He was accused of murder.
告訴	コクソ	彼は殺人罪で告訴された。	He was accused of murder.
呆気ない	アッケナク	彼はあっけなく負けてしまった。	He was beaten too easily.
轢く	ヒク	彼は車に轢かれた。	He was run over by a car.
戦死	センシ	彼は戦死しました。	He was killed in the war.
立ち竦む	タチスクン	彼は恐怖で立ちすくんだ。	He was paralyzed by fear.
飲ん兵衛	ノンベエ	彼は少々のんべえだ。	He's a bit of a drunkard.
バレー	バレー	彼はバレーの選手です。	He's a volleyball player.
人当たり	ヒトアタリ	彼は人当たりがよい。	He's an agreeable person.
流感	リュウカン	彼は流感で寝ている。	He's in bed with the flu.
怠ける	ナマケル	彼は怠ける傾向がある。	He's inclined to be lazy.
ぎょっと	ギョット	その光景を見てぎょっとした。	I was frightened at the sight.
論旨	ロンシ	彼の論旨は筋が通っていた。	His argument was logical.
口座番号	コウザバンゴウ	口座番号はこれなんだけど。	Here's my account number.
胡散	ウサン	あいつの話は胡散臭い。	His story sounds strange.
厳密	ゲンミツ	これは厳密にいえば間違いである。	This is, strictly speaking, a mistake.
g	グラム	500gいくら？	How much for half a kilo?
グラム	グラム	500グラムでおいくら？	How much for half a kilo?
ひもじい	ヒモジイ	ひもじい時にまずいものなし。	Hunger is the best spice.
進捗状況	シンチョクジョウキョウ	プロジェクトの進捗状況はどうなの？	How's your project going?
プロジェクト	プロジェクト	このプロジェクトは大成功でした。	This project was a great success.
いも	イモ	空腹にまずいものなし。	Hunger is the best sauce.
過失	カシツ	私は自分の過失を認めます。	I acknowledge my mistake.
ブロッコリー	ブロッコリー	実はブロッコリーが好きなの。	I actually like broccoli.
仕事探し	シゴトサガシ	仕事探しは、どうだい？	How's the job hunt going?
聞き飽きる	キキアキ	それは聞き飽きた。	I am tired of hearing it.
御供	オトモ	喜んでお供いたします。	I'd be happy to go with you.
支援	シエン	私たちは支援を訴えた。	We made an appeal for support.
率直	ソッチョク	率直な意見を聞きたい。	Let me hear your frank opinion.
一足	イッソク	靴を一足買ったよ。	I bought a pair of shoes.
筒抜け	ツツヌケ	筒抜けよ。	I can hear you, you know.
ゆとり	ユトリ	私には新車を買うゆとりは無い。	I can't afford a new car.
スリッパ	スリッパ	僕のスリッパがない。	I can't find my slippers.
論理	ロンリ	彼の論理にはついていけない。	I can't follow his logic.
無し	ナシ	冬中暖房無しで通した。	I did without heating all through the winter.
いえる	イエ	今のところなんともいえない。	I can't say anything now.
なんと	ナント	今のところなんともいえない。	I can't say anything now.
耐える	タエル	この臭いは耐えれない。	I can't stand this smell.
鯉	コイ	鯉は網で捕まえたんだ。	I caught a carp in a net.
切り倒す	キリタオシ	桜の木を切り倒しました。	I cut down a cherry tree.
イースター・エッグ	イースター・エッグ	イースター・エッグは好きじゃないんだ。	I don't like Easter eggs.
アバター	アバター	そのアバターやだ。	I don't like that avatar.
パンプキンパイ	パンプキンパイ	パンプキンパイは、苦手なのよ。	I don't like pumpkin pie.
漫画	マンガ	漫画は読まないんだ。	I don't read comic books.
満喫	マンキツ	今を満喫したい。	I want to enjoy this moment.
屈伏	クップク	私は彼女の要求に屈服した。	I gave in to her demands.
教習所	キョウシュウジョ	教習所に通ってるんだ。	I go to a driving school.
校	コウ	車校に通ってるんだよ。	I go to a driving school.
びしょびしょ	ビショビショ	下着までビショビショです。	I got soaked to the skin.
下着	シタギ	トムは下着姿だった。	Tom was in his underwear.
健康診断	ケンコウシンダン	健康診断を受けたんだよ。	I had a physical checkup.
ハーバード大学	ハーバードダイガク	ハーバード大学を卒業しました。	I graduated from Harvard.
トースター	トースター	彼女はまたトースターを壊した。	She has broken the toaster again.
横っ腹	ヨコッパラ	横っ腹が痛い。	I have a pain in my side.
手一杯	テイッパイ	今は手一杯なんだよ。	I've got too much on my plate right now.
にゃんこ	ニャンコ	ニャンコとワンコを飼ってます。	I have a kitty and a dog.
ワンコ	ワンコ	ニャンコとワンコを飼ってます。	I have a kitty and a dog.
はやる	ハヤル	今日はやることがたくさんある。	I have a lot to do today.
脇腹	ワキバラ	わき腹が痛い。	I've got a pain in my side.
濯ぐ	ユスガ	口をゆすがなくちゃ。	I have to rinse my mouth.
家事	カジ	家事も大切な仕事です。	Housework is also an important job.
見通し	ミトオシ	君が何をたくらんでいるのかお見通しだよ。	I know what your game is.
様々	サマザマ	仕事上、様々な人々と出会います。	I come into contact with all kinds of people in my work.
クロスワード	クロスワード	クロスワードが好きなの。	I like crossword puzzles.
クロスワードパズル	クロスワードパズル	クロスワードパズルが好きです。	I like crossword puzzles.
テンポ	テンポ	テンポのいい映画が好きです。	I like fast-paced movies.
戸棚	トダナ	私は戸棚を覗いた。	I looked in the cupboard.
焼き栗	ヤキグリ	焼き栗が好きです。	I like roasted chestnuts.
独り歩き	ヒトリアルキ	私は一人歩きが好きだ。	I like walking by myself.
亡くす	ナクス	去年、妻を亡くしたんだ。	I lost my wife last year.
女房	ニョウボウ	去年、女房に死なれたんだよ。	I lost my wife last year.
目新しい	メアタラシイ	目新しいことにチャレンジするのが大好きでね。	I love trying new things.
チャレンジ	チャレンジ	テニスにチャレンジすれば？	Why don't you give tennis a try?
単位	タンイ	この科目は何単位ですか。	How many credits is this course?
更新	コウシン	パスポートを更新しないといけないんです。	I must renew my passport.
雛菊	ヒナギク	彼女は雛菊を摘むのをやめた。	She stopped picking daisies.
狸寝入り	タヌキネイリ	狸寝入りをした。	I pretended to be asleep.
クリーム	クリーム	コーヒーにクリームを入れる？	Do you put cream in your coffee?
招待状	ショウタイジョウ	招待状はもう出したよ。	I've already sent out the invitations.
見なす	ミナス	私は彼を敵とみなす。	I regard him as an enemy.
来たる	キタル	来る者は誰でも歓迎だ。	Whoever comes will be welcomed.
早く	ハヤク	こんな早くにどこ行くの？	Where are you going so early?
迂闊	ウカツ	私もうかつだったわ。	I should've known better.
羽	ワ	１羽の鳥が空を飛んでいた。	A bird was flying in the sky.
滑り下りる	スベリオリ	私は階段の手すりを滑り降りた。	I slid down the banister.
脱帽	ダツボウ	脱帽です。	I take off my hat to you.
善人	ゼンニン	思うに彼は善人だ。	I think he is a good man.
やさしい	ヤサシ	これはやさしすぎると思う。	I think this is too easy.
選り好み	エリゴノミ	あなたはえり好みし過ぎだと思う。	I think you're too picky.
拘る	コダワル	彼女は服装にはこだわらない。	She doesn't care how she dresses.
どすん	ドスン	ドスンと音がした気がした。	I thought I heard a thud.
口論	コウロン	トムとよく口論になるの？	Do you and Tom argue often?
分間	ブンケン	十分間に合いましたね。	You've got plenty of time.
沿う	ソウ	私は川に沿って歩いた。	I walked along the river.
川縁	カワベリ	私は川べりを歩いた。	I walked along the river.
川沿い	カワゾイ	川沿いを歩いたよ。	I walked along the river.
クリーニング	クリーニング	クリーニングをお願いできますか。	Do you have laundry service?
かまくら	カマクラ	かまくらを作りたい。	I want to build an igloo.
昨晩	サクバン	昨晩頭が痛かった。	I had a headache last night.
戦後	センゴ	戦後生まれです。	I was born after the war.
ゾンビ	ゾンビ	ゾンビに噛まれた。	I was bitten by a zombie.
俄雨	ニワカアメ	にわか雨にあったんだ。	I was caught in a shower.
通り雨	トオリアメ	通り雨にあったよ。	I was caught in a shower.
剥ぐ	ハグ	野菜の皮を剥いでいた。	I was peeling vegetables.
引っ掻く	ヒッカカ	猫にひっかかれました。	I was scratched by a cat.
照る	テル	降ろうが照ろうが、私は行く。	I will go, rain or shine.
かわり	カワリ	おかわりをどうぞ。	Please have a second helping.
呼び出し	ヨビダシ	呼び出しをお願いします。	I'd like to page someone.
返却	ヘンキャク	本を返却しましたか。	Did you take back the books?
エアロビクス	エアロビクス	エアロビクスをやってみたいな。	I'd like to try aerobics.
診察	シンサツ	診察しましょう。	I'll give you a check-up.
乗り越える	ノリコエル	彼は塀を乗り越えた。	He climbed over the fence.
甘える	アマエル	じゃあ、お言葉に甘えて。	I'll take you up on that.
ちょび	チョビッ	ちょびっと緊張してる。	I'm a little bit nervous.
晩飯	バンメシ	晩飯をおごるよ。	I'll treat you to dinner.
日光	ニッコウ	私、日光アレルギーなの。	I'm allergic to sunlight.
講演	コウエン	面白い講演だった？	Was it an interesting speech?
精根	セイコン	精根尽きました。	I'm completely exhausted.
プラグイン	プラグイン	プラグインをダウンロードしてるんだ。	I'm downloading a plugin.
ダウンロード	ダウンロード	ダウンロードが完了しました。	The download is complete.
蘇生	ソセイ	心肺蘇生法を試みる。	I'm going to attempt CPR.
心肺	シンパイ	心肺蘇生法を試みる。	I'm going to attempt CPR.
14	ジュウヨン	7かける2は14。	Seven times two is fourteen.
吊るす	ツルス	私はシャツを吊るしている。	I'm hanging up my shirts.
魅力	ミリョク	君には魅力を感じない。	I'm not attracted to you.
三十路	ミソジ	三十路じゃありません。	I'm not thirty years old.
イースター・エッグ	イースターエッグ	イースターエッグに色を塗ってるの。	I'm painting Easter eggs.
煩う	ワズラウ	お手を煩わせて申し訳ありません。	I'm sorry to trouble you.
高校生	コウコウセイ	高校生なの？	Are you a high school student?
有り難い	アリガタイ	生きていることをありがたく思います。	I'm thankful to be alive.
手数	テスウ	お手数をおかけしました。	Thank you for your trouble.
見飽きる	ミアキ	テレビは見飽きたよ。	I'm tired of watching TV.
ばたばた	バタバタ	最近、バタバタしててさ。	I'm very busy these days.
此の頃	コノゴロ	この頃の旅行は金がかかる。	Nowadays, traveling costs a lot of money.
水遣り	ミズヤリ	花の水やりしてるんだ。	I'm watering the flowers.
夢見る	ユメミ	昨夜ね、やな夢見たんだ。	I had a bad dream last night.
はやる	ハヤッ	風邪がはやっている。	A lot of colds are going around.
タキシード	タキシード	なんでタキシードなの？	Why are you wearing a tux?
理論的	リロンテキ	理論的には可能です。	In theory, it's possible.
理論	リロン	理論上は可能です。	In theory, it's possible.
バーテンダー	バーテンダー	トムってまだバーテンダーやってんの？	Is Tom still a bartender?
タンク	タンク	タンクにガソリンは入ってるの？	Is there gas in the tank?
生放送	ナマホウソウ	これ、生放送なの？	Is this a live broadcast?
初診	ショシン	初診ですか。	Is this your first visit?
通	ツウ	普段はバス通です。	I usually go to school by bus.
一瞬	イッシュン	一瞬目を閉じた。	I closed my eyes for a moment.
増す	マス	痛みが増しています。	The pain is getting worse.
後味	アトアジ	後味悪かったね。	It left a bad aftertaste.
日間	カカン	雨は３日間降った。	It rained for three days.
大雪	オオユキ	夕べ大雪が降った。	It snowed a good deal last night.
仮装	カソウ	ハロウィンの仮装だよ。	It's a Halloween costume.
対象	タイショウ	この本は子供を対象とした本です。	It's a book for children.
仕来り	シキタリ	これは家族のしきたりなの。	This is a family tradition.
雨上がり	アメアガリ	雨上がりは涼しい。	It's cool after the rain.
出発時間	シュッパツジカン	そろそろ出発時間だ。	It's about time to start.
足し算	タシザン	５＋１０の足し算はやさしい。	It's easy to add 5 to 10.
win	ウィン	Win-Winですね。	It's a win-win situation.
彼れ	アリャ	邪魔くさいったら、ありゃしない。	It's incredibly annoying.
くず	クズ	それはくずだ。捨てなさい。	It's junk. Throw it away.
個人用	コジンヨウ	それは私の個人用のものです。	It's for my personal use.
コミュニケーション	コミュニケーション	コミュニケーションがとりにくい。	It's hard to communicate.
ジャスト	ジャスト	ジャストサイズだよ。	It's just the right size.
閑散	カンサン	平日の店は閑散としている。	Shops are quiet on weekdays.
年の瀬	トシノセ	年の瀬ですね。	It's the end of the year.
乾期	カンキ	こちらは乾季ですよ。	It's the dry season here.
年末	ネンマツ	年末です。	It's the end of the year.
風通し	カゼトオシ	この中は風通しが悪いですね。	It's very stuffy in here.
東部	トウブ	日本はアジアの東部にあります。	Japan is in eastern Asia.
茶目	チャメ	子猫って、とってもお茶目だね。	Kittens are very playful.
銘ずる	メイジ	この教訓を肝に銘じておきなさいよ。	Keep this lesson in mind.
肝	キモ	この教訓を肝に銘じておきなさいよ。	Keep this lesson in mind.
教訓	キョウクン	この話の教訓がわかりましたか。	Did you understand the moral of this story?
無邪気	ムジャキ	みんな無邪気な子どもです。	They're all innocent children.
ゴリラ	ゴリラ	ココは雌のゴリラである。	Koko is a female gorilla.
ココ	ココ	ココは雌のゴリラである。	Koko is a female gorilla.
雌	メス	ココは雌のゴリラである。	Koko is a female gorilla.
問い合わせる	トイアワセル	旅行代理店に問い合わせてみよう。	Let's ask a travel agent.
旅行代理店	リョコウダイリテン	私は旅行代理店で働いています。	I work at a travel agency.
隠れん坊	カクレンボ	かくれんぼしよう。	Let's play hide-and-seek.
スパム	スパム	スパムフォルダを確認してみて。	Look in your spam folder.
岩崩れ	イワクズレ	岩崩れに気をつけて。	Look out for rock slides.
相互	ソウゴ	愛は相互的なものです。	Love is a two-way street.
義妹	ギマイ	メアリーはトムの義妹です。	Mary is Tom's stepsister.
見送る	ミオクル	多くの友人が彼を見送った。	Many friends saw him off.
義姉	ギシ	メアリーはトムの義姉です。	Mary is Tom's stepsister.
混ぜ合わせる	マゼアワセ	材料をよく混ぜ合わせます。	Mix the ingredients well.
マトン	マトン	最近、マトンって安いね。	Mutton is cheap nowadays.
血圧	ケツアツ	血圧が高いの？	Is your blood pressure high?
がん	ガン	父はがんで死んだ。	My father died of cancer.
大所帯	オオジョタイ	うちは大所帯なんだ。	My family is a large one.
みっともない	ミットモナイ	うちの家って、古くてみっともないんだ。	My house is old and ugly.
インターンシップ	インターンシップ	インターンシップは今日で終わりです。	My internship ends today.
がくがく	ガクガク	まだ足がガクガクしてるよ。	My legs are still wobbly.
300000	サンレイマン	私の給料は３０万円だ。	My salary is 300,000 yen.
平熱	ヘイネツ	平熱です。	My temperature is normal.
譲る	ユズル	その仕事を彼にゆずった。	I passed on the job to him.
閏年	ジュンネン	来年はうるう年です。	Next year is a leap year.
氏名	シメイ	住所氏名を言ってください。	Name and address, please.
あう	アウ	彼はスーツにあう靴下を選んだ。	He selected a pair of socks to match his suit.
害	ガイ	害になる薬もある。	Some medicine does us harm.
どっこい	ドッコイ	どっこい。そうはいかないよ。	No, no! That's not right.
撓る	シナッ	誰もトムを助けようとはしなった。	Nobody tried to help Tom.
しっくり	シックリ	この方がしっくりする。	Now this is more like it.
期末	キマツ	期末試験は来週だよ。	Our finals are next week.
居間	イマ	居間の電気は消したの？	Did you turn off the living room light?
現像	ゲンゾウ	このフィルムを現像して下さい。	Please develop this film.
フィルム	フィルム	このフィルムを現像して下さい。	Please develop this film.
リビング	リビング	リビングの電気、消した？	Did you turn off the living room light?
売り上げ	ウリアゲ	今月は売上が落ちた。	Sales are down this month.
減少	ゲンショウ	売り上げが減少しています。	Our sales are decreasing.
植物	ショクブツ	苗は若い植物です。	Seedlings are young plants.
節水	セッスイ	節水をお願いします。	Please don't waste water.
久しい	ヒサシイ	驕れる者は久しからず。	Pride goes before a fall.
立場	タチバ	私は今難しい立場にいます。	I'm now in a delicate position.
記事	キジ	記事を一つ書きたい。	I want to write an article.
レーズン	レーズン	レーズンって、干し葡萄だよ。	Raisins are dried grapes.
パーセント	パーセント	米の値段が３パーセント上がった。	The price of rice went up three percent.
消費税	ショウヒゼイ	消費税は含まれていません。	Sales tax isn't included.
含む	フクム	消費税は含まれていません。	Sales tax isn't included.
屋外	オクガイ	ラグビーは屋外競技である。	Rugby is an outdoor game.
堪える	コラエ	彼女は涙をこらえた。	She controlled her tears.
夜間	ヤカン	夜間の外出は禁止です。	You must not go out at night.
申し込み	モウシコミ	彼の申し込みがやっと受理された。	His application went through.
黙り込む	ダマリコン	彼女は突然黙り込んだ。	She suddenly fell silent.
視線	シセン	彼女は視線をそらした。	She turned her eyes away.
苦しむ	クルシム	国民は重税に苦しんだ。	The people groaned under the burden of heavy taxation.
躓く	ツマズク	彼女は石につまずいた。	She tripped on the stone.
頻り	シキリ	トムはしきりに謝った。	Tom apologized profusely.
拭う	ヌグウ	彼女は涙をぬぐった。	She wiped away her tears.
本能	ホンノウ	動物は本能に従って行動する。	Animals act according to their instincts.
絶世	ゼッセイ	彼女は絶世の美女だ。	She's drop-dead gorgeous.
美女	ビジョ	彼女は絶世の美女だ。	She's drop-dead gorgeous.
アイシャドー	アイシャドー	彼女はアイシャドーをつけている。	She's wearing eye shadow.
南アフリカ	ミナミアフリカ	南アフリカは遠い。	South Africa is far away.
言い争う	イイアラソウ	お金のことで言い争うのはやめなさい。	Stop arguing about money.
捏ねる	コネル	赤ちゃんみたいに駄々をこねるのは止めなさい。	Stop whining like a baby.
雨天	ウテン	試合は雨天決行です。	The game will be played rain or shine.
若者	ワカモノ	彼らは典型的な若者だ。	They're typical young people.
空き家	アキヤ	その家は空き家です。	That house is unoccupied.
がりがり	ガリガリ	あの子、ガリガリね。	That girl is very skinny.
節	フシ	思い当たる節はない。	That doesn't ring a bell.
プレッシャー	プレッシャー	それって、すごいプレッシャー。	That's a lot of pressure.
一向	イッコウ	私はそれで一向に構いません。	That's just fine with me.
愚問	グモン	それは愚問ですよ。	That's a stupid question.
手頃	テゴロ	まあ手ごろな値段だな。	That's fairly reasonable.
ヒルトン	ヒルトン	ヒルトン・ホテルまでお願い。	The Hilton Hotel, please.
至極	シゴク	至極当然のことだ。	That's perfectly natural.
血液	ケツエキ	血液は体内を循環する。	Blood circulates through the body.
検査結果	ケンサケッカ	検査結果は陰性です。	The test result is negative.
混雑	コンザツ	食堂は混雑していた。	The cafeteria was crowded.
急停車	キュウテイシャ	バスは急停車した。	The bus stopped suddenly.
被り直す	カブリナオシ	その子は帽子をきちんとかぶり直した。	The boy adjusted his cap.
国会	コッカイ	国会は開会中だ。	The Diet is now in session.
通過	ツウカ	車は門を通過した。	The car passed through a gate.
のび	ノビ	猫がのびをした。	The cat stretched itself.
討論	トウロン	討論は続いている。	The debate is continuing.
温暖	オンダン	この国は気候が温暖だ。	This country has a mild climate.
決定	ケッテイ	決定は延期された。	The decision was put off.
ウイルス	ウイルス	パソコンがウイルス感染してる。	The computer has a virus.
期限	キゲン	期限に間に合わなかった。	The deadline was not met.
抉じ開ける	コジアケ	ドアをこじ開けた。	The door was broken open.
ガウン	ガウン	そのガウンはシルクなんだよ。	The gown is made of silk.
効果	コウカ	効果はてきめんだった。	The effect was immediate.
覿面	テキメン	効果はてきめんだった。	The effect was immediate.
即効性	ソッコウセイ	即効性があった。	The effect was immediate.
頑	ガン	馬は頑として動かなかった。	The horse would not move.
マット	マット	鍵はマットの下です。	The key is under the mat.
閉館	ヘイカン	図書館はあと10分で閉館します。	The library will be closing in ten minutes.
ピンぼけ	ピンボケ	この写真、ピンボケしてるよ。	The photograph is blurry.
開始	カイシ	何時に搭乗開始ですか。	What time does boarding begin?
譫妄	センモウ	患者さんは、せん妄状態にあります。	The patient is delirious.
失明	シツメイ	彼は事故で失明した。	He lost his eyesight in an accident.
剥げる	ハゲル	ペンキが剥げてるよ。	The paint is peeling off.
期間	キカン	問題は期間だな。	The question is how long.
頗る	スコブル	結果はすこぶる良好だった。	The result was very good.
満天	マンテン	満天の星だ。	The sky is full of stars.
広がる	ヒロガル	火は家中に広がった。	The fire spread throughout the house.
感知器	カンチキ	煙感知器が鳴った。	The smoke alarm went off.
日の出	ヒノデ	日の出はまだです。	The sun hasn't risen yet.
サーモスタット	サーモスタット	サーモスタットがダメになった。	The thermostat is broken.
流れる	ナガレル	涙が一筋頬を流れた。	A tear ran down her cheek.
加速	カソク	列車は加速した。	The train gathered speed.
狩り	カリ	彼は森へ狩りに行った。	He went hunting in the woods.
仕出す	シダシ	狼が遠吠えをしだした。	The wolf started howling.
遠吠え	トオボエ	狼が遠吠えをしだした。	The wolf started howling.
乗組員	ノリクミイン	乗組員全員が救助された。	The whole crew was saved.
肥える	コエル	トムは舌が肥えている。	Tom is particular about what he eats.
畜牛	チクギュウ	彼らの畜牛はみなよく肥えている。	Their cattle are all fat.
水道	スイドウ	水道がないんです。	There's no running water.
勝ち目	カチメ	勝ち目がない。	There's no chance of winning.
あい	アイ	あいつらさ、折り返し電話してこなかったんだ。	They didn't call me back.
企てる	クワダテル	彼らは逃亡を企てた。	They attempted to escape.
ちぐはぐ	チグハグ	この靴下はちぐはぐだ。	These socks do not match.
生け捕り	イケドリ	彼らはライオンを生け捕りにした。	They caught a lion alive.
一斉	イッセイ	彼らは一斉に笑い始めた。	All at once they began to laugh.
スタート	スタート	彼らは一斉にスタートした。	They started all at once.
税込み	ゼイコミ	この額は税込みです。	This amount includes tax.
費用	ヒヨウ	この費用は誰が出すの。	Who is going to pick up the tab for this?
生後	セイゴ	この赤ちゃんは生後3週間です。	This baby is 3 weeks old.
オートマ	オートマ	この車は、オートマだよ。	This car is an automatic.
だぶだぶ	ダブダブ	このズボンはだぶだぶだ。	These trousers are too large.
グルテンフリー	グルテンフリー	その食品はグルテンフリーです。	This food is gluten-free.
塗装	トソウ	ドアの塗装は明日だよ。	The door will be painted tomorrow.
居心地	イゴコチ	ここは居心地が悪い。	I don't feel at ease here.
どろ	ドロッ	この蜂蜜、すごいドロッとしてる。	This honey is very thick.
中継	チュウケイ	これは生中継です。	This is a live broadcast.
路地	ロジ	この路地は通り抜けできません。	This is a dead-end alley.
通り抜け	トオリヌケ	この路地は通り抜けできません。	This is a dead-end alley.
濃厚	ノウコウ	このハチミツ、めっちゃ濃厚。	This honey is very thick.
速記	ソッキ	これは速記と呼ばれています。	This is called shorthand.
メルアド	メルアド	私のメルアド知りたい？	Do you want my email address?
系	ケイ	ここは出会い系サイトではありません。	This isn't a dating site.
ジューシー	ジューシー	このステーキ、とてもジューシーね。	This steak is very juicy.
ラブソング	ラブソング	この歌はラブソングです。	This song is a love song.
暖冬	ダントウ	今年は暖冬だね。	This winter has been mild.
バレンタインデー	バレンタインデー	今日はバレンタインデーだ。	Today is Valentine's Day.
王様	オウサマ	かつて残忍な王様がいた。	Once upon a time, there lived a cruel king.
バレンタイン	バレンタイン	今日はバレンタインだよ。	Today is Valentine's Day.
持ち歩く	モチアルイ	カメラは常に持ち歩いています。	My camera goes wherever I go.
誠実	セイジツ	彼が誠実だとは思わない。	I don't think he is sincere.
方向	ホウコウ	彼は方向音痴だ。	He has no sense of direction.
すいすい	スイスイ	トムは魚の様にスイスイ泳げます。	Tom can swim like a fish.
先手	センテ	トムに先手を打たれてしまった。	Tom beat me to the punch.
為出かす	シデカシ	トムはバカなことをしでかした。	Tom did something stupid.
数週間	スウシュウカン	トムは数週間前に亡くなりました。	Tom died a few weeks ago.
押し掛ける	オシカケ	トムはメアリーのパーティーに押し掛けた。	Tom crashed Mary's party.
パセリ	パセリ	パセリを一束ください。	Give me a bunch of parsley.
炭酸	タンサン	トムは炭酸をよく飲む。	Tom drinks a lot of soda.
燃費	ネンピ	この車は燃費が悪い。	This car gets bad gas mileage.
ちらり	チラリ	トムは時計をちらりと見た。	Tom glanced at the clock.
唸る	ウナル	トムは就寝中に唸った。	Tom groaned in his sleep.
就寝	シュウシン	トムは就寝中に唸った。	Tom groaned in his sleep.
手渡し	テワタシ	トムは、私にサンドイッチを手渡しした。	Tom handed me a sandwich.
二部	ニブ	トムは二部屋の家をもっている。	Tom has a two-room house.
達筆	タッピツ	トムは達筆だ。	Tom has good handwriting.
うっとり	ウットリ	トムは自分にうっとりしていた。	Tom himself was ecstatic.
アイドル	アイドル	トムは有名なアイドルだ。	Tom is a famous pop star.
有頂天	ウチョウテン	トムは有頂天になっていた。	Tom himself was ecstatic.
娘婿	ムスメムコ	トムはメアリーの娘婿だよ。	Tom is Mary's son-in-law.
薪	タキギ	トムは薪を割ってるよ。	Tom is chopping firewood.
せかせか	セカセカ	トムはいつもせかせかしている。	Tom is always in a hurry.
素直	スナオ	彼は実に素直な人だ。	He is an extremely frank person.
義弟	ギテイ	トムは義弟よ。	Tom is my brother-in-law.
聖書	セイショ	トムは聖書を読んでいる。	Tom is reading the Bible.
ウエットスーツ	ウェットスーツ	トムはウェットスーツを着ている。	Tom is wearing a wetsuit.
小児科	ショウニカ	トムは小児科の先生じゃないよ。	Tom isn't a pediatrician.
保守的	ホシュテキ	トムはとても保守的だ。	Tom is very conservative.
小児科医	ショウニカイ	トムは小児科医ではありません。	Tom isn't a pediatrician.
シャッター	シャッター	シャッター開けるの忘れてた。	I forgot to open the blinds.
蹴り開ける	ケリアケ	トムはドアを蹴り開けた。	Tom kicked the door open.
脱ぎ捨てる	ヌギステ	トムは靴を脱ぎ捨てた。	Tom kicked off his shoes.
激痩せ	ゲキヤセ	トムね、激やせしてた。	Tom lost a lot of weight.
すっぽかす	スッポカス	トムはよく会議をすっぽかす。	Tom often skips meetings.
苗木	ナエギ	トムは桃の苗木を植えました。	Tom planted a peach tree.
残業	ザンギョウ	残業はしたくないよ。	I don't want to work overtime.
バランス	バランス	トムはバランスを取り戻した。	Tom regained his balance.
素面	シラフ	トムが「俺は素面だ」って言ってたよ。	Tom said that he's sober.
暖炉	ダンロ	トムは暖炉のそばに座った。	Tom sat by the fireplace.
長椅子	ナガイス	トムは長椅子に座った。	Tom sat down on the sofa.
ホールインワン	ホールインワン	トムはホールインワンをした。	Tom scored a hole in one.
レタス	レタス	トムはレタスを千切りにした。	Tom shredded the lettuce.
千切り	センギリ	トムはレタスを千切りにした。	Tom shredded the lettuce.
握り締める	ニギリシメル	トムはメアリーの手を握りしめた。	Tom squeezed Mary's hand.
こんこん	コンコン	トムは窓をコンコンと叩いた。	Tom tapped on the window.
メアリー	メアリ	トムはメアリに卵を投げつけた。	Tom threw an egg at Mary.
乾かす	カワカス	トムはタオルで髪を乾かした。	Tom towel-dried his hair.
泥塗れ	ドロマミレ	トムは泥まみれだった。	Tom was covered with mud.
びっしょり	ビッショリ	彼は汗びっしょりだった。	He was covered with sweat.
人質	ヒトジチ	人質は無事全員解放された。	All the hostages were released unharmed.
刺殺	シサツ	トムは刺殺されました。	Tom was stabbed to death.
刺し殺す	サシコロス	トムは刺し殺されました。	Tom was stabbed to death.
独り言	ヒトリゴト	独り言を言ってるの？	Are you talking to yourself?
容態	ヨウダイ	トムの容体が悪化した。	Tom's condition worsened.
シフト	シフト	トムのシフトは２時半に終わるよ。	Tom's shift ends at 2:30.
かど	カド	そこのかどを左にまがって。	Turn left at that corner.
紛う	マガッ	そこのかどを左にまがって。	Turn left at that corner.
裏返し	ウラガエシ	シャツ、裏返しよ。	Your shirt is inside out.
生憎	アイニク	あいにく雨が降った。	Unfortunately, it rained.
偶数	グウスウ	１２は偶数である。	Twelve is an even number.
凍え死ぬ	コゴエシヌ	私たちは危うく凍え死ぬところだった。	We almost froze to death.
条件	ジョウケン	彼らは休戦条件で合意した。	They agreed on cease-fire terms.
算数	サンスウ	算数の宿題は終わったよ。	I finished my math assignment.
谷	タニ	人生山あり谷あり。	Life has its ups and downs.
匿名	トクメイ	匿名の電話があったんです。	We got an anonymous call.
従業員	ジュウギョウイン	従業員は30人です。	We have thirty employees.
32	サンニ	歯は32本です。	We have thirty-two teeth.
ベビーシッター	ベビーシッター	トムにベビーシッターは必要ない。	Tom doesn't need a babysitter.
共同	キョウドウ	彼らは共同声明に同意した。	They agreed on a joint statement.
僅か	ワズカ	町までわずか２マイルだ。	It's only two miles to town.
捕らえる	トラエヨウ	私たちは罠でそのきつねをとらえようとした。	We tried to trap the fox.
理想的	リソウテキ	俺たちは理想的なカップルだった。	We were a perfect couple.
狢	ムジナ	俺たちは同じ穴の狢さ。	We're birds of a feather.
休	キュウ	月曜は店休です。	We're not open on Monday.
サンフランシスコ	サンフランシスコ	サンフランシスコへようこそ。	Welcome to San Francisco.
まく	マキ	庭に種をまきました。	We've planted the garden.
朝日	アサヒ	綺麗な朝日だこと！	What a beautiful sunrise!
解釈	カイシャク	それは拡大解釈だね。	That's stretching the point.
ussr	ussr	ＵＳＳＲは何の略ですか。	What does USSR stand for?
略字	リャクジ	何の略字ですか。	What does this stand for?
マーク	マーク	このマークはどういう意味なの？	What does this mark mean?
何階	ナンガイ	部屋は何階ですか？	What floor is my room on?
御茶	オチャ	冷蔵庫のお茶持ってきてよ。	Get the tea from the fridge.
種類	シュルイ	パンの種類を3つ挙げてみて。	Name three kinds of bread.
すき焼き	スキヤキ	すき焼きの作り方を教えてください。	Please tell me how to cook sukiyaki.
持久力	ジキュウリョク	お前に足りないのは、持久力だよ。	What you lack is stamina.
上映	ジョウエイ	上映は何時からですか。	When does the movie start?
昼休み	ヒルヤスミ	お昼休みはいつ？	When is your lunch break?
初恋	ハツコイ	トムは私の初恋の人です。	Tom was my first boyfriend.
入場券	ニュウジョウケン	入場券はいくらですか？	How much is the entrance fee?
コーヒーショップ	コーヒーショップ	コーヒーショップはどこですか。	Where is the coffee shop?
試着室	シチャクシツ	試着室はどこかしら？	Where's the fitting room?
行き	イキ	あれは、駅行きのバスよ。	That's the bus to the station.
通知表	ツウチヒョウ	通知表はどこなの？	Where's your report card?
ミュージアム	ミュージアム	あのミュージアムを設計したのは誰なの？	Who designed that museum?
荒らす	アラス	庭を荒らしたのは誰だ。	Who destroyed the garden?
おっと	オット	おっと。こりゃ失礼しました。	Whoops. Sorry about that.
満ち溢れる	ミチアフレ	彼女の心は幸せに満ちあふれていた。	She was overcome with happiness.
再検討	サイケントウ	問題を再検討してみます。	I'll reconsider the matter.
イースト	イースト	イーストはビールを発酵させる。	Yeast makes beer ferment.
発酵	ハッコウ	イーストはビールを発酵させる。	Yeast makes beer ferment.
出来す	デカシ	でかしたぞ。	You did an excellent job.
輝かしい	カガヤカシイ	君には輝かしい未来が待っている。	You have a bright future.
又々	マタマタ	またまたご冗談を。	You're kidding me, right?
人違い	ヒトチガイ	人違いだ。	You've got the wrong guy.
ぱんぱん	パンパン	予定はパンパンだ。	My schedule is pretty packed.
手の内	テノウチ	勝利はまだ手の内にない。	The win is still not in the bag.
ぱつぱつ	パツパツ	そのズボン、パツパツじゃん。	Your pants are too tight.
でこ	デコ	おでこから血出てるよ。	Your forehead's bleeding.
ロゼ	ロゼ	ロゼを一本ください。	A bottle of rosé, please.
日向	ヒナタ	猫が日なたで寝ている。	A cat is lying in the sun.
水風呂	ミズブロ	彼は水風呂でさっぱりした気分になった。	A cold bath refreshed him.
刺さる	ササル	魚の骨が喉に刺さった。	I have a fish bone stuck in my throat.
気体	キタイ	空気は気体の混合物だ。	Air is a mixture of gases.
混合物	コンゴウブツ	空気は気体の混合物だ。	Air is a mixture of gases.
知識	チシキ	彼女は英語の知識を習得した。	She acquired the knowledge of English.
じゅう	ジュウ	腕じゅう蚊に刺された。	I have mosquito bites all over my arm.
筆	フデ	弘法も筆の誤り。	Anyone can make a mistake.
弘法	グホウ	弘法も筆の誤り。	Anyone can make a mistake.
今週末	コンシュウマツ	今週末は暇？	Are you free this weekend?
放課後	ホウカゴ	放課後って空いてる？	Are you free after school?
ニュー	ニュー	おニューの靴履いてるの？	Are you wearing new shoes?
バドミントン	バドミントン	バトミントンは好きですか？	Do you like to play badminton?
物言い	モノイイ	物乞いは物言いをつけられぬ。	Beggars can't be choosers.
物乞い	モノゴイ	物乞いは物言いをつけられぬ。	Beggars can't be choosers.
鳶	トビ	鳶が鷹を生む。	Black hens lay white eggs.
鷹	タカ	鳶が鷹を生む。	Black hens lay white eggs.
最良	サイリョウ	これは最良の方法だ。	This is the very best method.
玉蜀黍	トウモロコシ	バーボンはトウモロコシから作られる。	Bourbon is made from corn.
呼び出す	ヨビダス	彼は仕事で呼び出された。	He was called away on business.
レンズ	レンズ	レンズだけ交換できますか。	Can I buy only the lenses?
交換	コウカン	電話番号交換しようよ。	Let's exchange phone numbers.
持ち込む	モチコム	これは持ち込めません。	You can't go in with this.
警備員	ケイビイン	誰か警備員を呼べる？	Can someone call security?
セキュリティー	セキュリティ	どなたかセキュリティを呼びましたか？	Did anybody call for security?
前金	ゼンキン	前金で払っていただけますか。	Can you pay me in advance?
仕上げる	シアゲル	お昼までにそれ仕上げられる？	Can you finish it by noon?
ぱっちん	パッチン	指パッチンってできる？	Can you snap your fingers?
手段	シュダン	恋と戦は手段を選ばず。	All's fair in love and war.
通信	ツウシン	通信手段が機能しなくなった。	Communications broke down.
相席	アイセキ	相席をお願いできますか？	Could you share the table?
洗剤	センザイ	洗剤かえた？	Did you change detergents?
郵便受け	ユウビンウケ	郵便受け、見た？	Did you check the mailbox?
成績	セイセキ	成績のことが心配なの？	Are you worried about your grades?
挫く	クジイ	足くじいたのか？	Did you sprain your ankle?
契約	ケイヤク	契約したの？	Did you sign the contract?
恐竜	キョウリュウ	鳥は恐竜から進化しました。	Birds evolved from dinosaurs.
死滅	シメツ	恐竜は現在では死滅してしまった。	Dinosaurs are now extinct.
次回	ジカイ	次回は一人でするよ。	I'll do it by myself next time.
妖精	ヨウセイ	妖精を信じてるの？	Do you believe in fairies?
コース	コース	どのコースがおすすめ？	Which course do you recommend?
ミネラルウォーター	ミネラルウォーター	ミネラルウォーターありますか？	Do you have mineral water?
スプレー	スプレー	虫よけスプレーありますか？	Do you have any bug spray?
虫除け	ムシヨケ	虫よけスプレーありますか？	Do you have any bug spray?
ジャグリング	ジャグリング	ジャグリングのやり方がわかりますか。	Do you know how to juggle?
ホラー	ホラー	ホラー映画って、好き？	Do you like horror movies?
入用	ニュウヨウ	チケットは何枚ご入用ですか？	How many tickets do you need?
フライドチキン	フライドチキン	フライドチキンは好きですか？	Do you like fried chicken?
ニトログリセリン	ニトログリセリン	ニトログリセリンを服用していますか？	Do you take nitroglycerin?
服用	フクヨウ	何か薬を服用していますか？	Are you taking any medication?
楽器	ガッキ	楽器は弾ける？	Can you play a musical instrument?
パンケーキ	パンケーキ	パンケーキ食べる？	Do you want some pancakes?
衝動買い	ショウドウガイ	衝動買いはするな。	Don't buy a pig in a poke.
皮算用	カワザンヨウ	捕らぬ狸の皮算用。	Don't count your chickens.
狸	タヌキ	捕らぬ狸の皮算用。	Don't count your chickens.
ポテチ	ポテチ	僕のポテチ、とるな。	Don't eat my potato chips.
行為	コウイ	それは売名行為だ。	That's just a cheap publicity stunt.
回りくどい	マワリクドイ	まわりくどいことをいうな。	Stop beating around the bush.
蒸し返す	ムシカエス	蒸し返すのはやめろ。	Stop beating a dead horse.
早合点	ハヤガテン	早合点しないで。	Don't jump to conclusions.
明け放す	アケハナシ	ドアを開け放しにしておくな。	Don't leave the door open.
置いてけぼり	オイテケボリ	置いてけぼりにしないで。	Don't leave me here alone.
塗り立て	ヌリタテ	ペンキ塗りたてだから、触っちゃ駄目よ。	Don't touch the wet paint.
静粛	セイシュク	みなさん、どうか静粛に。	Everyone, please be quiet.
喜び	ヨロコビ	喜びが彼の顔に出た。	His joy showed on his face.
歓声	カンセイ	聴衆から歓声があがった。	A cheer went up from the audience.
見知り	ミシリ	みんな顔見知りなんです。	Everyone knows each other.
ついと	ツイト	ついといで。道分かるから。	Follow me. I know the way.
食物	ショクモツ	食物は生きるために必要だ。	Food is essential to life.
インド人	インドジン	私の祖父はインド人の血を引いていた。	My grandfather was part Indian.
果実	カジツ	果実の中には種がある。	Fruits have seeds in them.
あからさま	アカラサマ	あからさまに言えば彼は嫌いだ。	Frankly, I don't like him.
フランスパン	フランスパン	フランスパンは美味しい。	French bread is delicious.
豊富	ホウフ	安いけど栄養豊富です。	It's cheap but very nutritious.
遣っ付ける	ヤッツケ	あのいじめっ子を、やっつけておいで。	Go and beat up that bully.
最後尾	サイコウビ	列の最後尾に行ってください。	Go to the end of the line.
強盗	ゴウトウ	警察は強盗を逮捕した。	The police arrested the burglar.
慕う	シタウ	彼は祖父を慕い尊敬している。	He adores his grandfather.
公正	コウセイ	彼は私に対して公正にふるまった。	He acted fairly toward me.
国民的	コクミンテキ	彼は国民的ヒーローになった。	He became a national hero.
ロシア語	ロシアゴ	彼はロシア語も話せる。	He can speak Russian, too.
胃癌	イガン	彼は胃ガンで死んだ。	He died of gastric cancer.
公金	コウキン	彼は公金を横領した。	He embezzled public money.
横領	オウリョウ	彼は公金を横領した。	He embezzled public money.
延ばす	ノバシ	彼は右手を延ばした。	He extended his right arm.
着服	チャクフク	彼は公金を着服した。	He embezzled public money.
とんとん	トントン	彼は窓をとんとんたたいた。	He hammered at the window.
人格者	ジンカクシャ	彼は二重人格者だ。	He has a dual personality.
交通事故	コウツウジコ	彼は交通事故に遭った。	He had a traffic accident.
蓄える	タクワエル	彼は富を蓄えた。	He has accumulated wealth.
富	トミ	彼は富を蓄えた。	He has accumulated wealth.
財	ザイ	彼は財を成した。	He has accumulated wealth.
抜群	バツグン	これは抜群にいいね。	This is by far the best of all.
神経	シンケイ	彼は運動神経が抜群だ。	He has excellent reflexes.
寝た切り	ネタキリ	彼は今、寝たきりの状態だ。	He is confined to bed now.
寝込む	ネコン	彼は寝込んでいる。	He is confined to bed now.
工員	コウイン	彼は新しい工員を採用した。	He hired some new workers.
金遣い	カネヅカイ	彼は金使いが荒い。	He is free with his money.
ファビョ	ファビョ	彼はファビョり癖がある。	He is inclined to get mad.
隣り町	トナリマチ	隣町に住んでいます。	He lives in the next town.
星空	ホシゾラ	彼は星空を見上げた。	He looked up at the stars.
過労	カロウ	彼は過労である。	He is tired from overwork.
辞する	ジス	彼はその役職を辞した。	He resigned from the post.
役職	ヤクショク	トムには役職がない。	Tom doesn't have an office.
ふち	フチ	彼は川のふちに腰を下ろした。	He sat next to the stream.
スランプ	スランプ	彼はスランプのようです。	He seems to be in a slump.
凭れる	モタレル	壁にもたれるな。	Don't lean against the wall.
寡黙	カモク	父は寡黙な人です。	My father is a man of few words.
沿い	ソイ	彼は海岸沿いに歩いた。	He walked along the shore.
幾分	イクブン	彼はいくぶん酔っていた。	He was more or less drunk.
任命	ニンメイ	彼は議長に任命された。	He was appointed chairman.
足取り	アシドリ	彼は速い足取りで歩いた。	He walked at a quick pace.
死刑	シケイ	彼は死刑を宣告された。	He was condemned to death.
聞き入る	キキイッ	彼は、音楽に聞き入っていました。	He was listening to music.
処する	ショセ	彼は死刑に処せられた。	He was sentenced to death.
負傷	フショウ	彼は戦争で負傷した。	He was wounded in the war.
没頭	ボットウ	小説に没頭してたよ。	I was absorbed in reading a novel.
高貴	コウキ	彼は高貴な生まれの人です。	He's a man of noble birth.
快活	カイカツ	彼は明朗快活な青年だ。	He's a cheerful young man.
明朗	メイロウ	彼は明朗快活な青年だ。	He's a cheerful young man.
熱中	ネッチュウ	彼は仕事に熱中している。	He's absorbed in his work.
働き盛り	ハタラキザカリ	彼は働き盛りだ。	He's in the prime of life.
凡人	ボンジン	彼はただの凡人です。	He's just an ordinary man.
集め	アツメ	趣味は切手集めです。	My hobby is collecting stamps.
尋ね者	タズネモノ	彼は警察のお尋ね者だ。	He's wanted by the police.
変梃りん	ヘンテコリン	彼女の帽子はとてもへんてこりんだった。	Her hat looked very funny.
騒ぎ	サワギ	一体何の騒ぎなの？	What's all the fuss about?
重み	オモミ	重みで氷が砕けた。	The ice cracked under the weight.
ノルマ	ノルマ	どうやってこのノルマを達成すればいいんだ？	How can I meet this quota?
チャイナタウン	チャイナタウン	チャイナタウンにはどうやっていきますか。	How do I get to Chinatown?
ビル	ビル	あのビルのとなりです。	It's next to that building.
何個	ナンコ	荷物は何個ですか。	How many bags do you have?
何回	ナンカイ	何回行ったの？	How many times did you go?
何本	ナンボン	ペンは何本いる？	How many pens do you need?
受諾	ジュダク	私は彼女の招待を受諾した。	I accepted her invitation.
関わる	カカワル	私は関わっていない。	I am not getting involved.
尽力	ジンリョク	ご尽力いただき、感謝しております。	I appreciate your efforts.
残り物	ノコリモノ	それはお昼の残り物だよ。	Those are the leftovers from lunch.
食洗機	ショクセンキ	新しい食洗機、買ったんだ。	I bought a new dishwasher.
クリスマスツリー	クリスマスツリー	私のクリスマスツリーよ。	This is my Christmas tree.
曲げる	マゲル	右腕を曲げられません。	I can't bend my right arm.
右腕	ミギウデ	右腕が上がりません。	I can't lift my right arm.
文書	ブンショ	この文書は１部しかない。	There's only one copy of this document.
ひく	ヒク	俺、毎年風邪をひくんだよ。	I catch a cold every year.
堪える	コラエル	笑をこらえることができなかった。	I couldn't help but laugh.
笑い	ワライ	笑いは百薬の長。	Laughter is the best medicine.
無意識	ムイシキ	無意識にしちゃってたの。	I did it without thinking.
教	キョウ	ブードゥー教は信じていません。	I don't believe in voodoo.
ブードゥー	ブードゥー	ブードゥー教は信じていません。	I don't believe in voodoo.
与する	クミシ	私は彼の思想には組しない。	I don't support his ideas.
無理強い	ムリツヨイ	無理強いはしたくないな。	I don't want to press you.
所得	ショトク	月に５万円の所得がある。	I earn 50,000 yen a month.
述べる	ノベル	私は開会の辞を述べた。	I gave an opening address.
辞	ジ	私は開会の辞を述べた。	I gave an opening address.
開会	カイカイ	国会は開会中だ。	The Diet is now in session.
ミサ	ミサ	毎週日曜日には、ミサに行きます。	I go to mass every Sunday.
打撲傷	ダボクショウ	左腕に打撲傷を負った。	I got my left arm bruised.
すき	スキ	逃げるすきはなかった。	I had no chance to escape.
待たす	マタス	私は長い間待たされた。	I was made to wait for a long time.
運転免許証	ウンテンメンキョショウ	運転免許証は持っています。	I have a driver's license.
低血圧	テイケツアツ	低血圧なんです。	I have low blood pressure.
不整脈	フセイミャク	不整脈があります。	I have an irregular pulse.
申告	シンコク	申告する物はありますか。	Do you have anything to declare?
ハンカチ	ハンカチ	彼はハンカチを取り出した。	He took out his handkerchief.
在処	アリカ	金のありかは分かってるんだ。	I know where the money is.
山登り	ヤマノボリ	私は山登りが好きです。	I like climbing mountains.
登山	トザン	登山が好きなんだ。	I like climbing mountains.
家庭的	カテイテキ	あの旅館は家庭的だ。	The hotel has a homey atmosphere.
器楽曲	キガクキョク	僕は器楽曲が好きだ。	I like instrumental music.
器楽	キガク	僕は器楽が好きだ。	I like instrumental music.
ストライプ	ストライプ	このストライプのシャツ、好きだな。	I like this striped shirt.
ストレート	ストレート	ブランデーはストレートがいいな。	I like my brandy straight.
ブランデー	ブランデー	ブランデーはいかがですか？	Would you like some brandy?
ジャンル	ジャンル	このジャンルの曲が好きです。	I like this kind of music.
日暮らし	ヒグラシ	その日暮らしの生活です。	I live from hand to mouth.
穴開け	アナアケ	壁に穴開けちゃった。	I made a hole in the wall.
嫁ぐ	トツグ	娘をとつがせた。	I married off my daughter.
ケアレスミス	ケアレスミス	ケアレスミスをしてしまった。	I made a careless mistake.
うっかりミス	ウッカリミス	うっかりミスしちゃった。	I made a careless mistake.
下宿	ゲシュク	私は下宿しています。	I live in a rooming house.
理髪店	リハツテン	理髪店で彼に会った。	I met him at the barber's.
便箋	ビンセン	便箋をください。	I need some writing paper.
寝汗	ネアセ	寝汗がひどいんです。	I perspire a lot at night.
デビッド	デビット	デビットカードで払いました。	I paid with my debit card.
モダン	モダン	私はモダンな家具が好きだ。	I prefer modern furniture.
オプション	オプション	僕は3つ目のオプションの方が好きだ。	I prefer the third option.
ニューヨークタイムズ	ニューヨークタイムズ	私は「ニューヨークタイムズ」を読んでいる。	I read The New York Times.
星占い	ホシウラナイ	星占いに興味ある？	Are you interested in astrology?
あらゆる	アラユル	姉と私は、あらゆる点で違う。	My sister and I are different in every way.
悟る	サトル	勝てないって悟った。	I realized I couldn't win.
遺憾	イカン	大変遺憾に思います。	I regret that quite a lot.
力添え	チカラゾエ	お力添えをお願いいたします。	I require your assistance.
ペリカン	ペリカン	そこで大きなペリカンを見たよ。	I saw a big pelican there.
焦げ臭い	コゲクサイ	何か焦げ臭いよ。	I smell something burning.
焦げる	コゲル	何かが焦げてる匂いがする。	I smell something burning.
売り払う	ウリハラッ	レコードは全部売り払ってしまったんだ。	I sold off all my records.
腱鞘炎	ケンショウエン	腱鞘炎ではないかと思うのです。	I think I have tendinitis.
水疱瘡	ミズボウソウ	水疱瘡なんだと思う。	I think I have chickenpox.
映え	ハエ	トムは写真映えがすると思う。	I think Tom is photogenic.
融通	ユウズウ	私は友達にお金を融通した。	I lent my friend some money.
ベーコン	ベーコン	ベーコンかソーセージはいかがか。	Would you like bacon or sausage?
察し	サッシ	お気持ちお察しします。	I understand how you feel.
旅館	リョカン	あの旅館は家庭的だ。	The hotel has a homey atmosphere.
縺れる	モツレル	足がもつれて転びそうになった。	I tripped and nearly fell.
通常	ツウジョウ	私は通常8時に起きる。	I usually get up at eight.
茶飲み友達	チャノミトモダチ	茶飲み友達がほしい。	I want someone to talk to.
イメージチェンジ	イメージチェンジ	イメージチェンジをしたい。	I want to change my image.
スコーン	スコーン	スコーンが食べたいな。	I want to eat some scones.
電報	デンポウ	電報を送りたいんですが。	I want to send a telegram.
数日間	スウジツカン	数日間滞在したいです。	I want to stay a few days.
撥ねる	ハネル	車に撥ねられるところだった。	I was almost hit by a car.
既	スンデ	すんでのところで車にはねられるところだった。	I was almost hit by a car.
時本	トキモト	彼はその時本を読んでいた。	He was reading a book at that time.
スーパー	スーパー	スーパーに行きました。	I went to the supermarket.
お化け屋敷	オバケヤシキ	お化け屋敷に行ってきたんだ。	I went to a haunted house.
入山	ニュウザン	入山した。	I went into the mountains.
ボーイフレンド	ボーイフレンド	君のボーイフレンドになりたいんだ。	I'd like to be your boyfriend.
目薬	メグスリ	目薬をください。	I'd like to buy eye drops.
スカイダイビング	スカイダイビング	スカイダイビングに挑戦したいんです。	I'd like to try skydiving.
入会	ニュウカイ	入会費はかかりません。	There's no membership fee for joining.
見習う	ミナラウ	トムを見習いなさい。	You should follow Tom's example.
石橋	イシバシ	石橋を叩いて渡るような人間なんです。	I'm a very careful person.
幸せ者	シアワセモノ	俺って、幸せ者だよな？	I'm a lucky man, aren't I?
添付	テンプ	ファイルを３つ添付します。	I'm attaching three files.
損なう	ソコナウ	見損なったよ。	I'm disappointed with you.
不首尾	フシュビ	君の不首尾は承知している。	I'm aware that you failed.
楽天家	ラクテンカ	私は生まれつきの楽天家だ。	I'm an optimist by nature.
生まれ付き	ウマレツキ	私は生まれつきの楽天家だ。	I'm an optimist by nature.
腹の虫	ハラノムシ	ちょっと腹の虫が騒ぎ始めたかな。	I'm feeling a bit peckish.
バッハ	バッハ	今、バッハを聴いてるとこなんだ。	I'm listening to Bach now.
社会学	シャカイガク	私は社会学を専攻している。	I'm majoring in sociology.
定か	サダカ	いつ戻るかは、定かではない。	I'm not sure when I'll be back.
御袋	オフクロ	きっとおふくろ怒るよ。	I'm sure Mom will get mad.
フェリー	フェリー	フェリーを待ってるんだよ。	I'm waiting for the ferry.
十二分	ジュウニブン	もう十二分に頂きました。	I've had more than enough.
キリン	キリン	キリンは見たことないよ。	I've never seen a giraffe.
クスクス	クスクス	クスクスは食べたことないよ。	I've never eaten couscous.
とける	トケル	氷を温めるととける。	If you heat ice, it melts.
1943	イチキュウヨンサン	１９４３年に日本は戦争をしていた。	In 1943, Japan was at war.
119	イチイチキュウ	火災の時には１１９番へ電話を。	In case of fire, call 119.
際	サイ	さい1組持ってる？	Do you have a pair of dice?
火災	カサイ	火災の原因は不明です。	The cause of the fire was unknown.
戦時下	センジカ	１９４３年、日本は戦時下にあった。	In 1943, Japan was at war.
一人娘	ヒトリムスメ	メアリーはトムの一人娘さ。	Mary is Tom's only daughter.
カフェテリア	カフェテリア	カフェテリアはもう開いてますか？	Is the cafeteria open yet?
ショッピングモール	ショッピングモール	ショッピングモールはティーンに人気だ。	Shopping malls are popular among teenagers.
秘策	ヒサク	何か秘策があるの？	Is there some secret plan?
光景	コウケイ	まったく悲しい光景だ。	It is quite a sorry sight.
奇想	キソウ	一雨きそうですね。	The sky looks threatening.
一雨	ヒトアメ	ひと雨来そうだ。	It looks as if it's going to rain.
時雨	シグレ	いつ何時雨が降るかもしれないよ。	It may rain at any moment.
案山子	カカシ	かかしみたい。	It looks like a scarecrow.
モデルガン	モデルガン	モデルガンっぽいね。	It looks like a model gun.
痛手	イタデ	それは私たちにとって痛手だった。	It was a great blow to us.
無駄足	ムダアシ	無駄足だったよ。	It was a wild goose chase.
沖縄	オキナワ	沖縄ではたくさん雨が降る。	It rains a lot in Okinawa.
造花	ゾウカ	それは造花です。	It's an artificial flower.
桁	ケタ	3桁の数字です。	It's a three-digit number.
特に	トクニ	今朝は特に寒い。	It is especially cold this morning.
いら	イラッ	イラっとするなあ。	It's getting on my nerves.
今雪	イマユキ	ちょうど今雪が降り始めた。	It's just started snowing.
明白	メイハク	彼が嘘をついたということは明白だ。	It's obvious that he lied.
一時的	イチジテキ	一時的なものです。	It's a temporary condition.
処置	ショチ	早急な処置が必要だ。	Prompt action is necessary.
ハードル	ハードル	私にはハードルが高いな。	It's too difficult for me.
木の葉	コノハ	木の葉が赤くなった。	The leaves on the tree have turned red.
夕食代	ユウショクダイ	夕食代は私に払わせて下さい。	Let me pay for the dinner.
ディスカッション	ディスカッション	このディスカッションは終わりにしましょう。	Let's end this discussion.
待ち合わせる	マチアワセル	駅で待ち合わせよう。	Let's meet at the station.
ジャクソン	ジャクソン	ジャクソン家に行こう。	Let's go to the Jacksons'.
雨宿り	アマヤドリ	雨宿りしよう。	Let's get out of the rain.
枕投げ	マクラナゲ	枕投げしようよ。	Let's have a pillow fight.
やめ	ヤメ	この討論はやめにしよう。	Let's end this discussion.
テント	テント	ここにテントを張ろう。	Let's pitch our tent here.
36	サンロク	メアリーは妊娠36週です。	Mary is 36 weeks pregnant.
番目	バンメ	メアリーはトムの２番目の妻よ。	Mary is Tom's second wife.
順	ジュン	背の順に並んでください。	Line up by height, please.
北極星	ホッキョクセイ	見て、北極星よ。	Look, it's the North Star.
針子	ハリコ	メアリーは腕のいいお針子です。	Mary is a good seamstress.
バックパック	バックパック	わしのバックパックは、ぶち重いぞ。	My backpack is very heavy.
ぶち	ブチ	値段が、ぶち高かった。	The prices were very high.
ロッカー	ロッカー	本はロッカーの中です。	My books are in my locker.
人使い	ヒトヅカイ	僕のボスは人使いが荒いんだ。	My boss is a slave driver.
起動	キドウ	パソコンが起動しなくなりました。	My computer won't boot up.
繁盛	ハンジョウ	私の商売は繁盛している。	My business is prospering.
ベトナム	ベトナム	僕のお父さんはベトナムで死んだ。	My father died in Vietnam.
ナップザック	ナップザック	俺のナップサックは、すごく重いぞ。	My knapsack is very heavy.
遣り繰り	ヤリクリ	妻はやりくりが上手だ。	My wife is a good manager.
神秘	シンピ	自然は神秘に満ちている。	Nature is full of mystery.
角砂糖	カクザトウ	角砂糖を一個入れて下さい。	One lump of sugar, please.
よーい	ヨーイ	位置について、よーい、ドン！	On your mark, get set, go!
蘭	ラン	蘭には日々の手入れが必要です。	Orchids demand daily care.
手入れ	テイレ	肌のお手入れは大切よ。	It's important to take care of your skin.
日々	ヒビ	去る者は日々に疎し。	Out of sight, out of mind.
剥がれ落ちる	ハガレオチ	屋根の一部が剥がれ落ちた。	Part of the roof fell off.
疎い	ウトシ	去る者は日々に疎し。	Out of sight, out of mind.
最盛期	サイセイキ	今はカキの最盛期だ。	Oysters are in season now.
群がる	ムラガル	群衆が現場に群がった。	A crowd gathered at the scene.
集まる	アツマル	がは灯に集まる。	Moths are attracted by light.
事項	ジコウ	それが最優先事項です。	That's the number one priority.
必須	ヒッス	この用紙に必須事項を記入してください。	Please fill out this form.
市内	シナイ	市内地図をください。	Please give me a city map.
書類	ショルイ	私は書類に署名した。	I attached my signature to the document.
書き込む	カキコム	日付は自分で書き込みなさい。	Write in the date yourself.
必要事項	ヒツヨウジコウ	トムは申込書に必要事項を書き込んだ。	Tom filled out the application form.
台本	ダイホン	台本に目を通しておいてください。	Please go over the script.
電灯	デントウ	彼は電灯を消し忘れた。	He forgot to turn off the light.
口添え	クチゾエ	口添えを頼むよ。	Put in a good word for me.
戸締まり	トジマリ	戸締まりを忘れるなよ。	Remember to lock the door.
後期	コウキ	後期が終わった。	Second semester has ended.
学期	ガッキ	二学期は終わった。	Second semester has ended.
カリフォルニア	カリフォルニア	彼女はカリフォルニアの出身です。	She comes from California.
発揮	ハッキ	彼女は才能を発揮した。	She displayed her talents.
幼年	ヨウネン	彼女は幸せな幼年時代を過ごした。	She had a happy childhood.
幼い	オサナイ	彼女は幼い頃幸せだった。	She had a happy childhood.
優秀	ユウシュウ	彼女は優秀な学生だ。	She is an excellent student.
美的	ビテキ	彼女は美的センスがゼロだ。	She has no sense of beauty.
美	ビ	彼女は美を見る目がある。	She has an eye for beauty.
顔立ち	カオダチ	彼女は顔立ちが母親と似ている。	She looks like her mother.
縛り付ける	シバリツケ	彼女は彼をいすに縛り付けた。	She tied him to the chair.
日本一	ニッポンイチ	彼女は日本一周旅行をした。	She traveled around Japan.
周	シュウ	夢は世界一周です。	My dream is to take a round-the-world trip.
各地	カクチ	彼は各地を転々と移動した。	He moved from place to place.
訪問	ホウモン	取引先の訪問を受けました。	I was visited by a customer.
1950	イチキュウゴレイ	彼女は１９５０年代の生まれです。	She was born in the 1950s.
医学生	イガクセイ	彼女は医学生でした。	She was a medical student.
痩せ細る	ヤセホソッ	彼女はガリガリにやせ細っていた。	She was as thin as a rail.
針仕事	ハリシゴト	彼女は針仕事が上手だ。	She's handy with a needle.
洗練	センレン	彼女は本当に洗練された女性だよ。	She's a very refined lady.
呟く	ツブヤク	彼女は何やら呟いている。	She's muttering something.
高須	タカス	彼女は高須クリニックに行きました。	She went to Takasu clinic.
クリニック	クリニック	彼女は高須クリニックに行きました。	She went to Takasu clinic.
ずばずば	ズバズバ	トムは何でもずばずば言う人だ。	Tom is the type of person who calls a spade a spade.
大粒	オオツブ	大粒の雪が降った。	Snow fell in large flakes.
牡丹雪	ボタンユキ	牡丹雪が降りました。	Snow fell in large flakes.
急落	キュウラク	株価が急落した。	Stock prices fell sharply.
ティンホイル	ティンホイル	ティンホイル・ハットを取りなさい。	Take off your tinfoil hat.
ハット	ハット	ティンホイル・ハットを取りなさい。	Take off your tinfoil hat.
締める	シメル	必ずシートベルトを締めること。	Always fasten your seatbelt.
内容	ナイヨウ	後で詳しい内容を教えてくれ。	Tell me the details later.
端っぽ	ハシッポ	あの犬はしっぽが短い。	That dog has a short tail.
足る	タル	取るに足らない問題です。	That is a trivial problem.
煙突	エントツ	煙突掃除が必要ね。	The chimney needs to be cleaned.
些か	イササカ	それはいささか唐突だ。	That is rather unexpected.
唐突	トウトツ	それはいささか唐突だ。	That is rather unexpected.
聞き覚え	キキオボエ	その名前に聞き覚えある？	Does that name ring a bell?
白ける	シラケル	あいつがいると座が白ける。	That man is a wet blanket.
座	ザ	あいつがいると座が白ける。	That man is a wet blanket.
可憐	カレン	とっても可憐な名前ね。	That's a very pretty name.
野球場	ヤキュウジョウ	野球場で会いましょう。	I'll meet you at the ball park.
鰐	ワニ	ワニが犬を食べた。	The alligator ate the dog.
観客	カンキャク	観客はすごく多かったよ。	The audience was very large.
聴衆	チョウシュウ	聴衆は深く感動した。	The audience was deeply affected.
引っ掻く	ヒッカイ	猫は私の手を引っ掻いた。	The cat scratched my hand.
衝突	ショウトツ	正面衝突だった。	It was a head-on collision.
全開	ゼンカイ	裏口が全開だよ。	The back door's wide open.
裏口	ウラグチ	裏口が全開だよ。	The back door's wide open.
駄菓子屋	ダガシヤ	駄菓子屋さんが閉店してしまった。	The candy store is closed.
吹き返す	フキカエシ	少年は息を吹き返した。	The boy came back to life.
込み合う	コミアッ	そのカフェテリアは込み合っていた。	The cafeteria was crowded.
唐辛子	トウガラシ	とうがらしで舌がひりひりした。	The chili burnt my tongue.
音楽会	オンガクカイ	音楽会は成功だった。	The concert was a success.
倒産	トウサン	その会社は倒産した。	The company went bankrupt.
鹿	シカ	射手は鹿を射た。	The archer killed the deer.
命懸け	イノチガケ	鹿は命懸けで逃げた。	The deer ran for its life.
白熱	ハクネツ	議論は白熱していた。	The discussion was heated.
230	ニサンレイ	数字は合計で２３０となる。	The figures add up to 230.
意気消沈	イキショウチン	その失敗がトムを意気消沈させています。	The failure depressed Tom.
独りでに	ヒトリデニ	ドアがひとりでに開いた。	The door opened by itself.
鎮火	チンカ	鎮火しました。	The fire has been put out.
フォワード	フォワード	フォワードがゴールを決めた。	The forward kicked a goal.
とまる	トマッ	ハエが天井にとまっている。	The fly is on the ceiling.
ヘッドライト	ヘッドライト	ヘッドライトが故障したんです。	The headlights don't work.
狙う	ネラウ	ハンターは鹿を狙って撃った。	The hunter shot at a deer.
魅惑	ミワク	魅惑的な音楽だった。	The music was captivating.
蚊帳	カヤ	蚊帳が破けちゃった。	The mosquito net was torn.
破ける	ヤブケ	蚊帳が破けちゃった。	The mosquito net was torn.
新入	シンニュウ	新入の名前はトムだよ。	The new guy's name is Tom.
電話線	デンワセン	電話線が切れてしまったんだ。	The phone line's been cut.
歩合制	ブアイセイ	給料は歩合制です。	The pay is based on sales.
機体	キタイ	機体は速度を上げた。	The plane increased speed.
旋回	センカイ	飛行機は東へ旋回した。	The plane turned eastward.
メートル	メートル	小腸は７メートルくらいだ。	The small intestine is about seven meters long.
3M	3m	その池は深さ3mです。	The pond is 3 meters deep.
人口	ジンコウ	人口は増加しつつある。	The population is increasing.
18432	イチマンハチセンヨンヒャクサンジュウニ	人口は、一万八千四百三十二人だった。	The population was 18,432.
18432	イチハチヨンサンニ	人口は、18,432人でした。	The population was 18,432.
放送中	ホウソウチュウ	その番組は今放送中です。	The program is on the air.
予言	ヨゲン	その予言は本当になった。	The prophecy came to pass.
望ましい	ノゾマシイ	結果は望ましいものではなかった。	The results were negative.
町中	マチナカ	町中の人が知ってるよ。	The whole town knows about it.
がま	ガマ	船は波のなすがままであった。	The ship was at the mercy of the waves.
満点	マンテン	満点の星空だったよ。	The sky was full of stars.
交通量	コウツウリョウ	交通量は少なかった。	There wasn't much traffic.
最上階	サイジョウカイ	最上階は屋根裏部屋ですよ。	The top floor is an attic.
満杯	マンパイ	今日の電車は本当に満杯だ。	The train is packed today.
待合室	マチアイシツ	彼は待合室を見回した。	He looked around the waiting room.
クロス	クロス	二本の道はそこでクロスしている。	The two roads cross there.
外側	ソトガワ	窓は外側に開いた。	The window opened outward.
吹き飛ばす	フキトバシ	風が彼女の帽子を吹き飛ばした。	The wind blew her hat off.
ストライキ	ストライキ	労働者達はストライキ中です。	The workers are on strike.
筆跡	ヒッセキ	読みにくい筆跡だった。	The writing was illegible.
花屋	ハナヤ	近くに花屋があります。	There is a florist nearby.
どうせ	ドウセ	どうせ勝てっこないよ。	There's no way we can win.
百合	ユリ	このユリはいい匂いがする。	These lilies smell lovely.
下校	ゲコウ	彼女たちはたった今下校した。	They have left school now.
12	ジュウニ	十二月は一年の最後の月です。	December is the last month of the year.
思い切る	オモイキル	彼らは思い切った行動に出た。	They took a leap of faith.
微笑み	ホホエミ	彼らは微笑みを交わした。	They smiled at each other.
看護	カンゴ	彼らは手厚い看護を受けている。	They're well looked after.
手厚い	テアツイ	彼らは手厚い看護を受けている。	They're well looked after.
刺激	シゲキ	これは好奇心が刺激されるよ。	This arouses my curiosity.
掻き立てる	カキタテル	これは私の好奇心を掻き立てる。	This arouses my curiosity.
テースト	テイスト	このコーヒーはビターテイストだね。	This coffee tastes bitter.
ビター	ビター	このコーヒーはビターテイストだね。	This coffee tastes bitter.
自動的	ジドウテキ	ドアは自動的に開いた。	The door opened automatically.
雰囲気	フンイキ	このレストランの雰囲気が好き。	I like the atmosphere of this restaurant.
食用	ショクヨウ	これは、食用きのこです。	This is an edible mushroom.
区域	クイキ	ここは立入禁止区域です。	This is a restricted area.
向け	ムケ	この本は子ども向けです。	This book is meant for children.
自動	ジドウ	自動ドアです。	The doors open automatically.
活火山	カツカザン	これは活火山です。	This is an active volcano.
防弾	ボウダン	これは防弾ガラスです。	This is bulletproof glass.
トレンド	トレンド	これが今のトレンドでしょ。	This is the current trend.
国旗	コッキ	これは日本の国旗です。	This is the flag of Japan.
スペシャル	スペシャル	これは私のスペシャルレシピです。	This is my special recipe.
比べ物	クラベモノ	このほうが比べものにならないほど優れている。	This one is by far better.
ナンセンス	ナンセンス	これは、俺にはナンセンスだね。	This makes no sense to me.
不評	フヒョウ	この商品、不評なんだ。	This product is unpopular.
商品	ショウヒン	それは人気商品だ。	This is a real popular item.
中途半端	チュウトハンパ	中途半端な文ね。	That is an incomplete sentence.
毒蛇	ドクジャ	この蛇は毒蛇ではありません。	This snake isn't venomous.
塩気	シオケ	このスープは塩気が足りない。	This soup needs more salt.
独立	ドクリツ	今日は独立記念日です。	Today is Independence Day.
記念日	キネンビ	今日は独立記念日です。	Today is Independence Day.
姉弟	シテイ	トムとメアリーは姉弟です。	Tom and Mary are siblings.
切り分ける	キリワケ	トムはリンゴを二つに切り分けました。	Tom cut the apple in half.
然り	シカル	トムは非難されてしかるべきだ。	Tom deserves to be blamed.
非難	ヒナン	トムは非難されてしかるべきだ。	Tom deserves to be blamed.
機器	キキ	トムはその機器をチェックした。	Tom checked the equipment.
改竄	カイザン	トムは報告書を改竄した。	Tom falsified the reports.
ハイタッチ	ハイタッチ	トムは友達にハイタッチした。	Tom high-fived his friend.
襲う	オソウ	トムは犬に襲われた。	Tom got attacked by a dog.
ささ	ササッ	トムは朝食をササッと済ませた。	Tom had a quick breakfast.
縒り合わせる	ヨリアワセ	トムは髭をより合わせた。	Tom has braided his beard.
投票権	トウヒョウケン	トムには投票権がある。	Tom has the right to vote.
大卒	ダイソツ	トムは大卒だ。	Tom is a college graduate.
大学院生	ダイガクインセイ	トムは大学院生です。	Tom is a graduate student.
院生	インセイ	トムは院生だ。	Tom is a graduate student.
学部卒	ガクブソツ	トムは学部卒だ。	Tom is a college graduate.
寡欲	カヨク	トムは寡欲な人だ。	Tom is a man of few wants.
サウスポー	サウスポー	トムはサウスポーだ。	Tom is a southpaw pitcher.
システムエンジニア	システムエンジニア	トムはシステムエンジニアだ。	Tom is a systems engineer.
SE	エスイー	トムはSEだ。	Tom is a systems engineer.
主夫	シュフ	専業主夫になりたい。	I want to be a stay-at-home dad.
専業	センギョウ	専業主夫になりたい。	I want to be a stay-at-home dad.
投手	トウシュ	トムは左投手だ。	Tom is a southpaw pitcher.
そそっかしい	ソソッカシイ	トムって、そそっかしいよね？	Tom is careless, isn't he?
ロマンチック	ロマンチック	トムってロマンチックだよね？	Tom is romantic, isn't he?
思い上がる	オモイアガル	あんまり思い上がるなよ。	Don't blow your own horn too much.
草むしり	クサムシリ	庭は草むしりが必要だ。	The garden needs to be weeded.
オンライン	オンライン	オンラインで申し込む方が早いかもよ。	It may be faster if you apply online.
手話	シュワ	手話に詳しい？	Are you familiar with sign language?
観戦	カンセン	レース観戦は楽しいよ。	It's fun to watch the race.
マンション	マンション	トムはマンションに住んでいます。	Tom lives in an apartment.
吐夢	トム	吐夢は真理の子供が大好きなのよ。	Tom loves Mary's children.
真理	シンリ	吐夢は真理の子供が大好きなのよ。	Tom loves Mary's children.
ミスる	ミスル	トムはよくミスる。	Tom makes a lot of errors.
ソリティア	ソリティア	トムはよくソリティアをしてるよ。	Tom often plays solitaire.
エラー	エラー	トムはエラーが多いなぁ。	Tom makes a lot of errors.
捲り上げる	マクリアゲ	トムは袖をまくり上げた。	Tom rolled up his sleeves.
湯船	ユブネ	トムは湯船に浸かりました。	Tom soaked in the bathtub.
浸かる	ツカル	トムは湯船に浸かりました。	Tom soaked in the bathtub.
殺害	サツガイ	トムに殺害すると脅された。	Tom threatened to kill me.
丸一日	マルイチニチ	トムは丸一日、学校にいた。	Tom was at school all day.
帳簿	チョウボ	トムは帳簿をごまかしていた。	Tom was cooking the books.
ごまかす	ゴマカス	トムは年をごまかしてるの？	Is Tom lying about his age?
入り浸る	イリビタッ	トムはよくここに入浸っていたんだよ。	Tom used to hang out here.
小柄	コガラ	トムは年齢の割に小柄でした。	Tom was small for his age.
長身	チョウシン	トムは長身のイケメンだった。	Tom was tall and handsome.
夜勤	ヤキン	トムは夜勤で働いている。	Tom works the night shift.
見窄らしい	ミスボラシカッ	トムの服、みすぼらしかったわ。	Tom's clothes were shabby.
Vネック	ブイネック	トムはVネックのTシャツを着ていた。	Tom wore a V-neck T-shirt.
見向く	ミムキ	トムは私なんかに見向きもしないわよ。	Tom won't even look at me.
安否	アンピ	彼の安否が気がかりだ。	I'm anxious about his safety.
弁える	ワキマエル	自分の立場をわきまえなさい。	Understand your situation.
小瓶	コビン	小瓶を２つお願いします。	Two small bottles, please.
規約	キヤク	払い戻しの規約なんてあったか？	Was there a refund policy?
進出	シンシュツ	私達は決勝戦に進出した。	We advanced to the finals.
決勝戦	ケッショウセン	私達は決勝戦に進出した。	We advanced to the finals.
事業	ジギョウ	私は事業を息子に譲った。	I turned over the business to my son.
着手	チャクシュ	我々は新しい事業に着手した。	We began on a new project.
資源	シゲン	中国は天然資源が豊富だ。	China is rich in natural resources.
共通点	キョウツウテン	僕らには何も共通点がない。	We have nothing in common.
原子力	ゲンシリョク	現代は原子力の時代だ。	We live in the atomic age.
毎	マイ	３週間ごとに会ってます。	We meet every three weeks.
提供	テイキョウ	私たちは彼によい仕事を提供した。	We offered him a nice job.
備える	ソナエル	将来に備えよ。	Prepare yourself for the future.
議案	ギアン	委員会はその議案を可決した。	The committee passed the bill.
母校	ボコウ	私たちは母校を訪れた。	We visited our old school.
出前	デマエ	私達は日の出前に出発した。	We started before sunrise.
発つ	タツ	私たちはここを発つところです。	We're about to leave here.
一番乗り	イチバンノリ	一番乗りだ。	We're the first to arrive.
にっちもさっちも	ニッチモサッチモ	にっちもさっちもいかなくなった。	We're up against the wall.
ジンベイザメ	ジンベイザメ	ジンベイザメの餌はプランクトンだ。	The whale shark feeds on plankton.
プランクトン	プランクトン	ジンベイザメの餌はプランクトンだ。	The whale shark feeds on plankton.
小魚	コザカナ	鯨は小魚をえさにしている。	Whales feed on small fish.
ススメ	ススメ	今日のおススメは何ですか？	What are today's specials?
出身国	シュッシンコク	出身国はどちらですか？	What country are you from?
仕事終わり	シゴトオワリ	仕事終わりは何してるの？	What do you do after work?
出発時刻	シュッパツジコク	出発時刻は何時ですか。	What's the departure time?
年収	ネンシュウ	年収はおいくらですか？	What's your annual income?
何分	ナニブン	今、何時何分ですか？	What's the exact time now?
生年月日	セイネンガッピ	生年月日はいつ？	What's your date of birth?
母国語	ボコクゴ	あなたの母国語は何ですか？	What's your mother tongue?
母語	ボゴ	母語は何ですか？	What's your mother tongue?
グランド	グランド	グランドオープンはいつなの？	When is the grand opening?
バスターミナル	バスターミナル	バスターミナルはどこですか。	Where is the bus terminal?
会議室	カイギシツ	会議室はどこ？	Where is the meeting room?
朝刊	チョウカン	朝刊はどこにある？	Where's the morning paper?
ブランド	ブランド	好きなブランドはなんですか。	Which brand do you prefer?
セントラルパーク	セントラルパーク	セントラルパークはどの方角でしょうか？	Which way is Central Park?
方角	ホウガク	セントラルパークはどの方角でしょうか？	Which way is Central Park?
得点	トクテン	最高得点は誰だったの？	Who got the highest score?
ルームシェア	ルームシェア	僕たちでルームシェアをするってのはどう？	Why don't we share a room?
ケープ	ケープ	どうしてトムは、ケープなんか羽織ってるの？	Why is Tom wearing a cape?
知事	チジ	知事に立候補するおつもりですか？	Will you run for governor?
詰める	ツメル	彼はびんに水を詰めた。	He filled the bottle with water.
駟	シ	駟も舌に及ばず。	Words can't be taken back.
温め直す	アタタメナオシ	このスープ、温め直してもらえる？	Will you warm up the soup?
置き	オキ	一行おきに書きなさい。	Write on every other line.
一行	イッコウ	一行おきに書きなさい。	Write on every other line.
ずつ	ズツ	３個ずつください。	I'll take three of each kind.
行	コウ	行と行の間をあけること。	Leave a space between the lines.
矢鱈	ヤタラ	昨日はやたらと暑かった。	Yesterday was awfully hot.
巻く	マク	長い物には巻かれろ。	You can't fight city hall.
れる	レロ	長い物には巻かれろ。	You can't fight city hall.
応じる	オウジル	君が応じる必要はない。	You don't have to respond.
味覚	ミカク	君はとてもいい味覚をしてるよ。	You have very good tastes.
規制	キセイ	トムは銃規制に賛成だ。	Tom is in favor of gun control.
愛らしい	アイラシイ	愛らしいおめめね。	You have very pretty eyes.
飲み過ぎ	タベスギ	食べ過ぎは禁物です。	You must not eat too much.
ゾウ	ゾウ	ゾウさんみたい。	You look like an elephant.
乗り違える	ノリチガエ	電車を乗り違えていますよ。	You're on the wrong train.
のろのろ	ノロノロ	ノロノロ運転しやがって。	You're driving too slowly.
綴る	ツヅル	私の名前の綴り間違えてるし。	You've misspelled my name.
乗	ジョウ	5の2乗は25です。	Five squared is twenty-five.
27	ニナナ	３の３乗は２７である。	3 to the third power is 27.
世界的	セカイテキ	彼女は世界的に有名です。	Her name is known all over the world.
戸口	トグチ	１人の男が戸口に現れた。	A man appeared at the door.
秒	ビョウ	1分は60秒です。	A minute has sixty seconds.
靄	モヤ	川にはもやが立ち込めていた。	A mist hung over the river.
背筋	セスジ	背筋がゾクッとした。	A shiver ran down my spine.
ぞく	ゾクッ	背筋がゾクッとした。	A shiver ran down my spine.
戦	イクサ	恋と戦は手段を選ばず。	All's fair in love and war.
掘り出す	ホリダサ	古いつぼが掘り出された。	An antique pot was dug out.
壺	ツボ	向こうの思う壷だぞ。	You're playing into their hands.
勝負	ショウブ	トムと勝負してるの？	Are you competing with Tom?
張り合う	ハリアッ	トムと張り合ってるの？	Are you competing with Tom?
バスケ	バスケ	バスケ得意？	Are you good at basketball?
主	ヌシ	大麦は我国の主産物である。	Barley is our main product.
産物	サンブツ	大麦は我国の主産物である。	Barley is our main product.
大麦	オオムギ	大麦は我国の主産物である。	Barley is our main product.
31	サンイチ	8月は31日あります。	August has thirty-one days.
当地	トウチ	当地では誰でもスキーをします。	Around here, everyone skis.
蜜	ミツ	蜜蜂は私達に蜜を与えてくれる。	Bees provide us with honey.
蜜蜂	ミツバチ	ミツバチは菜食主義者である。	Honey bees are vegetarians.
棟	ムネ	建物は２棟とも全焼した。	Both buildings burned down.
熟し	コナシ	ボクサーにはすばやい身のこなしが必要だ。	Boxers need quick reflexes.
バイキング	バイキング	朝食はバイキング形式だって。	Breakfast is a smorgasbord.
形式	ケイシキ	朝食はバイキング形式だって。	Breakfast is a smorgasbord.
蛍光	ケイコウ	蛍光ペン借りていい？	Can I borrow a highlighter?
長旅	ナガタビ	彼女は長旅に耐えられるか。	Can she endure a long trip?
速やか	スミヤカ	速やかに部屋へ入りなさい。	Come into the room at once.
25	ニイツ	クリスマスは１２月２５日です。	Christmas is December 25th.
スクリュードライバー	スクリュードライバー	スクリュードライバーをください。	Could I have a screwdriver?
インド	インド	仏教はインドで始まった。	Buddhism originated in India.
残酷	ザンコク	運命は時として残酷である。	Destiny is sometimes cruel.
アポ	アポ	アポ取れた？	Did you get an appointment?
ドライヤー	ドライヤー	ドライヤー持ってきた？	Did you bring a hair dryer?
飲料	インリョウ	ダイエット飲料って、ひどい味だよ。	Diet drinks taste terrible.
ミュージカル	ミュージカル	ミュージカルは見なかったんですか。	Didn't you see the musical?
口喧嘩	クチゲンカ	トムとよく口喧嘩するの？	Do you and Tom argue often?
銀行口座	ギンコウコウザ	銀行口座はお持ちですか？	Do you have a bank account?
配送	ハイソウ	配送は有料ですか。	Do you charge for delivery?
有料	ユウリョウ	配送は有料ですか。	Do you charge for delivery?
半日	ハンジツ	半日のツアーはありますか。	Do you have half-day tours?
モーツァルト	モーツァルト	モーツァルトの曲って好き？	Do you like Mozart's music?
物書き	モノカキ	物書きになりたいんですか？	Do you want to be a writer?
兄弟姉妹	キョウダイシマイ	トムには兄弟姉妹がいますか？	Does Tom have any siblings?
地区	チク	この地区は高齢者が多い。	There are many senior citizens in this area.
向ける	ムケル	銃を私に向けるな。	Don't point your gun at me.
小遣い	コヅカイ	子供にお小遣いをあげてるよ。	I give my children an allowance.
逃れ	ノガレ	責任逃れをするな。	Don't try to pass the buck.
銘々	メイメイ	めいめいに自分の好みがある。	Everyone has their own preferences.
発祥	ハッショウ	絵文字は日本が発祥です。	Emojis originated in Japan.
絵文字	エモジ	絵文字は日本が発祥です。	Emojis originated in Japan.
軈て	ヤガテ	やがて静かになった。	Eventually it became quiet.
パ	パ	みんなパ二くり出した。	Everybody started to panic.
繊維	センイ	もっと繊維質を取りなさい。	You need to eat more fiber.
縁	エン	彼はその一族に縁がある。	He is related to the family.
汚らわしい	ケガラワシイ	離してよ。汚らわしい。	Get your dirty paws off me.
束	タバ	彼は小枝を束にした。	He tied the twigs into bundles.
グリーン	グリーン	グリーンは私が一番好きな色です。	Green is my favorite color.
乳搾り	チチシボリ	牛の乳搾りってしたことある？	Have you ever milked a cow?
習得	シュウトク	彼女はフランス語を習得した。	She acquired a knowledge of French.
成し遂げる	ナシトゲル	彼は任務を成し遂げた。	He accomplished his mission.
サンタクロース	サンタクロース	サンタクロースって信じてる？	Do you believe in Santa Claus?
改名	カイメイ	トムが改名したってほんと？	Is it true Tom changed his name?
独力	ドクリョク	彼が独力でその仕事をした。	He did the work on his own.
ワイングラス	ワイングラス	彼はワイングラスを飲みほした。	He emptied a glass of wine.
遂げる	トゲル	彼は不慮の死を遂げた。	He died an unnatural death.
不慮	フリョ	彼は不慮の死を遂げた。	He died an unnatural death.
ちょっぴり	チョッピリ	彼はウイスキーをちょっぴり飲んだ。	He drank a shot of whiskey.
養う	ヤシナウ	彼には養うべき家族がいる。	He has a family to support.
取り柄	トリエ	彼は何の取り柄もない。	He has no redeeming traits.
フック	フック	彼は上着をフックに掛けた。	He hung his coat on a hook.
ヤ	ヤ	あいつって、ヤな奴だよな。	He is an unpleasant fellow.
盛ん	サカン	彼はまだ元気盛んだ。	He is still full of energy.
農業	ノウギョウ	彼は農業の研究をしている。	He is studying agriculture.
強ち	アナガチ	彼の言うことはあながち間違っていない。	He is not altogether wrong.
病人	ビョウニン	病人は悲観的になりがちだ。	Sick people tend to be pessimistic.
天寿	テンジュ	彼は天寿を全うした。	He lived to a ripe old age.
全う	マットウ	彼は天寿を全うした。	He lived to a ripe old age.
穴埋め	アナウメ	彼がその穴埋めをした。	He made up for the deficit.
損失	ソンシツ	彼はその損失を補った。	He made up for the deficit.
補う	オギナウ	彼はその損失を補った。	He made up for the deficit.
原稿	ゲンコウ	私はこの一年原稿を書いている。	I've been writing this manuscript for a year.
持ち逃げ	モチニゲ	彼女は卵を持ち逃げした。	She ran away with the eggs.
バースデー	バースデー	彼がバースデーカードを送ってくれた。	He sent me a birthday card.
史	フミ	彼は英国史を勉強した。	He studied English history.
英国	エイコク	彼は英国史を勉強した。	He studied English history.
物思い	モノオモイ	彼はもの思いにふけっていた。	He was absorbed in thought.
スイス	スイス	彼はスイス生まれだ。	He was born in Switzerland.
手足	テアシ	彼女は手足が長い。	She has long arms and legs.
実験台	ジッケンダイ	彼は私を実験台に使った。	He used me as a guinea pig.
遅れ	オクレ	彼は１時間遅れで現れた。	He turned up an hour later.
至る所	イタルトコロ	彼は至る所で歓迎された。	He was welcomed everywhere.
弾丸	ダンガン	彼は弾丸で負傷した。	He was wounded by a bullet.
職探し	ショクサガシ	彼は職探しに忙しい。	He's busy with job hunting.
乏しい	トボシイ	この国は雨がとぼしい。	Rain is scarce in this country.
有望	ユウボウ	彼は前途有望な青年だ。	He's a promising young man.
前途	ゼント	彼は前途有望な青年だ。	He's a promising young man.
旧友	キュウユウ	奴は僕の旧友だ。	He's an old friend of mine.
滴る	シタタル	彼は水も滴るいい男だ。	He's tremendously handsome.
最中	サイチュウ	彼は今長い手紙を書いている最中だ。	He's writing a long letter.
的	マト	彼の答えは的を射ている。	His answer is to the point.
射る	イル	射手は鹿を射た。	The archer killed the deer.
的確	テキカク	彼の答えは的確だ。	His answer is to the point.
菜食主義者	サイショクシュギシャ	ミツバチは菜食主義者である。	Honey bees are vegetarians.
説教	セッキョウ	彼の説教はとても長い。	His lectures are very long.
区別	クベツ	狼と犬の区別がつきますか。	Can you tell wolves from dogs?
仕組み	シクミ	これは具体的にどういう仕組みなんですか？	How exactly does this work?
脚	キャク	椅子は何脚必要でしょうか？	How many chairs do we need?
ケース	ケース	ビール１ケース、おいくらですか？	How much is a case of beer?
頻度	ヒンド	どれくらいの頻度で柿って食べる？	How often do you eat persimmons?
間隔	カンカク	陣痛の間隔はどれくらいですか。	How far apart are the contractions?
打ち明ける	ウチアケル	ぶっちゃけ、知りません。	To be honest, I don't know.
増築	ゾウチク	部屋の増築をした。	I added a room to my house.
デーツ	デーツ	デーツ、ひと箱全部食べちゃった。	I ate a whole box of dates.
音楽部	オンガクブ	音楽部に入ってるんだ。	I belong to the music club.
演劇部	エンゲキブ	演劇部所属です。	I belong to the drama club.
カヤック	カヤック	カヤックを乗りにここに来たんだ。	I came here to go kayaking.
莫大	バクダイ	彼は莫大な財産を築いた。	He accumulated a large fortune.
相続	ソウゾク	私は莫大な遺産を相続した。	I came into a huge fortune.
遺産	イサン	私は莫大な遺産を相続した。	I came into a huge fortune.
木綿	モメン	私は木綿のシャツを２枚買った。	I bought two cotton shirts.
速い	ハヤ	速すぎてついていけないよ。	I can't keep pace with you.
天窓	テンマド	天窓に手が届かないの。	I can't reach the skylight.
貸し出し	カシダシ	貸し出しは何冊までですか？	How many books can I borrow?
収入	シュウニュウ	収入が１０％減った。	My income has gone down by 10 percent.
範囲	ハンイ	想定の範囲外だ。	I never imagined anything like this.
自制	ジセイ	自制できませんでした。	I couldn't restrain myself.
カンニング	カンニング	試験でカンニングなんてしてないよ。	I didn't cheat on the test.
れる	レヨウ	何を言われようが、構わないよ。	I don't care what they say.
帰宅部	キタクブ	僕、帰宅部なんだ。	I don't belong to any club.
マイペース	マイペース	私はマイペースなの。	I do things at my own pace.
立ち聞き	タチギキ	立ち聞きするつもりはなかったんだよ。	I didn't mean to eavesdrop.
替え	カエ	シャツの替えがない。	I don't have a spare shirt.
炊飯器	スイハンキ	炊飯器が買いたいな。	I want to buy a rice cooker.
立ち振舞い	タチフルマイ	君の立ち振る舞い方が気に入らない。	I don't like your behavior.
会話	カイワ	会話に加われば？	Why don't you join in the conversation?
別人	ベツジン	別人みたい。	You look like a completely different person.
満たす	ミタス	花瓶を水で満たした。	I filled a vase with water.
かわる	カワッ	彼女と席をかわった。	I exchanged seats with her.
務め	ツトメ	私はそうすることが自分の努めだと思った。	I felt it my duty to do so.
携帯番号	ケイタイバンゴウ	携帯番号教えちゃった。	I gave him my phone number.
奥の手	オクノテ	俺には奥の手があるんだ。	I have an ace up my sleeve.
ジョーカー	ジョーカー	私は、ジョーカーを持ってるから。	I have an ace up my sleeve.
高血圧	コウケツアツ	高血圧です。	I have high blood pressure.
OK	オーケー	トムもメアリーもOKだといいなぁ。	I hope Tom and Mary are OK.
ぶらぶら	ブラブラ	１時間ぶらぶらしてたんだよ。	I hung around for one hour.
ハーバード	ハーバード	ハーバードはトムの母校だよ。	Harvard is Tom's alma mater.
スペイン人	スペインジン	私は彼女がスペイン人であるということを知っている。	I know that she is Spanish.
隠れ場	カクレバ	いい隠れ場所を知ってるんだ。	I know a good hiding place.
ぽっち	ッポッチ	音楽はこれっぽっちも解らない。	I know nothing about music.
縞々	縞々	私の縞々のセーターどこかしら？	Where's my striped sweater?
鳩	ハト	ハトは平和の象徴だ。	A dove is a symbol of peace.
ぼうっと	ボーット	ちょっとぼーっとしていました。	I lost myself for a moment.
玩具屋	オモチャヤ	おもちゃ屋の隣に住んでます。	I live next to a toy store.
赤坂	アカサカ	私は東京の赤坂に住んでいます。	I live at Akasaka in Tokyo.
アリス	アリス	メアリーもアリスも大好き。	I love both Mary and Alice.
ピスタチオ	ピスタチオ	ピスタチオのアイスが大好きなんだよ。	I love pistachio ice cream.
往診	オウシン	私は医者に往診してもらう必要がある。	I must send for the doctor.
レッカー車	レッカーシャ	レッカー車を呼ばなきゃいけないな。	I need to call a tow truck.
新曲	シンキョク	新曲を覚えないとな。	I need to learn a new song.
おく	オカ	車に鍵をかけておかなかったの？	Didn't you lock up your car?
グラノーラバー	グラノーラバー	グラノーラバーを１本食べただけなんだ。	I only ate one granola bar.
結膜炎	ケツマクエン	よく結膜炎を起こします。	I often get conjunctivitis.
市	シ	市外局番もいるの？	Do I have to dial the area code, too?
無糖	ムトウ	無糖の紅茶の方がいいです。	I prefer tea with no sugar.
橙	ダイダイ	私は林檎よりも甘橙の方が好きです。	I prefer oranges to apples.
自営業	ジエイギョウ	自営業の方がいい。	I prefer to work on my own.
シュガーレス	シュガーレス	シュガーレスの紅茶の方が好きです。	I prefer tea with no sugar.
じっくり	ジックリ	物事をじっくり考える慎重派です。	I'm the type who likes to think things over very carefully.
能力	ノウリョク	給料は君の能力次第だ。	You'll be paid according to your ability.
全幅	ゼンハバ	彼の能力には全幅の信頼を寄せている。	I really trust his ability.
鞍	クラ	僕は自分で馬の鞍に乗った。	I saddled the horse myself.
月決め	ツキギメ	私は月ぎめで部屋を借りている。	I rent a room by the month.
ジャンボ機	ジャンボキ	私はジャンボ機が離陸するのを見た。	I saw a jumbo jet take off.
イントロ	イントロ	イントロは飛ばした。	I skipped the introduction.
勤勉	キンベン	トムって勤勉だと思う。	I think Tom is hardworking.
無神経	ムシンケイ	トムって無神経だと思う。	I think Tom is insensitive.
見覚え	ミオボエ	あの顔に見覚えがある。	I've seen that face before.
室内	シツナイ	彼の冗談で室内の緊張がほぐれた。	His joke eased the tension in the room.
創造性	ソウゾウセイ	創造性豊かな奴だな。	You're a pretty creative guy.
参列	サンレツ	パーティーに参列したい。	I want to attend the party.
面食らう	メンクラッ	私は少し面食らった。	I was a little taken aback.
生まれ育つ	ウマレソダツ	ここで生まれ育ちました。	I was born and raised here.
1974	イチキュウナナヨン	私は１９７４年６月４日に生まれた。	I was born on June 4, 1974.
欠かす	カカス	トムは一日も欠かさずここに来ている。	Tom comes here every single day.
因む	チナン	ここね、じいちゃんちなんだ。	This is my grandparents' house.
驚き	オドロキ	嬉しい驚きでした。	I was pleasantly surprised.
寝床	ネドコ	飯の後、俺は寝床についた。	I went to bed after eating.
飯	メシ	今帰って飯食った。	I've just gotten home and had dinner.
移り住む	ウツリスム	なぜ鳥は移り住むのでしょうか。	I wonder why birds migrate.
旅行会社	リョコウカイシャ	旅行会社の収益が急増した。	Travel agencies' profits soared.
ギタリスト	ギタリスト	私はギタリストになりたいんです。	I'd like to be a guitarist.
代える	カエ	背に腹は代えられぬ。	You can't make an omelet without breaking eggs.
使い熟す	ツカイコナセル	英語を使いこなせるようになりたいです。	I'd like to master English.
水割り	ミズワリ	水割りにしてください。	I'd like whiskey and water.
極める	キワメル	英語を極めたいな。	I'd like to master English.
号	ゴウ	これの１３号ってありますか？	Do you have this in a size 13?
汲む	クム	バケツに水を汲んでくるよ。	I'll get a bucket of water.
ペンダント	ペンダント	君にこのペンダントをあげるよ。	I'll give you this pendant.
ソナタ	ソナタ	ソナタを一曲弾いてあげよう。	I'll play a sonata for you.
前言	ゼンゲン	前言撤回するよ。	I'll take back what I said.
撤回	テッカイ	前言撤回するよ。	I'll take back what I said.
陸でなし	ロクデナシ	俺はろくでなしさ。	I'm a good-for-nothing bum.
市民	シミン	私は世界市民である。	I'm a citizen of the world.
熟知	ジュクチ	僕はそのエリアに熟知している。	I'm familiar with the area.
エリア	エリア	このエリアは、非公開です。	This area isn't open to the public.
人工	ジンコウ	うちの子は、人工乳で育てています。	I'm bottle-feeding my baby.
母乳	ボニュウ	母乳で育てています。	I'm breast-feeding my baby.
キャスト	キャスト	ポッドキャストを聞いています。	I'm listening to a podcast.
香港	ホンコン	私は今香港にいます。	I'm in Hong Kong right now.
動機付け	ドウキツケ	僕はお金で動機付けはしない。	I'm not motivated by money.
づける	ヅケヨウ	トムを元気づけようとしているんだ。	I'm trying to cheer Tom up.
前々	マエマエ	前々から、アメフトは好きです。	I've always liked football.
待ち望む	マチノゾム	これを待ち望んでいました。	I've been waiting for this.
かねがね	カネガネ	お噂はかねがね。	I've heard a lot about you.
垂れ下がる	タレサガッ	氷柱が屋根から垂れ下がっていた。	Icicles hung from the roof.
氷柱	ヒョウチュウ	氷柱が屋根から垂れ下がっていた。	Icicles hung from the roof.
アイスランド	アイスランド	アイスランドには多くの火山があります。	Iceland has many volcanoes.
氷柱	ツララ	屋根から氷柱が垂れてたんだ。	Icicles hung from the roof.
アイシャドウ	アイシャドウ	メアリーはアイシャドウつけてるのかな？	Is Mary wearing eye shadow?
原子	ゲンシ	鉄の原子番号は26です。	Iron's atomic number is 26.
メス	メス	あの犬って、オスなの？それともメス？	Is that dog male or female?
雄	オス	あの犬って、オスなの？それともメス？	Is that dog male or female?
バッファロー	バッファロー	あれって牛なの？それともバッファローなの？	Is that a cow or a buffalo?
薬局	ヤッキョク	この近くに薬局はありますか？	Is there a pharmacy nearby?
ビギナー	ビギナー	ビギナーコースって、ありますか？	Is there a beginner course?
専門店	センモンテン	近くに帽子の専門店はありますか？	Is there a hat shop nearby?
健在	ケンザイ	お父様は、ご健在ですか？	Is your father still alive?
大差	タイサ	大差ないよ。	It makes little difference.
ふる	フル	夕方には雪がふるかもしれないよ。	It may snow in the evening.
うっかり	ウッカリ	うっかり忘れてたんだよ。	It must've slipped my mind.
藪	ヤブ	それは藪から棒だったね。	It was a complete surprise.
棒	ボウ	彼は犬を棒でたたいた。	He beat the dog with a stick.
一目	イチモク	一目惚れなの。	It was love at first sight.
惚れ	ホレ	一目惚れなの。	It was love at first sight.
瀬戸際	セトギワ	今は生きるか死ぬかのせとぎわです。	It's a do-or-die situation.
紛れ	マギレ	それは紛れもない事実である。	It's a fact you can't deny.
エチケット	エチケット	それはエチケットの問題だ。	It's a matter of etiquette.
報う	ムクワ	努力は報われなかった。	It wasn't worth the effort.
手間	テマ	手間がかかる作業です。	It's a time-consuming task.
行う	オコナウ	言うは易く行うは難し。	It's easier said than done.
紙切れ	カミキレ	ただの紙切れです。	It's just a piece of paper.
紫	ムラサキ	青というより、紫ね。	It's more purple than blue.
パープル	パープル	ブルーっていうより、パープルね。	It's more purple than blue.
引っ繰り返す	ヒックリカエシ	彼はテーブルをひっくり返した。	He turned the table upside down.
脇見	ワキミ	脇見運転はするな。	Keep your eyes on the road.
枸櫞	クエン	レモンはクエン酸を含んでいる。	Lemons contain citric acid.
留守電	ルスデン	留守電に入れといてね。	Leave me a message, please.
大型車	オオガタシャ	大型車はガソリンを食う。	Large cars use lots of gas.
本題	ホンダイ	本題に入ろう。	Let's get down to business.
気分転換	キブンテンカン	気分転換に散歩しよう。	Let's take a walk for a change.
ごっこ	ゴッコ	海賊ごっこしようぜ。	Let's pretend we're pirates.
25	ニジュウゴ	二十五ページの地図を見なさい。	Look at the map on page 25.
横腹	ヨコバラ	左横腹を下にして下さい。	Lie down on your left side.
掛け替え	カケガエ	人生は短く、かけがえのないものです。	Life is short and precious.
稲妻	イナズマ	空に稲妻が走った。	Lightning flashed in the sky.
有効	ユウコウ	切符は三日間有効だ。	The ticket is good for three days.
叶える	カナエル	夢を叶えて。	Make your dreams come true.
マルコーニ	マルコーニ	マルコーニは無線を発明した。	Marconi invented the radio.
無線	ムセン	マルコーニは無線を発明した。	Marconi invented the radio.
冥福	メイフク	ご冥福をお祈りします。	May his soul rest in peace.
一層	イッソウ	事態はいっそう悪くなっている。	Matters are becoming worse.
花柄	ハナガラ	メアリーは、花柄のワンピースを着ていた。	Mary wore a flowered dress.
クリスマスケーキ	クリスマスケーキ	母はクリスマスケーキを作ってくれた。	Mom baked a Christmas cake.
ぽんこつ	ポンコツ	私の車、ポンコツなのよ。	My car is on its last legs.
ビジネスマン	ビジネスマン	父はビジネスマンです。	My father is a businessman.
鮭	サケ	鮭を３切れ下さい。	Give me three pieces of salmon.
ストリート	ストリート	４２ストリートのレストランの前です。	It's in front of a restaurant on 42nd Street.
ボールペン	ボールペン	ボールペンで書いてください。	Write with a ballpoint pen.
スクール	スクール	私のスクールバッグって、すごく重いのよ。	My schoolbag is very heavy.
いがいが	イガイガ	喉が少しイガイガするのよ。	My throat is a little sore.
ジッパー	ジッパー	ジッパーが途中で引っかかって、上がらなくなってしまった。	My zipper stuck halfway up.
下手っぴ	ヘタッピ	妻は、運転がへたっぴなんです。	My wife drives very poorly.
洞穴	ホラアナ	誰も洞穴を見つけ出すことはできなかった。	No one could find the cave.
御自身	ゴジシン	では、ご自身のことをお話しください。	Now tell me about yourself.
高齢者	コウレイシャ	この地区は高齢者が多い。	There are many senior citizens in this area.
敬う	ウヤマウ	彼の兵士は彼を怖れ敬っていた。	His soldiers feared and respected him.
86	ハチロク	本の８６ページを開いてください。	Open your books to page 86.
優勢	ユウセイ	我々のチームが優勢になりつつある。	Our team is gaining ground.
停止	テイシ	列車は滑らかに停止した。	The train came to a smooth stop.
駐車禁止	チュウシャキンシ	ここは駐車禁止です。	Parking is prohibited here.
具体化	グタイカ	我々の計画は具体化しつつある。	Our plans are taking shape.
CO2	シーオーツー	植物は成長のためにCO₂を必要とする。	Plants require CO2 to grow.
絶食	ゼッショク	数日は絶食するようにしてください。	Please fast for a few days.
待機	タイキ	タクシーが外で待機しています。	The taxi is waiting outside.
早急	サッキュウ	早急な処置が必要だ。	Prompt action is necessary.
学生服	ガクセイフク	学生服を着ろ。	Put on your school uniform.
振り掛ける	フリカケ	肉に塩を少しふりかけます。	Put some salt on your meat.
貝	カイ	今日はホタテ貝がお値打ちですよ。	Scallops are on sale today.
値打ち	ネウチ	この服はお値打ち品です。	This dress is a good bargain.
帆立	ホタテ	今日はホタテ貝がお値打ちですよ。	Scallops are on sale today.
苗	ナエ	苗は若い植物です。	Seedlings are young plants.
脚注	キャクチュウ	５ページ脚注を参照してください。	See the footnote on page 5.
置き去り	オキザリ	彼女は自分の子供たちを置きざりにした。	She abandoned her children.
ヤール	ヤール	妹は布を５ヤール買った。	My sister bought five yards of cloth.
関心	カンシン	彼は政治に関心が無い。	He has no interest in politics.
吹き出す	フキダス	彼を見たとたん私は吹き出した。	As soon as I saw him, I burst into laughter.
取り分け	トリワケ	彼女はとりわけ音楽が好きだ。	She especially likes music.
恥じる	ハジル	彼は失敗を恥じている。	He is ashamed of his failure.
良心	リョウシン	彼女は良心にはじるところがなかった。	She had a clear conscience.
二十歳	ハタチ	僕はまだ二十歳になっていない。	I'm not twenty years old yet.
言い聞かせる	イイキカセ	彼女はそれをするよう、彼に言い聞かせた。	She persuaded him to do it.
ブラインド	ブラインド	彼女はブラインドを降ろした。	She pulled the blinds down.
ど	ド	武士は食わねど高楊枝。	A samurai, even when he has not eaten, uses a toothpick like a lord.
一	イチ	私たちはもういちど彼に会おうと思います。	I reckon we'll see him once more.
混合	コンゴウ	空気は数種の気体の混合体だ。	Air is a mixture of several gases.
比較的	ヒカクテキ	彼女は比較的早口だ。	She speaks relatively fast.
志望	シボウ	彼女はデザイナー志望だ。	She wants to be a designer.
年端	トシハ	当時、彼女は年端もいかない子どもだった。	She was a little girl then.
一躍	イチヤク	彼女は一躍有名になった。	She suddenly became famous.
火照る	ホテッ	彼女は熱で体が火照っていた。	She was burning with fever.
依頼	イライ	彼女は私の依頼を断った。	She turned down my request.
伯母	オバ	彼女は君の伯母だよね？	She's your aunt, isn't she?
だぼ	ダボッ	彼女は、だぼっとしたコートを着てるの。	She's wearing a loose coat.
隻	セキ	何隻かのボートが湖に浮かんでいる。	Some boats are on the lake.
改行	カイギョウ	ここで改行しなさい。	Start a new paragraph here.
気遣い	キヅカイ	お気遣いありがとうございます。	Thank you for your concern.
心遣い	ココロヅカイ	お心遣いに感謝します。	Thank you for your consideration.
問い合わせ	トイアワセ	お問い合わせいただきありがとうございます。	Thank you for your inquiry.
御苦労	ゴクロウ	ご苦労様でした。	Thank you for your trouble.
乳母車	ウバグルマ	あの乳母車は、ワシんちのじゃ。	That baby carriage is ours.
じゃ	ジャ	あの乳母車は、ワシんちのじゃ。	That baby carriage is ours.
毛並み	ケナミ	あの猫、毛並みがきれいだな。	That cat has beautiful fur.
新婚	シンコン	あの二人は、新婚さんなのよ。	That couple are newly weds.
絹製	キヌセイ	そのドレスは絹製です。	That dress is made of silk.
放映	ホウエイ	その映画はテレビで放映されましたよ。	That movie was shown on TV.
並み	ナミ	学校の成績は、並でした。	My school marks were average.
騒々しい	ソウゾウシイ	その通りは騒々しかった。	That street was very noisy.
未完	ミカン	それは未完に終わった小説です。	That's an unfinished novel.
他人事	ヒトゴト	人ごとだと思って。	That's easy for you to say.
散らし	チラシ	あの女性がチラシをくれたのよ。	That woman gave me a flyer.
道断	ドウダン	それは言語道断だ。	That's out of the question.
検討中	ケントウチュウ	検討中です。	That's under consideration.
問題外	モンダイガイ	それは問題外だよ。	That's out of the question.
外気	ガイキ	外気は少し冷たかった。	The air felt a little cold.
氷山	ヒョウザン	氷山の一角だよ。	It's the tip of the iceberg.
タイタニック	タイタニック	タイタニックは氷山に衝突した。	The Titanic hit an iceberg.
射手	イテ	射手は鹿を射た。	The archer killed the deer.
鞴	フイゴ	ふいごは故障している。	The bellows aren't working.
どす黒い	ドスグロカッ	その血はどす黒かった。	The blood was a dark color.
建て	ダテ	ビルは20階建てです。	The building has 20 floors.
羽ばたく	ハバタカ	鳥が翼をはばたかせた。	The bird flapped its wings.
つやつや	ツヤツヤ	車にはワックスがかけられ、ツヤツヤしている。	The car is waxed and shiny.
廃虚	ハイキョ	その城は今では廃虚となっている。	The castle is now in ruins.
素足	スアシ	子どもたちは素足でした。	The children were barefoot.
日程	ニッテイ	日程は後日決定いたします。	The date will be set later.
後日	ゴジツ	日程は後日決定いたします。	The date will be set later.
開演	カイエン	開演は何時ですか。	What time does the play begin?
展覧会	テンランカイ	展覧会は現在開催中です。	The exhibition is now open.
開催中	カイサイチュウ	展覧会は現在開催中です。	The exhibition is now open.
光る	ヒカル	床がピカピカに光っていた。	The floor had a good shine.
どんどん	ドンドン	風がどんどん強くなった。	The wind got stronger and stronger.
訓練	クンレン	私たちは昨日防火訓練をした。	We had a fire drill yesterday.
時森	トキモリ	その時森は静かだった。	The forest was silent then.
盛り上がり	モリアガリ	盛り上がりに欠ける試合だった。	The game lacked excitement.
色付く	イロヅイ	木の葉が赤く色づいてきている。	The leaves are turning red.
大気	タイキ	月に大気はない。	The moon has no atmosphere.
所蔵	ショゾウ	その図書館は多くの書物を所蔵している。	The library has many books.
書物	ショモツ	ヒトは書物を書く唯一の動物である。	Man is the only animal that writes books.
ぱっ	パッ	明かりがパッとついた。	The light came on suddenly.
小屋	コヤ	豚は小屋にいない。	The pigs aren't in the pen.
日間	ニチカン	雨が３日間降り続いた。	The rain lasted three days.
散らかす	チラカス	部屋は散らかし放題だった。	The room was all messed up.
放題	ホウダイ	部屋は散らかし放題だった。	The room was all messed up.
充満	ジュウマン	部屋には煙が充満していた。	The room was full of smoke.
海水	カイスイ	海水が傷にしみて痛いよ。	The seawater stings my cut.
晴れ上がる	ハレアガル	空はすぐに晴れ上がるでしょう。	The sky will soon clear up.
樫	カシ	丘の上に樫の木ってある？	Are there oak trees on the hill?
飲み込む	ノミコム	蛇が蛙を飲み込んだ。	The snake swallowed a frog.
断水	ダンスイ	断水しました。	The water has been cut off.
崩れる	クズレル	天気が崩れそうだ。	The weather is threatening.
此の世	コノヨ	この世は、愚か者だらけ。	The world is full of fools.
沼	ヌマ	ここに小さな沼があります。	There is a small pond here.
勝る	マサル	健康は富にまさる。	Health is better than wealth.
羨む	ウラヤン	彼らはみんな私の新車をうらやんだ。	They all envied my new car.
御祭り	オマツリ	彼らはお祭りを中止した。	They canceled the festival.
極端	キョクタン	それは極端な場合だ。	They are the extreme cases.
通り抜ける	トオリヌケ	彼は森を通り抜けた。	He passed through the woods.
沼地	ヌマチ	彼らは沼地を通り抜けた。	They got through the marsh.
狩る	カッ	彼らは鹿や狐を狩った。	They hunted deer and foxes.
一読	イチドク	この本は一読の価値がありますよ。	This book is worth reading.
急進	キュウシン	彼らは急進派の烙印を押された。	They were labeled radicals.
烙印	ラクイン	彼らは急進派の烙印を押された。	They were labeled radicals.
操縦	ソウジュウ	この自動車は操縦しやすい。	This car is easy to handle.
メードインジャパン	メイド・イン・ジャパン	この車はメイド・イン・ジャパンだ。	This car was made in Japan.
論文	ロンブン	論文を書き終えましたか。	Have you finished writing your thesis?
生産	セイサン	この工場では、玩具を生産しています。	This factory produces toys.
磁石	ジシャク	これはU字形磁石です。	This is a horseshoe magnet.
字形	ジケイ	これはU字形磁石です。	This is a horseshoe magnet.
弾	タマ	この銃には弾が入っていません。	This gun is out of bullets.
伝統	デントウ	これは家族の伝統です。	This is a family tradition.
行事	ギョウジ	これは重要な行事です。	This is an important event.
円やか	マロヤカ	これはとてもまろやかなコーヒーだ。	This is a very mild coffee.
現住所	ゲンジュウショ	これが現住所です。	This is my current address.
アルプス	アルプス	これはアルプス山脈の景色です。	This is a view of the Alps.
山脈	サンミャク	これはアルプス山脈の景色です。	This is a view of the Alps.
最新	サイシン	辞書は最新版だよ。	The dictionary is up to date.
古銭	コセン	この古銭は、とても珍しいものです。	This old coin is very rare.
パズル	パズル	そのパズルを解けなかった。	I couldn't solve the puzzle.
ピース	ピース	このパズルは５００ピースあるんだ。	This puzzle has 500 pieces.
設備	セツビ	この学校は暖房設備がない。	This school has no heating.
異様	イヨウ	この部屋、異様に暑い。	This room is unusually hot.
座り心地	スワリゴコチ	座り心地の良い椅子です。	This is a comfortable chair.
点数	テンスウ	こんな点数じゃだめ。	This score is unacceptable.
真北	マキタ	この通りは真北に伸びている。	This street runs due north.
70000	ナナマン	この腕時計は７万円もしました。	This watch cost 70,000 yen.
ギリシャ語	ギリシャゴ	この語はギリシャ語から出ている。	This word comes from Greek.
由来	ユライ	多くの英単語はラテン語に由来する。	Many English words are derived from Latin.
ラテン語	ラテンゴ	いつからラテン語を勉強してるの？	When did you start studying Latin?
ルームメート	ルームメート	トムはジョンのルームメートになった。	Tom became John's roommate.
あんよ	アンヨ	トムって、まだあんよができないんでしょう？	Tom can't walk yet, can he?
ファストフード	ファストフード	ファストフードはもう飽きた。	I'm tired of eating fast food.
劣等感	レットウカン	トムは、劣等感の塊だ。	Tom has an inferiority complex.
テストダメ	テストダメ	トムねフランス語のテストダメだったんだよ。	Tom failed the French test.
911	キュウイチイチ	トムはすぐに911に電話した。	Tom immediately called 911.
地理	チリ	トムは地理の先生です。	Tom is a geography teacher.
雇用	コヨウ	トムはメアリーの雇用に反対なんだ。	Tom is against hiring Mary.
全米	ゼンベイ	トムはバイクで全米を旅した。	Tom rode his motorcycle across America.
協会	キョウカイ	トムは全米ライフル協会の会員だ。	Tom is a member of the NRA.
極度	キョクド	トムは極度の秘密主義者だ。	Tom is extremely secretive.
陥る	オチイル	会社は経営難に陥っている。	The company is in financial difficulties.
申請中	シンセイチュウ	トムはビザを申請中です。	Tom is applying for a visa.
居所	イドコロ	虫の居所が悪いの？	Did you wake up on the wrong side of the bed?
ルーム	ルーム	うちには、ゲストルームはない。	Our house doesn't have a guest room.
ランドリー	ランドリー	トムはランドリールームにいるよ。	Tom is in the laundry room.
イマジナリー	イマジナリー	トムは僕のイマジナリーフレンドなんだ。	Tom is my imaginary friend.
フレンド	フレンド	トムは僕のイマジナリーフレンドなんだ。	Tom is my imaginary friend.
架空	カクウ	トムは私の架空の友達なの。	Tom is my imaginary friend.
奔放	ホンポウ	トムって、本当に自由奔放ね。	Tom is truly a free spirit.
プロジェクトマネージャー	プロジェクトマネージャー	トムはプロジェクトマネージャーです。	Tom is the project manager.
登	ノボル	登夢は真理の扉をとんとんと叩いた。	Tom knocked on Mary's door.
サングリア	サングリア	トムはサングリアが好きなんだ。	Tom likes to drink sangria.
一途	イット	トムはメアリーに一途です。	Tom only has eyes for Mary.
オースト	オースト	トムは絶対、オースト出身だよ。	Tom must be from Australia.
そろり	ソロリ	トムはそろりとドアを開けた。	Tom opened the door slowly.
ウインドー	ウィンドウ	トムはウインドウを下げた。	Tom rolled down the window.
がちゃん	ガチャン	トムは電話をガチャンと切った。	Tom slammed down the phone.
撃ち殺す	ウチコロシ	トムは熊を撃ち殺した。	Tom shot and killed a bear.
割と	ワリト	トムって割と早口だね。	Tom speaks relatively fast.
連れ出す	ツレダシ	トムはメアリーをランチに連れ出した。	Tom took Mary out to lunch.
取り持つ	トリモトウ	トムは場を取り持とうとした。	Tom tried to break the ice.
和む	ナゴム	トムは場を和ませようとした。	Tom tried to break the ice.
消防士	ショウボウシ	今でも消防士なんでしょ？	You're still a fire fighter, aren't you?
スーパーマーケット	スーパーマーケット	彼女はスーパーマーケットの店員である。	She is a clerk in the supermarket.
水泡	スイホウ	トムの努力は水泡に帰した。	Tom's efforts were in vain.
帰す	キス	トムの努力は水泡に帰した。	Tom's efforts were in vain.
早期	ソウキ	トムのお父さんは、早期退職しました。	Tom's father retired early.
ランス	ランス	これをランス語に訳しなさい。	Translate this into French.
うわ	ウワー	うわー！また携帯なくしちゃった。	Ugh! I lost my phone again.
腸	チョウ	腸チフスは怖い病気。	Typhoid is a scary disease.
チフス	チフス	腸チフスは怖い病気。	Typhoid is a scary disease.
げえ	ゲッ	げっ！またスマホ落とした。	Ugh! I lost my phone again.
演奏者	エンソウシャ	私たちはその演奏者に拍手を送った。	We applauded the performer.
険しい	ケワシイ	私たちは険しい坂を登った。	We climbed the steep slope.
要望	ヨウボウ	ご要望には応じられません。	We can't meet your demands.
祝福	シュクフク	誕生日を祝福しました。	We celebrated his birthday.
カントリークラブ	カントリークラブ	カントリークラブに入会した。	We joined the country club.
撮影	サツエイ	写真撮影に興味ある？	Are you interested in photography?
$	ドル	５０＄の内金をお願いします。	We'd like a deposit of $50.
内金	ウチキン	５０＄の内金をお願いします。	We'd like a deposit of $50.
振り出し	フリダシ	振り出しに戻ってしまった。	We were back to square one.
308	サンレイハチ	308便を予約しました。	We're booked on flight 308.
演劇	エンゲキ	演劇を見に行くんです。	We're going to the theater.
裁判所	サイバンショ	裁判所にいたの？	Were you at the courthouse?
ブラウザ	ブラウザー	ブラウザーは何使ってるの？	What browser are you using?
ブラウザ	ブラウザ	ＯＳとブラウザは？	What OS and browser do you use?
部署	ブショ	どちらの部署なんですか？	What department are you in?
ポスター	ポスター	あのポスターって、どういう意味？	What does that poster mean?
GNP	ジーエヌピー	ＧＮＰって、何の略なの？	What does G.N.P. stand for?
土産	ミヤゲ	お土産何買ったの？	What souvenirs did you buy?
議題	ギダイ	今日の議題は何ですか？	What's on the agenda today?
楽曲	ガッキョク	一番好きな楽曲は何ですか？	What's your favorite music?
格言	カクゲン	一番好きな格言って、なに？	What's your favorite quote?
座右	ザウ	座右の銘は何ですか？	What's your favorite quote?
銘	メイ	座右の銘は何ですか？	What's your favorite quote?
スパイス	スパイス	1番好きなスパイスって、なに？	What's your favorite spice?
月収	ゲッシュウ	月収っていくら？	What's your monthly salary?
ワールドカップ	ワールドカップ	次のワールドカップって、いつなの？	When is the next World Cup?
満月	マンゲツ	今夜は満月だ。	There's a full moon tonight.
術	ジュツ	政府もなすすべがないようだ。	It sounds as if the government doesn't know what to do.
建つ	タツ	この教会はいつ建ったの？	When was this church built?
執り行う	トリオコナワ	結婚式はどこで執り行われたの？	Where was the wedding held?
音量調節	オンリョウチョウセツ	音量調節はどこでやるの？	Where's the volume control?
電話帳	デンワチョウ	電話帳はどこ？	Where's the telephone book?
救急箱	キュウキュウバコ	救急箱はどこ？	Where's your first aid kit?
一押し	イチオシ	あなたの一押しの俳優は誰ですか？	Who is your favorite actor?
企画	キカク	新しい企画を考えましょう。	Let's come up with a new plan.
霊柩車	レイキュウシャ	誰が霊柩車を運転してたんですか？	Who was driving the hearse?
チェーンソー	チェーンソー	なんでチェーンソーが必要なの？	Why do you need a chainsaw?
浮かれる	ウカレル	なんでみんなそんなに浮かれてるの？	Why is everyone so excited?
電線	デンセン	電線は電気を伝送するものです。	Wires transmit electricity.
伝送	デンソウ	電線は電気を伝送するものです。	Wires transmit electricity.
肝臓	カンゾウ	ワインは、肝臓に悪い。	Wine is bad for your liver.
大戦	タイセン	翌年、第一次世界大戦が始まりました。	The next year, World War I broke out.
1945	イチキュウヨンゴ	第二次世界大戦は１９４５年に終わった。	World War II ended in 1945.
終結	シュウケツ	第二次世界大戦は1945年に終結した。	World War II ended in 1945.
日付け	ヒヅケ	日付は自分で書き込みなさい。	Write in the date yourself.
付近	フキン	この付近は駐車禁止です。	You can't park around here.
献血	ケンケツ	あなたに献血は無理。	You can't be a blood donor.
医学的	イガクテキ	医学的治療が必要ですね。	You need medical treatment.
疲労困憊	ヒロウコンパイ	疲労困憊って感じだな。	You look totally exhausted.
質	シツ	量より質が重要だ。	Quality is more important than quantity.
おろす	オロサ	そうは問屋がおろさないぞ。	You won't get it so easily.
問屋	トンヤ	そうは問屋がおろさないぞ。	You won't get it so easily.
既婚者	キコンシャ	既婚者だよね？	You're married, aren't you?
一端	イッパシ	お前にも問題の一端はあるんだぞ。	You're part of the problem.
縫い物	ヌイモノ	縫い物がとてもお上手ですね。	You're very good at sewing.
未熟	ミジュク	君はまだ未熟だ。	You're still inexperienced.
兄さん	ニイサン	彼は兄さんほど我慢強くない。	He is less patient than his brother.
筋違い	スジチガイ	君の質問は筋違いだ。	Your question is illogical.
平均	ヘイキン	君の仕事は平均以下だ。	Your work is below average.
例えば	タトエバ	「何かしろよ！」「例えば？」	"Do something!" "Like what?"
寒波	カンパ	この地方を寒波が襲った。	A cold wave hit this district.
24	ニジュウヨン	一日は二十四時間ある。	A day has twenty-four hours.
貫通	カンツウ	弾丸が彼の体を貫通した。	The bullet went through his body.
銃弾	ジュウダン	銃弾はヘルメットを貫通した。	A bullet pierced the helmet.
表象	ヒョウショウ	ハトは平和の表象である。	A dove is a symbol of peace.
飛び付く	トビツイ	すぐに結論に飛びついてはいけない。	You must not jump to conclusions.
行成	イキナリ	いきなり解雇を言い渡された。	I was discharged without notice.
象徴	ショウチョウ	ハトは平和の象徴だ。	A dove is a symbol of peace.
奇抜	キバツ	奇抜な考えがふと心に浮かんだ。	A novel idea occurred to me.
省く	ハブク	それでだいぶ手間が省ける。	That will save me a lot of trouble.
針	ハリ	針に糸を通しておくれ。	Please thread the needle for me.
弦	ゲン	ギターの弦が切れた。	A string on my guitar broke.
広大	コウダイ	中国はアジアで最も広大な国である。	China is the largest country in Asia.
砂漠	サバク	広大な砂漠が我々の前に横たわっていた。	A vast desert lay before us.
伝う	ツタウ	涙が彼女の頬を伝った。	Tears trickled down her cheeks.
パプリカ	パプリカ	パプリカを小さじ１加えて。	Add one teaspoon of paprika.
小匙	コサジ	パプリカを小さじ１加えて。	Add one teaspoon of paprika.
金額	キンガク	金額はいくらでもいいんです。	Any amount of money will do.
世界中	セカイジュウ	彼は世界中を旅した。	He traveled around the world.
付き	ツキ	部屋はエアコン付きですか？	Does the room have air conditioning?
乗客	ジョウキャク	乗客は何人ですか。	How many people are on board?
奴隷	ドレイ	あなたは習慣の奴隷ですか？	Are you a creature of habit?
留学生	リュウガクセイ	留学生の方ですか？	Are you an exchange student?
書道	ショドウ	書道って、得意？	Are you good at calligraphy?
観	カン	映画観に行くの？	Are you going to the movies?
転居	テンキョ	ご両親は転居されたんですか？	Are your parents relocating?
身の回り	ミノマワリ	身の回りの人には親切にしなさいよ。	Be kind to those around you.
芭蕉	バショウ	芭蕉はもっとも偉大な詩人だった。	Basho was the greatest poet.
身内	ミウチ	他人より身内。	Blood is thicker than water.
止め	トメ	日焼け止めを貸してくれない？	Can I borrow some sunscreen?
手荷物	テニモツ	手荷物はどこで受け取るんですか？	Where do I claim my baggage?
寝転がる	ネコロガッ	ソファーに寝転がってもいい？	Can I lie down on the couch?
キャラメル	キャラメル	キャラメルアイス食べてもいい？	Can I eat caramel ice cream?
正当化	セイトウカ	目的は手段を正当化する。	The end justifies the means.
ベルボーイ	ベルボーイ	ベルボーイを呼んでもらえますか？	Can you send the bellboy up?
肝油	カンユ	子供って、肝油を嫌うね。	Children hate cod liver oil.
漁る	スナドル	あさって来てください。	Come the day after tomorrow.
言葉選び	コトバエラビ	言葉選びは慎重になさい。	Choose your words carefully.
未満	ミマン	クッキーは５歳未満だ。	Cookie is under 5 years old.
ギフト	ギフト	ギフト包装してもらえますか？	Could you wrap it as a gift?
包装	ホウソウ	包装紙って、ありますか？	Do you have any wrapping paper?
変装	ヘンソウ	これで変装しろ。	Disguise yourself with this.
ソフトドリンク	ソフトドリンク	ソフトドリンクはありますか。	Do you have any soft drinks?
当日券	トウジツケン	当日券はありますか。	Do you have today's tickets?
タクシー代	タクシーダイ	タクシー代あるの？	Do you have money for a cab?
書き方	カキカタ	書き方を習ってます。	We're learning how to write.
工作	コウサク	自由工作って好き？	Do you like arts and crafts?
インドネシア	インドネシア	インドネシア料理はお好きですか？	Do you like Indonesian food?
クラフト	クラフト	アート・クラフトは好きですか？	Do you like arts and crafts?
図画	ズガ	図画・工作って、好き？	Do you like arts and crafts?
ホワイト	ホワイト	ホワイトチョコ好き？	Do you like white chocolate?
凭れ掛かる	モタレカカル	壁にもたれかかるな。	Don't lean against the wall.
頭数	トウスウ	忘れずに俺も頭数に入れてくれよ。	Don't forget to count me in.
運任せ	ウンマカセ	運まかせにするな。	Don't leave it up to chance.
かえす	カエサ	そこへかえさないで。	Don't make me go back there.
必修	ヒッシュウ	英語は必修科目です。	English is a required class.
科目	カモク	英語は必修科目です。	English is a required class.
動き回る	ウゴキマワッ	母はいつも忙しく動きまわっている。	My mother is always on the go.
フェタ	フェタ	フェタチーズは塩分が多い。	Feta cheese is high in salt.
塩分	エンブン	フェタチーズは塩分が多い。	Feta cheese is high in salt.
フィンランド	フィンランド	フィンランド人はコーヒーをたくさん飲みます。	Finns drink a lot of coffee.
ややこしい	ヤヤコシイ	文法はとてもややこしい。	Grammar is very complicated.
繁雑	ハンザツ	文法は非常に煩雑だ。	Grammar is very complicated.
苦しい	クルシイ	良薬は口に苦し。	Good medicine tastes bitter.
良薬	リョウヤク	良薬は口に苦し。	Good medicine tastes bitter.
ハラスメント	ハラスメント	ハラスメントを受けたことがありますか？	Have you ever been harassed?
剪定	センテイ	木の剪定って、したことある？	Have you ever pruned a tree?
スモア	スモア	スモアって食べたことある？	Have you ever eaten s'mores?
かっこう	カッコウ	カッコウを見た事がありますか。	Have you ever seen a cuckoo?
使命	シメイ	彼は使命を果たした。	He accomplished his mission.
酸素	サンソ	月には酸素がない。	There's no oxygen on the moon.
紛れる	マギレル	彼は人混みの中に紛れていった。	He disappeared in the crowd.
入学試験	ニュウガクシケン	彼は入学試験に失敗した。	He failed the entrance exam.
入浴	ニュウヨク	彼は毎朝入浴します。	He has a bath every morning.
名人	メイジン	彼はうそつきの名人だ。	He is adept at telling lies.
墓穴	ボケツ	彼女は墓穴を掘っている。	She's digging her own grave.
宿直	シュクチョク	今夜は彼が宿直です。	He is on night duty tonight.
一族	イチゾク	彼はその一族に縁がある。	He is related to the family.
前半	ゼンハン	彼は30代前半です。	He is in his early thirties.
ぴんぴん	ピンピン	彼はまだぴんぴんしている。	He is still very much alive.
むく	ムカ	彼は教師にむかない。	He is unfit to be a teacher.
野球部	ヤキュウブ	野球部員ですか？	Do you belong to the baseball club?
寸法	スンポウ	彼は全ての棚の寸法を測った。	He measured all his shelves.
思い違い	オモイチガイ	彼は私を、私の母と思い違いした。	He mistook me for my mother.
シェークスピア	シェイクスピア	トムはよくシェイクスピアを引用する。	Tom often quotes Shakespeare.
目黒	メグロ	彼は目黒で会社を経営している。	He runs a company in Meguro.
腰掛け	コシカケ	トムはベンチに腰掛け目を閉じた。	Tom sat on the bench and closed his eyes.
脱兎	ダット	彼は脱兎のごとく逃げた。	He ran like a scared rabbit.
真ん前	マンマエ	彼は私の真ん前にすわった。	He sat right in front of me.
すわる	スワッ	彼は私の真ん前にすわった。	He sat right in front of me.
口頭	コウトウ	彼は口頭試験を受けた。	He took an oral examination.
放校	ホウコウ	彼は放校処分にされた。	He was expelled from school.
石ころ	イシコロ	彼はその犬に石ころをなげつけた。	He threw a stone at the dog.
ふらつく	フラツイ	彼は足がふらついていた。	He was unsteady on his feet.
覚束無い	オボツカナカッ	彼の足取りはおぼつかなかった。	He was unsteady on his feet.
男児	ダンジ	彼は典型的な日本男児だなぁ。	He's a typical Japanese man.
適する	テキスル	子育てに適した場所ですよ。	It's a good place to raise children.
経済	ケイザイ	彼は経済の専門家だ。	He's an expert in economics.
仕付け	シツケ	彼は躾がなってない。	He's not disciplined enough.
溢れる	アフレル	彼女の目には涙があふれた。	Her eyes brimmed with tears.
テンパ	テンパ	彼女の髪は、テンパなのよ。	Her hair is naturally curly.
天然パーマ	テンネンパーマ	彼女の髪は天然パーマだ。	Her hair is naturally curly.
故意	コイ	彼の間違いは故意になされたものだった。	His mistake was intentional.
丸太	マルタ	彼の家は丸太でできていた。	His house was built of logs.
意図的	イトテキ	彼のミスは意図的に行われたものだった。	His mistake was intentional.
スペイン	スペイン	スペイン料理なんかどうですか。	How about some Spanish food?
生計	セイケイ	どうやって生計立ててるの？	How do you earn your living?
退治	タイジ	どうやってゴキブリを退治するの？	How do you kill cockroaches?
キスマーク	キスマーク	もしかして、その首の跡ってキスマーク？	Is that a hickey on your neck?
跡	アト	ここは城の跡です。	These are the ruins of a castle.
部屋代	ヘヤダイ	部屋代はいくらですか？	How much is the room charge?
時給	ジキュウ	時給はいくら？	How much is your hourly pay?
水泳部	スイエイブ	水泳部に所属してます。	I belong to a swimming club.
空手	カラテ	趣味は空手と書道です。	My hobbies are karate and calligraphy.
GIF	ジフ	Gif画像ファイル形式しか読み込めません。	I can only import GIF files.
読み込む	ヨミコメ	Gif画像ファイル形式しか読み込めません。	I can only import GIF files.
画像	ガゾウ	この画像、前にも見たな。	I've seen this image before.
泣き寝入り	ナキネイリ	泣き寝入りなんて嫌だ。	I can't let the matter drop.
腑	フ	私にはどうも腑に落ちない。	I can't quite understand it.
誘惑	ユウワク	彼はその誘惑に屈した。	He gave in to the temptation.
ティースプーン	ティースプーン	私は銀のティースプーンを集めています。	I collect silver tea spoons.
収集	シュウシュウ	趣味は切手収集です。	My hobby is collecting stamps.
泣き声	ナキゴエ	赤ん坊の泣き声には我慢できない。	I can't stand babies crying.
改宗	カイシュウ	キリスト教に改宗しました。	I converted to Christianity.
パターン	パターン	ドアのパタンという音がきこえた。	I could hear doors slamming.
小船	コブネ	私は小船に乗って川を渡った。	I crossed the river by boat.
宗教	シュウキョウ	宗教は信じない。	I don't believe in religion.
催眠術	サイミンジュツ	催眠術は信じてないんだ。	I don't believe in hypnosis.
持ち合わせる	モチアワセ	私は現金を持ち合わせていない。	I don't have any cash on me.
異存	イゾン	プランに異存はありません。	I don't object to your plan.
素っぴん	スッピン	いつもはすっぴんよ。	I don't usually wear makeup.
足手	アシデ	足手まといになりたくないの。	I don't want to be a burden.
纏い	マトイ	足手まといになりたくないの。	I don't want to be a burden.
ショッピング	ショッピング	毎朝ショッピングに出かけます。	I go shopping every morning.
点滴	テンテキ	点滴石を穿つ。	Constant dripping wears away a stone.
親指	オヤユビ	針で親指を刺しちゃった。	I pricked my thumb with a needle.
剥がれる	ハガレル	壁の塗装は剥がれかけていた。	The paint was coming off the wall.
1500	イチゴレイレイ	私は1500頭の牛を飼育している。	I have 1,500 head of cattle.
歯痛	シツウ	歯痛がひどいんだよ。	I have a terrible toothache.
口内炎	コウナイエン	口内炎ができているのです。	I have an ulcer in my mouth.
息苦しい	イキグルシイ	息苦しいんです。	I have difficulty breathing.
し終える	シオエ	私はちょうど宿題をしおえたところです。	I have finished my homework.
面子	メンツ	メンツ丸つぶれだ。	I have lost face completely.
さらさら	サラサラ	木の葉のサラサラという音が聞こえた。	I heard the leaves rustling.
釈然	シャクゼン	どうも釈然としない。	I just don't feel satisfied.
太刀	タチ	お前らがだちだってことは、分かってるんだぞ。	I know you guys are friends.
用立てる	ヨウダテ	私は友人に金を用立てた。	I lent my friend some money.
風味	フウミ	柿の風味が好きなの。	I like how persimmons taste.
柿	カキ	柿の風味が好きなの。	I like how persimmons taste.
ストロベリー	ストロベリー	ストロベリーアイスが好きだよ。	I like strawberry ice cream.
プロフィール	プロフィール	プロフィール写真を変更したよ。	I changed my profile picture.
実子	ジッシ	実子2人と一緒に暮らしてます。	I live with my two children.
中耳炎	チュウジエン	よく中耳炎になるんです。	I often have ear infections.
独奏	ドクソウ	フルート独奏をやるつもりです。	I plan to play a flute solo.
聞き逃す	キキノガシ	あの演説を聞き逃したのは悔やまれるよ。	I regret missing the speech.
熱気球	ネツキキュウ	私は熱気球に乗った。	I rode in a hot air balloon.
乳製品	ニュウセイヒン	乳製品はめったに食べません。	I seldom eat dairy products.
こっそり	コッソリ	泥棒はこっそり家に入った。	The thief slipped into the house.
ログアウト	ログアウト	ログアウトするんじゃなかったよ。	I shouldn't have logged off.
車中泊	シャチュウハク	車中泊だったよ。	I spent the night in my car.
明かす	アカス	車の中で一夜を明かした。	I spent the night in my car.
一夜	イチヤ	車の中で一夜を明かした。	I spent the night in my car.
カッコイイ	カッコイイ	トムってカッコイイと思う。	I think Tom is good-looking.
継ぐ	ツグ	トムは家業を継いだ。	Tom inherited the family business.
墓参り	ハカマイリ	私は父の墓参りをした。	I visited my father's grave.
カシューナッツ	カシューナッツ	アーモンドじゃなくて、カシューナッツが欲しいんだ。	I want cashews, not almonds.
ジャー	ジャー	炊飯ジャーが買いたいな。	I want to buy a rice cooker.
炊飯	スイハン	炊飯ジャーが買いたいな。	I want to buy a rice cooker.
開業	カイギョウ	レストランを開業したいんだ。	I want to open a restaurant.
窓際	マドギワ	窓際に座りたいです。	I want to sit by the window.
強調	キョウチョウ	この点を強調したいんだ。	I want to stress this point.
暖める	アタタメ	私は火に当たって体を暖めた。	I warmed myself at the fire.
仰天	ギョウテン	私はその結果に仰天した。	I was amazed at the results.
指名	シメイ	私は議長に指名された。	I was appointed chairperson.
靫	ウツボ	ウツボに噛まれた。	I was bitten by a moray eel.
届ける	トドケル	1週間以内にお届けします。	We are able to deliver within a week.
1968	イチキュウロクハチ	私は１９６８年東京で生まれた。	I was born in Tokyo in 1968.
不運	フウン	僕は殊の外不運だった。	I was exceptionally unlucky.
殊の外	コトノホカ	僕は殊の外不運だった。	I was exceptionally unlucky.
追い抜く	オイヌク	あの車に追い抜かれた。	I was overtaken by that car.
取引先	トリヒキサキ	取引先の訪問を受けました。	I was visited by a customer.
ドラマ	ドラマ	アメリカのドラマを見たんだ。	I watched an American drama.
見た目	ミタメ	どんな見た目なんだろう。	I wonder what it looks like.
サイダー	サイダー	サイダーをください。	I'd like some cider, please.
イメチェン	イメチェン	イメチェンがしたいな。	I'd like to change my image.
グループ	グループ	君の好きな音楽グループは何？	What's your favorite music group?
工面	クメン	なんとかして、お金を工面します。	I'll find the money somehow.
支え	ササエ	精神的な支えになってあげられると思う。	I'll give you moral support.
亡者	モウジャ	金の亡者なんかじゃありません。	I'm not obsessed with money.
在宅ワーク	ザイタクワーク	今日は在宅ワークです。	I'm working from home today.
在宅勤務	ザイタクキンム	今日は在宅勤務をしてるよ。	I'm working from home today.
ウエート	ウェイト	ウェイトが心配だ。	I'm worried about my weight.
だれる	ダレ	最近、私、だれてるの。	I've been sluggish recently.
雀蜂	スズメバチ	スズメバチに刺されてしまった。	I've been stung by a hornet.
嗅覚	キュウカク	嗅覚は鋭いです。	I have a good sense of smell.
出産	シュッサン	出産経験はありません。	I've never delivered a baby.
馬肉	バニク	馬肉って食べたことある？	Have you ever eaten horse meat?
デンマーク	デンマーク	アイスランドはデンマークに属していた。	Iceland belonged to Denmark.
属する	ゾクスル	彼は上流階級に属する。	He belongs to the upper class.
個人	コジン	彼は社長の個人秘書だ。	He is the boss's private secretary.
やみ	ヤミ	雨がやみさえすればなあ。	If only the rain would stop.
10000000	イチセンマン	一千万円くらいかな？	Is it about ten million yen?
蝶	チョウ	蝶の一生は短い。	The life span of a butterfly is short.
蛾	ガ	蛾は光に引き寄せられる。	Moths are attracted by light.
黴びる	カビ	パンはカビてたから、捨てたよ。	The bread was moldy, so I threw it out.
学生割引	ガクセイワリビキ	学生割引はありますか。	Is there a student discount?
補助	ホジョ	何か補助はありませんか？	Is there any help available?
アニメ	アニメ	おすすめのアニメって、何？	What anime do you recommend?
仕付ける	シツケル	犬をしつけるのって、簡単じゃないんだよ。	It isn't easy to train dogs.
連続	レンゾク	３日連続して雨が降った。	It rained three days on end.
瞭然	リョウゼン	トムが嘘をついていたのは一目瞭然だった。	It was obvious Tom had lied.
接触	セッショク	スパイは敵と接触した。	The spy made contact with the enemy.
展開	テンカイ	こっちは望み通りの展開だ。	This is exactly what I wanted to happen.
氷点下	ヒョウテンカ	今日も氷点下です。	The temperature is below zero today, too.
一角	イッカク	氷山の一角だよ。	It's the tip of the iceberg.
マイナス	マイナス	気温はマイナス6度です。	It's six degrees below zero.
海賊	カイゾク	海賊ごっこしようぜ。	Let's pretend we're pirates.
義母	ギボ	メアリーはトムの義母である。	Mary is Tom's mother-in-law.
女子会	ジョシカイ	メアリーは夜に女子会をしたんだよ。	Mary had a girls' night out.
大理石	ダイリセキ	大理石の床って、綺麗だわ。	Marble floors are beautiful.
笑い掛ける	ワライカケ	彼女は鏡に映った自分に笑いかけた。	She smiled at herself in the mirror.
ベビー服	ベビーフク	メアリーはベビー服を縫ってるんだ。	Mary is sewing baby clothes.
搭乗券	トウジョウケン	搭乗券を拝見します。	May I see your boarding pass, please?
淡い	アワイ	メアリーは淡い青色のドレスを着た。	Mary wore a pale blue dress.
纏う	マトッ	メアリーは色鮮やかな着物をまとっている。	Mary is wearing a colorful kimono.
ストラップレスドレス	ストラップレスドレス	メアリーはストラップレスドレスを身にまとっていた。	Mary wore a strapless dress.
ネイル	ネイル	メアリーならネイルサロンに行ったよ。	Mary went to the nail salon.
サロン	サロン	メアリーならネイルサロンに行ったよ。	Mary went to the nail salon.
つれる	ツレ	家族もつれてきていいですか。	May I bring my family along?
ストラップレス	ストラップレス	メアリーはストラップレスのドレスを着てたよ。	Mary wore a strapless dress.
隠し扉	カクシトビラ	多分隠し扉があるんだよ。	Maybe there's a secret door.
初対面	ショタイメン	彼とは初対面です。	I met him for the first time.
金の生る木	カネノナルキ	金のなる木なんてないよ。	Money doesn't grow on trees.
筋力	キンリョク	男性は女性よりも筋力がある。	Men are stronger than women.
ぺろぺろ	ペロペロ	幼い頃、ペロペロキャンディが大好きだったな。	I loved lollipops when I was little.
そうこう	ソウコウ	そうこうしているうちに、夜になってしまった。	Meanwhile, night had fallen.
クライアント	クライアント	あの弁護士にはたくさんのクライアントがいます。	That lawyer has many clients.
ヘビースモーカー	ヘビースモーカー	父はヘビースモーカーなんです。	My father is a heavy smoker.
南向き	ミナミムキ	私の家は南向きです。	My house looks to the south.
小指	コユビ	小指がはれました。	My little finger is swollen.
ぴくぴく	ピクピク	左のまぶたがぴくぴくする。	My left eyelid is twitching.
瞼	マブタ	左のまぶたがぴくぴくする。	My left eyelid is twitching.
縮む	チヂム	寿命が縮んだかと思ったよ。	I felt as if my life had been shortened.
スルー	スルー	お母さんはそれをスルーした。	My mother didn't mention it.
マナーモード	マナーモード	携帯はいつもマナーモードにしてます。	My phone's always on silent.
TOM	ティーオーエム	私の本名は『Tom Jackson』です。	My real name is Tom Jackson.
水曜日	スイヨウビ	今度の水曜日ならいいですよ。	Next Wednesday will be fine.
雑音	ザツオン	雑音で何も聞こえません。	I can't hear anything because of the noise.
あちゃ	アチャー	あちゃー、こいつはばつが悪いわ。	Oh boy, that's embarrassing.
小高い	コダカイ	私たちの学校は小高い丘の上にあります。	Our school stands on a hill.
喫する	キッスル	我がチームは全敗を喫した。	Our team lost all its games.
全敗	ゼンパイ	我がチームは全敗を喫した。	Our team lost all its games.
痛み止め	イタミドメ	痛み止めを下さい。	Please give me a painkiller.
吊り革	ツリカワ	つり革におつかまりください。	Please hold on to the strap.
遠出	トオデ	遠出の準備をしてください。	Please prepare for the trip.
身分証明証	ミブンショウメイショウ	身分証明証を見せてください。	Please show me your ID card.
濯ぐ	ユスイ	口をゆすいでください。	Please rinse out your mouth.
小声	コゴエ	小声で話してください。	Please speak in a low voice.
タイトル	タイトル	この写真にタイトルをつけて。	Put a caption on this photo.
化膿	カノウ	傷が化膿しました。	Pus has formed in the wound.
受け付け	ウケツケ	受付は二時半からです。	Registration starts at 2:30.
賃料	チンリョウ	来月より賃料が上がります。	Rents will go up next month.
味噌汁	ミソシル	ご飯と味噌汁は合う。	Rice is good with miso soup.
味付け	アジツケ	塩は料理の味付けに用いられます。	Salt is used to season food.
用いる	モチイル	塩は料理の味付けに用いられます。	Salt is used to season food.
地域	チイキ	稲は温暖な地域で育ちます。	Rice grows in warm climates.
毛嫌い	ケギライ	どうしてあいつのことそんなに毛嫌いするの？	Why do you hate him so much?
手放す	テバナシ	どうして家を手放したの？	Why did you part with your house?
プレセント	プレセント	彼女は彼に素敵なプレセントを渡した。	She gave him a nice present.
ファーストキス	ファーストキス	彼女が彼のファーストキスの相手だった。	She gave him his first kiss.
脇の下	ワキノシタ	彼女は脇の下にバッグを抱えています。	She has a bag under her arm.
学位	ガクイ	どこで学位を取りましたか。	Where did you get your degree?
小脇	コワキ	彼は小脇に本を抱えている。	He is holding his books under his arm.
埋葬	マイソウ	彼女は一人息子を埋葬した。	She has buried her only son.
牛耳る	ギュウジッ	彼女は彼を牛耳っている。	She has him under her thumb.
鋸	ノコギリ	彼女はのこぎりを使うのがとてもうまい。	She handles a saw very well.
花嫁	ハナヨメ	花嫁はたいへん美しく見えた。	The bride looked very beautiful.
堪能	タンノウ	彼女はフランス語が堪能だ。	She is proficient in French.
しょんぼり	ションボリ	彼女は今日、しょんぼりしている。	She is in low spirits today.
カール	カール	彼女は髪をカールしている。	She keeps her hair in curls.
駆け下りる	カケオリ	彼女は彼と競争して丘を駆け降りた。	She raced him down the hill.
埠頭	フトウ	埠頭には誰もいなかった。	There was no one on the dock.
突き落とす	ツキオトシ	彼女は彼を埠頭から突き落とした。	She pushed him off the pier.
押し出す	オシダシ	彼女は彼を窓の外に押し出した。	She pushed him out the window.
岸壁	ガンペキ	彼女は彼を岸壁から突き落とした。	She pushed him off the pier.
入学	ニュウガク	彼はこの春東京大学に入学した。	He entered Tokyo University this spring.
懸命	ケンメイ	昨日は一日中懸命に働いた。	I worked hard all day long yesterday.
ヘアスタイル	ヘアスタイル	彼女はヘアスタイルを整えるのに忙しかった。	She was busy doing her hair.
涙脆い	ナミダモロイ	彼女は涙もろい。	She's easily moved to tears.
平日	ヘイジツ	平日の店は閑散としている。	Shops are quiet on weekdays.
エキサイティング	エキサイティング	サッカーはエキサイティングなスポーツです。	Soccer is an exciting sport.
くっ付く	クッツク	ぬれた服は肌にくっつく。	Wet clothes stick to your skin.
及ぼす	オヨボス	喫煙は健康に影響を及ぼします。	Smoking affects your health.
好機	コウキ	好機を逃がすな。	Strike while the iron's hot.
逸する	イッス	好機逸すべからず。	Strike while the iron's hot.
私物	シブツ	誰かに私物を盗まれた。	Someone stole my belongings.
ぽきぽき	ポキポキ	指の関節をポキポキ鳴らすのはやめろ。	Stop cracking your knuckles.
関節	カンセツ	気温が下がると関節が痛むんだ。	My joints ache when it gets cold.
メルアド	メアド	トムのメアド教えて。	Tell me Tom's email address.
流れ落ちる	ナガレオチ	涙が私の頬を流れ落ちた。	Tears rolled down my cheeks.
課税	カゼイ	課税は所得に応じて行われます。	Taxation is based on income.
誠	マコト	遅れまして、誠に申し訳ありません。	I'm awfully sorry that I was late.
ざます	ザマス	ご購入いただきありがとうござます。	Thank you for your purchase.
紳士服	シンシフク	あの店は紳士服を売っています。	That store sells men's wear.
積極的	セッキョクテキ	あの学生はとても積極的だ。	That student is very active.
正しく	マサシク	彼はまさしくそう言った。	That's exactly what he said.
石造り	イシヅクリ	橋は石造りだ。	The bridge is made of stone.
てく	デッ	蜂が窓から飛んでった。	The bee flew out the window.
エアコン	エアコン	そのエアコン壊れてるよ。	The air conditioner is broken.
崖	ガケ	崖からバスは落ちていった。	The bus went over the cliff.
引っ込める	ヒッコメ	猫はつめを引っ込めた。	The cat retracted its claws.
祭	マツリ	祭が終わった。	The festival came to an end.
方便	ホウベン	嘘も方便。	The end justifies the means.
サーモン	サーモン	魚はサーモンのような味がした。	The fish tasted like salmon.
温かい	アタタカク	トムはメアリーを温かく迎え入れた。	Tom welcomed Mary with open arms.
閉門	ヘイモン	閉門は８時です。	The gate is closed at eight.
あたたかい	アタタカイ	その島は一年中あたたかい。	The island is warm all year.
インチ	インチ	氷は２インチの厚さだ。	The ice is two inches thick.
連結	レンケツ	その男は二本の電線を連結した。	The man connected two wires.
宮殿	キュウデン	宮殿には高い塔がある。	The palace has a tall tower.
新作	シンサク	新作映画は大ヒットした。	The new movie was a big hit.
北風	キタカゼ	北風は一日中吹き続けた。	The north wind blew all day.
実物	ジツブツ	その絵は実物そっくりだ。	The picture is true to life.
さわる	サワリ	その雑音は、私の神経にさわります。	The noise gets on my nerves.
地	チ	雨降って地固まる。	What doesn't kill you makes you stronger.
飛び去る	トビサッ	飛行機は飛び去って見えなくなった。	The plane flew out of sight.
判定	ハンテイ	審判の判定は覆らない。	The judge's decision is final.
行き止まり	イキドマリ	その道は行き止まりだった。	The road came to a dead end.
紙詰まり	カミヅマリ	プリンターが紙詰まりを起こしました。	The printer had a paper jam.
尾行	ビコウ	警察に尾行されてる。	The police are following us.
客間	キャクマ	客間には誰もいない。	The reception room is empty.
雨期	ウキ	雨季に入った。	The rainy season has set in.
塩梅	アンバイ	いい塩梅だ。	The seasoning is just right.
横側	ヨコガワ	舌の横側が痛いんです。	The side of my tongue hurts.
荒れる	アレル	昨日は海が荒れていた。	The sea was rough yesterday.
覆う	オオウ	空が雲で覆われてきた。	The sky has become overcast.
申し受ける	モウシウケ	別にサービス料を申し受けます。	The service charge is extra.
サービス料	サービスリョウ	別にサービス料を申し受けます。	The service charge is extra.
べろ	ベロ	べろの横っちょが痛いんだ。	The side of my tongue hurts.
横っちょ	ヨコッチョ	べろの横っちょが痛いんだ。	The side of my tongue hurts.
揺れ	ユレ	やっと揺れが収まった。	The shaking finally stopped.
満開	マンカイ	桜が満開です。	Cherry blossoms are in full bloom.
然程	サホド	流れはさほど速くない。	The stream isn't very swift.
燦々	サンサン	太陽がさんさんと輝いている。	The sun is shining brightly.
照り輝く	テリカガヤイ	太陽が照り輝いている。	The sun is shining brightly.
出欠	シュッケツ	先生は出欠を取った。	The teacher called the roll.
陰性	インセイ	検査結果は陰性です。	The test result is negative.
停車	テイシャ	列車はほんのすこし停車した。	The train made a brief stop.
蔦	ツタ	壁はツタで覆われている。	The walls are hidden by ivy.
掛け時計	カケドケイ	掛け時計が止まってるよ。	The wall clock doesn't work.
急変	キュウヘン	天気が急変した。	The weather changed quickly.
観光客	カンコウキャク	観光客が多すぎだよ。	There are too many tourists.
進行中	シンコウチュウ	その調査は進行中です。	The investigation is ongoing.
五本	ゴホン	ここに五本の鉛筆がある。	There are five pencils here.
茶碗	チャワン	テーブルの上に茶碗があります。	There is a cup on the table.
付着	フチャク	このナイフには血が付着している。	There's blood on this knife.
後戻り	アトモドリ	もう後戻りはできないよ。	There's no turning back now.
次々	ツギツギ	彼らは次々に死んだ。	They died one after another.
探索	タンサク	彼らは南極を探索した。	They explored the Antarctic.
南極	ナンキョク	彼らは南極を探索した。	They explored the Antarctic.
博士	ハカセ	ジャクソン博士は我慢強いです。	Dr. Jackson has a lot of patience.
肩書き	カタガキ	彼の公式の肩書きは環境庁長官です。	His official title is Director-General of the Environment Agency.
四方	シホウ	彼らは四方八方に逃げた。	They fled in all directions.
粉	コナ	粉チーズを60g加えます。	Add sixty grams of grated cheese.
やきもき	ヤキモキ	彼らはやきもきしている。	They're on pins and needles.
アスパラ	アスパラ	このアスパラ、美味しいね。	This asparagus is delicious.
温い	ヌクイ	このビール、ぬるいよ。	This beer isn't cold enough.
アスパラガス	アスパラガス	このアスパラガス、うまい。	This asparagus is delicious.
ヘルパー	ヘルパー	こちらはトムさん。私のヘルパーさんなのよ。	This is Tom. He's my helper.
借り手	カリテ	この家はすぐ借り手が見つかるでしょう。	This house will rent easily.
通話	ツウワ	この通話は無料です。	This call is free of charge.
新種	シンシュ	これは新種のメロンです。	This is a new kind of melon.
正真正銘	ショウシンショウメイ	これは正真正銘の人気商品ですよ。	This is a real popular item.
像	ゾウ	この像は実物大です。	This is a life-sized statue.
実物大	ジツブツダイ	この像は実物大です。	This is a life-sized statue.
謙遜	ケンソン	謙遜している場合じゃないよ。	This is no time for modesty.
荷	ニ	これで肩の荷がおりました。	It's like a weight has been lifted from my shoulders.
出	デ	彼は中流階級の出だ。	He comes from the middle class.
うようよ	ウヨウヨ	この池には鯉がうようよいる。	This pond has a lot of carp.
はげる	ハゲ	ペンキがすぐはげてしまう。	This paint comes off easily.
篦棒	ベラボウ	このワイン、べらぼうに高いんだよ。	This wine is very expensive.
ヒール	ヒール	そのヒール、めちゃ高いな。	Those heels are really high.
瓜二つ	ウリフタツ	彼は父親とうり二つだ。	He's a carbon copy of his father.
雷雨	ライウ	激しい雷雨が予想されます。	Thunderstorms are predicted.
建築士	ケンチクシ	トムとメアリーは建築士だ。	Tom and Mary are architects.
養蜂家	ヨウホウカ	トムとメアリーは養蜂家です。	Tom and Mary are beekeepers.
己	オノレ	己を知ることは容易ではない。	To know oneself is not easy.
ダイヤル	ダイヤル	トムはもう一度その番号をダイヤルした。	Tom dialed the number again.
決意	ケツイ	父は禁煙を決意した。	My father decided to quit smoking.
折り鶴	オリヅル	トムは折り鶴を折った。	Tom folded an origami crane.
ごろり	ゴロリ	トムはベッドにごろりと寝転がった。	Tom flopped down on his bed.
逃走	トウソウ	トムは盗んだ車で逃走した。	Tom escaped in a stolen car.
Twitter	ツイッター	ツイッターにアカウントがありますか。	Do you have a Twitter account?
ファッション	ファッション	トムはファッションセンスがゼロだ。	Tom has no sense of fashion.
人格	ジンカク	トムは二重人格だ。	Tom has a split personality.
アーチスト	アーティスト	トムはずばぬけたアーティストだ。	Tom is an outstanding artist.
現	ウツツ	トムはね、ギャンブルに現を抜かしてるの。	Tom is addicted to gambling.
抜かす	ヌカス	順番抜かしする人、めっちゃ嫌い。	I hate people that cut in lines.
不法	フホウ	トムは不法入国者なんだ。	Tom is an illegal immigrant.
入国者	ニュウコクシャ	トムは不法入国者なんだ。	Tom is an illegal immigrant.
不法滞在	フホウタイザイ	トムはね、不法滞在者なんだ。	Tom is an illegal immigrant.
外交的	ガイコウテキ	トムって外交的だよね。	Tom is diplomatic, isn't he?
虜	トリコ	トムは、電車のとりこだ。	Tom is obsessed with trains.
波乱	ハラン	トムは波乱のスタートを切った。	Tom is off to a rocky start.
長編	チョウヘン	トムは長編小説を読んでいる。	Tom is reading a long novel.
脛	スネ	トムはメアリーのすねを蹴った。	Tom kicked Mary in the shin.
夜空	ヨゾラ	トムは夜空を見た。	Tom looked at the night sky.
ファミリー	ファミリー	トムはジャクソンファミリーと一緒に住んでました。	Tom lived with the Jacksons.
栓	セン	トムはワインの栓を抜いた。	Tom opened a bottle of wine.
マジック	マジック	トムはマジックを披露した。	Tom performed a magic trick.
披露	ヒロウ	トムはマジックを披露した。	Tom performed a magic trick.
掻き集める	カキアツメ	彼は自分の本をかき集めた。	He gathered his books together.
ドアノブ	ドアノブ	彼は左手でドアノブを回した。	He turned the doorknob with his left hand.
心底	シンソコ	心底どうでもいい。	I don't care about it at all.
コースター	コースター	トムはロケットコースターに乗った。	Tom rode the roller coaster.
教壇	キョウダン	トムは大学で教壇に立っています。	Tom teaches at a university.
現す	アラワシ	トムは2時半ごろに姿を現した。	Tom showed up at about 2:30.
転げ落ちる	コロゲオチ	トムは階段から転げ落ちた。	Tom tumbled down the stairs.
投げ渡す	ナゲワタシ	トムは鍵をメアリーに軽く投げ渡した。	Tom tossed the keys to Mary.
踏み入れる	フミイレ	トムはメアリーの部屋に足を踏み入れた。	Tom walked into Mary's room.
係	カカリ	私の仕事は博物館の案内係です。	I work as a museum attendant.
雑用	ザツヨウ	彼はすぐに雑用を終えた。	He finished his chores in no time.
米国	ベイコク	彼は米国の市民権を得た。	He acquired American citizenship.
正門	セイモン	トムは正門の鍵を開けた。	Tom unlocked the front gate.
容疑	ヨウギ	トムは殺人の容疑で逮捕された。	Tom was arrested for murder.
生涯	ショウガイ	トムは生涯貧乏だった。	Tom was poor his whole life.
誤る	アヤマル	トムは誤って逮捕された。	Tom was arrested by mistake.
戯れる	タワムレル	子供達の一団が戯れていた。	A group of children were playing.
注ぐ	ソソグ	流れは池に注いでいる。	The stream flows into the pond.
情熱	ジョウネツ	トムは、音楽に情熱を注いでいます。	Tom is passionate about music.
慈悲	ジヒ	慈悲の心を持ってごらん。	Try to have some compassion.
諸語	ショゴ	ウイグル語はテュルク諸語のひとつである。	Uyghur is a Turkic language.
ウイグル	ウイグル	ウイグル語はテュルク諸語のひとつである。	Uyghur is a Turkic language.
テュルク	テュルク	ウイグル語はテュルク諸語のひとつである。	Uyghur is a Turkic language.
スタジオ	スタジオ	スタジオに入れません。	We can't go into the studio.
洋	ヨウ	大西洋を飛行機で横断した。	We flew across the Atlantic.
大西	タイセイ	大西洋を飛行機で横断した。	We flew across the Atlantic.
延べ棒	ノベボウ	金の延べ棒１本を盗まれた。	We had a bar of gold stolen.
詰め	ツメ	エレベーターの中でぎゅうぎゅう詰めになった。	We jammed into the elevator.
ぎゅうぎゅう	ギュウギュウ	エレベーターの中でぎゅうぎゅう詰めになった。	We jammed into the elevator.
杳	ヨウ	杳として行方が知れない。	We have no clue where he is.
油断	ユダン	油断は禁物だよ。	You've got to be on your toes.
競走	キョウソウ	うさぎとかめが競走した。	A hare raced with a tortoise.
遂行	スイコウ	私は能力の限り職務を遂行します。	I will do my duty to the best of my ability.
人工雪	ジンコウユキ	私たちは人工雪でスキーをした。	We skied on artificial snow.
語り合う	カタリアッ	いろんなことを語り合った。	We talked about many things.
コンテスト	コンテスト	私たちはコンテストに参加した。	We took part in the contest.
購読	コウドク	うちは新聞を購読しています。	We subscribe to a newspaper.
点検	テンケン	すぐに点検します。	We'll check on it right now.
衝撃的	ショウゲキテキ	トムが見つけたものは衝撃的だった。	What Tom found was shocking.
自転	ジテン	トムの自転車って、何色なの？	What color is Tom's bicycle?
全体	ゼンタイ	町全体が水没した。	The whole town was under water.
テキストエディタ	テキストエディタ	テキストエディタは何を使っていますか？	What text editor do you use?
盆	ボン	覆水盆に返らず。	What's done can't be undone.
覆水	フクスイ	覆水盆に返らず。	What's done can't be undone.
返る	カエル	覆水盆に返らず。	What's done can't be undone.
泰然	タイゼン	泰然自若であれ。	Whatever happens, keep calm.
自若	ジジャク	泰然自若であれ。	Whatever happens, keep calm.
廃止	ハイシ	私は死刑を廃止します。	I will abolish capital punishment.
トルコ	トルコ	アンカラはトルコの首都です。	Ankara is the capital of Turkey.
遺失物	イシツブツ	遺失物取扱所はどこでしょうか。	Where is the lost and found?
落とし物	オトシモノ	落とし物カウンターはどこですか？	Where is the lost and found?
ターミナル	ターミナル	南ターミナルはどこですか。	Where is the south terminal?
南	ミナミ	南ターミナルはどこですか。	Where is the south terminal?
てる	テレ	どこで待ってればいい？	Where should I wait for you?
ショッピングセンター	ショッピングセンター	ショッピングセンターはどこですか。	Where's the shopping center?
最寄り	モヨリ	最寄りの駅はどこですか？	Where's the nearest station?
通院	ツウイン	どちらに通院されてますか？	Which hospital do you go to?
君達	キミタチ	君達の英語の先生はだれですか。	Who is your English teacher?
タレント	タレント	一番好きなテレビタレントは誰？	Who's your favorite TV star?
奏者	ソウシャ	彼女の亡き夫はバイオリン奏者だった。	Her late husband was a violinist.
台車	ダイシャ	なんでトムはもう一台車を買ったの？	Why did Tom buy another car?
追い掛ける	オイカケル	犬はなぜリスを追いかけるの？	Why do dogs chase squirrels?
ドッジボール	ドッジボール	ドッジボールやらない？	Why don't we play dodgeball?
駄目元	ダメモト	ダメ元でやってみたら？	Why don't you give it a try?
大文字	ダイモンジ	文頭には大文字が使われる。	A capital letter is used at the beginning of a sentence.
焼け付く	ヤケツク	昨日は、焼け付くような暑さだった。	Yesterday was scorching hot.
顔面	ガンメン	君、顔面蒼白だよ。	You are as white as a sheet.
蒼白	ソウハク	君、顔面蒼白だよ。	You are as white as a sheet.
天秤	テンビン	両天びんにかけようたってそうはいきませんよ。	You can't have it both ways.
両	リョウ	列車は１５両編成だ。	The train is made up of fifteen cars.
にて	ニテ	無料にてお持ちください。	You can have it for nothing.
リズム	リズム	リズム感ゼロね。	You have no sense of rhythm.
再起動	サイキドウ	パソコンを再起動してください。	Please restart your computer.
PC	ピーシー	PCを再起動する必要があります。	You need to restart your PC.
禁酒	キンシュ	禁酒したほうがいいよ。	You should give up drinking.
番長	バンチョウ	この口だけ番長！	You're all bark and no bite.
口先	クチサキ	口先だけなんだから！	You're all bark and no bite.
仕上がり	シアガリ	素敵な仕上がりだわ。	You've done a wonderful job.
接近	セッキン	台風が日本に接近中です。	A typhoon is approaching Japan.
うかがう	ウカガッ	お名前は以前からうかがっております。	Your name is familiar to me.
イヌ	イヌ	イヌは鋭い嗅覚を持っている。	A dog has an acute sense of smell.
亀	カメ	うさぎとかめが競走した。	A hare raced with a tortoise.
転がる	コロガル	転がる石に苔むさず。	A rolling stone gathers no moss.
1600	イチロクレイレイ	この街は標高１６００メートルです。	This city is 1,600 meters above sea level.
遮る	サエギル	議長が私の話をさえぎった。	The chairperson cut me short.
落石	ラクセキ	彼は落石で即死した。	He was hit by a falling rock and died instantly.
カラーフィルム	カラーフィルム	カラーフィルムを一本ください。	A roll of color film, please.
一雫	ヒトシズク	一雫の涙が彼女の頬を伝って落ちた。	A tear rolled down her cheek.
歯車	ハグルマ	ここの小さな歯車がないんだ。	A small gear is missing here.
塩胡椒	シオコショウ	塩胡椒で味を調えます。	Add salt and pepper to taste.
急行列車	キュウコウレッシャ	急行列車はありますか。	Are there any express trains?
親密	シンミツ	家族とは親密ですか？	Are you close to your family?
マルチーズ	マルチーズ	あなたはマルチーズは好きですか。	Are you fond of Maltese dogs?
進化	シンカ	鳥は恐竜から進化しました。	Birds evolved from dinosaurs.
仏教	ブッキョウ	仏教はインドで始まった。	Buddhism originated in India.
悪癖	アクヘキ	悪癖はなかなか直らない。	Bad habits are hard to break.
検温	ケンオン	検温してもいい？	Can I check your temperature?
駆けずる	カケズリ	子供たちは部屋を駆けずり回った。	Children ran around the room.
アイライナー	アイライナー	アイライナー貸してもらえないかな？	Could I borrow your eyeliner?
パンフレット	パンフレット	こちらのパンフレットは無料です。	This pamphlet is free of charge.
キャンパス	キャンパス	キャンパスを案内してもらえますか。	Could you show me the campus?
値引き	ネビキ	値引きしてもらえませんか。	Could you give me a discount?
通信簿	ツウシンボ	通信簿はもらってきたの？	Did you get your report card?
1955	イチキュウゴゴ	ディズニーランドは１９５５年に建てられました。	Disneyland was built in 1955.
建設	ケンセツ	新校舎を建設中です。	A new school building is being built.
海月	クラゲ	クラゲに刺されると死ぬの？	Do jellyfish stings kill you?
捜索	ソウサク	トムは捜索願を出した。	Tom filed a missing person's report.
ワインクーラー	ワインクーラー	ワインクーラーって、持ってる？	Do you have any wine coolers?
ご親族	ゴシンゾク	海外にご親族はいらっしゃいますか？	Do you have relatives abroad?
道順	ミチジュン	道順はご存知ですか。	Do you know how to get there?
見方	ミカタ	地図の見方って、わかる？	Do you know how to read maps?
タップダンス	タップダンス	タップダンスのやり方わかる？	Do you know how to tap dance?
セカンドオピニオン	セカンドオピニオン	セカンドオピニオンをご希望ですか？	Do you want a second opinion?
思い浮かぶ	オモイウカブ	解決策は思い浮かぶ？	Does a solution come to mind?
込む	ゴム	それって全部込み込みなの？	Does that include everything?
喜怒哀楽	キドアイラク	喜怒哀楽を見せるな。	Don't let your feelings show.
外人	ガイジン	外人をからかうな。	Don't poke fun at foreigners.
限り	カギリ	見渡す限り海だった。	There was nothing but the ocean as far as the eye could see.
花壇	カダン	花壇は踏まないで。	Don't step in the flower bed.
見縊る	ミクビル	俺の力を見くびるなよ。	Don't underestimate my power.
書き込み	カキコミ	図書館の本に書き込みをしてはいけません。	Don't write in library books.
舞う	マウ	風でほこりが舞っていた。	Dust was blowing in the wind.
感嘆	カンタン	誰もが彼の勇気に感嘆した。	Everyone admired his courage.
どっと	ドット	みんなドッと笑い出した。	Everyone burst into laughter.
たずねる	タズネル	みんながいつも私にそれをたずねる。	Everyone always asks me that.
姉さん	ネエサン	姉さんを見習いなさい。	Follow your sister's example.
レギュラー	レギュラー	レギュラー満タン、現金で。	Fill her up with regular. I'll be paying in cash.
真ん中	マンナカ	教会は村の真ん中にある。	The church is located in the center of the village.
盲導犬	モウドウケン	盲導犬は目の見えない人を助ける。	Guide dogs help blind people.
世界地図	セカイチズ	世界地図を見てごらん。	Have a look at the world map.
枇杷	ビワ	ビワは食べたことある？	Have you ever eaten a loquat?
読破	ドクハ	読破した？	Have you read the whole book?
完読	カンドク	完読した？	Have you read the whole book?
利益	リエキ	彼は利益の分け前を要求した。	He claimed his share of the profits.
固執	コシツ	彼は原案に固執した。	He stuck to the original plan.
背負う	セオウ	彼は袋を背負っている。	He carries a bag on his back.
転校	テンコウ	彼は昨年転校した。	He changed schools last year.
辞表	ジヒョウ	彼は辞表を出した。	He handed in his resignation.
捕らえる	トラエ	彼は成功の機会をとらえた。	He got his chance to succeed.
打ち勝つ	ウチカッ	彼は困難に打ち勝った。	He got over his difficulties.
優越感	ユウエツカン	彼は優越感を持っている。	He has a superiority complex.
職務	ショクム	彼はその職務を承諾している。	He has agreed to do the task.
ハウスダスト	ハウスダスト	ハウスダストにアレルギーがあります。	He is allergic to house dust.
小説家	ショウセツカ	彼は小説家兼画家である。	He is a novelist and a painter.
境遇	キョウグウ	彼は境遇に満足している。	He is contented with his lot.
担任	タンニン	彼がその学級の担任だ。	He is in charge of the class.
学級	ガッキュウ	彼がその学級の担任だ。	He is in charge of the class.
完	カン	彼は完壁な紳士だ。	He is every inch a gentleman.
経営者	ケイエイシャ	彼はホテルの経営者です。	He is the manager of a hotel.
勉強家	ベンキョウカ	彼は実に勉強家だ。	He is, indeed, a hard worker.
所謂	イワユル	彼はいわゆる先駆者だ。	He is what we call a pioneer.
先駆者	センクシャ	彼はいわゆる先駆者だ。	He is what we call a pioneer.
会釈	エシャク	彼は通りすがりに、私に会釈した。	He nodded to me as he passed.
通りすがり	トオリスガリ	彼は通りすがりに、私に会釈した。	He nodded to me as he passed.
転々	テンテン	彼は各地を転々と移動した。	He moved from place to place.
当惑	トウワク	彼はその質問に当惑した。	He was puzzled by the question.
徴兵	チョウヘイ	彼は軍に徴兵された。	He was drafted into the army.
軍	グン	彼は軍に徴兵された。	He was drafted into the army.
言	ゲン	お詫びに二言三言、言わせてください。	I'd like to say a few words by way of apology.
口籠もる	クチゴモル	彼は口ごもりながら二言三言しゃべった。	He stammered out a few words.
二言	ニゴン	お詫びに二言三言、言わせてください。	I'd like to say a few words by way of apology.
召集	ショウシュウ	彼は軍に召集された。	He was drafted into the army.
危篤	キトク	彼は危篤状態だった。	He was in critical condition.
妬む	ネタム	彼は私の成功を妬んだ。	He was jealous of my success.
見守る	ミマモル	彼は子供たちが泳いでいるのを見守った。	He watched the boys swimming.
洋行	ヨウコウ	彼は２年前に洋行した。	He went abroad two years ago.
戦闘	セントウ	彼はその戦闘で負傷した。	He was wounded in the battle.
出張中	シュッチョウチュウ	彼は出張中です。	He's out of town on business.
苦しみ	クルシミ	彼の心は苦しみに満ちていた。	His heart filled with sorrow.
満潮	マンチョウ	きょうの満潮は午後３時です。	High tide is at 3 p.m. today.
受理	ジュリ	彼の申し込みがやっと受理された。	His application went through.
がみがみ	ガミガミ	彼の妻は彼に一日中がみがみ言っている。	His wife nags him constantly.
ホット	ホット	ホットチョコはどう？	How about some hot chocolate?
楽天的	ラクテンテキ	よくもそう楽天的でいられるよ。	How can you be so optimistic?
不用心	ブヨウジン	なんて不用心なんだ。	How could you be so careless?
飛行機代	ヒコウキダイ	飛行機代はいくらだった？	How much did the flight cost?
面識	メンシキ	私は彼に面識がない。	I am not acquainted with him.
危ぶむ	アヤブム	私は彼の成功を危ぶむ。	I am doubtful of his success.
関わり	カカワリ	私はこのこととはかかわりがない。	I am not concerned with this.
恨み	ウラミ	君にはなんの恨みもない。	I bear no grudge against you.
往復切符	オウフクキップ	往復切符を買いました。	I bought a round-trip ticket.
ショップ	ショップ	リサイクルショップで買ったんです。	I bought it at a thrift shop.
一人一人	ヒトリヒトリ	校長は卒業生一人一人と握手をした。	The principal shook hands with each of the graduates.
こ	コ	パンを２こ買ったよ。	I bought two loaves of bread.
検討	ケントウ	転職を検討したんです。	I considered changing my job.
後片付け	アトカタヅケ	私はパーティーの後片付けをした。	I cleaned up after the party.
金鋸	カナノコ	お金のことはどうでもいいよ。	I don't care about the money.
姉貴	アネキ	姉貴はいないんだ。	I don't have an older sister.
マニュアル	マニュアル	マニュアル車の運転はできる？	Can you drive a manual transmission?
飲酒運転	インシュウンテン	飲酒運転は重大な問題だ。	Drunk driving is a serious problem.
切る	キル	髪は月に一度切るよ。	I get a haircut once a month.
d	d	理科のテストでＤをもらった。	I got a D on my science test.
気触れる	カブレ	ツタウルシにかぶれました。	I got a rash from poison ivy.
蔦漆	ツタウルシ	ツタウルシにかぶれました。	I got a rash from poison ivy.
水膨れ	ミズブクレ	火傷して水ぶくれになった。	I got blisters from the burn.
往復	オウフク	往復びんたを食らった。	I got slapped on both cheeks.
翌日	ヨクジツ	翌日は足が痛かった。	I had sore legs the next day.
痛々しい	イタイタシ	動物の痛々し気な姿は見たくない。	I hate to see animals suffer.
ヘルペス	ヘルペス	唇にヘルペスができています。	I have a cold sore on my lip.
先約	センヤク	先約があります。	I have a previous engagement.
進歩	シンポ	文明の進歩がとても速い。	The progress of civilization is very rapid.
チャイム	チャイム	学校のチャイムの音が聞こえたんだ。	I heard the school bell ring.
かなう	カナウ	夢がかなうといいですね。	I hope your dream comes true.
旅券	リョケン	旅券をどこかに置き忘れました。	I left my passport somewhere.
年間	ネンカン	保証は一年間です。	We guarantee our products for one year.
甚だ	ハナハダ	フランス料理は私の甚だ好む所だ。	I like French food very much.
すわる	スワル	私は窓ぎわにすわるのが好きだ。	I like sitting by the window.
始発	シハツ	始発は何時に出ますか。	What time does the first train leave?
手加減	テカゲン	少し手加減しました。	I pulled my punches a little.
借り	カリ	私は母に借りがある。	I owe what I am to my mother.
移す	ウツス	彼は大阪に事務所を移した。	He transferred his office to Osaka.
あやす	アヤシ	赤ん坊を膝の上であやした。	I rocked the baby on my knee.
遠方	エンポウ	遠方に街が見えた。	I saw a town in the distance.
首筋	クビスジ	私は猫の首筋をつかんだ。	I seized the cat by the neck.
白熊	シロクマ	昨日ね、シロクマを見たの。	I saw a polar bear yesterday.
小包み	コヅツミ	航空便で小包を送ったよ。	I sent the parcel by airmail.
ホッキョクグマ	ホッキョクグマ	昨日、ホッキョクグマを見ました。	I saw a polar bear yesterday.
証言	ショウゲン	午後に証言したよ。	I testified in the afternoon.
済ます	スマス	夜はあっさりしたもので済ます。	I tend to eat a light dinner.
あっさり	アッサリ	夜はあっさりしたもので済ます。	I tend to eat a light dinner.
野原	ノハラ	野原には六頭の羊がいた。	There were six sheep in the field.
トロンボーン	トロンボーン	新しいトロンボーンを買いたいんです。	I want to buy a new trombone.
ココナッツミルク	ココナッツミルク	ココナッツミルクが飲みたい。	I want to drink coconut milk.
預金	ヨキン	預金したいのですが。	I want to deposit some money.
はやる	ハヤリ	死ぬまでにはやりたい。	I want to do it before I die.
スノボー	スノボ	スノボを習いたい。	I want to learn snowboarding.
疼く	ウズイ	傷がうずいていた。	I was aching from the injury.
主催	シュサイ	トムが主催するパーティーに招かれた。	I was invited to Tom's party.
除け者	ノケモノ	みんなが私をのけ者にしたの。	I was ostracized by everyone.
何十	ナンジュウ	空には何十億もの星がある。	There are billions of stars in the sky.
海水浴	カイスイヨク	海水浴に行ったんだ。	I went swimming in the ocean.
中農	チュウノウ	１日中農場で働いていた。	I worked on the farm all day.
商社	ショウシャ	私は商社で働いています。	I work for a trading company.
有給休暇	ユウキュウキュウカ	昨日、有給休暇を取りました。	I took a paid day off yesterday.
雄犬	オスイヌ	オス犬をもらった方がいいよ。	I'd prefer to get a male dog.
飢え死に	ウエジニ	盗むくらいなら飢え死にする方がましだよ。	I'd rather starve than steal.
処方箋	ショホウセン	処方箋を書きますね。	I'll give you a prescription.
処方	ショホウ	医師は彼女に薬を処方した。	The doctor prescribed her medicine.
せん	セン	処方せんを出しておきますね。	I'll give you a prescription.
手助け	テダスケ	彼女は喜んで手助けしてくれた。	She was only too glad to help us.
事前	ジゼン	事前にお知らせします。	I'll let you know beforehand.
修繕	シュウゼン	家を修繕しなくてはならない。	The house is in need of repair.
エイズ	エイズ	私はエイズの研究に従事している。	I'm engaged in AIDS research.
従事	ジュウジ	父は貿易業に従事している。	My father is engaged in foreign trade.
はあはあ	ハアハア	息がハアハアだよ。	I'm completely out of breath.
着替える	キガエル	体操服に着替えるのやだな。	I don't like changing into my gym clothes.
ためる	タメヨウ	もっとお金をためようと思うんだ。	I'm going to save more money.
受け持つ	ウケモツ	私は３年生を受け持っている。	I am in charge of the third-year class.
熟す	コナス	彼にはその仕事をこなす能力がある。	He has the ability to do the work.
複数	フクスウ	その単語には複数の意味があります。	The word has several meanings.
老後	ロウゴ	老後は楽に暮らしたい。	I want to live comfortably when I become old.
口下手	クチベタ	私は口べたなんです。	I'm not very good with words.
嫌気	イヤケ	私は、この暑い天気に嫌気が差しています。	I'm sick of this hot weather.
寝不足	ネブソク	寝不足で、眠い。	I'm tired from lack of sleep.
居合わせる	イアワセル	偶然、居合わせただけよ。	I just happened to be there at that time.
聞き流す	キキナガシ	聞き流しなさい。そんなの噂にすぎません。	Ignore it. It's only a rumor.
西ヨーロッパ	ニシヨーロッパ	アイルランドは西ヨーロッパにある。	Ireland is in western Europe.
カルト	カルト	宗教とカルトの違いは何ですか？	What's the difference between a religion and a cult?
集団	シュウダン	トムがカルト集団に入ったって、本当？	Is it true Tom joined a cult?
終日	シュウジツ	ドアは終日閉まったままだった。	The door remained closed all day.
断続的	ダンゾクテキ	その日は雨が断続的に降っていた。	It rained on and off all day.
張り裂ける	ハリサケル	胸が張り裂けるような話だった。	It was a heartbreaking story.
日和	ヒヨリ	散歩日和だった。	It was a nice day for a walk.
クリスマスプレゼント	クリスマスプレゼント	クリスマスプレゼント何が欲しい？	What do you want for Christmas?
猛暑	モウショ	今年の夏は、猛暑だ。	It's awfully hot this summer.
出掛かる	デカカッ	喉まで出かかってるんだけどね。	It's on the tip of my tongue.
徒歩圏	トホケン	徒歩圏内です。	It's within walking distance.
まち	マチ	ちょいまち。最後までやらせろ。	Just a second. Let me finish.
ユーカリ	ユーカリ	コアラはユーカリの葉を食べるんだよ。	Koalas eat eucalyptus leaves.
然も	シカモ	それは作りやすいし、しかも安い。	It's easy to make and it's cheap.
よる	ヨウッ	昨日のことはもう忘れようっと。	Let's forget about yesterday.
っこ	コ	これは半分こずつにしよう。	Let's split this fifty-fifty.
山分け	ヤマワケ	これは山分けにしましょう。	Let's split this fifty-fifty.
注釈	チュウシャク	１０ページの注釈を見なさい。	Look at the notes on page 10.
天辺	テッペン	あの木のてっぺんを見てごらん。	Look at the top of that tree.
ダークヘア	ダークヘア	メアリーは綺麗なダークヘアだ。	Mary has beautiful dark hair.
艶やか	アデヤカ	メアリーは艶やかな黒髪をしている。	Mary has beautiful dark hair.
黒髪	クロカミ	アジア人は一般的に黒髪です。	Asians generally have black hair.
心掛ける	ココロガケル	睡眠をとるよう心がけなさい。	Make sure you get some sleep.
癇癪	カンシャク	トムはよくかんしゃくを起こす。	Tom often has temper tantrums.
ラブコメ	ラブコメ	メアリーはラブコメが好きだ。	Mary likes romantic comedies.
裏庭	ウラニワ	トムの書斎は裏庭に面している。	Tom's study faces the backyard.
ぴりぴり	ピリピリ	コーラを飲んだら舌がぴりぴりした。	The cola made my tongue tingle.
猶	ナオ	過ぎたるはなお及ばざるがごとし。	More than enough is too much.
右利き	ミギキキ	ほとんどの人は右利きです。	Most people are right-handed.
引き寄せる	ヒキヨセ	蛾は光に引き寄せられる。	Moths are attracted by light.
海辺	ウミベ	今日は海辺を走りたい。	Today, I want to run on the beach.
低下	テイカ	視力が低下してきたんです。	My eyesight is getting worse.
先程	サキホド	彼は先程家に帰ってきた。	He came back home a while ago.
高齢	コウレイ	高齢の女性が焼死した。	An old woman was burnt to death.
祖母	ソボ	私は祖母が大好きです。	I love my grandmother very much.
食器洗い	ショッキアライ	食器洗い当番です。	My job is to wash the dishes.
ナポリ	ナポリ	ナポリは絵のように美しい街です。	Naples is a picturesque city.
仕える	ツカエル	二人の主人には仕えられない。	No man can serve two masters.
混同	コンドウ	欲望を愛と混同するな。	Don't confuse desire with love.
正気	セイキ	正気の人なら誰もそんなことをしない。	No sane person would do that.
元々	モトモト	彼らはもともと農業をやっていました。	Originally they were farmers.
水なし	ミズナシ	水なしでは生きられない。	One can't live without water.
弱肉強食	ジャクニクキョウショク	弱肉強食だろうね。	Only the strong will survive.
本社	ホンシャ	本社はボストンにあります。	Our head office is in Boston.
パキスタン	パキスタン	パキスタンはイスラム教の国です。	Pakistan is a Muslim country.
リード	リード	彼女が２ｍリードしている。	She is leading by two meters.
プラスチック	プラスチック	プラスチックは燃えにくい。	Plastic does not burn easily.
走り出る	ハシリデ	人々は城の外へと走り出た。	People ran out of the castle.
竹林	チクリン	パンダは竹林にすんでいます。	Pandas live in bamboo thickets.
手順	テジュン	手順を説明していただけますか。	Please explain the procedure.
御出で	オイデ	どうぞまた御出でください。	Please come and see me again.
着用	チャクヨウ	シートベルトを着用して下さい。	Please fasten your seat belt.
焼き増す	ヤキマシ	焼き増ししてください。	Please have some copies made.
良く	ヨーク	よーく聞いてください。	Please listen very carefully.
ご	ゴ	どうぞごゆっくり。	Please stay as long as you wish.
履き替える	ハキカエ	このスリッパに履きかえてください。	Please put on these slippers.
説明書	セツメイショ	説明書を読んでください。	Please read the instructions.
94	キュウヨン	９４ページを読んで下さい。	Please read page ninety-four.
自愛	ジアイ	ご自愛ください。	Please take care of yourself.
安定	アンテイ	このところ物価が安定している。	Prices are stable these days.
粥	カユ	おかゆは消化しやすいんです。	Rice gruel is easy to digest.
タイムゾーン	タイムゾーン	ロシアには１１個のタイムゾーンがあります。	Russia has eleven time zones.
古典	コテン	古典を読むのは簡単なことではない。	Reading classics is not easy.
分け合う	ワケアッ	これはお友達と分け合ってね。	Share this with your friends.
シェア	シェア	お友達にもシェアしてね。	Share this with your friends.
良家	リョウケ	彼女は良家の出身だ。	She comes from a good family.
名門	メイモン	彼女は名門の出である。	She comes from a good family.
有利	ユウリ	彼女は私より有利だ。	She has an advantage over me.
バレエ	バレエ	バレエのことはとんと分からない。	I don't know anything about ballet.
こざっぱり	コザッパリ	彼女はいつもこざっぱりした服を着ている。	She is always neatly dressed.
m	メートル	彼女が２ｍリードしている。	She is leading by two meters.
懇願	コンガン	彼らは我々に援助を懇願した。	They appealed to us for help.
容貌	ヨウボウ	彼女は自分の容貌を自慢している。	She takes pride in her looks.
締め出す	シメダス	彼女はそのクラブから締め出された。	She was barred from the club.
携わる	タズサワル	彼女は社会福祉に携わっている。	She's engaged in social work.
福祉	フクシ	彼女は社会福祉に携わっている。	She's engaged in social work.
比べる	クラベル	太陽に比べると地球は小さい。	The earth is small compared with the sun.
椋鳥	ムクドリ	ムクドリは社交的な動物です。	Starlings are social animals.
蔵	クラ	くらだない質問するのはやめろよ。	Stop asking stupid questions.
つるむ	ツルム	負け犬とつるむな。	Stop hanging out with losers.
伝わり落ちる	ツタワリオチ	涙がほおを伝わり落ちた。	Tears rolled down his cheeks.
毎度	マイド	毎度ごひいきにありがとうございます。	Thank you for your patronage.
贔屓	ヒイキ	毎度ごひいきにありがとうございます。	Thank you for your patronage.
指摘	シテキ	ご指摘ありがとうございます。	Thanks for pointing that out.
信念	シンネン	それは私の信念には合わない。	That goes against my beliefs.
氾濫	ハンラン	台風で川が氾濫した。	The typhoon caused the river to flood.
意	イ	彼女は父の意に逆らって結婚した。	She got married against her father's will.
ピント	ピント	ピントがズレている。	That's a little out of focus.
ずれる	ズレル	ピントがズレている。	That's a little out of focus.
威嚇	イカク	あれはただの威嚇射撃だったんです。	That was just a warning shot.
射撃	シャゲキ	トムは射撃の名手だ。	Tom is a proficient marksman.
急上昇	キュウジョウショウ	飛行機は急上昇した。	The airplane climbed sharply.
気球	キキュウ	気球が空に浮かんでいた。	A balloon was floating in the air.
ボルシチ	ボルシチ	ボルシチは冷蔵庫の中にあるわよ。	The borscht is in the fridge.
かご	カゴ	かごは苺でいっぱいでした。	The basket was full of strawberries.
目論見	モクロミ	その目論見は失敗に終わった。	The attempt ended in failure.
企て	クワダテ	その企ては失敗に終わった。	The attempt ended in failure.
粉々	コナゴナ	瓶は粉々に割れた。	The bottle smashed to pieces.
立ち往生	タチオウジョウ	雪で車が立ち往生しています。	The car is stuck in the snow.
ぬかるみ	ヌカルミ	車がぬかるみに填まり込んだ。	The car was stuck in the mud.
電柱	デンチュウ	技師が電柱を上った。	The engineer climbed the telephone pole.
首都	シュト	北京は中国の首都だ。	Beijing is the capital of China.
ガードレール	ガードレール	車はガードレールに衝突した。	The car ran into a guardrail.
電信柱	デンシンバシラ	車が電信柱にぶつかったんだ。	The car hit a telephone pole.
垂直	スイチョク	その崖はほとんど垂直です。	The cliff is almost vertical.
殺到	サットウ	人々が出口へ殺到した。	The crowd rushed to the exit.
版	バン	辞書は最新版だよ。	The dictionary is up to date.
爆破	バクハ	敵は橋を爆破した。	The enemy blew up the bridge.
後退る	アトズサッ	少女は恐怖で後ずさった。	The girl shrank back in fear.
暴発	ボウハツ	銃が暴発してしまった。	The gun went off by accident.
壊滅	カイメツ	王は敵軍を壊滅させた。	The king crushed his enemies.
敵軍	テキグン	王は敵軍を壊滅させた。	The king crushed his enemies.
地元	ジモト	トムは地元の刑務所で働いた。	Tom worked at a local prison.
どさ	ドサッ	その男は床にどさっと倒れた。	The man slumped to the floor.
生煮え	ナマニエ	この肉は生煮えだ。	The meat is only half cooked.
集まり	アツマリ	集まりは年に一度開かれる。	The meeting is held annually.
依然	イゼン	３人が依然行方不明です。	Three people are still missing.
昼前	ヒルマエ	郵便は昼前に来る。	The mail arrives before noon.
取り壊す	トリコワサ	古い家が取り壊された。	The old house was demolished.
物騒	ブッソウ	夜の公園は、物騒だよ。	The park's not safe at night.
飛行	ヒコウ	飛行機は富士山上空を飛行しました。	The plane flew over Mt. Fuji.
上空	ジョウクウ	町の上空を飛行機が飛んでいる。	A plane is flying above the city.
ドラマー	ドラマー	ここにいるドラマーはトムだけだよ。	The only drummer here is Tom.
会談	カイダン	平和会談は今週始まる。	The peace talks begin this week.
再度	サイド	和平会談は再度失敗した。	The peace talks failed again.
和平	ワヘイ	和平会議が来週始まる。	Peace talks will begin next week.
図面	ズメン	図面が出来上がりました。	The plans have been drawn up.
未解決	ミカイケツ	その問題は未解決のままである。	The problem remains unsolved.
踏み場	フミバ	部屋は足の踏み場もなかった。	The room was a complete mess.
低空飛行	テイクウヒコウ	カモメが低空飛行してるよ。	The sea gulls are flying low.
雨漏り	アマモリ	雨が降ると雨漏りするんだ。	The roof leaks when it rains.
カイロ	カイロ	その船はカイロ行きだった。	The ship was bound for Cairo.
ひんやり	ヒンヤリ	部屋は薄暗くてひんやりしていた。	The room was gloomy and cold.
薄暗い	ウスグライ	部屋は薄暗くてひんやりしていた。	The room was gloomy and cold.
揃う	ソロウ	姉妹揃って金髪よ。	The sisters are both blondes.
雄鶏	オンドリ	オンドリは日の出に鳴く。	The rooster crows at sunrise.
ぎらぎら	ギラギラ	太陽は頭上でぎらぎら輝いていた。	The sun was blazing overhead.
山頂	サンチョウ	山頂には木がなかった。	The top of the hill was bare.
動乱	ドウラン	動乱は3日間続いた。	The unrest lasted three days.
馴染み	ナジミ	その言葉には馴染みがないな。	The word is unfamiliar to me.
渇望	カツボウ	世界中が平和を渇望している。	The whole world craves peace.
国民	コクミン	国民は重税に苦しんだ。	The people groaned under the burden of heavy taxation.
水溜まり	ミズタマリ	水たまりだらけよ。	There are puddles everywhere.
兆し	キザシ	嵐のきざしがある。	There is a threat of a storm.
モーター	モーター	その時、機械のモーターが急に止まった。	Then the motor suddenly died.
バスタオル	バスタオル	トムはバスタオルで体を拭いた。	Tom dried himself with a bath towel.
桟橋	サンバシ	昔ここには桟橋があったんだ。	There used to be a pier here.
突き当たり	ツキアタリ	突き当たりに郵便局があります。	There's a post office at the end of the street.
廊下	ロウカ	偶然、廊下でいじめを目撃した。	I happened to witness the bullying in the corridor.
捜査	ソウサ	捜査特別報奨金を支払います。	There's a price on our heads.
報奨金	ホウショウキン	捜査特別報奨金を支払います。	There's a price on our heads.
ポーチ	ポーチ	ポーチにスカンクがいます。	There's a skunk on the porch.
最低賃金	サイテイチンギン	ここに最低賃金はない。	There's no minimum wage here.
故国	ココク	彼らは故国を捨てた。	They abandoned their country.
ぶかぶか	ブカブカ	このズボン、ぶかぶかだよ。	These trousers are too large.
だぼだぼ	ダボダボ	このズボン、だぼだぼだよ。	These trousers are too large.
養女	ヨウジョ	彼らはその少女を養女にした。	They adopted the little girl.
愛し合う	アイシアウ	彼らは愛し合うようになった。	They came to love each other.
屡々	シバシバ	彼はしばしば父の車を運転する。	He often drives his father's car.
ハネムーン	ハネムーン	二人はハネムーンに出かけた。	They went on their honeymoon.
取り壊す	トリコワシ	彼らはその古い家を取り壊した。	They tore down the old house.
信憑性	シンピョウセイ	彼らは信憑性を完全に失った。	They've lost all credibility.
ジョッキ	ジョッキ	このジョッキは１パイント入る。	This beer mug holds one pint.
パイント	パイント	このジョッキは１パイント入る。	This beer mug holds one pint.
ml	ミリリットル	このジョッキーは、約470ml 入ります。	This beer mug holds one pint.
470	ヨンナナレイ	このジョッキーは、約470ml 入ります。	This beer mug holds one pint.
ジョッキー	ジョッキー	このジョッキーは、約470ml 入ります。	This beer mug holds one pint.
リットル	リットル	１日に３リットルは水を飲みます。	We drink at least three liters of water a day.
缶詰め	カンヅメ	この豆の缶詰、消費期限が切れてるよ。	This can of beans is expired.
消費期限	ショウヒキゲン	この豆の缶詰、消費期限が切れてるよ。	This can of beans is expired.
のみ	ノミ	この自転車、私のみたい。	This bicycle looks like mine.
天然	テンネン	この車は天然ガスで動く。	This car runs on natural gas.
ディーゼル	ディーゼル	この車はディーゼル車です。	This car has a diesel engine.
搭載	トウサイ	この車はディーゼルエンジンを搭載しています。	This car has a diesel engine.
ディーゼルエンジン	ディーゼルエンジン	この車はディーゼルエンジンを搭載しています。	This car has a diesel engine.
ビロード	ビロード	この布はビロードのような手ざわりがする。	This cloth feels like velvet.
掘り出す	ホリダシ	このドレスは掘り出し物です。	This dress is a good bargain.
20000	ニマン	この机は２万円かかったんだ。	This desk cost me 20,000 yen.
ホール	ホール	ホールは満員だった。	The hall was filled to capacity.
収容	シュウヨウ	この部屋は三百人収容できる。	This room can hold three hundred people.
栄養価	エイヨウカ	安いけど栄養価は抜群です。	It's cheap but very nutritious.
クライミング	クライミング	ここのジムには、クライミングウォールがあります。	This gym has a climbing wall.
ウォール	ウォール	ここのジムには、クライミングウォールがあります。	This gym has a climbing wall.
1870	イチハチナナレイ	この家は1870年に建てられた。	This house was built in 1870.
複雑	フクザツ	これには複雑な気持ちだ。	I have mixed feelings about this.
模造	モゾウ	これね模造ダイヤなんだよ。	This is an imitation diamond.
曾	ヒイ	僕のひいじいちゃんです。	This is my great-grandfather.
最適	サイテキ	これが最適な方法だ。	This is the very best method.
採算	サイサン	この企画は採算が取れないかもしれない。	This project may not pay off.
例年	レイネン	今年の夏は、例年にない暑さだ。	This summer is unusually hot.
手編	テアミ	このセーターは手編みです。	This sweater is made by hand.
おえる	オエ	この仕事は私の手におえない。	This task is too much for me.
尾	オ	この種の猫には尾が無い。	This type of cat has no tail.
冬至	トウジ	今日は冬至です。	Today is the winter solstice.
あたたかい	アッタカ	あの靴下、すごくあったかそう。	Those socks look really warm.
来客	ライキャク	今日は来客があります。	I'm expecting a customer today.
救出	キュウシュツ	トムはメアリーを救出しようと試みた。	Tom attempted to rescue Mary.
ぼこぼこ	ボコボコ	トムはメアリーをボコボコに殴った。	Tom beat Mary black and blue.
両思い	リョウオモイ	トムとメアリーは両思いなんだ。	Tom and Mary like each other.
買い取り	カイトリ	トムは中古車の買取販売をしている。	Tom buys and sells used cars.
依存	イゾン	日本は石油を外国に依存している。	Japan depends on foreign countries for oil.
車椅子	クルマイス	トムに車いすは必要なかった。	Tom didn't need a wheelchair.
不合格	フゴウカク	トムは今日の試験で不合格だった。	Tom didn't pass today's exam.
食中毒	ショクチュウドク	食中毒の経験はありますか？	Have you ever had food poisoning?
ローン	ローン	私はまだローンが終わってない。	I haven't finished paying off my loan.
破産	ハサン	トムは破産申請をした。	Tom has filed for bankruptcy.
病	ヤマイ	トムは不治の病にかかっている。	Tom has an incurable disease.
不治	フジ	トムは不治の病にかかっている。	Tom has an incurable disease.
カセットデッキ	カセットデッキ	トムは古いカセットデッキを持っている。	Tom has an old cassette deck.
名手	メイシュ	トムは射撃の名手だ。	Tom is a proficient marksman.
殺し屋	コロシヤ	トムはプロの殺し屋だ。	Tom is a professional killer.
プロ	プロ	トムはプロの殺し屋だ。	Tom is a professional killer.
美男子	ビダンシ	トムって、ほんと美男子よ。	Tom is a really good-looking man.
表面	ヒョウメン	彼は月の表面に立った。	He stood on the surface of the moon.
一員	イチイン	彼は野球部の一員だ。	He is a member of the baseball club.
短編	タンペン	トムは短編を読んでいる。	Tom is reading a short story.
オンライン授業	オンラインジュギョウ	トムはオンライン授業を受けてるよ。	Tom is taking online classes.
凭れ掛かる	モタレカカッ	彼は壁にもたれかかっていた。	He was leaning against the wall.
有名人	ユウメイジン	彼はちょっとした有名人です。	He is something of a celebrity.
今ひとつ	イマヒトツ	トムはそれが今ひとつな考えだとわかっていた。	Tom knew that was a bad idea.
情熱的	ジョウネツテキ	トムはメアリーに情熱的なキスをした。	Tom kissed Mary passionately.
生牡蛎	ナマガキ	トムは生牡蠣が好きなんだよ。	Tom likes eating raw oysters.
スクランブルエッグ	スクランブルエッグ	トムはスクランブルエッグを作った。	Tom made some scrambled eggs.
長時間	チョウジカン	トムは僕らを長時間待たせた。	Tom made us wait a long time.
ぼりぼり	ボリボリ	トムはよく背中をぼりぼりかく。	Tom often scratches his back.
農園	ノウエン	トムはオーストラリアで農園を経営してるよ。	Tom owns a farm in Australia.
ふかす	フカシ	トムはベンチに座って煙草をふかしていた。	Tom sat on the bench smoking.
ぶらつく	ブラツイ	トムはその通りをぶらついた。	Tom strolled down the street.
マンタ	マンタ	トムはマンタと一緒に泳いだ。	Tom swam with the manta rays.
雪玉	ユキダマ	トムはメアリーに雪玉を投げた。	Tom threw a snowball at Mary.
チェア	チェア	トムはキャンプチェアーを広げた。	Tom unfolded the camp chairs.
割り引く	ワリビク	トムはもっと割り引いて欲しかったんだ。	Tom wanted a bigger discount.
飛行士	ヒコウシ	宇宙飛行士になりたいですか？	Do you want to be an astronaut?
漬け	ツケ	トムは丸一日会議漬けだった。	Tom was in a meeting all day.
運転席	ウンテンセキ	トムは運転席に座っていました。	Tom was in the driver's seat.
ポロシャツ	ポロシャツ	トムはポロシャツだったよ。	Tom was wearing a polo shirt.
覚束無い	オボツカナイ	トムはおぼつかない足取りだった。	Tom was unsteady on his feet.
フライパン	フライパン	鍋とフライパンは、トムが洗ったよ。	Tom washed the pots and pans.
トレンチコート	トレンチコート	トムはトレンチコートを着ていた。	Tom was wearing a trenchcoat.
自説	ジセツ	トムは、自説に固執している。	Tom won't change his opinion.
頬っぺた	ホッペタ	トムのほっぺたは真っ赤だった。	Tom's cheeks were bright red.
原子力発電所	ゲンシリョクハツデンショ	ここに原子力発電所があります。	Here is an atomic power plant.
ラブレター	ラブレター	彼女にラブレターを書いてた。	I was writing her a love letter.
迷彩	メイサイ	トムは迷彩柄のジャケットを着ていた。	Tom wore a camouflage jacket.
柄	ガラ	トムは迷彩柄のジャケットを着ていた。	Tom wore a camouflage jacket.
概念	ガイネン	固定概念にとらわれないようにしなさい。	Try to think outside the box.
固定	コテイ	固定概念にとらわれないようにしなさい。	Try to think outside the box.
千金	センキン	真の友情は千金にも代え難い。	True friendship is priceless.
友情	ユウジョウ	真の友情はお金より尊い。	A true friendship is more valuable than money.
収穫	シュウカク	明日はブドウを収穫するんだ。	Tomorrow I'll harvest grapes.
言動	ゲンドウ	トムの失礼な言動に腹が立った。	Tom's rudeness made me angry.
国連	コクレン	ＵＮは「国連」を表します。	UN stands for United Nations.
United Nations	ユナイテッドネーションズ	UN は United Nations の略です。	UN stands for United Nations.
国際連合	コクサイレンゴウ	「国連」は「国際連合」の略です。	UN stands for United Nations.
公明正大	コウメイセイダイ	私たちは公明正大に行動する。	We act without fear or favor.
革製品	カワセイヒン	革製品は取り扱っておりません。	We don't carry leather goods.
山積み	ヤマヅミ	まだやることが山積みだよ。	I still have a lot of work to do.
豊作	ホウサク	今年は豊作だった。	We had a good crop this year.
ボックス	ボックス	セーフティーボックスがございます。	We have safety deposit boxes.
セーフティー	セーフティー	セーフティーボックスがございます。	We have safety deposit boxes.
輸入	ユニュウ	これはドイツから輸入した車です。	This is a car imported from Germany.
エネルギー	エネルギー	近い将来エネルギー危機が起こるだろう。	There will be an energy crisis in the near future.
需要	ジュヨウ	輸入車の需要は強い。	Imported cars are in strong demand.
見越す	ミコシ	ある程度の遅れは見越しておかないと。	We must allow for some delay.
祝う	イワウ	私たちはいっしょに祝うべきだ。	We should celebrate together.
暇潰し	ヒマツブシ	ある者は暇潰しに本を読む。	Some people read books to kill time.
愛する	アイスル	隣人は愛するものだ。	We should love our neighbors.
ミイラ	ミイラ	私たちは博物館でミイラを見た。	We saw a mummy at the museum.
南米	ナンベイ	私達は南米を旅行した。	We traveled in South America.
卒	ソツ	僕たち二人ともハーバード卒なんだ。	We're both Harvard graduates.
タイト	タイト	タイトなスケジュールだった？	Were you on a tight schedule?
憶測	オクソク	今言ったのは、私の憶測にすぎないよ。	What I said was just a guess.
両者	リョウシャ	両者の溝が狭まった。	The gap between them has narrowed.
教科	キョウカ	どの教科が一番好き？	What subject do you like best?
隠し味	カクシアジ	隠し味は何？	What's the secret ingredient?
為替レート	カワセレート	今日の為替レートはいくらですか。	What's today's exchange rate?
名古屋	ナゴヤ	名古屋の次はどこですか。	What's the stop after Nagoya?
中間	チュウカン	中間テストはいつなの？	When are your mid-term exams?
出版	シュッパン	その小説はいつ出版されるの？	When will that novel be published?
学園祭	ガクエンサイ	学園祭はいつあるの？	When is your school festival?
学祭	ガクサイ	学祭っていつなの？	When is your school festival?
老眼鏡	ロウガンキョウ	老眼鏡どこだっけ？	Where are my reading glasses?
ワイシャツ	ワイシャツ	俺の白のワイシャツ、どこ？	Where's my white dress shirt?
ホワイトハウス	ホワイトハウス	ホワイトハウスを設計したのは誰ですか。	Who designed the White House?
たとえ	タトエ	彼女はたとえ疲れていても来るだろう。	She will come even if she is tired.
ビジネス	ビジネス	映画産業は一大ビジネスになった。	The movie industry became a big business.
ラジウム	ラジウム	誰によってラジウムは発見されましたか。	Who was radium discovered by?
シングル	シングル	シングルは満室だった。	The single rooms were fully booked.
ニューススタンド	ニューススタンド	ニューススタンドで買えますよ。	You can buy it at newsstands.
自業自得	ジゴウジトク	自業自得だよ。	You brought this on yourself.
校則	コウソク	校則は守らないとね。	You should observe the school rules.
ウエーター	ウェイター	まだウェイターしてるんだよね？	You're still a waiter, right?
だち	ダチ	お前のダチが言ってた。	Your friend told me about it.
世紀	セイキ	１世紀は１００年です。	A century is one hundred years.
後ろ前	ウシロマエ	セーター後ろ前だよ。	Your sweater is on backwards.
囀る	サエズッ	木の上で鳥が囀っている。	A bird is singing in the tree.
被告人	ヒコクニン	被告人は死刑を宣告された。	The accused was sentenced to death.
用語	ヨウゴ	「被告人」という言葉は法律用語である。	"The accused" is a legal term.
現場	ゲンバ	群衆が現場に群がった。	A crowd gathered at the scene.
野次馬	ヤジウマ	現場に野次馬が集まった。	A crowd gathered at the scene.
刺し	サシ	バラは茎に刺がある。	A rose has thorns on its stem.
茎	クキ	バラは茎に刺がある。	A rose has thorns on its stem.
地方	チホウ	この地方を寒波が襲った。	A cold wave hit this district.
張り巡らす	ハリメグラサ	家の周りにはフェンスが張り巡らされている。	A fence runs around the house.
プレーンヨーグルト	プレーンヨーグルト	プレーンヨーグルトと豆乳を加えます。	Add plain yogurt and soy milk.
豆乳	トウニュウ	プレーンヨーグルトと豆乳を加えます。	Add plain yogurt and soy milk.
ヤード	ヤード	１ヤードは３フィートに等しい。	A yard is equal to three feet.
灰色	ハイイロ	夜中の猫はどれも灰色。	All cats are gray in the dark.
自棄っぱち	ヤケッパチ	やけっぱちなの？	Are you really that desperate?
百足	ムカデ	本当にそれはムカデなんですか？	Are you sure it's a centipede?
本読み	ホンヨミ	その本読み終わったの？	Are you through with the book?
荷札	ニフダ	かばん全部に荷札をつけなさい。	Attach labels to all the bags.
和解	ワカイ	ようやく彼らは和解した。	At last, they were reconciled.
揚げ物	アゲモノ	揚げ物はめったに食べません。	I don't often eat deep-fried food.
タグ	タグ	全部のかばんにタグをつけなさい。	Attach labels to all the bags.
バードウォッチング	バードウォッチング	バードウォッチングは素敵な趣味ですよ。	Bird watching is a nice hobby.
食後	ショクゴ	食後に歯をみがきなさい。	Brush your teeth after eating.
メモ用紙	メモヨウシ	メモ用紙をもらえますか？	Can I have some scratch paper?
婦長	フチョウ	婦長と話したいのですが。	Can I speak to the head nurse?
サドル	サドル	サドルなしで乗れるの？	Can you ride without a saddle?
マサチューセッツ	マサチューセッツ	「マサチューセッツ」ってどう綴るんですか？	Can you spell "Massachusetts"?
チューニング	チューニング	俺のギター、チューニングしてくれない？	Can you tune my guitar for me?
善悪	ゼンアク	彼は善悪の区別が付かない。	He can't tell right from wrong.
工事	コウジ	工事は10月に始まった。	Construction began in October.
ナプキン	ナプキン	ナプキンを貰ってもよろしいでしょうか？	Could I have a napkin, please?
ダリア	ダリア	ダリアは綺麗な花です。	Dahlias are beautiful flowers.
水出し	ミズダシ	私、水出しっぱなしにしてた？	Did I leave the water running?
洗濯機	センタクキ	洗濯機は買ったの？	Did you buy a washing machine?
タワー	タワー	東京タワーには行ったの？	Did you visit the Tokyo Tower?
公演	コウエン	公演はお楽しみいただけましたか？	Did you enjoy the performance?
遣り直し	ヤリナオシ	またやり直しですか。	Do I have to do it over again?
紙幣	シヘイ	５ポンド紙幣をお持ちですか。	Do you have a five-pound note?
洋書	ヨウショ	洋書はありますか？	Do you have any foreign books?
医療保険	イリョウホケン	医療保険には入っていますか。	Do you have medical insurance?
外国語	ガイコクゴ	何か外国語はやってるの？	Do you study any foreign language?
トラベラーズチェック	トラベラーズチェック	トラベラーズチェックは使えますか。	Do you take travelers' checks?
コンセプト	コンセプト	コンセプトはご理解いただけましたか？	Do you understand the concept?
海水浴場	カイスイヨクジョウ	このバスは海水浴場に行きますか。	Does this bus go to the beach?
掻き混ぜる	カキマゼル	シチューをかき混ぜるの、忘れちゃ駄目よ。	Don't forget to stir the stew.
エジソン	エジソン	エジソンが電球を発明した。	Edison invented the lightbulb.
褒め称える	ホメタタエル	みんな彼のことを褒めたたえる。	Everyone speaks highly of him.
案じる	アンズル	案ずるより産むが易し。	Fear often exaggerates danger.
羽根	ハネ	立派な羽が立派な鳥をつくる。	Fine feathers make fine birds.
伴う	トモナウ	権力には責任が伴う。	Power carries responsibility with it.
226	ニニロク	２２６便は１０時３０分に離陸します。	Flight 226 takes off at 10:30.
道具	ドウグ	道具を粗末に使うな。	Don't handle these tools roughly.
園芸	エンゲイ	彼女は園芸の入門書を読んでいる。	She is reading a manual on gardening.
半数	ハンスウ	学生の半数が休んでいた。	Half the students were absent.
早熟	ソウジュク	女の子は男の子より早熟だ。	Girls mature faster than boys.
カンガルー	カンガルー	カンガルーを見たことはありますか？	Have you ever seen a kangaroo?
算出	サンシュツ	費用がいくらかかるか算出してみましたか。	Have you figured out the cost?
賃金	チンギン	彼は私に１週間分の賃金を前払いしてくれた。	He advanced me a week's wages.
不当	フトウ	そんな不当な提案は、拒否すべきだったのに。	You should've rejected such an unfair proposal.
1990	イチキュウキュウレイ	１９９０年代は湾岸戦争で始まった。	The 1990s began with the Gulf War.
観衆	カンシュウ	彼は大観衆に語りかけた。	He addressed a large audience.
語り掛ける	カタリカケ	彼は大観衆に語りかけた。	He addressed a large audience.
階級	カイキュウ	彼は上流階級の人だ。	He belongs to the upper class.
上流	ジョウリュウ	彼は上流階級の人だ。	He belongs to the upper class.
写真部	シャシンブ	彼は写真部に所属している。	He belongs to the camera club.
中学生	チュウガクセイ	私は中学生です。	I'm a junior high school student.
中退	チュウタイ	トムは高校を中退した。	Tom dropped out of high school.
打率	ダリツ	彼は打率が高い。	He has a high batting average.
場外	ジョウガイ	彼は場外にボールを飛ばした。	He hit the ball out of bounds.
歯科医	シカイ	彼の職業は歯科医である。	He is a dentist by profession.
生業	セイギョウ	彼は歯医者を生業としている。	He is a dentist by profession.
重労働	ジュウロウドウ	彼は重労働に慣れている。	He is accustomed to hard work.
指揮官	シキカン	彼が我が軍の指揮官です。	He is commander of our troops.
金離れ	カネバナレ	彼は金離れがよい。	He is generous with his money.
白々しい	シラジラシイ	彼は白々しい嘘をついている。	He is lying through his teeth.
見え透く	ミエスイ	彼は見え透いた嘘をついている。	He is lying through his teeth.
骸骨	ガイコツ	彼は骸骨のようにやせている。	He looks just like a skeleton.
ブラックコーヒー	ブラックコーヒー	彼はブラックコーヒーが好きだ。	He likes coffee without sugar.
一生涯	イッショウガイ	彼は一生涯貧乏だった。	He remained poor all his life.
終生	シュウセイ	彼は終生貧乏のままだった。	He remained poor all his life.
代理	ダイリ	彼は父親の代理をした。	He substituted for his father.
原案	ゲンアン	彼は原案に固執した。	He stuck to the original plan.
盗み見る	ヌスミミ	彼はその少女を盗み見た。	He stole a glance at the girl.
出しゃばる	デシャバラ	彼はでしゃばらないようにしようとした。	He tried to be less obtrusive.
火遊び	ヒアソビ	火遊びは危ないよ。	Playing with fire is dangerous.
免除	メンジョ	先生は私の試験を免除してくれた。	The teacher excused me from the examination.
くるくる	クルクル	彼は言うことがくるくる変わる。	He's always changing his mind.
宝	タカラ	健康は大切な宝です。	Health is a precious treasure.
染み染み	シミジミ	私は彼の親切をしみじみ感じた。	His kindness touched my heart.
不親切	フシンセツ	彼の不親切が彼女を怒らせた。	His unkindness made her angry.
向き合う	ムキアッ	彼の家は私の家と向き合っている。	His house is across from mine.
淑やか	シトヤカ	どう言えば、おしとやかに聞こえる？	How can I sound more ladylike?
侵略	シンリャク	彼らは戦車と銃器でその国を侵略した。	They invaded the country with tanks and guns.
ポーランド	ポーランド	ポーランドでは今日が投票日です。	Today is election day in Poland.
ヒトラー	ヒトラー	ヒトラーは１９３９年にポーランドを侵略した。	Hitler invaded Poland in 1939.
空かす	スカシ	私がお腹を空かしてたってどうしてわかったの？	How did you know I was hungry?
進捗	シンチョク	プロジェクトの進捗具合はいかがですか？	How's the project progressing?
技術	ギジュツ	この技術の利点って何なのかな？	I wonder what the advantage of this technique is.
コーン	コーン	冷凍コーンをひと袋、買ったよ。	I bought a bag of frozen corn.
バーゲン	バーゲン	このテレビはバーゲンで買ったんだ。	I got this TV at a bargain price.
セール	セール	半額セールに目がない。	I really love half-price sales.
上顎	ウワアゴ	上あごを火傷したんだ。	I burned the roof of my mouth.
爪切り	ツメキリ	爪切りが見当たらないんだよ。	I can't find my nail clippers.
面皰	ニキビ	ニキビが治りません。	I can't get rid of my pimples.
弾ける	ヒケ	ギターはあまりうまく弾けないんだよ。	I can't play guitar very well.
延ばす	ノバス	今日できることは明日に延ばすな。	Never put off to tomorrow what you can do today.
同時	ドウジ	私が同時通訳を務めた。	I acted as a simultaneous interpreter.
静める	シズメル	両親は彼を静めるのに成功した。	The parents succeeded in calming him down.
退会	タイカイ	フェイスブックを退会した。	I deleted my Facebook account.
薦	コモ	いっこも面白くなかった。	I didn't find it funny at all.
予期	ヨキ	その質問は予期していなかった。	I didn't expect that question.
部分	ブブン	この部分が分かんなかった。	I didn't understand this part.
ビデオデッキ	ビデオデッキ	ビデオデッキの使い方が分からないんだ。	I don't know how to use a VCR.
結び方	ムスビカタ	靴ひもの結び方わかる？	Do you know how to tie your shoes?
パンクロック	パンクロック	パンクロックはあまり好きじゃないんだよな。	I don't really like punk rock.
食べ残し	タベノコシ	私は食べ残しを犬にやった。	I fed the leftovers to my dog.
手首	テクビ	転んで手首を痛めました。	I fell down and hurt my wrist.
課題	カダイ	課題は終わった？	Have you completed your homework?
取り返す	トリカエス	私は彼からお金を取り返した。	I got the money back from him.
102	イチレイニ	１０２゜Ｆの熱があります。	I have a fever of 102 degrees.
肌荒れ	ハダアレ	肌あれがひどいのです。	I have a serious skin problem.
定期	テイキ	３月いっぱいで定期が切れる。	My season ticket expires on March 31st.
タイム	タイム	彼はタイム誌の記者です。	He is a reporter for Time magazine.
5000	ゴセン	五千円しか持っていない。	I have only five thousand yen.
勤め口	ツトメグチ	彼は勤め口を探しているそうだ。	I hear he is looking for work.
以来	イライ	以来ずっと友人です。	We've been friends ever since.
御健勝	ゴケンショウ	ご健勝のことと存じます。	I hope that you are very well.
土壇場	ドタンバ	なんとか土壇場で間に合ったよ。	I just made it under the wire.
仕切る	シキリ	トムって、仕切りたがり屋だよね？	Tom is a control freak, isn't he?
文化	ブンカ	彼は日本の文化に詳しい。	He is familiar with Japanese culture.
かさ	カサ	かさは玄関に置いて下さい。	Leave your umbrella at the front door.
ミステリー	ミステリー	ミステリーファンなの？	Are you a fan of mystery novels?
ファンタジー	ファンタジー	ファンタジー小説を読むのが大好きなんだ。	I love reading fantasy novels.
捜し回る	サガシマワル	ポストをあちこち探し回ったんだよ。	I looked around for a mailbox.
乗り継ぎ	ノリツギ	乗り継ぎに間に合わなかった。	I missed my connecting flight.
早出	ソウシュツ	今日の出勤は早出なんだよ。	I must go to work early today.
出勤	シュッキン	今日の出勤は早出なんだよ。	I must go to work early today.
感想文	カンソウブン	読書感想文を書かないといけない。	I need to write a book report.
ハイライト	ハイライト	ハイライトしか見てない。	I only watched the highlights.
対戦	タイセン	対戦相手を甘く見るな。	Don't underestimate your opponent.
生ける	イケ	花瓶に花を生けました。	I put the flowers in the vase.
合間	アイマ	木立の合間から家が見えます。	I see a house among the trees.
木立ち	コダチ	木立の合間から家が見えます。	I see a house among the trees.
灯火	トウカ	遠くに灯火が見えた。	I saw a light in the distance.
先延ばし	サキノバシ	君はもう先延ばしにはできない。	You can't put it off any longer.
頻繁	ヒンパン	僕は頻繁に寝言を言う。	I talk in my sleep very often.
厚意	コウイ	ご厚意に感謝いたします。	I thank you for your kindness.
生命	セイメイ	愛することは生命の源です。	Loving is the essence of life.
書留	カキトメ	これを書留でお願いします。	Please send this by registered mail.
折り入る	オリイッ	折り入って頼みたいことがある。	I want to ask you a big favor.
づける	ヅケ	彼の言葉に勇気づけられた。	I was encouraged by his words.
セールスマン	セールスマン	セールスマンは大抵口達者だ。	Salesmen are usually fast talkers.
半袖	ハンソデ	半袖で来ればよかった。	I wish I'd worn short sleeves.
海運	カイウン	海運会社に勤めています。	I work for a shipping company.
耳栓	ミミセン	耳栓を買いたいのですが。	I'd like to buy some earplugs.
降伏	コウフク	海賊は降伏するしかなかった。	The pirates had no choice but to surrender.
けれど	ケレド	陽は出ていたけれど、寒かった。	Although the sun was out, it was cold.
クーポン	クーポン	このクーポンを使いたいんですが。	I'd like to use these coupons.
丸	マル	明日は、まるっと一日暇なんだ。	I'll be free all day tomorrow.
ぐる	グルッ	市内をぐるっと案内しましょう。	I'll show you around the city.
グリークラブ	グリークラブ	グリークラブに入るつもりなの？	Are you going to join the glee club?
炊事	スイジ	私は炊事が全然できない。	I'm all thumbs in the kitchen.
酒屋	サカヤ	酒屋さんに行ってくるね。	I'm going to the liquor store.
ねん	ネン	僕は水泳が下手やねん。	I'm not very good at swimming.
見直す	ミナオス	見直したよ。	I'm seeing you in a new light.
ポップアップ	ポップアップ	ポップアップ広告にはうんざりだ。	I'm sick of seeing pop-up ads.
純情	ジュンジョウ	君って、意外に純情だね。	I'm surprised you're so naive.
ワイヤレス	ワイヤレス	私はワイヤレスイヤホンを使っている。	I'm using wireless headphones.
受け継ぐ	ウケツグ	この伝統は代々受け継がれている。	This tradition has been passed down from generation to generation.
先祖	センゾ	私たちの先祖は百五十年前この国にたどり着きました。	Our ancestors arrived in this country 150 years ago.
科学的	カガクテキ	それ科学的に証明されてんの？	Is that scientifically proven?
ポット	ポット	砂糖はポットにありますか。	Is there any sugar in the pot?
副作用	フクサヨウ	副作用はありませんか。	Is there any adverse reaction?
デメリット	デメリット	デメリットが多すぎます。	It has too many disadvantages.
ゴシック	ゴシック	それは典型的なゴシック式教会です。	It is a typical Gothic church.
式	シキ	式には参加したくないよ。	I don't want to participate in the ceremony.
倒し	タオシ	それは見かけ倒しだ。	It is not as good as it looks.
得策	トクサク	彼が行くのが得策だ。	It is advisable for him to go.
手習い	テナライ	六十の手習い。	It is never too late to learn.
渡り烏	ワタリガラス	それはね、カラスじゃないよ。ワタリガラスだよ。	It isn't a crow. It's a raven.
焚く	タク	寒かったので、私たちは火を焚きました。	It was cold, so we lit a fire.
改める	アラタメル	悪い習慣を改めるのは難しいです。	It's hard to break bad habits.
はなす	ハナシ	そのことをはなしても無駄です。	It's no good talking about it.
野外	ヤガイ	今日の野外はとても暑い。	It's really hot outside today.
て	チャァ	こう暑くちゃぁ、散歩どころじゃない。	It's too hot to go for a walk.
工業国	コウギョウコク	日本は工業国だ。	Japan is an industrial nation.
キングサイズ	キングサイズ	キングサイズのベッドは、マジでかい。	King size beds are really big.
百薬	ヒャクヤク	笑いは百薬の長。	Laughter is the best medicine.
長	チョウ	笑いは百薬の長。	Laughter is the best medicine.
解き放つ	トキハナテ	想像力を解き放て。	Let your imagination run wild.
手始め	テハジメ	手初めにこれをやってみましょう。	Let's do this as a first step.
浮き沈み	ウキシズミ	人生には浮き沈みがつきものだ。	Life is full of ups and downs.
ルクセンブルク	ルクセンブルク	ルクセンブルクは小さな国です。	Luxembourg is a small country.
源	ミナモト	愛することは生命の源です。	Loving is the essence of life.
内縁の妻	ナイエンノツマ	メアリーはトムの内縁の妻です。	Mary is Tom's common-law wife.
拉致	ラチ	メアリーは海賊に拉致された。	Mary was kidnapped by pirates.
団子	ダンゴ	メアリーは髪をお団子にまとめた。	Mary pulled her hair in a bun.
ロードマップ	ロードマップ	ロードマップをください。	May I have a road map, please?
共通語	キョウツウゴ	音楽は、世界共通語です。	Music is a universal language.
根源	コンゲン	金は諸悪の根源。	Money is the root of all evil.
諸悪	ショアク	金は諸悪の根源。	Money is the root of all evil.
浮腫む	ムクン	手足がむくんでいます。	My hands and legs are swollen.
トイトレ	トイトレ	うちの子、トイトレ中なのよ。	My kid is being potty trained.
トレーニング	トレーニング	娘はトイレトレーニング中です。	My daughter is being potty trained.
かむ	カマ	あの犬に足をかまれたんだ。	My leg was bitten by that dog.
姉ちゃん	ネエチャン	俺の姉ちゃんは君より背が低い。	My sister is shorter than you.
甥っ子	オイッコ	私の甥っ子、卵アレルギーなんだ。	My nephew is allergic to eggs.
砂時計	スナドケイ	伯父から砂時計をもらった。	My uncle gave me an hourglass.
自然食品	シゼンショクヒン	自然食品は体によい。	Natural food will do you good.
親知らず	オヤシラズ	親知らずがはえてきました。	My wisdom teeth are coming in.
はえる	ハエ	親知らずがはえてきました。	My wisdom teeth are coming in.
匹敵	ヒッテキ	力で彼に匹敵するものはいない。	Nobody equals him in strength.
解答	カイトウ	解答のうち一つは正しいよ。	One of the answers is correct.
創立	ソウリツ	私たちの学校は創立して５０年だ。	Our school is fifty years old.
死語	シゴ	それって死語じゃないの。	People don't say that anymore.
儚い	ハカナイ	人生は儚いよ、と人は言う。	People say that life is short.
項	コウ	１０項を参照して下さい。	Please refer to paragraph ten.
ティーカップ	ティーカップ	ティーカップはソーサーの上に置きなさい。	Put your teacup on the saucer.
ソーサー	ソーサー	ティーカップはソーサーの上に置きなさい。	Put your teacup on the saucer.
深める	フカメル	読書は知性を深めることができます。	Reading can develop your mind.
知性	チセイ	読書は知性を深めることができます。	Reading can develop your mind.
はやい	ハヤク	はやく、逃げて山中に隠れて。	Run and hide in the mountains.
山中	サンチュウ	はやく、逃げて山中に隠れて。	Run and hide in the mountains.
速達	ソクタツ	速達でお願いします。	Please send it by special delivery.
手製	テセイ	夕食は彼女のお手製だった。	She cooked the dinner herself.
麻痺	マヒ	彼女は両足が麻痺している。	She is paralyzed in both legs.
引き上げる	ヒキアゲル	彼らは船を岸に引き上げた。	They dragged their boat onto the beach.
泥濘む	ヌカルミ	彼女は彼をぬかるみから引き上げた。	She pulled him out of the mud.
破く	ヤブイ	彼女は手紙をびりびりに破いた。	She tore the letter to pieces.
びりびり	ビリビリ	彼女は手紙をびりびりに破いた。	She tore the letter to pieces.
留まる	トドマッ	ここにとどまっていても何の得もない。	There is no advantage in staying here.
新宿	シンジュク	彼女は新宿まで歩いた。	She walked as far as Shinjuku.
もと	モト	彼女はもと銀行員です。	She was formerly a bank clerk.
美容室	ビヨウシツ	彼女は美容室に行った。	She went to the hairdresser's.
見栄	ミエ	彼女は見栄を張っているだけだよ。	She's just putting up a front.
のろま	ノロマ	のろまな亀がレースを制する。	Slow but steady wins the race.
障害	ショウガイ	薬によっては肝障害を引き起こします。	Some drugs cause liver damage.
着実	チャクジツ	景気は着実に悪くなった。	The economy steadily worsened.
可笑しな	オカシナ	昨夜おかしな夢を見ました。	I had a funny dream last night.
路面電車	ロメンデンシャ	路面電車は電気で動く。	Streetcars run on electricity.
前後	ゼンゴ	腕を前後に振りなさい。	Swing your arm back and forth.
筋肉	キンニク	水泳は筋肉を発達させる。	Swimming develops our muscles.
発達	ハッタツ	水泳は筋肉を発達させる。	Swimming develops our muscles.
むける	ムケ	その小説は子供むけでない。	That novel isn't for children.
揃い	ゾロイ	あのチームはつわものぞろいだ。	That team has a strong lineup.
兵	ヘイ	あのチームはつわものぞろいだ。	That team has a strong lineup.
会員制	カイインセイ	あそこは会員制のゴルフクラブだ。	That's an exclusive golf club.
ゴルフクラブ	ゴルフクラブ	ゴルフクラブをどこで買ったの？	Where did you buy your golf clubs?
セーヌ	セーヌ	セーヌ川はパリを流れている。	The Seine flows through Paris.
クーラー	クーラー	クーラーが故障してしまった。	The air conditioner is broken.
スワローズ	スワローズ	スワローズが４対１で勝っている。	The Swallows are ahead 4 to 1!
1610	イチロクイチレイ	その城は１６１０年に建てられた。	The castle dates back to 1610.
突き出る	ツキデ	その崖は道路の上に突き出ている。	The cliff hangs over the road.
委員会	イインカイ	彼は委員会の委員だ。	He is a member of the committee.
構成	コウセイ	この小説は三部構成だ。	This novel consists of three parts.
高騰	コウトウ	生活費が高騰している。	The cost of living is soaring.
誇る	ホコル	机はほこりだらけだ。	The desk is covered with dust.
賠償金	バイショウキン	賠償金えぐいことになるな。	The compensation will be huge.
えぐい	エグイ	賠償金えぐいことになるな。	The compensation will be huge.
可決	カケツ	予算案は上院で可決された。	The budget passed the Upper House.
公転	コウテン	地球は太陽の周りを公転している。	The earth goes around the sun.
明るみ	アカルミ	その真実が明るみに出た。	The fact was brought to light.
シンボル	シンボル	ハトは平和のシンボルである。	The dove is a symbol of peace.
原則	ゲンソク	原則、喫煙禁止です。	As a rule, we don't allow smoking.
花婿	ハナムコ	花婿は30歳です。	The groom is thirty years old.
暗澹	アンタン	前途は暗澹としていた。	The future looked very gloomy.
新郎	シンロウ	新郎は30歳です。	The groom is thirty years old.
ガスタンク	ガスタンク	ガスタンクが突然爆発した。	The gas tank suddenly blew up.
審判	シンパン	審判の判定は覆らない。	The judge's decision is final.
覆る	クツガエル	審判の判定は覆らない。	The judge's decision is final.
抑圧	ヨクアツ	王は人民を抑圧した。	The king oppressed his people.
人民	ジンミン	王は人民を抑圧した。	The king oppressed his people.
茅葺き	カヤブキ	この家は、茅葺き屋根なんです。	The house has a thatched roof.
直径	チョッケイ	その湖は直径四マイルである。	The lake is four miles across.
切迫	セッパク	事態はかなり切迫している。	The matter is really pressing.
煌々	コウコウ	月は煌々と輝いていた。	The moon was shining brightly.
照らす	テラス	月が部屋を照らしています。	The moon is lighting the room.
開放	カイホウ	この庭園は一般開放されています。	This garden is open to the public.
判	ハン	ポケット判の方が安い。	The pocket edition is cheaper.
反映	ハンエイ	価格は需要を反映する。	The price reflects the demand.
ポンプ	ポンプ	ポンプはちゃんと動かなかった。	The pump didn't work properly.
バックミラー	バックミラー	バックミラーがはずれてしまいました。	The rear-view mirror fell off.
土壌	ドジョウ	雨で土壌が流されてしまった。	The rain washed away the soil.
校庭	コウテイ	校庭はすごく狭かったです。	The schoolyard was very small.
港	ミナト	その船はいま港にある。	The ship is now in the harbor.
シンプル	シンプル	解決方法は至ってシンプルだった。	The solution was quite simple.
解決方法	カイケツホウホウ	解決方法は至ってシンプルだった。	The solution was quite simple.
ひ	ヒ	今日はおひさまが顔を出してないな。	The sun hasn't come out today.
ぼそぼそ	ボソボソ	その内気な少年はぼそぼそと自分の名前をつぶやいた。	The shy boy murmured his name.
悲劇	ヒゲキ	悲劇は突然起こった。	The tragedy happened suddenly.
勢い	イキオイ	台風が勢いを増した。	The typhoon gathered strength.
民族	ミンゾク	アジアにはたくさんの民族がいる。	There are many people in Asia.
高層	コウソウ	高層ビルがたくさんあります。	There are many tall buildings.
乗船	ジョウセン	乗船者数は30名です。	There are thirty people on board.
手立て	テダテ	島を出る手だてはありません。	There's no way off the island.
一刻	イッコク	事態は一刻の猶予も許さない。	There's not a moment to waste.
猶予	ユウヨ	事態は一刻の猶予も許さない。	There's not a moment to waste.
容器	ヨウキ	こちらの容器は密閉式です。	These containers are airtight.
密閉	ミッペイ	こちらの容器は密閉式です。	These containers are airtight.
積もる	ツモル	山に雪が積もってるよ。	There's snow on the mountains.
蜜柑	ミカン	このみかんは食べ頃だ。	These oranges are good to eat.
履き心地	ハキゴコチ	この靴は、履き心地が悪い。	These shoes are uncomfortable.
イタリア製	イタリアセイ	この靴はイタリア製です。	These shoes are made in Italy.
めでたい	メデタイ	二人は幸せに暮らしました。めでたしめでたし。	They lived happily ever after.
あどけない	アドケナイ	あどけない子供たちばかりです。	They're all innocent children.
天真爛漫	テンシンランマン	あの子たち、みんな天真爛漫ね。	They're all innocent children.
蔵書印	ゾウショイン	この本には蔵書印が押してあります。	This book has a library stamp.
ぴり	ピリッ	このチーズはピリッとした味がする。	This cheese has a sharp taste.
製作	セイサク	小説をもとに製作された映画です。	This film is based on a novel.
不能	フノウ	この字は、解読不能です。	This handwriting is illegible.
歌劇	カゲキ	この歌劇は５幕ものです。	This is an opera in five acts.
1000000	イチレイレイマン	損害は百万ドルにのぼる。	The loss amounts to a million dollars.
機長	キチョウ	機長よりご挨拶申し上げます。	This is your captain speaking.
経度	ケイド	この線は経度を表している。	This line shows the longitude.
組織	ソシキ	トムはこの組織の一員です。	Tom is a member of this organization.
纏まり	マトマリ	この組織はまとまりに欠けている。	This organization lacks unity.
万一	マンイチ	このお金は万一の時のためだよ。	This money is for a rainy day.
ダメダメ	ダメダメ	この検索エンジン、ダメダメね。	This search engine is no good.
検索エンジン	ケンサクエンジン	この検索エンジン、ダメダメね。	This search engine is no good.
しょっぱい	ショッパク	このスープ、しょっぱくて飲めないよ。	This soup is too salty to eat.
再読	サイドク	この話は再読の価値がある。	This story is worth rereading.
780	ナナハチレイ	この寺院は７８０年に建てられた。	This temple dates back to 780.
たつ	タテ	５日たてば仕事が完了するだろう。	We should be able to complete the work in five days.
納め	オサメ	今日は仕事納めだ。	Today is the last day of work.
肴	サカナ	豆腐は良い酒の肴になる。	Tofu goes well with good sake.
運動会	ウンドウカイ	今日は学校の運動会なんだよ。	Today is our school field day.
提携	テイケイ	トムと私は提携関係にある。	Tom and I have an arrangement.
取り決め	トリキメ	トムと私の間には取り決めがある。	Tom and I have an arrangement.
ビリヤード	ビリヤード	トムとメアリーはビリヤードをしている。	Tom and Mary are playing pool.
ちょっきり	チョッキリ	トムは時間ちょっきりに着いた。	Tom arrived precisely on time.
しゃがむ	シャガム	トムは靴紐を結ぶためにしゃがんだ。	Tom bent down to tie his shoe.
せびる	セビッ	トムはメアリーにお金をせびった。	Tom asked Mary for some money.
無心	ムシン	トムはメアリーにお金を無心した。	Tom asked Mary for some money.
板チョコ	イタチョコ	トムは、板チョコを買ってたよ。	Tom bought a bar of chocolate.
屈む	カガン	トムは靴紐を結ぶためにかがんだ。	Tom bent over to tie his shoe.
大汗	オオアセ	トムは大汗をかき始めた。	Tom began to sweat like a pig.
食パン	ショクパン	トムは食パンにバターを塗った。	Tom buttered a slice of bread.
苦情	クジョウ	トムはその試験について苦情を言った。	Tom complained about the exam.
箸	ハシ	お箸が苦手なの。	I'm not very good with chopsticks.
送信	ソウシン	トムは「送信」ボタンを押しました。	Tom clicked the "send" button.
契約書	ケイヤクショ	契約書へのサインをお忘れなく。	Don't forget to sign the contract.
ニックネーム	ニックネーム	トムは自分のニックネームが気に入らない。	Tom doesn't like his nickname.
渾名	アダナ	彼のあだ名は言い得て妙だよね。	That nickname fits him perfectly.
ためる	タメ	トムは浴槽に水をためた。	Tom filled the tub with water.
浴槽	ヨクソウ	トムは浴槽に水をためた。	Tom filled the tub with water.
強制	キョウセイ	誰もこれを強制していませんよ。	No one is forcing you to do this.
流れ弾	ナガレダマ	トムは流れ弾に当たった。	Tom got hit by a stray bullet.
カクテル	カクテル	あのカクテルは甘くて飲みやすいよ。	That cocktail is sweet and easy to drink.
美術	ビジュツ	現代美術に興味はある？	Are you interested in modern art?
レッド	レッド	トムはレッドヘアーでそばかすがあるよ。	Tom has red hair and freckles.
ヘア	ヘア	トムはレッドヘアーでそばかすがあるよ。	Tom has red hair and freckles.
私立	シリツ	トムは私立探偵を雇った。	Tom hired a private detective.
クリケット	クリケット	野球はクリケットとは違うよ。	Baseball is different from cricket.
教え子	オシエゴ	トムは昔の教え子だ。	Tom is an old student of mine.
手の物	テノモノ	トムは、デバッグはお手の物よ。	Tom is an expert at debugging.
デバッグ	デバッグ	トムは、デバッグはお手の物よ。	Tom is an expert at debugging.
懐こい	ナツッコク	トムはメアリーほど人懐っこくないよ。	Tom isn't as friendly as Mary.
見入る	ミイル	トムは画面に見入っていた。	Tom kept an eye on the screen.
温度計	オンドケイ	トムは温度計を見た。	Tom looked at the thermometer.
速度計	ソクドケイ	トムは速度計を見た。	Tom looked at the speedometer.
振り返り	フリカエリ	トムは振り返りもせず去っていった。	Tom left without looking back.
分位	ブンイ	トムは３０分位前に行ってしまったよ。	Tom left about 30 minutes ago.
上限	ジョウゲン	トムはクレジットカードの上限に達してしまった。	Tom maxed out his credit card.
リクエスト	リクエスト	トムは私がリクエストした歌を歌った。	Tom sang the song I requested.
立ち上げる	タチアゲル	トムは広告代理店を立ち上げた。	Tom started an advertising agency.
ウェブサイト	ウェブサイト	自分のウェブサイトの構成を変えた。	I've changed my website's layout.
ホームページ	ホームページ	自分のホームページのレイアウトを変えた。	I've changed my website's layout.
停学	テイガク	トムは３週間の停学処分中だ。	Tom has been suspended from school for three weeks.
宴会	エンカイ	トムは宴会部長だった。	Tom was the life of the party.
振り落とす	フリオトサ	トムは馬から振り落とされた。	Tom was thrown from his horse.
盛り上げる	モリアゲル	トムはパーティーの盛り上げ役だった。	Tom was the life of the party.
ムード	ムード	トムはムードメーカーだった。	Tom was the life of the party.
メーカー	メーカー	トムはムードメーカーだった。	Tom was the life of the party.
組み立て	クミタテ	トムは組立ラインで働いている。	Tom works on an assembly line.
聡明	ソウメイ	トムの母親は聡明な女性でした。	Tom's mother was a wise woman.
独創的	ドクソウテキ	トムのデザインは非常に独創的だ。	Tom's design is very original.
下線	カセン	下線部を訳せ。	Translate the underlined part.
頭脳	ズノウ	彼は頭脳明晰だ。	He has a good head on his shoulders.
身の丈	ミノタケ	身の丈に合った生活を心掛けなさい。	Try to live within your means.
上陸	ジョウリク	台風が関東地方に上陸した。	The typhoon struck the Kanto district.
出盛り	デサカリ	スイカは今が出盛りだ。	Watermelons are in season now.
大雨	オオアメ	昨日は大雨だった。	We had a heavy rain yesterday.
辿る	タドル	猟師は熊の足跡をたどった。	The hunter followed the bear's tracks.
活発	カッパツ	私たちはとても活発な討論をした。	We had a very vigorous debate.
防火	ボウカ	私たちは昨日防火訓練をした。	We had a fire drill yesterday.
施設	シセツ	その爆発で、施設は廃墟と化した。	The explosion reduced the facilities to ruins.
経費	ケイヒ	経費を削減する必要があります。	We must cut down our expenses.
削減	サクゲン	経費を削減する必要があります。	We must cut down our expenses.
念頭	ネントウ	ある程度の遅延は念頭に置いておかなければいけない。	We must allow for some delays.
宿泊	シュクハク	宿泊したいのですが。	I'd like to stay at your hotel.
四季	シキ	日本には四季があります。	We have four seasons in Japan.
夜更け	ヨフケ	我々は夜更けまで語り合った。	We talked late into the night.
代わり番	カワリバン	代わり番こで車を洗ったんだ。	We took turns washing the car.
ビジネスホテル	ビジネスホテル	私たちはビジネスホテルに泊まりました。	We stayed at an economy hotel.
カヌー	カヌー	私たちはカヌーで川を下った。	We went down a river by canoe.
一大	イチダイ	我々は一大危機に直面している。	We're facing a violent crisis.
直面	チョクメン	我々は難局に直面している。	We're confronted with a difficult situation.
太平	タイヘイ	この川は太平洋に流れ込みます。	This river flows into the Pacific Ocean.
黒字	クロジ	今月は黒字である。	We're in the black this month.
処理	ショリ	すぐに処理します。	We will take care of this for you.
限	ゲン	１時限は何の授業ですか。	What do you have first period?
段落	ダンラク	この段落の意味分かる？	Can you understand the meaning of this paragraph?
定義	テイギ	ジャズの定義って何ですか？	What's the definition of jazz?
引用文	インヨウブン	この引用文はどこで見つけたの？	Where did you find this quote?
航空券	コウクウケン	帰りの航空券はありますか。	Do you have an airplane ticket back home?
大使館	タイシカン	私は明日大使館へ行きます。	I'll go to the embassy tomorrow.
金塊	キンカイ	誰がここに金塊を埋めたのだろう。	Who buried the gold bars here?
テーブルマナー	テーブルマナー	テーブルマナーは国によって異なる。	Table manners vary from one country to another.
14000	イチヨンレイレイレイ	なぜ14,000人もの兵士の命が奪われたのでしょう？	Why were 14,000 soldiers lost?
替わる	カワル	僕と席を替わってくれませんか。	Will you switch seats with me?
アルコール飲料	アルコールインリョウ	ワインはアルコール飲料です。	Wine is an alcoholic beverage.
カラフル	カラフル	女性はカラフルな傘を好む。	Women like colorful umbrellas.
1914	イチキュウイチヨン	第一次世界大戦は1914年に勃発した。	World War I broke out in 1914.
同様	ドウヨウ	あなたと同様に彼も大変親切だ。	You and he are both very kind.
書店	ショテン	書店で手に入ります。	You can get it at a bookstore.
着映え	キバエ	こっちのドレスの方が着映えするよ。	You look better in this dress.
通り道	トオリミチ	君は成功への通り道にいる。	You're on the path to success.
大助かり	オオダスカリ	大助かりでした。	You've really helped me a lot.
襟	エリ	襟に染みがついてますよ。	Your collar has a stain on it.
茂み	シゲミ	猫は茂みに隠れていた。	A cat was hiding in the bushes.
ぽっかり	ポッカリ	雲が空にぽっかりと浮かんでいた。	A cloud floated across the sky.
窮鼠	キュウソ	窮鼠猫を噛む。	A cornered rat will bite a cat.
水面	スイメン	魚が水面から飛び上がった。	A fish leaped out of the water.
枯れ葉	カレハ	１枚の枯れ葉が地面に落ちた。	A dead leaf fell to the ground.
松毬	マツカサ	松かさが、トムの頭上に落ちました。	A pine cone fell on Tom's head.
短期間	タンキカン	短期間で、色々あったのよ。	A lot happened in a short time.
ウエートレス	ウェイトレス	ウェイトレスはジュースを私の前に置いた。	The waitress set a glass of juice in front of me.
松毬	マツボックリ	松ぼっくりがね、トムの頭の上に落ちてきたんだ。	A pine cone fell on Tom's head.
リア充	リアジュウ	リア充はみんなやってる。	All the cool kids are doing it.
航空機	コウクウキ	航空機のチケットは高いですか。	Are airplane tickets expensive?
若布	ワカメ	「わかめ」と「昆布」って、違うの？	Are wakame and kombu different?
昆布	コンブ	「わかめ」と「昆布」って、違うの？	Are wakame and kombu different?
予防	ヨボウ	それは予防できない病気だ。	It's a disease that can't be prevented.
党	トウ	今でもコーヒー党なの？	Are you still a coffee drinker?
かく	カコウ	彼にどうにかこうにかそれを分からせた。	I managed to make him understand it.
アボカド	アボカド	アボカドはビタミンＥが豊富です。	Avocados are rich in vitamin E.
e	e	アボカドはビタミンＥが豊富です。	Avocados are rich in vitamin E.
現役	ゲンエキ	彼は７０歳だけどまだ現役です。	At seventy, he is still active.
ビール瓶	ビールビン	ビール瓶の材質はガラスです。	Beer bottles are made of glass.
材質	ザイシツ	ビール瓶の材質はガラスです。	Beer bottles are made of glass.
どくどく	ドクドク	切れた血管から血がどくどくと流れ出た。	Blood poured from the cut vein.
流れ出る	ナガレデ	切れた血管から血がどくどくと流れ出た。	Blood poured from the cut vein.
血管	ケッカン	彼の脳内で血管が破裂した。	A blood vessel burst inside his brain.
銭失い	ゼニウシナイ	安物買いの銭失い。	Buy cheap and waste your money.
買い	カイ	安物買いの銭失い。	Buy cheap and waste your money.
因み	チナミ	ちなみに、彼氏はいるよ。	By the way, I have a boyfriend.
生き返る	イキカエル	熱い風呂で生き返った。	I refreshed myself with a hot bath.
見分け	ミワケ	小麦と大麦の見分けってつく？	Can you tell wheat from barley?
見分ける	ミワケル	大麦と小麦って見分けれる？	Can you tell barley from wheat?
東京駅	トウキョウエキ	東京駅で乗り換えるんだよ。	Change trains at Tokyo Station.
ずらす	ズラス	ちょっと椅子をずらしてくれない？	Could you move the chair a bit?
書き留める	カキトメ	書きとめていただけますか。	Could you please write it down?
クリスマスイブ	クリスマスイブ	12月24日はクリスマスイブです。	December 24th is Christmas Eve.
24	ニヨン	12月24日はクリスマスイブです。	December 24th is Christmas Eve.
前兆	ゼンチョウ	暗い雲は雨の前兆だ。	Dark clouds are a sign of rain.
支配	シハイ	日本は満州の支配を望んだ。	Japan wanted control of Manchuria.
飢饉	キキン	飢饉に病気はつきものだ。	Disease and famine go together.
運転免許	ウンテンメンキョ	運転免許はお持ちですか？	Do you have a driver's license?
チケット代	チケットダイ	チケット代、持ってる？	Do you have money for a ticket?
季節性	キセツセイ	季節性のアレルギーはお持ちですか？	Do you have seasonal allergies?
バージョン	バージョン	最新のバージョンを持っていますか。	Do you have the latest version?
ベッドメーキング	ベッドメーキング	ベッドメーキングは毎日しますか。	Do you make your bed every day?
日帰り	ヒガエリ	日帰りのツアーはありますか？	Do you offer any all-day tours?
焦げ臭い	コゲクサク	なんか焦げ臭くない？	Do you smell something burning?
チェダーチーズ	チェダーチーズ	チェダーチーズとゴーダチーズのどっちのほうが好きですか？	Do you prefer cheddar or gouda?
ゴーダチーズ	ゴーダチーズ	チェダーチーズとゴーダチーズのどっちのほうが好きですか？	Do you prefer cheddar or gouda?
カフェイン	カフェイン	カフェインが入った飲み物は飲むなよ。	Don't drink caffeinated drinks.
欲望	ヨクボウ	欲望を愛と混同するな。	Don't confuse desire with love.
投函	トウカン	この手紙を必ず投函して下さい。	Don't fail to mail this letter.
ワクチン	ワクチン	ワクチン接種を忘れずに。	Don't forget to get vaccinated.
接種	セッシュ	ワクチン接種を忘れずに。	Don't forget to get vaccinated.
弱音	ヨワネ	弱音を吐いてばかりいないで、何かしなさい！	Don't just whine, do something!
納屋	ナヤ	突然、納屋が爆発炎上した。	All of a sudden, the barn went up in flames.
近付ける	チカヅケル	だれも火に近づけるな。	Don't let anyone near the fire.
ドロン	ドロン	コンサートをドロンするなよ。	Don't sneak out of the concert.
私生活	シセイカツ	私生活を詮索しないでよ。	Don't pry into my private life.
詮索	センサク	私生活を詮索しないでよ。	Don't pry into my private life.
天気予報	テンキヨホウ	天気予報が当たったよ。	The weather forecast was right.
年の功	トシノコウ	亀の甲より年の功、だよ。	Experience is the best teacher.
亀の甲	カメノコウ	亀の甲より年の功、だよ。	Experience is the best teacher.
気軽	キガル	気軽に何でも質問して下さい。	Feel free to ask any questions.
争い	アラソイ	ポスト争いは厳しい。	Competition for the position is very intense.
講義	コウギ	彼は講義を終わらせた。	He brought his speech to an end.
スペース	スペース	４０人に十分なスペースはここにはない。	Forty people can't fit in here.
ドイツ人	ドイツジン	アクセントで彼がドイツ人だとわかる。	I can tell by his accent that he is German.
こよなく	コヨナク	ドイツ人は、ビールとソーセージをこよなく愛してます。	Germans love beer and sausages.
贅沢	ゼイタク	トムは贅沢三昧だ。	Tom lives in the lap of luxury.
か弱い	カヨワイ	幸福はか弱い花である。	Happiness is a delicate flower.
鯨肉	ゲイニク	鯨肉って食べたことある？	Have you ever eaten whale meat?
鉄板焼き	テッパンヤキ	鉄板焼きって食べたことある？	Have you ever eaten teppanyaki?
雲丹	ウニ	ウニって食べたことある？	Have you ever eaten sea urchin?
象る	カタドッ	象って、見たことある？	Have you ever seen an elephant?
脛毛	スネゲ	すね毛剃ったことある？	Have you ever shaved your legs?
築く	キズク	彼は莫大な財産を築いた。	He accumulated a large fortune.
踏ん切り	フンギリ	もう踏ん切りはついたの？	Have you made up your mind yet?
重々しい	オモオモシク	彼は群衆に向かって重々しく話しかけた。	He addressed the crowd gravely.
リア	リア	彼はリヤ王の役を演じた。	He acted the part of King Lear.
言い掛かり	イイガカリ	彼はその男が盗んだと言い掛かりをつけた。	He accused the man of stealing.
厳か	オゴソカ	彼は群衆に向かって厳かに語りかけた。	He addressed the crowd gravely.
中流	チュウリュウ	彼は中流階級の出だ。	He comes from the middle class.
釣り糸	ツリイト	彼は釣り糸を湖に投げた。	He cast his line into the lake.
捧げる	ササゲル	彼は一生を教育に捧げた。	He devoted his life to education.
噛み切る	カミキッ	彼はロープを噛み切った。	He cut the rope with his teeth.
跡形	アトカタ	彼は跡形もなく姿を消してしまったんだ。	He disappeared without a trace.
ロンドン	ロンドン	彼は月に一度ロンドンにいく。	He goes to London once a month.
満面	マンメン	満面の笑みだったよ。	He had a big smile on his face.
笑み	エミ	満面の笑みだったよ。	He had a big smile on his face.
菜園	サイエン	中庭に小さな菜園があります。	I have a small vegetable garden on my patio.
顔付き	カオツキ	彼は難しい顔つきをしていた。	He had a hard look on his face.
政策	セイサク	彼は新しい政策を決定していた。	He had decided on a new policy.
兼	ケン	彼は小説家兼画家である。	He is a novelist and a painter.
影	カゲ	あの人は影が薄い。	He is always in the background.
胡麻	ゴマ	あいつ、上司に胡麻を擂ってやがる。	He is buttering up to his boss.
やがる	ヤガル	あいつ、上司に胡麻を擂ってやがる。	He is buttering up to his boss.
喧しい	ヤカマシイ	私の母は行儀作法にやかましい。	My mother is strict about manners.
間中	マナカ	食事の間中彼は一言も言わなかった。	He kept silent during the meal.
庭仕事	ニワシゴト	庭仕事を少しやった。	I did a little work in the garden.
下積み	シタヅミ	彼の一生は社会の下積みで終わった。	He lived and died in obscurity.
長年	ナガネン	トムとは長年の友達だ。	I've been friends with Tom for many years.
構内	コウナイ	大学構内を案内してくださったのよ。	He showed me around the campus.
曝け出す	サラケダシ	彼はすぐに無知をさらけ出した。	He soon betrayed his ignorance.
小枝	コエダ	彼は小枝を束にした。	He tied the twigs into bundles.
同伴	ドウハン	彼は妻を同伴していた。	He was accompanied by his wife.
我	ワレ	我ながら、完璧だね。	It's perfect, if I do say so myself.
1888	イチハチハチハチ	彼は1888年7月28日に生まれました。	He was born on July 28th, 1888.
28	ニヨウ	２月２８日の午後３時頃はどう。	How about around 3:00 p.m. on February 28th?
追放	ツイホウ	彼は母国を追放された。	He was exiled from his country.
インディアン	インディアン	彼はインディアンとともに過ごしていた。	He was living with the Indians.
羨望	センボウ	彼は友人たちの羨望の的であった。	He was the envy of his friends.
慈善活動	ジゼンカツドウ	彼は慈善活動にいそしんでいる。	He's active doing charity work.
勤しむ	イソシン	彼は慈善活動にいそしんでいる。	He's active doing charity work.
かつかつ	カツカツ	彼はかつかつの生活を送っている。	He's living from hand to mouth.
頭取	トウドリ	彼は銀行の頭取だ。	He's the president of the bank.
アバウト	アバウト	あいつもアバウトな性格だよな。	He's not a very meticulous guy.
野口英世	ノグチヒデヨ	野口英世は偉大な人だった。	Hideyo Noguchi was a great man.
馬身	バシン	彼の馬は３馬身の差で勝った。	His horse won by three lengths.
夜御飯	ヨルゴハン	夜ご飯、食べに行かない？	How about going out for dinner?
ローストビーフ	ローストビーフ	もっとローストビーフを召し上がれ。	How about some more roast beef?
アラーム	アラーム	どうやってアラームを止めたの？	How did you turn off the alarm?
競技場	キョウギジョウ	競技場にはどうやって行ったの？	How did you get to the stadium?
イタリア語	イタリアゴ	イタリア語だと、どう言うの？	How do you say that in Italian?
ビーフシチュー	ビーフシチュー	ビーフシチューはいかがですか。	How do you like your beef stew?
ブリッジ	ブリッジ	レインボーブリッジは東京の名所。	The Rainbow Bridge is a famous landmark in Tokyo.
レインボー	レインボー	レインボーブリッジは東京の名所。	The Rainbow Bridge is a famous landmark in Tokyo.
有効期限	ユウコウキゲン	運転免許証の有効期限が過ぎてますね。	Your driver's license has expired.
挽き肉	ヒキニク	ひき肉はどれぐらい買ったの？	How much hamburger did you buy?
含有	ガンユウ	アルコール含有飲料をどのくらいの頻度で飲みますか？	How often do you drink alcohol?
伴奏	バンソウ	僕は彼女の歌のピアノ伴奏をした。	I accompanied her on the piano.
陳述	チンジュツ	私はその陳述を真実と認める。	I accept the statement as true.
マウンテン	マウンテン	そのマウンテン・バイクはいくらですか。	How much is that mountain bike?
別腹	ベツバラ	甘いものは別腹なの。	I always have room for dessert.
見解	ケンカイ	私一人の見解ではない。	I am not alone in this opinion.
たずねる	タズネ	彼は中華料理がすきかたずねた。	He asked if I like Chinese food.
おちょくる	オチョクリ	ついついおちょくりたくなっちゃうの。	I can't help making fun of him.
ついつい	ツイツイ	ついついおちょくりたくなっちゃうの。	I can't help making fun of him.
セレモニー	セレモニー	セレモニーには出席できませんでした。	I couldn't attend the ceremony.
祝典	シュクテン	私はその祝典に出席できなかった。	I couldn't attend the ceremony.
碌に	ロクニ	昨夜はろくに眠れなかった。	I didn't sleep well last night.
関連	カンレン	コンピューター関連の仕事をしています。	I do work related to computers.
チェーン	チェーン	車のチェーンは持ってません。	I don't have chains for my car.
タイマー	タイマー	タイマー機能は使わない。	I don't use the timer function.
借りる	カリル	金を借りるのも貸すのも嫌だ。	I don't want to lend or borrow.
眺める	ナガメル	人のことをじろじろ眺めるのは失礼だ。	It isn't polite to stare at people.
物置	モノオキ	物置に３つテーブルがあります。	There are three tables in the storeroom.
問い	トイ	問3の答え何になった？	What answer did you come up with for question three?
観念	カンネン	もう助からないものと観念した。	I gave up all hope of survival.
川下り	カワクダリ	川下りでびしょびしょになった。	I got soaked boating downriver.
有り丈	アリッタケ	ありったけの金を彼女に与えた。	I gave her all the money I had.
大笑い	オオワライ	私は彼女の冗談に大笑いした。	I had a good laugh at her joke.
右足	ミギアシ	右脚にうおのめができています。	I have a corn on my right foot.
前日	ゼンジツ	それはその前日に借りたものです。	I had rented it the day before.
懐	フトコロ	懐が暖かい。	I have plenty of money with me.
モーターボート	モーターボート	モーターボートを買ったんだって？	I heard you bought a motorboat.
移住	イジュウ	トムはオーストラリアに移住したって聞いたよ。	I heard Tom moved to Australia.
ヘリコプター	ヘリコプター	ヘリコプターの操縦方法は分かります。	I know how to fly a helicopter.
ヨット	ヨット	ヨットに乗れるくらいの風はある？	Is it windy enough to go sailing?
半額	ハンガク	半額セールに目がない。	I really love half-price sales.
噤む	ツグン	口をつぐんでいるべきだった。	I should've kept my mouth shut.
リトル	リトル	リトル・グリーン・メンを見たような気がする。	I think I saw little green men.
めん	メン	あの狐がめん鳥を殺したに違いない。	That fox must have killed the hen.
炎症	エンショウ	歯茎が炎症を起こしているようなのですが。	I think I have a gum infection.
システム	システム	これはすごいシステムだと思う。	I think this is a great system.
芸当	ゲイトウ	私はその犬を芸当ができるように訓練した。	I trained the dog to do tricks.
薄々	ウスウス	彼に会ったのを薄々覚えている。	I vaguely remember meeting him.
声優	セイユウ	声優になりたいんです。	I want to become a voice actor.
全貌	ゼンボウ	全貌を聞きたい。	I want to hear the whole story.
美貌	ビボウ	僕は彼女の美貌のとりこになった。	I was captivated by her beauty.
羽目	ハメ	さらに5ドル払う羽目になった。	I had to pay another five dollars.
江戸っ子	エドッコ	僕は江戸っ子さ。	I was born and raised in Tokyo.
耳朶	ミミタブ	耳たぶって何のためにあるんだろう？	I wonder why we have ear lobes.
小型車	コガタシャ	小型車を借りたいのですが。	I'd like to rent a compact car.
歩き	アルキ	バスに乗るより歩きがいいな。	I'd rather walk than go by bus.
尻拭い	シリヌグイ	尻拭いは自分でします。	I'll clean up this mess myself.
後始末	アトシマツ	後始末は自分でします。	I'll clean up this mess myself.
倒す	タオス	大ボスを倒すところだ。	I'm about to kill the big boss.
運動量	ウンドウリョウ	運動量を増やすつもりなんだ。	I'm going to get more exercise.
しがない	シガナイ	私はしがないサラリーマンです。	I'm just a plain office worker.
サラリーマン	サラリーマン	彼は普通のサラリーマンだ。	He's just an ordinary office worker.
手相	テソウ	手相に興味があるんです。	I'm interested in palm reading.
農民	ノウミン	私は貧しい農民に過ぎない。	I'm nothing but a poor peasant.
自炊	ジスイ	私は自炊に慣れている。	I'm used to cooking for myself.
ぼけ	ボケ	時差ボケで辛い。	I've got a bad case of jet lag.
時差	ジサ	時差ボケで辛い。	I've got a bad case of jet lag.
フルコンプ	フルコンプ	ついにフルコンプしたぞ！	I've finally got the whole set!
華	ハナ	お華を習ってるの。	I take lessons in flower arrangement.
今さっき	イマサッキ	俺さ、今さっきおじいちゃんになったんだ。	I've just become a grandfather.
履歴書	リレキショ	履歴書を少し書き換えました。	I've rewritten my resume a bit.
書き替える	カキカエル	履歴書を少し書き換えました。	I've rewritten my resume a bit.
重婚	ジュウコン	オーストラリアでは、重婚は違法ですか？	Is bigamy a crime in Australia?
ラブラブ	ラブラブ	トムはまだメアリーとラブラブなの？	Is Tom still in love with Mary?
リッジ	リッジ	このバスは、パークリッジ行きですか。	Is this the bus for Park Ridge?
グレー	グレー	新しいコートって、黒なの？それともグレー？	Is your new coat black or gray?
イスラエル	イスラエル	イスラエルはとても小さな国です。	Israel is a very small country.
惑星	ワクセイ	地球は美しい惑星だ。	The earth is a beautiful planet.
言い表す	イイアラワス	言葉では言い表せないよ。	It can't be described in words.
日ごと	ヒゴト	日ごとに暖かくなっていく。	It's getting warmer day by day.
割り込む	ワリコム	僕たちの話に割り込むなよ。	Don't interrupt our conversation.
別段	ベツダン	彼が失敗したことは、べつだん驚くにはあたらない。	It is no wonder that he failed.
嘸	サゾ	長旅でさぞお疲れでしょう。	You must be tired after such a long trip.
しとしと	シトシト	今日は一日中雨がしとしと降っていた。	It rained gently the whole day.
片思い	カタオモイ	それは片思いの恋だった。	It was a one-sided love affair.
失笑	シッショウ	失笑してしまった。	It wasn't funny, but I laughed.
梅雨入り	ツユイリ	もうすぐ梅雨入りだ。	It'll soon be the rainy season.
打って付け	ウッテツケ	泳ぐのにはうってつけの場所です。	It's a great spot for swimming.
抗う	アラガウ	誘惑に抗うのは難しいな。	It's hard to resist temptation.
機械的	キカイテキ	単なる機械的な問題です。	It's just a mechanical problem.
日増し	ヒマシ	日増しに暑くなる。	It is getting warmer day by day.
貯蓄	チョチク	まさかのときに備えて貯蓄せよ。	Keep something for a rainy day.
初心	ショシン	初心にかえりましょう。	Let's go back to the beginning.
かえる	カエリ	初心にかえりましょう。	Let's go back to the beginning.
制度	セイド	教育制度は過渡期にある。	The educational system is in transition.
容姿	ヨウシ	自分の容姿に満足していますか？	Are you happy with how you look?
端麗	タンレイ	メアリーは自分が容姿端麗であると分かっていた。	Mary knew she was good-looking.
日焼けサロン	ヒヤケサロン	メアリーは日焼けサロンに行った。	Mary went to the tanning salon.
産卵	サンラン	サケは淡水で産卵する。	Salmon lay their eggs in fresh water.
サケ	サケ	サケは淡水で産卵する。	Salmon lay their eggs in fresh water.
伝染病	デンセンビョウ	おたふくかぜは伝染病である。	Mumps is an infectious disease.
阿多福風邪	オタフクカゼ	おたふくかぜは伝染病である。	Mumps is an infectious disease.
コレステロール	コレステロール	コレステロール値が高いんだよ。	My cholesterol levels are high.
成果	セイカ	これは私たちの研究の成果です。	This is the outcome of our research.
齎す	モタラス	革命は新たな時代をもたらした。	The revolution ushered in a new era.
氷解	ヒョウカイ	疑問が氷解しました！	My doubts have been cleared up.
鑑賞	カンショウ	趣味は音楽鑑賞です。	My hobby is listening to music.
採集	サイシュウ	趣味は昆虫採集なんだ。	My hobby is collecting insects.
唯々	タダタダ	母はただただ泣くだけだった。	My mother did nothing but weep.
灯台	トウダイ	私の叔父は灯台で働いてます。	My uncle works in a lighthouse.
年波	トシナミ	寄る年波には勝てないんだよ。	No one can turn the clock back.
返品	ヘンピン	返品お断り。	No merchandise can be returned.
あらわす	アラワシ	ついに正体をあらわしたな。	Now you've given yourself away.
正体	ショウタイ	ついに正体をあらわしたな。	Now you've given yourself away.
全体的	ゼンタイテキ	全体的には、賛成よ。	On the whole, I agree with you.
本校	ホンコウ	トムは明日本校へ来る。	Tom is coming to our school tomorrow.
1951	イチキュウゴイチ	本校は1951年に創立しました。	Our school was founded in 1951.
設立	セツリツ	その会社は１９７４年に設立された。	The company was founded in 1974.
我が社	ワガシャ	我が社の本拠地は東京である。	Our company's base is in Tokyo.
本拠地	ホンキョチ	我が社の本拠地は東京である。	Our company's base is in Tokyo.
1900	イチキュウレイレイ	わが校は１９００年に設立されました。	Our school was founded in 1990.
過食	カショク	過食は病気のもと。	Overeating can lead to disease.
炭水化物	タンスイカブツ	パスタは炭水化物の含有量が多い。	Pasta is high in carbohydrates.
ペール	ペール	ペールエールはアルコール含有量の少ないビールだ。	Pale ale is a low-alcohol beer.
エール	エール	ペールエールはアルコール含有量の少ないビールだ。	Pale ale is a low-alcohol beer.
含有量	ガンユウリョウ	パスタは炭水化物の含有量が多い。	Pasta is high in carbohydrates.
暗号化	アンゴウカ	ファイルを暗号化しないでください。	Please don't encrypt your file.
囲む	カコム	家は畑に囲まれていた。	The house was surrounded by fields.
水分	スイブン	水分を控えてください。	Please limit your fluid intake.
実例	ジツレイ	別の実例を教えてください。	Please show me another example.
道具箱	ドウグバコ	ペンチを道具箱に納めといて。	Put the pliers in the tool box.
物品	ブッピン	あらゆる物品の価格が上昇した。	The price of everything increased.
世論	ヨロン	世論は変わり始めた。	Public opinion began to change.
貴重品	キチョウヒン	貴重品を預けたいんですが。	I'd like to check some of my valuables.
焼べる	クベ	もう一本、暖炉に薪をくべて。	Put another log in the fireplace.
まき	マキ	もう少し火にまきをくべなさい。	Put some more wood on the fire.
性急	セイキュウ	性急な判断は危険です。	Quick judgements are dangerous.
ラズベリー	ラズベリー	ラズベリーは冬場は値段が高いんだ。	Raspberries are expensive in the winter.
稲作	イナサク	稲作は雨の多い地域で行われている。	Rice is grown in rainy regions.
主な	オモナ	読書が彼のおもな楽しみだ。	Reading is his chief amusement.
聞き入れる	キキイレ	彼女は二つ返事で私の願いを聞き入れてくれた。	She happily granted my request.
快い	ココロヨイ	彼は私の申し込みを快く承諾した。	He readily agreed to my proposal.
負んぶ	オンブ	子供たちをおんぶしてました。	We carried our children on our backs.
しがみ付く	シガミツイ	彼女は私の手にしっかりとしがみ付いた。	She held on to my hand tightly.
心理学	シンリガク	彼女は児童心理学専攻だ。	She majors in child psychology.
説き伏せる	トキフセ	妻は私を説き伏せて新車を買わせた。	My wife talked me into buying a new car.
スクエア	スクエア	彼女はラッセルスクエア５６番地に住んでいた。	She lived at 56 Russell Square.
番地	バンチ	彼女はラッセルスクエア５６番地に住んでいた。	She lived at 56 Russell Square.
ラッセル	ラッセル	彼女はラッセルスクエア５６番地に住んでいた。	She lived at 56 Russell Square.
56	ゴロク	彼女はラッセルスクエア５６番地に住んでいた。	She lived at 56 Russell Square.
羽振り	ハブリ	彼女は昔羽振りが良かったに違いない。	She must have seen better days.
促す	ウナガス	この曲は眠りを促してくれます。	This music helps me to fall asleep.
寄り添う	ヨリソッ	彼女は夫のそばにぴったり寄り添っていた。	She stood close to her husband.
縫い付ける	ヌイツケ	彼女は上着にボタンを縫い付けた。	She sewed a button on her coat.
ほっそり	ホッソリ	彼女は背が高く、ほっそりとした金髪の女性だった。	She was a tall, slender blonde.
取り残す	トリノコス	彼女は部屋に一人取り残された。	She was left alone in the room.
さ迷う	サマヨウ	彼は生死の境をさ迷った。	He hovered between life and death.
フロント	フロント	フロントに預けるといいよ。	You had better check them at the front desk.
肺	ハイ	喫煙はあなたの肺をボロボロにする。	Smoking does damage your lungs.
強請	ユスリ	貧乏ゆすりはやめて、静かに座っときなさい。	Stop fidgeting and sit quietly.
加工	カコウ	イチゴは加工されてジャムになります。	Strawberries are made into jam.
硫黄	イオウ	硫黄は青い炎を上げて燃える。	Sulfur burns with a blue flame.
凄い	スッゴイ	そのこと話してよ。すっごい聞きたいんだけど。	Tell me about it. I'm all ears.
お買い上げ	オカイアゲ	お買い上げいただきありがとうございます。	Thank you for shopping with us.
悪戯好き	イタズラズキ	あの子は本当にいたずら好きだな。	That child is full of mischief.
淡水	タンスイ	サケは淡水で産卵する。	Salmon lay their eggs in fresh water.
生息	セイソク	その魚は淡水に生息しています。	That fish lives in fresh water.
木造	モクゾウ	その古い家は木造です。	That old house is made of wood.
ムズイテスト	ムズイテスト	マジ、ムズイテストだった。	That was a very difficult exam.
完結	カンケツ	あれは完結文じゃないね。	That's not a complete sentence.
最優先	サイユウセン	それが最優先事項です。	That's the number one priority.
会計監査	カイケイカンサ	会計監査があった。	The accounts have been audited.
オールマイティー	オールマイティ	ジョーカーはオールマイティーでいいよね？	The Joker is the wild card, OK?
瘡蓋	カサブタ	水ぶくれがかさぶたになってきました。	The blisters have formed scabs.
1689	イチロクハチキュウ	その本は1689年に出版された。	The book was published in 1689.
バウンド	バウンド	球はバウンドして塀を越えた。	The ball bounced over the wall.
子牛	コウシ	今朝、仔牛が誕生しました。	The calf was born this morning.
セルフサービス	セルフサービス	食堂はセルフサービスでした。	The cafeteria was self-service.
ピエロ	ピエロ	そのピエロはわざと転んだ。	The clown fell down on purpose.
げ	ゲ	子どもたちは興味深げだったよ。	The children looked interested.
濃ゆい	コイ	色がちょっと濃いすぎるね。	The color is a little too dark.
逃亡中	トウボウチュウ	犯人は現在も逃亡中です。	The criminal is still at large.
餌食	エジキ	その鹿はライオンの餌食になった。	The deer fell prey to the lion.
後方	コウホウ	敵が後方から攻めてきた。	The enemy attacked from behind.
王者	オウジャ	鷲は鳥の王者です。	The eagle is the king of birds.
焼失	ショウシツ	１０軒の家がその火事で焼失した。	The fire burnt ten houses down.
ドライバー	ドライバー	ドライバーは車を加速させた。	The driver accelerated his car.
建て付け	タテツケ	その家はひどい建てつけだった。	The house was very badly built.
虚	ウロ	キツネは木のうろの中に隠れました。	The fox hid in the hollow tree.
百獣	ヒャクジュウ	ライオンは百獣の王です。	The lion is the king of beasts.
月末	ゲツマツ	月末に近づいている。	The month is drawing to an end.
地平線	チヘイセン	月が地平線の上にあった。	The moon was above the horizon.
突き抜ける	ツキヌケル	くぎが壁を突きぬけた。	The nail went through the wall.
休館	キュウカン	博物館は、月曜日は休館です。	The museum's closed on Mondays.
とぼとぼ	トボトボ	老人がとぼとぼ歩いていた。	The old man was plodding along.
夕べ	ユウベ	夕べ大雪が降った。	It snowed a good deal last night.
殺人犯	サツジンハン	彼女は彼を殺人犯だと認めた。	She identified him as the murderer.
物々しい	モノモノシイ	宮殿は物々しい警戒ぶりだった。	The palace was heavily guarded.
22	ニニ	２２ページの一節を読んで下さい。	Read the passage on page 22, please.
アンコール	アンコール	そのピアニストはアンコールに応えて２曲弾いた。	The pianist played two encores.
取り押さえる	トリオサエ	警官はその泥棒を取り押さえた。	The policeman caught the thief.
間際	マギワ	飛行機は離陸間際だ。	The plane is about to take off.
丸呑み	マルノミ	ヘビが卵を丸呑みしてるよ。	The snake is swallowing an egg.
ならす	ナラシ	嵐が雨戸をがたがたとならした。	The storm rattled the shutters.
雨戸	アマド	嵐が雨戸をがたがたとならした。	The storm rattled the shutters.
水平線	スイヘイセン	太陽が水平線の下に沈んだ。	The sun sank below the horizon.
改訂	カイテイ	時刻表が改訂された。	The timetable has been revised.
小路	コウジ	その町には狭い小路が多い。	The town has many narrow lanes.
芽	メ	木々は芽を出し始めた。	The trees are beginning to bud.
木々	キギ	木々は芽を出し始めた。	The trees are beginning to bud.
濁る	ニゴル	湖の水は濁っている。	The water in the lake is murky.
改装	カイソウ	彼らの家は改装中です。	Their house is being remodeled.
接客	セッキャク	接客がなっとらん。	Their customer service is poor.
なあ	ナッ	接客がなっとらん。	Their customer service is poor.
派閥	ハバツ	２つの派閥が手をむすんだ。	The two factions joined forces.
水没	スイボツ	町全体が水没した。	The whole town was under water.
限度	ゲンド	物事には限度がある。	There is a limit to everything.
スラム	スラム	メキシコにはたくさんのスラムがある。	There are many slums in Mexico.
将来性	ショウライセイ	この仕事には将来性がない。	There is no future in this job.
立ち見	タチミ	きっと立ち見よ。	There'll be standing room only.
商店街	ショウテンガイ	近くに商店街がありますよ。	There's a shopping area nearby.
モンスター	モンスター	ベッドの下にモンスターがいる。	There's a monster under my bed.
長袖	ナガソデ	これらは長袖です。	These blouses are long sleeved.
打っ掛ける	ブッカケ	彼らは私の顔に水をぶっかけた。	They dashed water into my face.
開催	カイサイ	会議は明日開催されます。	The meeting will take place tomorrow.
一連	イチレン	彼らは一連の音楽会を開催した。	They gave a series of concerts.
掘り当てる	ホリアテル	彼らは石油を掘り当てる思惑だった。	They intended to drill for oil.
思惑	オモワク	彼らは石油を掘り当てる思惑だった。	They intended to drill for oil.
小学生	ショウガクセイ	彼らはそのころ小学生でした。	They were school children then.
譲歩	ジョウホ	いつか譲歩してくれるよ。	They'll give in to us some day.
採掘	サイクツ	彼らは石油の採掘を行うつもりだった。	They intended to drill for oil.
三昧	サンマイ	トムは贅沢三昧だ。	Tom lives in the lap of luxury.
セロテープ	セロテープ	このセロテープ、くっつかないんだけど。	This Scotch tape doesn't stick.
小冊子	ショウサッシ	この小冊子は無料だ。	This booklet is free of charge.
テレビ局	テレビキョク	この都市には大きなテレビ局がある。	This city has a big TV station.
大手	オオテ	この街には大手テレビ局があります。	This city has a big TV station.
辞典	ジテン	この辞典は全１２巻です。	This dictionary has 12 volumes.
巻	マキ	その辞書は全２巻です。	The dictionary comes in two volumes.
上質	ジョウシツ	この生地はあの生地よりも上質です。	This cloth is superior to that.
スポット	スポット	ここは人気の観光スポットです。	This is a popular tourist spot.
通行止め	ツウコウドメ	この道路は通行止めです。	This road is closed to traffic.
製品	セイヒン	この製品は中国製です。	This product was made in China.
中国製	チュウゴクセイ	この製品は中国製です。	This product was made in China.
良質	リョウシツ	このテーブルは良質のオーク材でできている。	This table is made of good oak.
オーク	オーク	このテーブルは良質のオーク材でできている。	This table is made of good oak.
材	ザイ	このテーブルは良質のオーク材でできている。	This table is made of good oak.
家屋	カオク	あの家屋は築５００年です。	Those houses are 500 years old.
築	チク	あの家屋は築５００年です。	Those houses are 500 years old.
杜撰	ズサン	この訳はずさんだな。	This translation is inaccurate.
刻む	キザム	この時計は正確に時を刻みます。	This watch keeps accurate time.
箇所	カショ	３か所の窓が開いていた。	Three of the windows were open.
何千	ナンゼン	何千もの人々がそこにいた。	Thousands of people were there.
砦	トリデ	彼らはとりでを敵軍の手に渡した。	They abandoned the fort to the enemy.
自席	ジセキ	トムは自席でサンドイッチを食べました。	Tom ate a sandwich at his desk.
薩摩芋	サツマイモ	トム、何個かサツマイモ買ってたよ。	Tom bought some sweet potatoes.
出張	シュッチョウ	出張は多いですか。	Do you often take business trips?
潜り込む	モグリコン	トムは毛布の下に潜り込んだ。	Tom crawled under the blankets.
集中力	シュウチュウリョク	トムは集中力がない。	Tom has a short attention span.
高級	コウキュウ	トムとメアリーは高級ホテルに宿泊した。	Tom and Mary stayed at a fancy hotel.
小論文	ショウロンブン	トムがこの小論文を書くの手伝ってくれたの。	Tom helped me write this essay.
エッセー	エッセイ	トムがこのエッセイを書くのを手伝ってくれたんですよ。	Tom helped me write this essay.
扇動	センドウ	トムがすべてを扇動した。	Tom instigated the whole thing.
ジャズシンガー	ジャズシンガー	トムはボストンのジャズシンガーだ。	Tom is a jazz singer in Boston.
自営	ジエイ	トムは自営の配管工だ。	Tom is a self-employed plumber.
分野	ブンヤ	代数は数学の一分野である。	Algebra is a branch of mathematics.
今夕	コンユウ	トムは今夕食を作るのに忙しい。	Tom is busy cooking supper now.
出演	シュツエン	トムはテレビへの出演を頼まれた。	Tom was asked to appear on television.
善意	ゼンイ	トムは善意にあふれている。	Tom is full of good intentions.
真正面	マショウメン	トムは私の真正面に立っている。	Tom is directly in front of me.
超能力	チョウノウリョク	トムは超能力者なんだけど、メアリーは違うよ。	Tom is psychic, but Mary isn't.
医療用	イリョウヨウ	トムは医療用マスクをしている。	Tom is wearing a surgical mask.
両頬	リョウホオ	トムはメアリーの両頬にキスをした。	Tom kissed Mary on both cheeks.
バット	バット	トムはバットを地面に置いた。	Tom laid the bat on the ground.
勝手口	カッテグチ	トムは勝手口から出てったよ。	Tom left through the back door.
ばらす	バラス	トムは思わず秘密をバラしそうになった。	Tom let the cat out of the bag.
稼ぎ	カセギ	メアリーよりトムのほうが稼ぎがいい。	Tom makes more money than Mary.
奇跡的	キセキテキ	トムは奇跡的な回復を遂げた。	Tom made a miraculous recovery.
逆玉	ギャクタマ	トムは逆玉を狙って、メアリーと結婚した。	Tom married Mary for her money.
シャーペン	シャーペン	トムはシャーペンの方が好きなんだ。	Tom prefers mechanical pencils.
運営	ウンエイ	この病院は市が運営しています。	This hospital is run by the city.
バンク	バンク	トムはボストンでフードバンクを運営している。	Tom runs a food bank in Boston.
クリスマスカード	クリスマスカード	クリスマスカードって何枚送った？	How many Christmas cards did you send?
一輪車	イチリンシャ	トムは新しい一輪車を見せてくれた。	Tom showed me his new unicycle.
バン	バン	警察はバンの指紋を採取した。	The police dusted the van for fingerprints.
オンライン講座	オンラインコウザ	トムはフランス語のオンライン講座を受講しました。	Tom took online French courses.
受講	ジュコウ	トムはフランス語のオンライン講座を受講しました。	Tom took online French courses.
公共交通機関	コウキョウコウツウキカン	トムは公共交通機関を利用する。	Tom uses public transportation.
行き先	イキサキ	トムが行き先を知りたがってたよ。	Tom wanted to know where to go.
経済的	ケイザイテキ	彼は経済的に自立した。	He became financially independent.
プレー	プレイ	トムはサッカーのプレイ中にケガをした。	Tom was injured playing soccer.
拷問	ゴウモン	彼は警察で拷問を受けた。	He was subjected to torture by the police.
見窄らしい	ミスボラシイ	トム、みすぼらしい服を着てたわ。	Tom was wearing shabby clothes.
感謝祭	カンシャサイ	感謝祭は楽しかった？	Did you have a good Thanksgiving?
フェス	フェス	トムは音楽フェスに行った。	Tom went to the music festival.
引き取る	ヒキトル	トムは2・3日で息を引き取るだろう。	Tom will be dead in a few days.
音楽祭	オンガクサイ	トムは音楽祭に行った。	Tom went to the music festival.
往生	オウジョウ	トムの車は雪で立ち往生している。	Tom's car is stuck in the snow.
記	キ	トムは体験記を書きました。	Tom wrote about his experience.
ベッドルーム	ベッドルーム	トムの家にはベッドルームが３つあります。	Tom's house has three bedrooms.
書き間違える	カキマチガエ	トム、ここ書き間違えてるよ。	Tom, you wrote this part wrong.
衰える	オトロエル	トムの人気は衰えていた。	Tom's popularity has decreased.
視野	シヤ	旅行は人の視野を広める。	Travel broadens one's horizons.
船頭	センドウ	船頭多くして船、山に登る。	Too many cooks spoil the broth.
連日	レンジツ	連日交通事故が起きる。	Traffic accidents happen daily.
交差点	コウサテン	交差点で事故があった。	There was an accident at the intersection.
バニラ	バニラ	バニラアイスを二つお願いします。	Two vanilla ice creams, please.
ブロック	ブロック	子供たちは、ブロックで遊んでるよ。	The children are playing with blocks.
粒	ツブ	２粒の涙が彼女のほおを流れ落ちた。	Two tears fell down her cheeks.
クオート	クオート	２パイントは１クオートと等しい。	Two pints are equal to a quart.
必要不可欠	ヒツヨウフカケツ	水は生命に必要不可欠です。	Water is indispensable to life.
ビッグ	ビッグ	ハワイのビーチはビッグウェーブで有名だよ。	The beaches in Hawaii are famous for their huge waves.
鵜呑み	ウノミ	ニュースを鵜呑みにするな。	Don't believe everything you hear on the news.
御客	オキャク	そろそろお客が来る時間だ。	The guests should be arriving soon.
冷夏	レイカ	今年は冷夏だった。	We had a cool summer this year.
取り揃える	トリソロエル	当店では様々な本を取りそろえております。	We have a wide choice of books.
練り直す	ネリナオス	プランを練り直す必要がありますね。	We have to think over the plan.
集会	シュウカイ	先月、集会があった。	There was a convention last month.
文明	ブンメイ	文明の進歩がとても速い。	The progress of civilization is very rapid.
時勢	ジセイ	私たちは時勢に遅れないようにしなければならない。	We must keep up with the times.
食事代	ショクジダイ	食事代を割り勘にした。	We shared the cost of the meal.
会場	カイジョウ	私たちは会場の後ろに座った。	We sat at the back of the hall.
多岐	タキ	話は多岐にわたった。	We talked about various topics.
駄弁る	ダベッ	コーヒーを飲みながら駄弁った。	We talked over a cup of coffee.
乗り切る	ノリキル	我々は最悪の事態を乗り切ったと思います。	We think we are over the worst.
赤字	アカジ	昨年は赤字でした。	We went into the red last year.
不景気	フケイキ	不景気なのに依然物価は高い。	In spite of the depression, the prices of commodities are still high.
脱する	ダッスル	患者は今や危機を脱した。	The patient is out of danger now.
本格的	ホンカクテキ	本格的な休暇は３年ぶりだ。	It's three years since I had a real vacation.
吹雪く	フブイ	こっちは、本格的に吹雪いてるよ。	We've got a real blizzard here.
OS	オーエス	ＯＳとブラウザは？	What OS and browser do you use?
CIA	シーアイエー	CIAについて何を知っていますか。	What do you know about the CIA?
相手方	アイテガタ	相手方の要求は何ですか。	What does the other party want?
クリプレ	クリプレ	クリプレ、何がいい？	What do you want for Christmas?
為替相場	カワセソウバ	為替相場は１ドル１４５円だ。	The rate of exchange is 145 yen to the dollar.
シナリオ	シナリオ	最悪のシナリオは何ですか？	What's the worst case scenario?
シャトルバス	シャトルバス	シャトルバスはどこで乗れますか？	Where can I find a shuttle bus?
作者	サクシャ	この小説の作者は誰ですか。	Who's the author of this story?
著者	チョシャ	この本の著者は誰ですか。	Who is the author of this book?
王位	オウイ	誰が王位を継ぐのですか。	Who will succeed to the throne?
窪み	クボミ	どうしてゴルフボールには窪みがあるの？	Why do golf balls have dimples?
凹み	ヘコミ	なぜゴルフボールには凹みがあるの？	Why do golf balls have dimples?
端	ハシ	こっちの端を持っててくれる？	Will you please hold this edge?
グレイビーソース	グレイビーソース	グレイビーソースのおかわりはいかがですか？	Would you like some more gravy?
題	ダイ	「友情」という題で作文を書きなさい。	Write an essay on "Friendship".
アルファベット	アルファベット	英語のアルファベットは２６文字だ。	The English alphabet has 26 letters.
整備士	セイビシ	整備士ではないんですね？	You aren't a mechanic, are you?
店頭	テントウ	店頭では購入できません。	You can't buy these in a store.
閉じ籠もる	トジコモル	一日中閉じこもってるつもり？	You can't stay in here all day.
た	タロ	トイレの水を流すの忘れてたろ。	You forgot to flush the toilet.
畏まる	カシコマラ	そんなにかしこまらなくていいのよ。	You don't have to be so formal.
堅苦しい	カタクルシク	そんなに堅苦しくなる必要はないよ。	You don't have to be so formal.
柔軟	ジュウナン	もっと柔軟になりなよ。	You should be more open-minded.
主治医	シュジイ	主治医から禁煙を勧められたんです。	My doctor advised me to give up smoking.
確約	カクヤク	確約が欲しいんだね。	You want commitment, don't you?
駆け引き	カケヒキ	かけ引きがお上手ですね。	You would make a good diplomat.
部下	ブカ	あなたはトムの部下だったでしょう。	You worked for Tom, didn't you?
露骨	ロコツ	ちょっと露骨すぎでしょ。	You're just a little too frank.
引き立つ	ヒキタツ	青い服を着ると、すごく引き立つね。	You're very attractive in blue.
する	スラ	君はここの学生ですらないじゃないか。	You're not even a student here.
添える	ソエル	贈り物にはカードが添えられてあった。	A card was attached to the gift.
猛	モウ	車が猛スピードで通り過ぎていった。	A car went by at terrific speed.
人影	ヒトカゲ	暗闇の中に人影が見えた。	A form appeared in the darkness.
転石	テンセキ	転石苔むさず。	A rolling stone gathers no moss.
苔むす	コケムサ	転石苔むさず。	A rolling stone gathers no moss.
溺れ死ぬ	オボレシン	大勢の人がおぼれ死んだ。	A number of people were drowned.
儲け	モウケ	１ペニーの節約は１ペニーの儲け。	A penny saved is a penny earned.
ペニー	ペニー	１ペニーの節約は１ペニーの儲け。	A penny saved is a penny earned.
肖像画	ショウゾウガ	壁には肖像画が飾ってあった。	A portrait was hung on the wall.
小川	オガワ	小川と川の違いは何でしょう？	What's the difference between a stream and a river?
墜落	ツイラク	飛行機が山に墜落した。	A plane crashed into a mountain.
雪崩	ナダレ	雪崩で道路がふさがった。	A snowslide obstructed the road.
苔	コケ	転石苔を生ぜず。	A rolling stone gathers no moss.
雄弁	ユウベン	雄弁は銀、沈黙は金。	Speech is silver, silence is gold.
行い	オコナイ	行いは言葉よりも雄弁である。	Actions speak louder than words.
実践	ジッセン	口先よりも実践が大事なんだよ。	Actions speak louder than words.
語る	カタル	行動は言葉よりも雄弁に語る。	Actions speak louder than words.
タンカー	タンカー	タンカーは石油を運ぶ船である。	A tanker is a ship carrying oil.
移民	イミン	アメリカは移民の国である。	America is a land of immigrants.
たどたどしい	タドタドシイ	老人がたどたどしい足取りで歩いてきた。	An old man came tottering along.
焼死	ショウシ	高齢の女性が焼死した。	An old woman was burnt to death.
焼け死ぬ	ヤケシン	老婆が焼け死んだ。	An old woman was burnt to death.
アンカラ	アンカラ	アンカラはトルコの首都です。	Ankara is the capital of Turkey.
冷暖房	レイダンボウ	あのバスって、冷暖房完備ですか？	Are those buses air-conditioned?
完備	カンビ	あのバスって、冷暖房完備ですか？	Are those buses air-conditioned?
割り引き	ワリビキ	夜間の割引はありますか。	Are there special evening rates?
天文	テンモン	天文に興味ある？	Are you interested in astronomy?
火加減	ヒカゲン	どのくらいの火加減で調理すればよいでしょうか？	At what heat should I cook this?
ベートーベン	ベートーヴェン	ベートーヴェンの父親は、声楽家でした。	Beethoven's father was a singer.
声楽家	セイガクカ	ベートーヴェンの父親は、声楽家でした。	Beethoven's father was a singer.
ベルギー	ベルギー	ベルギーはフランスほど大きくない。	Belgium is not as big as France.
北京	ペキン	北京は中国の首都だ。	Beijing is the capital of China.
国家	コッカ	両国家は戦争を始めた。	Both nations entered into a war.
両国	リョウコク	両国は条約を取り決めた。	The two countries negotiated a treaty.
寿命	ジュミョウ	蝶の寿命は三日です。	Butterflies live for three days.
温泉	オンセン	僕は偶然温泉を見つけた。	By chance, I found a hot spring.
匿う	カクマッ	僕を警察からかくまってくれる？	Can you hide me from the police?
再発行	サイハッコウ	すぐに再発行していただけますか。	Can you reissue them right away?
宛て先	アテサキ	この宛先に送ってもらえますか？	Can you send it to this address?
再開	サイカイ	もうすぐ授業が再開する。	Classes are starting again soon.
主要	シュヨウ	コーヒーはブラジルの主要産物である。	Coffee is Brazil's main product.
放り込む	ホウリコン	洗濯機に放り込んどけ。	Chuck it in the washing machine.
自体	ジタイ	競争それ自体は悪くない。	Competition isn't bad in itself.
バッター	バッター	今のところ、彼がうちのチームで一番いいバッターだ。	Currently, he's our best batter.
防寒着	ボウカンギ	防寒着は持ってこられましたか？	Did you bring some warm clothes?
先週末	センシュウマツ	先週末、魚釣りに行ったの？	Did you go fishing last weekend?
屈する	クッスル	その要求に屈するな。	Do not give in to those demands.
国際語	コクサイゴ	国際語は必要ですか？	Do we need a universal language?
品質	ヒンシツ	これらの製品は同じ品質です。	These products are of the same quality.
打ち方	ウチカタ	麻雀の打ち方って、わかる？	Do you know how to play mahjong?
PKO	ピーケーオー	PKOが何の略語だか知ってる？	Do you know what PKO stands for?
略語	リャクゴ	PKOが何の略語だか知ってる？	Do you know what PKO stands for?
PDF	ピーディーエフ	PDFって何の略か知ってる？	Do you know what PDF stands for?
不養生	フヨウジョウ	医者の不養生。	Doctors make the worst patients.
くちゃくちゃ	クチャクチャ	くちゃくちゃして食べないで。	Don't chew with your mouth open.
突き立つ	ツッタッ	突っ立ってないで何か言えよ。	Don't just stand there, say something.
時鳥	ホトトギス	あの声で蜥蜴食らうか時鳥。	Don't judge a book by its cover.
遣り掛け	ヤリカケ	作業をやりかけのままにしとかないでよ。	Don't leave your work half-done.
学内	ガクナイ	学内での飲酒は禁止されています。	Drinking is forbidden on campus.
飲酒	インシュ	飲酒も喫煙も健康に悪いのです。	Both drinking and smoking are bad for your health.
含める	フクメル	トムを含め、みんなが笑った。	Everyone laughed, including Tom.
オイル	オイル	すみません、オイルをチェックしてください。	Excuse me, please check the oil.
枯れ木	カレキ	枯れ木も山のにぎわい。	Half a loaf is better than none.
賑わい	ニギワイ	枯れ木も山のにぎわい。	Half a loaf is better than none.
増進	ゾウシン	新鮮な野菜は健康を増進する。	Fresh vegetables promote health.
白黒	シロクロ	白黒つけろ。	Get it settled once and for all.
洗い立て	アライタテ	洗いたてのタオルは気持ちがいいね。	Freshly washed towels feel good.
済ませる	スマセル	もう宿題をすませたの？	Have you done all your homework?
賄賂	ワイロ	彼は賄賂を受け取っていたと認めた。	He admitted he had taken bribes.
中華	チュウカ	中華は好きか聞かれたよ。	He asked if I liked Chinese food.
おさめる	オサメ	彼は仕事で成功をおさめられなかった。	He couldn't make it in business.
シドニー	シドニー	今日、シドニーから帰って来るのよ。	He comes back from Sydney today.
扮装	フンソウ	彼は女性に扮装した。	He disguised himself as a woman.
奈落	ナラク	彼は奈落の底に落ちた。	He fell into the bottomless pit.
オール	オール	あいつの通知表、オールAなんだよ。	He has a straight-A report card.
地所	ジショ	彼は田舎に地所を持っている。	He has an estate in the country.
うだつが上がらない	ウダツガアガラナイ	うだつが上がらない。	He has no hope of getting ahead.
株	カブ	彼は株に投資した。	He invested his money in stocks.
投資	トウシ	彼は株に投資した。	He invested his money in stocks.
廃屋	ハイオク	彼は廃屋に隠れた。	He hid in an abandoned building.
会費	カイヒ	参加会費は不要です。	There's no membership fee for joining.
委員	イイン	彼は委員会の委員だ。	He is a member of the committee.
指導者	シドウシャ	彼は明らかに有能な指導者だ。	He is admittedly an able leader.
甥	オイ	息子ではなく、甥です。	He is not my son, but my nephew.
醜男	ブオトコ	彼はハンサムではなく、かといって醜男というわけでもない。	He is neither handsome nor ugly.
別居	ベッキョ	彼は妻と別居している。	He is living apart from his wife.
住み心地	スミゴコチ	彼は住み心地がよい小さな家に住んでいます。	He lives in a cozy little house.
身振り	ミブリ	彼はもう我慢がならないという身振りをした。	He made a gesture of impatience.
ネーティブ	ネイティブ	彼はネイティブのように英語を話す。	He speaks English like a native.
折り紙	オリガミ	彼女は折り紙で折鶴を折った。	She folded colored paper into a paper crane.
一塁	イチルイ	彼は一塁へ投げた。	He threw the ball to first base.
食前	ショクゼン	彼は朝食前に散歩した。	He took a walk before breakfast.
種々	シュジュ	彼は種々の方法を試みた。	He tried many different methods.
詰め腹	ツメバラ	彼もとうとう詰め腹を切らされたってわけだね。	He was finally forced to resign.
予告	ヨコク	彼は予告もなしに解雇された。	He was dismissed without notice.
泊まり	トマリ	彼はいとこのところへ泊まりに行きました。	He went to stay with his cousin.
外国旅行	ガイコクリョコウ	彼は来年外国旅行をする。	He will travel abroad next year.
歴	レッキ	サッカー歴何年？	How long have you played soccer?
就学	シュウガク	彼は就学できる年齢だ。	He's old enough to go to school.
ヘレン・ケラー	ヘレン・ケラー	ヘレン・ケラーは目と耳と口が不自由だった。	Helen Keller was blind, deaf and dumb.
ウッスラ	ウッスラ	彼女の頬はウッスラ赤くなっていた。	Her cheeks were faintly flushed.
柵	サク	彼の馬は柵を飛び越えた。	His horse jumped over the fence.
長続き	ナガツヅキ	ハリウッドスターの結婚は、大抵長続きしない。	Hollywood marriages rarely last.
ハリウッド	ハリウッド	一番好きなハリウッドの俳優は誰？	Who's your favorite Hollywood actor?
うつ	ウツ	どうやって実行にうつそう。	How can we put it into practice?
入手	ニュウシュ	この商品は相当入手が困難ですよ。	These items are rather hard to obtain.
操作	ソウサ	この機械は操作しにくいよ。	This machine is hard to operate.
男子	ダンシ	男子トイレは2階です。	The men's room is on the second floor.
ハンバーグ	ハンバーグ	ハンバーグは何個買った？	How many hamburgers did you buy?
宿泊先	シュクハクサキ	宿泊先はどうでしたか？	How was the hotel you stayed at?
寝起き	ネオキ	いつも寝起きはいいです。	I always wake up in a good mood.
惜しむ	オシム	鞭を惜しむと子供は駄目になる。	Spare the rod and spoil the child.
骨身	ホネミ	骨身を惜しまず働くのには慣れている。	I am accustomed to working hard.
プリーツ	プリーツ	白いプリーツのスカートを買ったんだ。	I bought a white, pleated skirt.
盲腸	モウチョウ	盲腸のようですね。	I believe you have appendicitis.
推薦	スイセン	このレストランは推薦できます。	I can recommend this restaurant.
あぐねる	アグネ	私はどの車を買うか決めあぐねています。	I can't decide which car to buy.
一遍	イッペン	一遍に二つのことはできないよ。	I can't do two things at a time.
反する	ハンスル	それは私の主義に反する。	That runs against my principles.
考え付く	カンガエツカ	他のプランなんて、考えつかないよ。	I can't think of any other plan.
相性	アイショウ	ワインとチーズは相性抜群だ。	Wine and cheese go together well.
買い方	カイカタ	切符の買い方がわかりません。	I don't know how to buy a ticket.
皆目	カイモク	皆目見当がつきません。	I don't have the slightest idea.
早寝	ハヤネ	早寝は嫌いなんだ。	I don't like going to bed early.
落ち	オチ	今日は、 ソファーで寝落ちしてしまった。	I fell asleep on the sofa today.
輩	バラ	私は急にわきばらに痛みを感じた。	I felt a sudden pain in my side.
わく	ワキ	私は急にわきばらに痛みを感じた。	I felt a sudden pain in my side.
眠り込む	ネムリコン	座るや否や、眠り込んでしまった。	As soon as I sat down, I fell asleep.
筆箱	フデバコ	家に筆箱忘れちゃった。	I forgot my pencil case at home.
コラム	コラム	このコラムは面白かった。	I found this column interesting.
床屋	トコヤ	私は床屋で散髪した。	I had my hair cut at the barber's.
かさかさ	カサカサ	毎年冬になると唇がカサカサに乾燥してしまいます。	I get chapped lips every winter.
散髪屋	サンパツヤ	月に一回、散髪屋に行きます。	I go to the barber once a month.
市営	シエイ	毎日市営プールに行きます。	I go to the city pool every day.
温室	オンシツ	私は温室でランを栽培している。	I grow orchids in my greenhouse.
ラン	ラン	私は温室でランを栽培している。	I grow orchids in my greenhouse.
抜歯	バッシ	1週間前に抜歯しました。	I had a tooth pulled a week ago.
二者	ニシャ	私は二者択一を迫られた。	I had to choose between the two.
択一	タクイツ	私は二者択一を迫られた。	I had to choose between the two.
パナップル	パナップル	バナナとパナップルを持ってます。	I have a banana and a pineapple.
冷凍室	レイトウシツ	冷凍室にアイスがあるよ。	I have ice cream in the freezer.
時たま	トキタマ	ときたま彼から便りがあります。	I hear from him once in a while.
埋まる	ウマル	公園のベンチは全部埋まっていた。	The park benches were all occupied.
実施	ジッシ	私はこの計画を実施するつもりです。	I intend to carry out this plan.
バイト	バイト	今からバイトです。	I'm going to my part-time job now.
見合う	ミアワ	僕があなたに見合わないのは分かっています。	I know that I don't deserve you.
そる	ソル	ひげをそる前に石けんをつける。	I lather my face before shaving.
ちょこっと	チョコット	料理をちょこっと残してしまった。	I left part of the meal uneaten.
澄ます	スマス	目を閉じて、そっと耳を澄ましてごらん。	Close your eyes, and listen carefully.
音色	ネイロ	風鈴の音色が大好きです。	I love the sound of wind chimes.
風鈴	フウリン	風鈴の音色が大好きです。	I love the sound of wind chimes.
餓死	ガシ	かわいそうにその猫は餓死寸前だった。	The poor cat was on the verge of starvation.
ナイター	ナイター	私はよくテレビでナイターを見る。	I often watch night games on TV.
押し返す	オシカエシ	トムを部屋の中に押し返した。	I pushed Tom back into his room.
押し戻す	オシモドシ	部屋の中にトムを押し戻した。	I pushed Tom back into his room.
お持ち帰り	オモチカエリ	お持ち帰りで注文すると思う。	I think I'll order some takeout.
玄関先	ゲンカンサキ	トムは玄関先に立っていた。	Tom was standing on the doorstep.
ぷう太郎	プウタロウ	トムはまだプータローしてるんだと思うよ。	I think Tom is still unemployed.
不気味	ブキミ	とても不気味だと思った。	I thought that was really weird.
しゅわしゅわ	シュワシュワ	ああ、なんかシュワシュワしたものが飲みたい。	I want to drink something fizzy.
当て込む	アテコン	私は彼が私を助けてくれるものだと当てこんでいた。	I was banking on him to help me.
言い渡す	イイワタス	いきなり解雇を言い渡された。	I was discharged without notice.
解き方	トキカタ	問題の解き方を教えて。	Tell me how to solve the problem.
ポピュラー音楽	ポピュラーオンガク	私はポピュラー音楽を聞きたい。	I'd like to listen to pop music.
リコンファーム	リコンファーム	フライトのリコンファームをお願いします。	I'd like to reconfirm my flight.
考慮	コウリョ	解決法を目下考慮中です。	I'm considering how to settle the matter.
掠れる	カスレ	大声で叫び過ぎて、声がかすれてるんだ。	I'm hoarse from yelling so much.
パー	パー	俺は１００パー間違ってない。	I'm not a hundred percent wrong.
ためる	タメル	老後のためにかねをためる。	I'm saving money for my old age.
かね	カネ	老後のためにかねをためる。	I'm saving money for my old age.
満室	マンシツ	シングルは満室だった。	The single rooms were fully booked.
不便	フベン	電話がないのは不便だ。	Not having a telephone is an inconvenience.
高ぶる	タカブッ	気持ちが高ぶっちゃって、何も喉を通らないよ。	I'm too excited to eat anything.
ちゃら	チャラ	謝ったんだから、さっきのはチャラにしてよ。	I've apologized, so lay off, OK?
フローズン	フローズン	フローズン・ヨーグルトが食べたくてしょうがないんだよ。	I've been craving frozen yogurt.
ブラインドデート	ブラインドデート	ブラインドデートなんてしたことないよ。	I've never been on a blind date.
追試	ツイシ	追試を受けなきゃならないんだ。	I've got to take a make-up test.
昼食代	チュウショクダイ	この料金に昼食代は入っていますか。	Is lunch included in this price?
館内	カンナイ	館内に案内所がありますか。	Is there an information counter?
めっきり	メッキリ	めっきり寒くなった。	It has become noticeably colder.
死活	シカツ	それは死活問題だ。	It is a matter of life or death.
三角形	サンカッケイ	「三角形」を定義するのは難しいです。	It is hard to define "triangle."
生死	セイシ	彼は生死の境をさ迷った。	He hovered between life and death.
延々	エンエン	三日間えんえんと雨が降っていた。	It rained for three days on end.
本降り	ホンブリ	まもなく雨が本降りになってきた。	It soon began to rain very hard.
遣り遂げる	ヤリトゲル	一日かかってもやり遂げる。	We'll finish it if it takes us all day.
山国	ヤマグニ	山国です。	It's a very mountainous country.
せびる	セビロウ	僕に金をせびろうとしても無駄だ。	It's no use asking me for money.
何物	ナニモノ	それは奇跡以外の何物でもない。	It's nothing short of a miracle.
マーガリン	マーガリン	マーガリンをバターと間違えたの？	Did you mistake the margarine for butter?
無休	ムキュウ	年中無休です。	It's open every day of the year.
日課	ニッカ	朝の日課です。	It's part of my morning routine.
今頃	イマゴロ	今頃にしては暖かい。	It's warm for this time of year.
先細り	サキボソリ	日本の人口は先細りしています。	Japan's population is shrinking.
知名度	チメイド	知名度はあるが人気ない。	It's well known but not popular.
あける	アケル	行と行の間をあけること。	Leave a space between the lines.
ぐるぐる	グルグル	葉が空中でぐるぐる回っていた。	Leaves were whirling in the air.
空中	クウチュウ	葉が空中でぐるぐる回っていた。	Leaves were whirling in the air.
行間	ギョウカン	行間読みなよ。	You have to read between the lines.
堅苦しい	カタクルシイ	堅苦しいことはぬきにしましょう。	Let's dispense with formalities.
進む	ススム	光は音よりも速く進む。	Light travels faster than sound.
爆撃	バクゲキ	ロンドンは数回爆撃を受けた。	London was bombed several times.
見送り	ミオクリ	私は空港へ母を見送りに行った。	I went to the airport to see my mother off.
姪っ子	メイッコ	メアリーとアリスはトムの姪っ子だ。	Mary and Alice are Tom's nieces.
末娘	スエムスメ	メアリーはトムの末娘だよ。	Mary is Tom's youngest daughter.
パートタイム	パートタイム	メアリーはパートタイムの看護師として働いているんだ。	Mary works part-time as a nurse.
ちん	チン	これ何分チンしたらいい？	How long should I microwave this?
償う	ツグナウ	金で命は償えない。	Money can't compensate for life.
共通	キョウツウ	音楽は世界の共通言語だ。	Music is the universal language.
デスクトップ	デスクトップ	デスクトップがグチャグチャになってきた。	My desktop has gotten cluttered.
作り	ツクリ	その家は赤レンガづくりです。	The house is built of red bricks.
ポストカード	ポストカード	このポストカードは全部僕のだよ。	All of these picture postcards are mine.
薬剤師	ヤクザイシ	祖父は、薬剤師をしてました。	My grandfather was a pharmacist.
パッチ	パッチ	母さんは私のパンツにパッチをしなくちゃいけなかった。	My mother had to patch my pants.
1920	イチキュウニレイ	私の祖父は１９２０年に生まれました。	My grandfather was born in 1920.
名古屋城	ナゴヤジョウ	名古屋といえば名古屋城である。	Nagoya is famous for its castle.
正月	ショウガツ	お正月は何するの？	What are you doing for New Year's?
予算案	ヨサンアン	予算案は上院を通過した。	The budget passed the Upper House.
家計	カケイ	我が家の家計は赤字だ。	Our family budget is in the red.
オタワ	オタワ	オタワはカナダの首都です。	Ottawa is the capital of Canada.
廃校	ハイコウ	うちの学校、来年には廃校になっちゃうんだ。	Our school is closing next year.
憩い	イコイ	公園は憩いの場です。	Parks are places for relaxation.
燃焼	ネンショウ	燃焼には酸素が必要です。	Oxygen is needed for combustion.
留める	トメル	彼女のことは誰も気に留めていなかった。	Nobody was paying attention to her.
消防署	ショウボウショ	消防署に連絡してください。	Please call the fire department.
展示	テンジ	展示品に手を触れないでください。	Please don't touch the exhibits.
入室	ニュウシツ	入室前はノックをしてください。	Please knock before you come in.
拇印	ボイン	ここに拇印を押してください。	Please put your thumbprint here.
明瞭	メイリョウ	ゆっくりと明瞭に話してください。	Please speak slowly and clearly.
梅の花	ウメノハナ	梅の花は3月に咲く。	Plum blossoms come out in March.
ファウルボール	ファウルボール	ファウルボールにご注意ください。	Please watch out for foul balls.
川向こう	カワムコウ	私を川向うへ連れて行ってください。	Please take me across the river.
切り離す	キリハナス	金と権力は、切り離せない。	Power and money are inseparable.
合法化	ゴウホウカ	この国では同性婚が合法化されている。	Same-sex marriage is legal here.
婚	コン	この州では同性婚は合法だ。	Same-sex marriage is legal here.
同性	ドウセイ	この州では同性婚は合法だ。	Same-sex marriage is legal here.
合法	ゴウホウ	この州では同性婚は合法だ。	Same-sex marriage is legal here.
州	シュウ	この州では同性婚は合法だ。	Same-sex marriage is legal here.
取り計らう	トリハカライ	パーティーで彼女に会えるように取り計らいます。	I will see to it that you meet her at the party.
きょろきょろ	キョロキョロ	彼女はただキョロキョロしていた。	She did nothing but look around.
言い切る	イイキル	彼女は、自分は正しいと言い切った。	She declared that she was right.
食らわせる	クラワセ	彼女は彼の顔に平手打ちを食らわせた。	She gave him a slap in the face.
風格	フウカク	彼女には貴婦人の風格がある。	She has the air of being a lady.
貴婦人	キフジン	彼女には貴婦人の風格がある。	She has the air of being a lady.
後生	コウセイ	彼女はそれを後生大事にとっておいた。	She held on to it for dear life.
精通	セイツウ	彼は仕事に精通していた。	He acquainted himself with his job.
英会話	エイカイワ	彼女は英会話が得意だ。	She is good at speaking English.
文学	ブンガク	彼はイギリス文学に詳しい。	He is well read in English literature.
単調	タンチョウ	彼女は生活が単調だという。	She says her life is monotonous.
帰還	キカン	彼女は息子の帰還を祈った。	She prayed for her son's return.
敷く	シク	床にカーペットを敷いた。	They laid the carpet on the floor.
両膝	リョウヒザ	彼女は両膝に肘をのせた。	She put her elbows on her knees.
逐語	チクゴ	彼女はそれを逐語訳した。	She translated it word for word.
催す	モヨオス	彼女は来週パーティーを催す。	She will give a party next week.
もくもく	モクモク	煙突から煙がもくもくと出ていた。	Smoke poured out of the chimney.
所有物	ショユウブツ	奴隷は所有物として考えられていた。	Slaves were considered property.
禁煙席	キンエンセキ	禁煙席はありますか。	Do you have a non-smoking section?
五感	ゴカン	嗅覚は五感の一つです。	Smell is one of the five senses.
急用	キュウヨウ	大切な急用が入りまして。	Something important has come up.
訪れ	オトズレ	北欧では冬の訪れが早い。	Winter comes earlier in North Europe.
煌めく	キラメイ	空には星がきらめいていた。	Stars were twinkling in the sky.
ざら	ザラ	そんな事件はざらにある。	Such incidents are quite common.
連携	レンケイ	サッカーは連携が大切だ。	Teamwork is important in soccer.
早速	サッソク	早速のご返信ありがとうございます。	Thank you for your prompt reply.
道理	ドウリ	それを信じる道理はない。	There's no reason to believe it.
如何に	イカニ	あのスーツはいかにも高そうだ。	That suit has an expensive look.
観覧車	カンランシャ	観覧車が一番好きです。	The Ferris wheel is my favorite.
胸部	キョウブ	弾丸は彼の胸部を貫通した。	The bullet penetrated his chest.
集る	タカル	ケーキにはアリがたかっていた。	The cake was crawling with ants.
ラバト	ラバト	モロッコの首都はラバトです。	The capital of Morocco is Rabat.
モロッコ	モロッコ	モロッコの首都はラバトです。	The capital of Morocco is Rabat.
ワルシャワ	ワルシャワ	ポーランドの首都はワルシャワです。	The capital of Poland is Warsaw.
甚大	ジンダイ	その会社は甚大な被害を被った。	The company suffered big losses.
柱	ハシラ	彼は柱に頭をぶつけた。	He bumped his head against a post.
論争	ロンソウ	論争にやっとけりが付いた。	The dispute was finally settled.
けり	ケリ	論争にやっとけりが付いた。	The dispute was finally settled.
朝起き	アサオキ	朝起きは三文の徳。	The early bird catches the worm.
徳	トク	朝起きは三文の徳。	The early bird catches the worm.
内側	ウチガワ	門のすぐ内側に犬がいた。	I found a dog just inside the gate.
鎖	クサリ	犬は柱に鎖でつながれていた。	The dog was chained to the post.
片道	カタミチ	運賃は片道1ドルです。	The fare is one dollar each way.
末	スエ	結婚式は十月末に行われる。	The wedding will take place at the end of October.
埃塗れ	ホコリマミレ	床は埃まみれだった。	The floor was covered with dust.
取々	トリドリ	花は色とりどりです。	The flowers come in many colors.
キャパ	キャパ	ホールはキャパ一杯だった。	The hall was filled to capacity.
提出期限	テイシュツキゲン	宿題の提出期限は来週の月曜日です。	The homework is due next Monday.
定評	テイヒョウ	そのホテルは食事に定評がある。	The hotel is noted for its food.
子羊	コヒツジ	子羊は狼に殺された。	The lamb was killed by the wolf.
図書室	トショシツ	図書室は４階にあります。	The library is on the 4th floor.
施し	ホドコシ	その老人は私にお金の施しを求めた。	The old man begged me for money.
広場	ヒロバ	その広場は人で埋め尽くされている。	The plaza is packed with people.
終わり掛ける	オワリカケ	演奏は終わりかけていた。	The performance was almost over.
王妃	オウヒ	王妃は王のかたわらに立っていた。	The queen stood beside the king.
傍ら	カタワラ	王妃は王のかたわらに立っていた。	The queen stood beside the king.
容疑者	ヨウギシャ	警察は容疑者を逮捕した。	The police arrested the suspect.
4000	ヨンレイレイレイ	飛行機は四千フィートまで上昇した。	The plane climbed to 4,000 feet.
半年	ハントシ	部屋代は半年分支払い済みだ。	The rent is paid for six months.
綱	ツナ	綱は張りすぎて切れた。	The rope broke under the strain.
授与	ジュヨ	学校はメアリーに賞を授与した。	The school awarded Mary a prize.
蒸気	ジョウキ	蒸気でメガネが曇ってしまった。	The steam has fogged my glasses.
湯気	ユゲ	湯気で眼鏡が曇っちゃった。	The steam has fogged my glasses.
値上げ	ネアゲ	その店は全品値上げした。	The store raised all the prices.
全品	ゼンピン	その店は全品値上げした。	The store raised all the prices.
視界	シカイ	列車が視界から消えた。	The train disappeared from view.
トンネル	トンネル	汽車はトンネルを通り抜けた。	The train went through a tunnel.
合併	ガッペイ	２社は合併を計画している。	The two companies plan to unite.
社	シャ	２社は合併を計画している。	The two companies plan to unite.
すくう	スクワ	波に足をすくわれた。	The wave knocked me off my feet.
認識	ニンシキ	世界は彼を認識していなかった。	The world did not recognize him.
人家	ジンカ	この辺りには人家がない。	There are no houses around here.
大火事	ダイカジ	昨夜大火事があった。	There was a big fire last night.
片	ヘン	ニンニクを２片入れます。	I'll put in two cloves of garlic.
露	ロ	今朝は露が降りた。	There was some dew this morning.
出席者	シュッセキシャ	出席者は４０人だった。	There were forty people present.
お品	オシナ	こちらのお品は非売品です。	These articles are not for sale.
梅干し	ウメボシ	この梅干し、塩辛いね。	These umeboshi are really salty.
歓呼	カンコ	彼らは歓呼して彼を指導者に迎えた。	They acclaimed him their leader.
新型	シンガタ	彼らは新型車をテレビで宣伝した。	They advertised a new car on TV.
休戦	キュウセン	彼らは休戦条件で合意した。	They agreed on cease-fire terms.
破棄	ハキ	彼らは婚約を破棄した。	They broke off their engagement.
賃上げ	チンアゲ	彼らは賃上げを求めた。	They demanded a salary increase.
建築	ケンチク	彼らは家の建築にとりかかった。	They set about building a house.
モスク	モスク	彼らはお祈りをしにモスクに行ったよ。	They went to the mosque to pray.
土	ツチ	種の上に少し土をかぶせなさい。	Cover the seeds with a bit of soil.
現代的	ゲンダイテキ	この建物は現代的に見える。	This building looks very modern.
作動	サドウ	この自販機、作動しないんですけど。	This vending machine isn't working.
中心	チュウシン	教会は村の中心部にある。	The church is in the middle of the village.
天下	テンカ	これは天下一品だ。	This is the best thing on earth.
粗悪	ソアク	ここは町で一番粗悪なホテルだ。	This is the worst hotel in town.
フォスター	フォスター	この歌はフォスターが作ったものだ。	This song was written by Foster.
1970	イチキュウナナレイ	この歌は１９７０年代に流行した。	This song was popular in the 1970s.
拡張	カクチョウ	この道路は昨年拡張された。	This road was widened last year.
クウェート	クウェート	このタンカーはクウェート行きです。	This tanker is bound for Kuwait.
重量	ジュウリョウ	これは重量オーバーです。	This weighs more than the limit.
発生率	ハッセイリツ	この町における犯罪の発生率は高い。	This town has a high crime rate.
り	ル	この町における犯罪の発生率は高い。	This town has a high crime rate.
当分	トウブン	当分これで間に合うだろう。	This will do for the time being.
つるつる	ツルツル	このテーブルは表面がツルツルなんだ。	This table has a smooth surface.
記念	キネン	記念すべき一日となりました。	This was a memorable day for me.
ほん	ホン	ほんと言うと、トムが怖いの。	To be honest, I'm afraid of Tom.
粗捜し	アラサガシ	他人のあら捜しをしようとするな。	Don't try to find fault with others.
年がら	ネンガラ	トムは年がら年中同じ服を着ている。	Tom always wears the same thing.
破局	ハキョク	トムとメアリーは先週に破局した。	Tom and Mary broke up last week.
平屋	ヒラヤ	トムとメアリーは平屋に住んでいます。	Tom and Mary live in a bungalow.
インスタント	インスタント	夜食にインスタントラーメンを食べた。	I had instant noodles as a midnight snack.
ボード	ボード	先生は、ボードに図を描きました。	The teacher drew diagrams on the board.
ケーブルタイ	ケーブルタイ	トムがケーブルタイをワンパック買ったよ。	Tom bought a pack of cable ties.
ワンパック	ワンパック	トムがケーブルタイをワンパック買ったよ。	Tom bought a pack of cable ties.
片手	カタテ	卵を片手で割れる？	Can you break an egg with one hand?
伏せ	フセ	毎朝腕立て伏せを２０回やります。	He does twenty push-ups every morning.
交霊	コウレイ	トムってさ、交霊ができるんだよ。	Tom can communicate with ghosts.
交信	コウシン	トムって、幽霊と交信できるんだ。	Tom can communicate with ghosts.
実習	ジッシュウ	私は実習をします。	I'm going to do an apprenticeship.
出所	シュッショ	トムは出所したよ。	Tom has been released from jail.
仏仏	ブツブツ	トムは仏仏辞典を2冊持っている。	Tom has two French dictionaries.
突き付ける	ツキツケ	トムはメアリーの頭に銃を突きつけた。	Tom held the gun to Mary's head.
指揮者	シキシャ	指揮者がステージに現れた。	The conductor appeared on the stage.
コピペ	コピペ	トムって、コピペが上手いのよ。	Tom is good at copy-and-pasting.
フィギュアスケート	フィギュアスケート	トムはフィギュアスケートを習っている。	Tom is learning to figure skate.
フレンチトースト	フレンチトースト	トムはフレンチトーストを作ってるよ。	Tom is making some french toast.
ペースト	ペースト	トムはコピー&ペーストが得意です。	Tom is good at copy-and-pasting.
束縛	ソクバク	トムはメアリーを束縛してるんだ。	Tom keeps Mary on a short leash.
新し物	アタラシモノ	トムは新し物好きだ。	Tom likes trying out new things.
ヘッセ	ヘッセ	トムはヘルマン・ヘッセを愛読している。	Tom likes reading Hermann Hesse.
ヘルマン	ヘルマン	トムはヘルマン・ヘッセを愛読している。	Tom likes reading Hermann Hesse.
住宅街	ジュウタクガイ	トムは住宅街で暮らしていた。	Tom lived in a residential area.
重量挙げ	ジュウリョウアゲ	トムは重量挙げの選手みたいだったよ。	Tom looked like a weight lifter.
他界	タカイ	祖父は５年前に他界した。	My grandfather died five years ago.
スキル	スキル	人の顔と名前を覚えるスキルが欲しい。	I wish I could remember people's names and faces.
食中り	ショクアタリ	恐らく、トムは食中りだね。	Tom probably has food poisoning.
墓	ハカ	トムはメアリーの墓に花を供えた。	Tom put flowers on Mary's grave.
供える	ソナエル	トムはメアリーの墓に花を供えた。	Tom put flowers on Mary's grave.
ぐっ	グッ	トムは悲鳴をぐっと堪えた。	Tom resisted the urge to scream.
水上	スイジョウ	トムは水上スキーをしたことがないと言った。	Tom said he'd never water skied.
結び付ける	ムスビツケ	トムはたこに糸を結び付けた。	Tom tied the string to the kite.
グリル	グリル	トムはグリルから肉を取り出した。	Tom took the meat off the grill.
寝かし付ける	ネカシツケヨウ	トムはメアリーを寝かしつけようと、歌を歌ってみた。	Tom tried to sing Mary to sleep.
貫く	ツラヌク	トムは生涯独身を貫いた。	Tom was a bachelor all his life.
生み出す	ウミダス	科学が原子爆弾を生み出した。	Science produced the atomic bomb.
職場環境	ショクバカンキョウ	職場環境は良かったです。	Our working environment was good.
創出	ソウシュツ	観光事業が多数の新規雇用を創出した。	Tourism generated many new jobs.
新規雇用	シンキコヨウ	観光事業が多数の新規雇用を創出した。	Tourism generated many new jobs.
収益	シュウエキ	旅行会社の収益が急増した。	Travel agencies' profits soared.
急増	キュウゾウ	旅行会社の収益が急増した。	Travel agencies' profits soared.
見惚れる	ミトレ	私達は美しい日没に見とれた。	We admired the beautiful sunset.
景観	ケイカン	私たちは富士山の景観に感嘆した。	We admired the view of Mt. Fuji.
日毎	ヒゴト	私たちは日毎に年をとっていく。	We are getting older day by day.
予測	ヨソク	何が起こるか予測できない。	We can't predict what'll happen.
ぽたぽた	ポタポタ	水道の蛇口から水がポタポタ落ちてたよ。	Water was dripping from the tap.
防ぐ	フセグ	堤防が洪水を防いだ。	The levee kept the floodwater back.
ハーフ	ハーフ	私達はその船をハーフムーンと名付けた。	We named the boat the Half Moon.
ムーン	ムーン	私達はその船をハーフムーンと名付けた。	We named the boat the Half Moon.
日暮れる	ヒグレ	日暮れ前にキャンプに戻った。	We returned to camp before dark.
コンクール	コンクール	まもなく音楽コンクールがあります。	We'll have a music contest soon.
買い込む	カイコン	私たちは何でも買い込んでいます。	We're stocking up on everything.
問題点	モンダイテン	問題点からそれないようにしましょう。	We've got to stick to the point.
軟派	ナンパ	ナンパとかする時、どう言うのがいいですか？	What are some good pickup lines?
体型	タイケイ	体型を維持するためにしていることは何ですか？	What do you do to stay in shape?
維持	イジ	トムは現状維持を望んでいる。	Tom wants to keep things the way they are.
居住	キョジュウ	「居住外国人」とは、どういう意味ですか。	What does "resident alien" mean?
卒業後	ソツギョウゴ	卒業後はどうするつもりなの？	What'll you do after graduation?
巡り会う	メグリアウ	あなた達ふたりはいつどこで巡り合ったの？	When and where did you two meet?
ボーイスカウト	ボーイスカウト	ボーイスカウトになったのはいつぐらい？	When did you become a Boy Scout?
殻	カラ	卵の殻は壊れやすい。	The shell of an egg is easily broken.
新聞社	シンブンシャ	どちらの新聞社にお勤めですか。	Which newspaper do you work for?
留まる	トマル	行くも留まるも君次第だよ。	You can go or stay, as you wish.
お好み焼き	オコノミヤキ	昨日、お好み焼き作ったんだ。	Yesterday, I cooked Okonomiyaki.
とれる	トレル	オリーブオイルはオリーブからとれるんだ。	Olive oil is extracted from olives.
ショート	ショート	ショートの方が似合ってる。	You look better with short hair.
読み取る	ヨミトリ	言外の意味を読みとらなければいけない。	You must read between the lines.
言外	ゲンガイ	言外の意味を読みとらなければいけない。	You must read between the lines.
買い換える	カイカエ	車の買い替え時だよ。	It's time for you to buy a new car.
身勝手	ミガッテ	身勝手だな。	You're taking a lot for granted.
適任	テキニン	大統領には彼が適任だ。	He's eligible for the presidency.
最	サイ	彼はもちろん村の最長老だ。	He is unquestionably the oldest man in the village.
折	オリ	あなたはちょうどよい折に来た。	You have come at an opportune time.
弁当	ベントウ	駅で弁当を買った。	I bought a box lunch at the station.
相槌	アイヅチ	「私もそう思うわ」と彼女は相づちを打った。	"I think so, too," she chimed in.
揺り籠	ユリカゴ	赤ん坊がゆりかごの中で眠っている。	A baby is sleeping in the cradle.
令	レイ	全市に夜間外出禁止令が布かれた。	A curfew was imposed on the city.
一団	イチダン	子供達の一団が戯れていた。	A group of children were playing.
輸血	ユケツ	輸血が必要です。	A blood transfusion is necessary.
ちょこちょこ	チョコチョコ	ねずみが一匹、穴からちょこちょこ出てきた。	A mouse scurried out of the hole.
投げ込む	ナゲコム	ロープが水中に投げ込まれた。	A rope was thrown into the water.
直角	チョッカク	直角は９０度である。	A right angle has ninety degrees.
カーフ	カーフ	幼いキリンは、カーフと呼ばれています。	A young giraffe is called a calf.
擦り下ろす	スリオロシ	細かくすりおろしたチーズを60g入れます。	Add sixty grams of grated cheese.
脱走	ダッソウ	脱走犯はまだ捕まってないんだ。	The escaped prisoner hasn't been caught yet.
大部分	ダイブブン	彼らの大部分は大学生だった。	Most of them were college students.
出典	シュッテン	私の出典に異議があるのですか？	Are you challenging my authority?
非常時	ヒジョウジ	非常時の備えはしていますか？	Are you prepared for emergencies?
対応	タイオウ	本当にこれ対応できるの？	Are you sure you can handle this?
至る	イタル	火事は大事に至らず鎮火した。	The fire was put out before it got serious.
ベルリン	ベルリン	ベルリンは、ドイツの首都です。	Berlin is the capital of Germany.
ふわふわ	フワフワ	フワフワの毛皮に顔を埋めるんだ。	Bury your face into the soft fur.
金貸し	カネカシ	少しお金貸してもらえない？	Can I borrow some money from you?
はずい	ハズイ	外で着替えるのは恥ずいんだよ。	Changing outside is embarrassing.
貧乏人	ビンボウニン	貧乏人の子沢山。	Children are a poor man's riches.
子沢山	コダクサン	貧乏人の子沢山。	Children are a poor man's riches.
活動	カツドウ	子供は野外活動が好きだ。	Children like outdoor activities.
食む	ハン	牛が野原で草をはんでいた。	Cattle were grazing in the field.
お子様	オコサマ	５歳未満のお子様は無料です。	Children under age five are free.
櫛	クシ	外出する前に髪を櫛でときなさい。	Comb your hair before you go out.
例える	タトエル	死はよく眠りにたとえられる。	Death is often compared to sleep.
中庭	ナカニワ	中庭の席がありますか。	Do you have a table on the patio?
グリーティングカード	グリーティングカード	グリーティングカードって、ネットで買うの？	Do you buy greeting cards online?
ムスタング	ムスタング	私の新しいムスタングを見せてなかったっけ？	Didn't I show you my new Mustang?
ソフトボール	ソフトボール	ソフトボールの仕方って分かる？	Do you know how to play softball?
明け方	アケガタ	明け方近くは、ぐっと冷え込む。	It gets extremely cold toward dawn.
持ち家	モチイエ	この家は持ち家ですか？それとも賃貸ですか？	Do you own this house or rent it?
賃貸	チンタイ	賃貸アパートをさがしています。	I'm looking for an apartment to rent.
前売り	マエウリ	前売り券をここで取り扱っていますか。	Do you sell advance tickets here?
券	ケン	乗り換え券をください。	Please give me a transfer ticket.
梳かす	トカス	髪を梳かしましょうか？	Do you want me to comb your hair?
パワステ	パワステ	車にパワステはついてますか？	Does the car have power steering?
好意	コウイ	人の好意に甘えてはいけない。	Don't depend on others' kindness.
遣り残す	ヤリノコス	仕事はやり残すなよ。	Don't leave your work unfinished.
頬張る	ホオバッ	口に頬張ったまま喋るな。	Don't speak with your mouth full!
粗末	ソマツ	道具を粗末に使うな。	Don't handle these tools roughly.
ごっちゃ	ゴッチャ	仕事と遊びをごっちゃにするな。	Don't mix business with pleasure.
オーディション	オーディション	今日って、オーディション受けるんじゃないの？	Don't you have an audition today?
費やす	ツイヤス	彼は全財産を車に費やした。	He spent all of his money on a car.
独自	ドクジ	猫それぞれが、独自の性格を持っています。	Each cat has its own personality.
本質的	ホンシツテキ	本質的には何も変わっていない。	Essentially, nothing has changed.
もてる	モテ	重くて私にはもてない。	It's so heavy that I can't lift it.
色褪せる	イロアセ	寝室のカーテンは端が色あせてきた。	The bedroom curtains have faded at the edges.
黙りこくる	ダマリコクッ	しばらくの間、みんな黙りこくっていた。	Everyone was silent for a minute.
気兼ね	キガネ	思ったことを気兼ねなく言っていいんだよ。	Feel free to share your thoughts.
差し伸べる	サシノベル	助けが必要な人には、手を差し伸べてあげなさい。	Give help to anyone who needs it.
不可欠	フカケツ	試行錯誤は進歩に不可欠だ。	Trial and error is essential to progress.
しま	シマ	私のしましまのセーター知らない？	Have you seen my striped sweater?
雛	ヒナ	ハトの雛って見たことありますか？	Have you ever seen a baby pigeon?
スキューバダイビング	スキューバダイビング	スキューバダイビングほど面白いものはない。	There is nothing more exciting than scuba diving.
ホーキング	ホーキング	ホーキングは研究にもどった。	Hawking went back to his studies.
市民権	シミンケン	彼は市民権を奪われた。	He was deprived of his civil rights.
前借り	マエガリ	彼はお金を前借りした。	He borrowed the money in advance.
老衰	ロウスイ	彼は老衰で二年前に亡くなった。	He died of old age two years ago.
念入り	ネンイリ	彼は念入りに書類を確かめた。	He had a good look at the papers.
太鼓判	タイコバン	太鼓判を押してくれた。	He gave me his stamp of approval.
自由自在	ジユウジザイ	彼は英語を自由自在に話せる。	He has a good command of English.
締め出し	シメダシ	彼はクラブから締め出しを食っている。	He has been barred from the club.
友愛	ユウアイ	彼は友愛会の会員だ。	He is a member of the fraternity.
親離れ	オヤバナレ	彼は親離れしている。	He is independent of his parents.
全般的	ゼンパンテキ	全般的にみてまあまあの出来だった。	He hasn't done badly, all in all.
芸術家	ゲイジュツカ	彼は現存する最高の芸術家である。	He is the greatest living artist.
現存	ゲンソン	彼は現存する最高の芸術家である。	He is the greatest living artist.
会長	カイチョウ	彼は名ばかりの会長だ。	He is the president in name only.
不確か	フタシカ	彼は自分の未来について不確かだ。	He is uncertain about his future.
大の字	ダイノジ	彼は畳の上に大の字になった。	He lay on the mat at full length.
近郊	キンコウ	彼は東京近郊に住んでいる。	He lives in the suburbs of Tokyo.
免れる	マヌガレル	彼は危うく死を免れた。	He narrowly escaped being killed.
作り上げる	ツクリアゲル	彼はその犬についての物語を作り上げた。	He made up a story about the dog.
災難	サイナン	彼はかろうじて災難を免れた。	He narrowly escaped the disaster.
口汚い	クチギタナク	腹を立てると彼はよく口汚くののしる。	He often swears when he is angry.
吐き散らす	ハキチラス	彼はムカつくとしょっちゅう汚い言葉を吐き散らす。	He often swears when he is angry.
迅速	ジンソク	彼は私に迅速な回答を執拗に求めた。	He pressed me for a prompt reply.
回答	カイトウ	全問回答できました。	I could answer all the questions.
執拗	シツヨウ	彼は私に迅速な回答を執拗に求めた。	He pressed me for a prompt reply.
走り過ぎる	ハシリスギ	彼は彼女に気づくことなく走り過ぎた。	He ran past without noticing her.
逃げ去る	ニゲサッ	警官を見て彼は逃げ去った。	He ran away at the sight of a policeman.
快諾	カイダク	彼は私の申し出を快諾した。	He readily agreed to my proposal.
巻き上げる	マキアゲ	彼は私から有り金を全部巻き上げた。	He robbed me of every cent I had.
オランダ	オランダ	彼は６月にオランダから帰国しました。	He returned from Holland in June.
帰国	キコク	父は帰国したばかりだ。	My father has just returned from abroad.
週刊誌	シュウカンシ	トムは駅で週刊誌を買った。	Tom bought a weekly magazine at the station.
開封	カイフウ	彼はその手紙を開封しないで送り返した。	He sent the letter back unopened.
送り返す	オクリカエス	彼は手紙の封を開けずに送り返した。	He sent the letter back unopened.
打ち抜く	ウチヌイ	彼はトラの頭を撃ち抜いた。	He shot a tiger through the head.
封	フウ	彼は手紙の封を開けずに送り返した。	He sent the letter back unopened.
刑期	ケイキ	彼は１０年の刑期を務めた。	He served a ten-year prison term.
擦り落とす	コスリオトシ	彼はブーツの泥をこすり落とした。	He scraped the mud off his boots.
揺する	ユスル	彼は息子の肩をつかんで揺すった。	He shook his son by the shoulder.
支持者	シジシャ	彼は民主党の支持者だ。	He supports the Democratic Party.
民主党	ミンシュトウ	彼は民主党の支持者だ。	He supports the Democratic Party.
再三	サイサン	彼は私に、再三電話をかけてきた。	He telephoned me again and again.
課長	カチョウ	彼は課長に昇進した。	He was promoted to section chief.
帝王	テイオウ	彼はロックンロールの帝王だった。	He was the king of rock-and-roll.
ロックンロール	ロックンロール	彼はロックンロールの帝王だった。	He was the king of rock-and-roll.
聞き入れる	キキイレヨウ	彼は私の忠告を聞き入れようとしなかった。	He would not listen to my advice.
企画課	キカクカ	彼は企画課で働いている。	He works in the planning section.
むき	ムキ	卵のからむきを手伝って。	Help me with shelling these eggs!
丸分かり	マルワカリ	彼女を見れば君を好きなことがまるわかりだよ。	Her look says that she loves you.
引き立てる	ヒキタテ	赤いドレスは彼女を引き立てた。	Her red dress made her stand out.
苛立つ	イラダチ	彼女の気分は次第にいら立ちはじめた。	Her mood graduated to irritation.
しみ	シミ	紙にはインクのしみがついていた。	There were ink blots on the paper.
絵画	カイガ	この絵画は十五世紀のものだ。	This drawing dates back to the fifteenth century.
反応	ハンノウ	トムに新型コロナの陽性反応が出た。	Tom tested positive for COVID-19.
初日	ショニチ	学校初日はどうだった？	How was your first day at school?
30000	サンマン	三万円でカメラを買いました。	I bought a camera for 30,000 yen.
革靴	カワグツ	革靴を買ったんだ。	I bought a pair of leather shoes.
サックス	サックス	どこからか、サックスの音がする。	I can hear a saxophone somewhere.
バカンス	バカンス	バカンスに行くのが待ち遠しい。	I can't wait to go on a vacation.
全問	ゼンモン	全問回答できました。	I could answer all the questions.
引っ掛ける	ヒッカケル	セーターをあの釘にひっかけちゃった。	I caught my sweater on that nail.
抜け出す	ヌケダス	トムは教室を抜け出した。	Tom slipped out of the classroom.
機転	キテン	私はそうする機転がきかなかった。	I didn't have the sense to do so.
とやかく	トヤカク	細かいことでとやかく言うのはよそう。	Let's not quibble over trivial matters.
永住権	エイジュウケン	永住権はありません。	I don't have permanent residency.
ブリティッシュ	ブリティッシュ	ブリティッシュ・ユーモアは分からないな。	I don't understand British humor.
人類	ジンルイ	人類の未来が心配だ。	I fear for the future of mankind.
ぽつり	ポツリ	頭に雨がポツリと当たった気がした。	I felt a drop of rain on my head.
郵便物	ユウビンブツ	今朝はたくさん郵便物を受け取った。	I got a lot of mail this morning.
手子摺る	テコズッ	私はその仕事にてこずった。	I had some trouble with the work.
相	ソウ	私の計画は相次いで失敗した。	My plans failed one after another.
うみ	ウミ	歯茎からうみが出ます。	I have pus coming out of my gums.
きっちり	キッチリ	私はきっちり３時間待った。	I have waited a full three hours.
ホワイトクリスマス	ホワイトクリスマス	ホワイトクリスマスになるといいね。	I hope we have a white Christmas.
譲り受ける	ユズリウケ	親父の土地を譲り受けたんだ。	I inherited my father's property.
写る	ウツル	その写真に写ってる人知ってるよ。	I know the person in the picture.
組み立てる	クミタテル	僕は機械を組み立てるのが好きだ。	I like putting machines together.
深煎り	フカイリ	深煎りの濃いコーヒーが好きなんだ。	I like my coffee dark and strong.
黒幕	クロマク	私は誰が黒幕か知っている。	I know who's pulling the strings.
絵筆	エフデ	絵筆を買わなきゃいけないの。	I need to buy some paint brushes.
バターナイフ	バターナイフ	バターナイフを幾つか買わないとな。	I need to buy some butter knives.
パフォーマンス	パフォーマンス	トムのパフォーマンスが本当に好きだった。	I really liked Tom's performance.
先々	サキザキ	行く先々にトムがいるんだ。	I see Tom's face everywhere I go.
電子メール	デンシメール	あの電子メールを送るんじゃなかった。	I shouldn't have sent that email.
見返す	ミカエス	トムは値札を見返した。	Tom looked at the price tag once again.
下取り	シタドリ	車を下取りに出して新車を買った。	I traded in my car for a new one.
バレエダンサー	バレエダンサー	私はバレエダンサーになりたいんです。	I want to become a ballet dancer.
バレリーナ	バレリーナ	私はバレリーナになりたいの。	I want to become a ballet dancer.
語彙力	ゴイリョク	語彙力を増強したい。	I want to build up my vocabulary.
増強	ゾウキョウ	語彙力を増強したい。	I want to build up my vocabulary.
歩む	アユム	あなたと共に人生を歩んでいきたい。	I want to spend my life with you.
感銘	カンメイ	観客は深い感銘を受けた。	The audience was deeply affected.
海外留学	カイガイリュウガク	来年は海外留学したいんです。	I want to study abroad next year.
犯行	ハンコウ	犯行現場に足を運んだ。	I went to the scene of the crime.
ちっ	チ	8時にお前んち行くから。	I will be at your house at eight.
盗み	ヌスミ	彼女は飢えのため盗みを働いた。	She was driven to stealing by hunger.
牧場	ボクジョウ	牧場には羊がたくさんいる。	There are a lot of sheep in the pasture.
たって	ッタッテ	雨がひどくったって、俺は行くよ。	I'll go even if it rains heavily.
局部麻酔	キョクブマスイ	局部麻酔をしますね。	I'll give you a local anesthetic.
発つ	タチ	予定より一日早く発ちます。	I'm going to leave one day early.
服屋	フクヤ	服屋さんを探してるんです。	I'm looking for a clothing store.
方面	ホウメン	２５号線北方面の入り口付近にいます。	I'm near the on ramp to 25 north.
タラ	タラ	タラのフィッシュケーキにはうんざりしてるの。	I'm sick of eating codfish cakes.
フィッシュ	フィッシュ	タラのフィッシュケーキにはうんざりしてるの。	I'm sick of eating codfish cakes.
レイアウト	レイアウト	自分のサイトのレイアウトを変えた。	I've changed my website's layout.
御無沙汰	ゴブサタ	ご無沙汰しています。	It has been a long time since I wrote you last.
色付く	イロヅク	秋には葉っぱが黄色く色づく。	In autumn the leaves turn yellow.
スミス	スミス	スミス先生は英語教師ですか？	Is Mrs. Smith an English teacher?
セーリング	セーリング	セーリングできるくらいの風はある？	Is it windy enough to go sailing?
ドラッグストアー	ドラッグストア	この辺にドラッグストアってある？	Is there a drugstore around here?
土産屋	ミヤゲヤ	この辺にお土産屋さんはありますか？	Is there a gift shop around here?
ガソリンスタンド	ガソリンスタンド	次のガソリンスタンドに寄ろう。	Let's stop at the next service station.
ゴルフコース	ゴルフコース	この近くにゴルフコースはありますか。	Is there a golf course near here?
明き	アキ	もう１人分の空きはありますか。	Is there room for another person?
働き	ハタラキ	彼は要求の上を行く働きをした。	He went above and beyond the call of duty.
冷え込む	ヒエコム	冬はかなり冷え込みます。	It gets quite cold in the winter.
零下	レイカ	今は零下１０度だ。	It is ten degrees below zero now.
空模様	ソラモヨウ	ひと雨きそうな空模様だね。	It looks like it's going to rain.
競う	キソウ	ひと雨きそうな空模様だね。	It looks like it's going to rain.
吹っ掛ける	フッカケ	喧嘩を吹っかけたのはトムだよ。	It was Tom who started the fight.
開花	カイカ	２、３日すれば開花するでしょう。	It'll bloom in two or three days.
静けさ	シズケサ	嵐の前の静けさだった。	It was the calm before the storm.
23	ニサン	ここ二三日は暖いです。	It's been warm the last few days.
兄ちゃん	ニイチャン	お前と兄ちゃんの見分けがつかないよ。	It's hard to distinguish you from your brother.
ケニア	ケニア	ケニアは1963年に独立した。	Kenya became independent in 1963.
1963	イチキュウロクサン	ケニアは1963年に独立した。	Kenya became independent in 1963.
放つ	ハナツ	この花は強い香りを放つ。	This flower gives off a strong fragrance.
念	ネン	念のため傘持って行ったら？	Why don't you bring an umbrella, just in case?
レントゲン	レントゲン	歯のレントゲンを撮りますね。	I'll take some X-rays of your teeth.
陽	ヒ	陽が昇らないうちに出発しよう。	Let's start before the sun rises.
リアクション	リアクション	トムのリアクションを見てみよう。	Let's see how Tom reacts to that.
暗殺	アンサツ	リンカーンは1865年に暗殺された。	Lincoln was assassinated in 1865.
さぎ	サギ	その沼にはサギがたくさん住んでいる。	Lots of herons live in the marsh.
今一	イマイチ	いい人だけどイマイチね。	He is nice, but he's not the one for me.
糞	フン	車が、鳩のフンだらけだよ。	My car is covered in pigeon poop.
板前	イタマエ	おじいちゃんは昔、板前さんでした。	My grandfather used to be a chef.
100000	イチレイマン	夫の年収は１０万ドルだ。	My husband earns $100,000 a year.
火災保険	カサイホケン	私の家には火災保険がかけてある。	My house is covered by insurance.
寺巡り	テラメグリ	明日は、寺巡りをしよう。	Let's visit some temples tomorrow.
古	フル	私の趣味は、古寺巡りです。	My hobby is visiting old temples.
がっ	ガッ	今日は、肌ががっさがっさ。	My skin feels really rough today.
父母	フボ	私の父母は、そこに大きな農場を持っている。	My parents have a big farm there.
スタッフ	スタッフ	スタッフに交渉事がうまいのがいます。	We have a good negotiator on the staff.
虎児	コジ	虎穴に入らずんば、虎子を得ず。	Nothing ventured, nothing gained.
虎穴	コケツ	虎穴に入らずんば、虎子を得ず。	Nothing ventured, nothing gained.
一握り	ヒトニギリ	会議に来た人はほんの一握りでした。	Only a handful of people came to the meeting.
忍び寄る	シノビヨル	老齢は気づかぬうちに我々に忍び寄る。	Old age creeps upon us unnoticed.
老齢	ロウレイ	老齢は気づかぬうちに我々に忍び寄る。	Old age creeps upon us unnoticed.
仕上げ	シアゲ	今、最後の仕上げをするところです。	Now I'll add the finishing touch.
むく	ムキ	リンゴを食べる前に皮をむきなさい。	Peel the apple before you eat it.
返済	ヘンサイ	父は高額な家のローンを返済している。	My father is paying back a huge loan on our home.
乱筆	ランピツ	乱筆乱文ご容赦ください。	Please excuse my bad handwriting.
乱文	ランブン	乱筆乱文ご容赦ください。	Please excuse my bad handwriting.
容赦	ヨウシャ	容赦ないよね？	You don't pull any punches, do you?
投下	トウカ	その戦闘機は爆弾を投下した。	That fighter plane dropped a bomb.
213	ニイチサン	２１３号室の前でお待ちください。	Please wait in front of Room 213.
箪笥	タンス	タンスの一番上に入れといて。	Put it in the top dresser drawer.
海亀	ウミガメ	海がめは寿命が長い。	Sea turtles have a long lifespan.
まだら	マダラ	まだら雲の空は、どしゃ降りの前触れ。	Scattered clouds mean heavy rain.
暖まる	アタタマル	暖まるまでエンジンをかけておきなさい。	Run the engine till it gets warm.
原子爆弾	ゲンシバクダン	科学が原子爆弾を生み出した。	Science produced the atomic bomb.
志す	ココロザス	彼女は女優になることを志した。	She aspired to become an actress.
上京	ジョウキョウ	彼は明日上京する予定だ。	He is scheduled to come up to Tokyo tomorrow.
こだわり	コダワリ	彼女は服にこだわりがない。	She doesn't care how she dresses.
達者	タッシャ	彼女はフランス語が達者だ。	She has a good command of French.
審美眼	シンビガン	彼女には審美眼がある。	She has an eye for the beautiful.
鑑識眼	カンシキガン	彼女は美に対する鑑識眼を持っている。	She has an eye for the beautiful.
眼識	ガンシキ	彼女は美に対して眼識がある。	She has an eye for the beautiful.
邸宅	テイタク	通りに沿って大邸宅が並んでいる。	There are large houses along the street.
退院	タイイン	トムは３日前に退院したよ。	Tom got out of the hospital three days ago.
牧草地	ボクソウチ	羊が牧草地で草をはんでいた。	Sheep were grazing in the meadow.
池の上	イケノウエ	池の上でスケートをすると危険です。	Skating on the pond is dangerous.
一面	イチメン	床は一面血まみれだった。	The floor was covered with blood.
すっぽり	スッポリ	町が一面すっぽり雪をかぶった。	Snow completely covered the town.
稼働	カドウ	工場はフル稼動している。	The factory is running at full capacity.
ソーラーパネル	ソーラーパネル	ソーラーパネルは夜間は稼働しません。	Solar panels don't work at night.
快楽	カイラク	快楽しか求めない人もいる。	Some people pursue only pleasure.
有益	ユウエキ	日光は植物に有益である。	Sunshine is beneficial to plants.
中立国	チュウリツコク	スイスは中立国である。	Switzerland is a neutral country.
タクシー料金	タクシーリョウキン	来月タクシー料金があがります。	Taxi fares will go up next month.
無作法	ブサホウ	彼は自分の無作法に気づいていない。	He is unconscious of his bad manners.
紙製	カミセイ	紙製のお皿10枚で価格は1ドルです。	Ten paper plates cost one dollar.
語弊	ゴヘイ	それは語弊がある。	That isn't a proper thing to say.
大方	オオカタ	あの仕事は大方終わってますよ。	That job is pretty much finished.
建設的	ケンセツテキ	建設的な提案だよ。	That's a constructive suggestion.
声明	セイメイ	それはとても強い声明です。	That's a pretty strong statement.
気圧	キアツ	気圧が高い。	The atmospheric pressure is high.
迫害	ハクガイ	ローマ人はキリスト教徒を迫害した。	The Romans persecuted Christians.
ローマ人	ローマジン	ローマ人はキリスト教徒を迫害した。	The Romans persecuted Christians.
跳ね上がる	ハネアガル	ボールは空中高く跳ね上がった。	The ball bounced high in the air.
悪天候	アクテンコウ	悪天候で飛行機が遅れた。	The bad weather delayed the plane.
群れ	ムレ	鳥が群れで飛んでいました。	The birds were flying in a group.
総額	ソウガク	費用は総額５千円でした。	The cost amounted to five thousand yen.
ケイドロ	ケイドロ	男の子たちはケイドロをして遊んだ。	The boys played cops and robbers.
ほつれる	ホツレ	ブランケットの縫い目がほつれてる。	The blanket's seam has unraveled.
ブランケット	ブランケット	ブランケットの縫い目がほつれてる。	The blanket's seam has unraveled.
縫い目	ヌイメ	ブランケットの縫い目がほつれてる。	The blanket's seam has unraveled.
ビー玉	ビーダマ	子供たちがビー玉で遊んでるよ。	The children are playing marbles.
ざわめく	ザワメク	群衆が興奮してざわめいていた。	The crowd buzzed with excitement.
推定	スイテイ	距離は推定しにくいな。	The distance is hard to estimate.
食い止める	クイトメル	被害は最小限に食い止められた。	The damage was held to a minimum.
最小限	サイショウゲン	被害は最小限に食い止められた。	The damage was held to a minimum.
形跡	ケイセキ	その島に人がいる形跡はなかった。	There were no signs of life on the island.
見積もる	ミツモル	距離を見積もるのは難しいな。	The distance is hard to estimate.
運転者	ウンテンシャ	運転者は停止信号を無視した。	The driver ignored the stoplight.
洪水	コウズイ	堤防が洪水を防いだ。	The levee kept the floodwater back.
血塗れ	チマミレ	床は一面血まみれだった。	The floor was covered with blood.
倒壊	トウカイ	建物は地震で倒壊した。	The building collapsed in the earthquake.
赤々	アカアカ	その家は灯火で赤々と輝いていた。	The house was ablaze with lights.
裁判官	サイバンカン	裁判官は彼に死刑を宣告した。	The judge condemned him to death.
煉瓦	レンガ	藁なしで煉瓦はできない。	Bricks can't be made without straw.
地点	チテン	その湖はこの地点が一番深いんです。	The lake is deepest at this spot.
宛て名	アテナ	その手紙の宛名は正しかった。	The letter was correctly addressed.
再来月	サライゲツ	再来月は１２月だ。	The month after next is December.
中指	ナカユビ	中指が一番長いです。	The middle finger is the longest.
年金	ネンキン	その老人は年金で暮らしている。	The old man lives on his pension.
峠	トウゲ	患者さんは峠を越しました。	The patient is now out of danger.
米作	ベイサク	米作は今年豊作だ。	The rice crop is large this year.
打ち合い	ウチアイ	撃ち合いがお昼頃に始まったのよ。	The shooting started around noon.
判明	ハンメイ	その噂は嘘であることが判明した。	The rumor turned out to be false.
スタジアム	スタジアム	スタジアムには大勢の人がいた。	There were lots of people in the stadium.
アクセス	アクセス	彼はその保存情報にアクセスできる。	He has access to the stored information.
雲行き	クモユキ	雲行きが悪くなる。	The situation is growing serious.
損害	ソンガイ	損害は百万ドルにのぼる。	The loss amounts to a million dollars.
災害	サイガイ	地震や洪水は自然災害です。	Earthquakes and floods are natural disasters.
泳者	エイシャ	泳者は寒さで感覚がまひしていた。	The swimmers were numb with cold.
公会堂	コウカイドウ	町の公会堂は人でいっぱいだった。	The town hall was full of people.
冷水	レイスイ	冷水機が故障している。	The water cooler is out of order.
着々	チャクチャク	仕事は着々と進んでいる。	The work is progressing steadily.
徐々	ジョジョ	列車は徐々にスピードを上げた。	The train gained speed gradually.
1932	イチキュウサンニ	１９３２年には彼はパリにいた。	The year 1932 found him in Paris.
満車	マンシャ	満車です。	There are no parking spaces left.
牛舎	ギュウシャ	牛舎には３頭の牛がいます。	There are three cows in the barn.
私的	シテキ	私的には問題ない。	There is no objection on my part.
痕跡	コンセキ	火星に生命の痕跡はありません。	There is no sign of life on Mars.
異論	イロン	異論はないです。	There is no objection on my part.
滴	シズク	水は一滴も残っていない。	There isn't a drop of water left.
ユニホーム	ユニフォーム	トムのユニフォームには血がついていた。	There was blood on Tom's uniform.
善	ゼン	善は急げだ。	There's no time like the present.
黒犬	クロイヌ	彼らは黒犬と白犬に餌をやった。	They fed a black and a white dog.
白犬	シロイヌ	彼らは黒犬と白犬に餌をやった。	They fed a black and a white dog.
力士	リキシ	彼らは日本力士だ。	They are Japanese sumo wrestlers.
結論	ケツロン	すぐに結論に飛びついてはいけない。	You must not jump to conclusions.
宝物	ホウモツ	このボールはあの子の宝物なんだ。	This ball is that boy's treasure.
高跳び	タカトビ	彼らは高飛びしたらしい。	It seems that they have skipped out of town.
立ち向かう	タチムカッ	彼らは正しいことのために立ち向かった。	They stood up for what was right.
合い	アイ	父は強盗と取っ組み合いをした。	My father struggled with the robber.
完工	カンコウ	この建物は程なく完工だ。	This building is near completion.
創業	ソウギョウ	この会社は1930年の創業です。	This company was founded in 1930.
1930	イチキュウサンレイ	この会社は1930年の創業です。	This company was founded in 1930.
特有	トクユウ	この習慣は日本に特有のものである。	This custom is peculiar to Japan.
独特	ドクトク	この花は独特の香りがする。	These flowers have a unique smell.
千載一遇	センザイイチグウ	これは私の生涯にとって千載一遇の機会だ。	This is the chance of a lifetime.
緩和	カンワ	この薬で痛みは緩和するでしょう。	This medicine will ease the pain.
手強い	テゴワイ	この問題は本当に手強い。	This problem is a real challenge.
オファー	オファー	このオファーは５日間有効です。	This offer is good for five days.
謂れ	イワレ	この刀には不思議ないわれがある。	This sword has a strange history.
バンクーバー	バンクーバー	この船はバンクーバー行きである。	This ship is bound for Vancouver.
メンズウェア	メンズウェア	こちらのお店では、メンズウェアを取り扱っています。	This shop carries men's clothing.
滑り	スベリ	このファスナー、滑りが悪いんだ。	This zipper doesn't zip smoothly.
立春	リッシュン	今日は立春です。	Today is the first day of spring.
立秋	リッシュウ	今日は立秋です。	Today is the first day of autumn.
同棲	ドウセイ	トムとメアリーは同棲している。	Tom and Mary are living together.
双生児	ソウセイジ	トムとジョンは一卵性双生児だよ。	Tom and John are identical twins.
一卵性	イチランセイ	トムとジョンは一卵性双生児だよ。	Tom and John are identical twins.
入籍	ニュウセキ	トムと私なんですが、10月に入籍しました。	Tom and I got married in October.
丸太小屋	マルタコヤ	トムとメアリーは丸太小屋で暮らしている。	Tom and Mary live in a log cabin.
ハウス	ハウス	トムとメアリーはツリーハウスに住んでるんだよ。	Tom and Mary live in a treehouse.
ツリー	ツリー	トムとメアリーはツリーハウスに住んでるんだよ。	Tom and Mary live in a treehouse.
シップ	シップ	トムはボトルシップを作った。	Tom built a ship inside a bottle.
来世	ライセ	トムは来世を信じている。	Tom believes in life after death.
お揃い	オソロイ	トムがお揃いの水着を買ってくれたんだ。	Tom bought us matching swimsuits.
バイオリニスト	ヴァイオリニスト	プロのバイオリニストになりたいんです。	I want to be a professional violinist.
現象	ゲンショウ	虹は自然現象である。	A rainbow is a natural phenomenon.
超常	チョウジョウ	トムは超常現象を信じている。	Tom believes in the supernatural.
留まる	トドマル	私たちがここにとどまる理由はないもの。	We have no reason for staying here.
やめる	ヤメレ	トムはあなたの話をやめれない。	Tom can't stop talking about you.
進化論	シンカロン	トムは進化論を信じていない。	Tom doesn't believe in evolution.
政府	セイフ	トムは政府を信頼していない。	Tom doesn't trust the government.
水害	スイガイ	トムは水害保険に入ってないんだよ。	Tom doesn't have flood insurance.
免疫力	メンエキリョク	トムは免疫力が低下している。	Tom has a weakened immune system.
付き纏う	ツキマトッ	トムは私につきまとっている。	Tom has been following me around.
進学	シンガク	トムは大学進学を決意した。	Tom has decided to go to college.
スノーボーダー	スノーボーダー	トムは上級のスノーボーダーだ。	Tom is a pretty good snowboarder.
上級	ジョウキュウ	トムは上級のスノーボーダーだ。	Tom is a pretty good snowboarder.
泣き止む	ナキヤム	トムはもうすぐ泣き止むよ。	Tom is going to stop crying soon.
ビスケット	ビスケット	トムはビスケットを食べてるんでしょ？	Tom is eating biscuits, isn't he?
悩ます	ナヤマス	彼らは重税に悩まされた。	They were burdened with heavy taxes.
客観的	キャッカンテキ	トムは客観的だけど、メアリーは違うよ。	Tom is objective, but Mary isn't.
解す	カイサ	トムはメアリーがフランス語を解さないことを知っていた。	Tom knew Mary didn't know French.
無関心	ムカンシン	トムは政治に無関心だ。	Tom isn't interested in politics.
喜ばす	ヨロコバス	トムはメアリーの喜ばせ方が分かる。	Tom knows how to make Mary happy.
貘	バク	トムはバク転のやり方を覚えた。	Tom learned how to do a backflip.
転	テン	トムはバク転のやり方を覚えた。	Tom learned how to do a backflip.
ダンスミュージック	ダンス・ミュージック	トムはエレクトロニック・ダンス・ミュージックが好きだ。	Tom likes electronic dance music.
エレクトロニック	エレクトロニック	トムはエレクトロニック・ダンス・ミュージックが好きだ。	Tom likes electronic dance music.
田舎暮らし	イナカグラシ	トムは田舎暮らしに憧れてるんだ。	Tom longs to live in the country.
押し当てる	オシアテ	トムは電話を耳に押しあてた。	Tom pressed the phone to his ear.
決勝	ケッショウ	トムは決勝ゴールを決めた。	Tom scored the game-winning goal.
介する	カイシ	トムは通訳を介して話をした。	Tom spoke through an interpreter.
陽性	ヨウセイ	トムに新型コロナの陽性反応が出た。	Tom tested positive for COVID-19.
新型コロナ	シンガタコロナ	トムに新型コロナの陽性反応が出た。	Tom tested positive for COVID-19.
コロナ	コロナ	トムね、コロナで陽性反応が出たんだよ。	Tom tested positive for COVID-19.
放り投げる	ホウリナゲ	トムがナイフを川に放り投げたのさ。	Tom threw the knife in the river.
駆除	クジョ	トムはアリを駆除しようとした。	Tom tried to get rid of the ants.
河	カワ	トムが河にナイフを捨てたのよ。	Tom threw the knife in the river.
体験談	タイケンダン	体験談を書いてください。	Please write about your experience.
白紙	ハクシ	すべてを白紙に返そう。	Let's scrap everything and start over again with a clean slate.
ラッシュ	ラッシュ	トムは通勤ラッシュの時間帯に運転をしてたんだ。	Tom was driving during rush hour.
取り調べ	トリシラベ	トムは警察の取り調べを受けた。	Tom was questioned by the police.
白衣	ハクイ	トム、白衣を着てたよ。	Tom was wearing a white lab coat.
休学	キュウガク	トムは休学にはならなかった。	Tom wasn't suspended from school.
迎え入れる	ムカエイレ	トムはメアリーを温かく迎え入れた。	Tom welcomed Mary with open arms.
サプライズ	サプライズ	トム、サプライズがあるんだ。	Tom, I've got a surprise for you.
母ちゃん	カアチャン	うわ、父ちゃんと母ちゃんがチューしてるよ。	Ugh, mommy and daddy are kissing.
経由	ケイユ	私たちは香港経由で帰ってきた。	We came back by way of Hong Kong.
たつ	タチャ	トムについて、俺たちゃ何にも知らないんだ。	We don't know anything about Tom.
盛況	セイキョウ	昨夜のパーティーは大盛況だったよ。	We had a lively party last night.
線引き	センビキ	どこかで線引きをする必要がありますね。	We have to draw a line somewhere.
展示会	テンジカイ	展示会は大変印象的だった。	The exhibition was very impressive.
科学技術	カガクギジュツ	我々は科学技術の時代に住んでいる。	We live in the age of technology.
テクノロジー	テクノロジー	私たちはテクノロジーの時代に住んでいる。	We live in the age of technology.
フィードバック	フィードバック	僕らは君のフィードバックを楽しみしています。	We look forward to your feedback.
抗議	コウギ	抗議はしたが無駄だった。	We protested, but it was in vain.
離れ離れ	ハナレバナレ	離ればなれにちょうど２週間過ごしたところです。	We've just spent two weeks apart.
分類	ブンルイ	鯨は哺乳類に分類される。	Whales are classified as mammals.
余暇	ヨカ	余暇はどのように過ごしますか？	What do you do in your free time?
打ち合わせ	ウチアワセ	打ち合わせはいつ始まりますか？	What time does the meeting start?
未回答	ミカイトウ	未回答の質問は、どんなものが残ってる？	What unanswered questions remain?
入国	ニュウコク	入国目的は何ですか。	What's the purpose of your visit?
フレンチ	フレンチ	あなたのお気に入りのフレンチワインは何？	What's your favorite French wine?
前回	ゼンカイ	前回パンを焼いたのはいつ？	When was the last time you baked bread?
創設	ソウセツ	この大学はいつ創設されたのですか。	When was this university founded?
発刊	ハッカン	君の本、いつ発刊される予定？	When will your book be published?
オーストリア	オーストリア	オーストリアのどこで育ったの？	Where in Austria did you grow up?
加入	カニュウ	どうして旅行保険に加入したの？	Why did you buy travel insurance?
補償	ホショウ	誰がその損害を補償するの？	Who will compensate for the loss?
向かい	ムカイ	学校はうちの向かいにあります。	The school is across from our house.
苦悩	クノウ	何で人生はこんなに苦悩でいっぱいなんだ？	Why is life so full of suffering?
ビートルズ	ビートルズ	ビートルズの曲を歌ってくれない？	Will you sing me a Beatles' song?
トランペット	トランペット	トランペットを吹いてみるか。	Will you try to play the trumpet?
ルートビアフロート	ルートビアフロート	ルートビアフロートはいかがですか？	Would you like a root beer float?
ワッフル	ワッフル	昨日の朝は、ワッフルを食べました。	Yesterday morning I ate a waffle.
差し支える	サシツカエル	差し支えなければ同行したいのですが。	I'd like to come along if you don't mind.
いざという時	イザトイウトキ	いざという時役に立つよ。	This will come in handy in a pinch.
門違い	カドチガイ	お門違いですよ。	You're barking up the wrong tree.
past	past	"A quarter past three"っていうのは、3時15分ってことよ。	"A quarter past three" means 3:15.
Three	スリー	"A quarter past three"っていうのは、3時15分ってことよ。	"A quarter past three" means 3:15.
クオーター	クオーター	"A quarter past three"っていうのは、3時15分ってことよ。	"A quarter past three" means 3:15.
同義語	ドウギゴ	「小さい」と「細い」は同義語です。	The words "small" and "little" are synonyms.
スモール	スモール	「small」と「little」は同義語です。	"Small" and "little" are synonyms.
形容詞	ケイヨウシ	「小さい」と「ちっちゃい」は形容詞です。	"Small" and "tiny" are adjectives.
レインコート	レインコート	レインコートのボタンが取れちゃった。	A button has come off my raincoat.
死体	シタイ	熊は死体には触れないものだ。	A bear will not touch a dead body.
鑑定	カンテイ	DNA鑑定によって彼の無罪が証明された。	A DNA test showed he was innocent.
DNA	ディーエヌエー	DNA鑑定によって彼の無罪が証明された。	A DNA test showed he was innocent.
握り拳	ニギリコブシ	握りこぶしは、ストレスがあることを示しているかもしれません。	A closed fist can indicate stress.
成立	セイリツ	新しい法が成立した。	A new law has come into existence.
真似る	マネル	オウムは人の声を真似ることができる。	A parrot can imitate human speech.
さわる	サワル	ああいう人は神経にさわる。	A man like that gets on my nerves.
癇	カン	ああいう人って、癇にさわるのよ。	A man like that gets on my nerves.
花弁	ハナビラ	薔薇の花びらはとても繊細だ。	A rose's petals are very delicate.
多額	タガク	彼は娘に多額の財産を残した。	He left his daughter a great fortune.
生じる	ショウジル	事故は不注意から生じる。	Accidents arise from carelessness.
メード	メイド	私の服は、どれもオーダーメードなのよ。	All of my clothes are custom made.
1863	イチハチロクサン	アメリカは1863年に奴隷制度を廃止した。	America abolished slavery in 1863.
蛋白質	タンパクシツ	卵にはタンパク質が豊富に含まれているんですか？	Are eggs a good source of protein?
テニスコート	テニスコート	テニスコートに行くの？	Are you going to the tennis court?
惨状	サンジョウ	この惨状はあなたのせいですか？	Are you responsible for this mess?
薄らぐ	ウスラグ	時が経つにつれて、悲しみは薄らぐ。	As time goes on, grief fades away.
宝石	ホウセキ	彼女は昨夜、宝石を盗まれた。	She was robbed of her jewels last night.
循環	ジュンカン	血液は体内を循環する。	Blood circulates through the body.
体内	タイナイ	血液は体内を循環する。	Blood circulates through the body.
Wi-Fi	ワイファイ	Wi-Fiのパスワードを教えていただけますか？	Can you tell me the WiFi password?
ブリキ	ブリキ	銀とブリキの区別がつきますか。	Can you tell silver and tin apart?
本来	ホンライ	競争は本来悪いものではない。	Competition is not by nature evil.
空気圧	クウキアツ	タイヤの空気圧を調べてもらえますか。	Could you check the tire pressure?
ぶつくさ	ブツクサ	ぶつくさ言ったところでしょうがない。	Complaining won't change anything.
神聖	シンセイ	インドでは牛は神聖な動物です。	In India, cows are sacred animals.
ヒンドゥー教	ヒンズーキョウ	牛はヒンズー教徒にとって神聖な動物です。	Cows are sacred animals to Hindus.
ラッピング	ラッピング	別々にラッピングしてもらってもいいですか？	Could you wrap them up separately?
小学校	ショウガッコウ	君、小学校に行ってるの？	Do you go to an elementary school?
日食	ニッショク	昨日の日食見た？	Did you see the eclipse yesterday?
月食	ゲッショク	昨日の月食見た？	Did you see the eclipse yesterday?
色違い	イロチガイ	色違いはありませんか。	Do you have this in any other colors?
ない	ネー	トラベラーズチェックは持ってねーのか。	Do you have any travelers' checks?
免税	メンゼイ	この店では免税品を扱っていますか。	Do you have any tax-free articles?
オーディオ	オーディオ	オーディオブックはよく聞くの？	Do you listen to audiobooks often?
ブック	ブック	オーディオブックはよく聞くの？	Do you listen to audiobooks often?
敷金	シキキン	敷金は必要ですか。	Do you require a security deposit?
仕事帰り	シゴトガエリ	仕事帰りに会わない？	Do you want to meet up after work?
視	シ	この事件を過大視してはならない。	We must not make too much of this incident.
同一	ドウイツ	意見と事実を同一視してはいけない。	Don't confuse opinions with facts.
雨男	アメオトコ	トムは雨男だ。	Every time Tom shows up, it rains.
プログラミング	プログラミング	どんなプログラミング言語、知ってる？	What programming languages do you know?
FORTRAN	フォートラン	FORTRANは、プログラミング言語だよ。	FORTRAN is a programming language.
海路	カイロ	待てば海路の日和あり。	Everything comes to him who waits.
バリウム	バリウム	バリウムをまず一口飲んでください。	First, swallow one dose of barium.
疲労	ヒロウ	疲労が彼の健康をむしばんでいる。	Fatigue is undermining his health.
蝕む	ムシバム	疲労が彼の健康をむしばんでいる。	Fatigue is undermining his health.
運び出す	ハコビダシ	この建物からガラクタを運び出してくれ。	Get the junk out of this building.
我楽多	ガラクタ	この建物からガラクタを運び出してくれ。	Get the junk out of this building.
同盟国	ドウメイコク	ドイツはかつてイタリアの同盟国だった。	Germany was once an ally of Italy.
孤独死	コドクシ	モルモットは孤独死しちゃうんだ。	Guinea pigs can die of loneliness.
真鍮	シンチュウ	金は色が真鍮と似ている。	Gold is similar in color to brass.
がた	ガタ	儂の目もガタがきたかの。	Have my eyes also started to fail?
女子	ジョシ	この学校は男子よりも女子が多い。	This school has more girls than boys.
夕刊	ユウカン	夕刊はもう来た？	Has the evening paper arrived yet?
HIV	エイチアイブイ	HIV検査を希望しますか？	Would you like to be tested for HIV?
目覚ましい	メザマシイ	近年科学は目覚しく進歩した。	In recent years, science has made remarkable progress.
すくう	スクオウ	彼はいつも人の足元をすくおうとする。	He always tries to trip people up.
窘める	タシナメ	彼は彼らを騒がしいとたしなめた。	He chastised them for being noisy.
長々	ナガナガ	彼の長々とした話に我々はうんざりした。	He bored us with his long stories.
体力	タイリョク	彼にはもう体力がない。	He doesn't have any strength left.
手子摺る	テコズラ	彼は私たちを散々てこずらせた。	He gave us quite a lot of trouble.
正式	セイシキ	彼は全くと云ってよいほど、正式な教育を受けたことがない。	He had almost no formal education.
独り占め	ヒトリジメ	彼はこの広い部屋を独り占めしている。	He has this large room to himself.
境	サカイ	彼は生死の境をさ迷った。	He hovered between life and death.
ゴッホ	ゴッホ	彼はゴッホの模写をした。	He imitated the works of Van Gogh.
模写	モシャ	彼はゴッホの模写をした。	He imitated the works of Van Gogh.
渡英	トエイ	彼は渡英しようと心に決めている。	He is determined to go to England.
生来	セイライ	彼は生来寛大な人だ。	He is by nature a generous person.
寛大	カンダイ	彼は生来寛大な人だ。	He is by nature a generous person.
男盛り	オトコザカリ	彼は今男盛りだ。	He is now in the prime of manhood.
カーブ	カーブ	彼は右に急カーブした。	He made a sharp turn to the right.
おく	オコッ	彼は弱虫扱いをされておこった。	He resented being called a coward.
アメリカ合衆国	アメリカガッシュウコク	アメリカ合衆国が大好きです。	He really likes the United States.
崖っ縁	ガケップチ	彼はがけっぷちに立っていた。	He stood on the edge of the cliff.
口振り	クチブリ	彼は何でも知っているような口振りだ。	He talks as if he knows everything.
投げ与える	ナゲアタエ	彼は一切れの肉を犬に投げ与えた。	He threw a piece of meat to a dog.
心機一転	シンキイッテン	彼は心機一転やり直した。	He turned over a new leaf in life.
最下位	サイカイ	彼はクラスで最下位だった。	He was at the bottom of the class.
びり	ビリ	彼はクラスでびりだった。	He was at the bottom of the class.
数々	カズカズ	彼は数々の不幸な経験をした。	He's had many unhappy experiences.
案外	アンガイ	あの子の英語案外よかったよ。	Her English was surprisingly good.
凋落	チョウラク	彼の傲慢が凋落に繋がった。	His arrogance led to his downfall.
繋がる	ツナガル	彼の傲慢が凋落に繋がった。	His arrogance led to his downfall.
下痢止め	ゲリドメ	下痢止めです。	Here's some medicine for diarrhea.
履歴	リレキ	検索履歴って、どうやったら消せる？	How can I clear my search history?
問	モン	何問答えた？	How many questions did you answer?
ガス代	ガスダイ	毎月のガス代はいくらですか。	How much is your monthly gas bill?
所持金	ショジキン	所持金はいくらありますか。	How much money do you have on you?
デパート	デパート	デパートで買った。	I bought it at a department store.
松葉杖	マツバヅエ	足を折ってしまって、松葉杖なの。	I broke my leg and am on crutches.
打ち解ける	ウチトケル	大学の頃、人と打ち解けるようになった。	I came out of my shell in college.
同じく	オナジク	私は空を飛べないのと同じく泳ぐこともできない。	I can no more swim than I can fly.
現	ゲン	現段階では何もお話しできません。	I can't say anything at this time.
段階	ダンカイ	今の段階では、何も言えません。	At this stage, I can't say anything.
盛大	セイダイ	私は盛大で豪華な結婚式はいらない。	I don't want a big, fancy wedding.
かる	カラ	僕は大声で叫びたい衝動にかられた。	I felt an impulse to cry out loud.
衝動	ショウドウ	僕は大声で叫びたい衝動にかられた。	I felt an impulse to cry out loud.
寝心地	ネゴコチ	ベッドは寝心地満点だった。	I found the bed quite comfortable.
竦む	スクン	ヘビを見て足がすくんでしまった。	I froze at the sight of the snake.
悪酔い	ワルヨイ	悪酔いしました。	I got sick from drinking too much.
まぐれ	マグレ	ただのまぐれだと思うよ。	I guess it was just a lucky guess.
更に	サラニ	さらに5ドル払う羽目になった。	I had to pay another five dollars.
ゴールド	ゴールド	素敵なゴールドの万年筆を持ってるよ。	I have a nice golden fountain pen.
洗い	アライ	私はちょうど皿を全部洗い終えたところだ。	I have just washed all the dishes.
悪性	アクセイ	私の悪性のかぜがなおった。	I have recovered from my bad cold.
なおる	ナオッ	私の悪性のかぜがなおった。	I have recovered from my bad cold.
飲み足りる	ノミタリ	まだ飲み足りないな。	I haven't had enough to drink yet.
アドレス帳	アドレスチョウ	アドレス帳を部屋に忘れちゃった。	I left my address book in my room.
副業	フクギョウ	副業でたんまり儲けたんだ。	I made a lot of money on the side.
スペルミス	スペルミス	スペルミスをよくするんだ。	I make a lot of spelling mistakes.
ハイカー	ハイカー	その山で何人かのハイカーに会った。	I met some hikers on the mountain.
不徳	フトク	あれは、私の不徳の致すところでした。	I must admit that it was my fault.
再婚	サイコン	再婚なんて、絶対にいや。	I never want to get married again.
温もり	ヌクモリ	彼の腕のぬくもりを思い出す。	I remember the warmth of his arms.
合宿	ガッシュク	私は合宿所から逃げ出した。	I ran away from the training camp.
温かさ	アタタカサ	彼の腕の温かさを思い出す。	I remember the warmth of his arms.
時折	トキオリ	時折彼女の噂は耳にする。	I sometimes hear rumors about her.
ニコ	ニコ	メールに時々、ニコちゃんマークを使うよ。	I sometimes use smileys in emails.
スマイル	スマイル	時として、メールでスマイルマークを使ったりするよ。	I sometimes use smileys in emails.
語順	ゴジュン	語順の変更を提案します。	I suggest changing the word order.
値下げ	ネサゲ	値下げした方がいいと思います。	I think we should lower the price.
前向き	マエムキ	常に前向きでいようと心掛けているんだ。	I try to be positive all the time.
校正	コウセイ	私は校正の仕事を引き受けた。	I took on the job of proofreading.
ポジティブ	ポジティブ	いつもポジティブでいようと努力してるんだ。	I try to be positive all the time.
ロールスロイス	ロールスロイス	前は古いロールスロイスを持ってたんだよ。	I used to have an old Rolls Royce.
計量カップ	ケイリョウカップ	パンを焼いたりする時は、計量カップを使ってます。	I use a measuring cup when baking.
委員長	イインチョウ	彼は委員会の委員長だ。	He's the chairman of the committee.
夕立	ユウダチ	夕立に遭いました。	I was caught in an evening shower.
優柔	ユウジュウ	彼の優柔不断さにイライラした。	I was irritated by his indecision.
不断	フダン	彼の優柔不断さにイライラした。	I was irritated by his indecision.
受賞	ジュショウ	お前が受賞するとは驚いたな。	I was surprised you won the prize.
撤廃	テッパイ	彼女は女性差別撤廃を主張した。	She advocated equal rights for women.
寝違える	ネチガエ	首を寝違えました。	I woke up with a crick in my neck.
国際	コクサイ	国際電話をかけたいのですが。	I'd like to make an overseas call.
シングルルーム	シングルルーム	シングルルームは満室だった。	The single rooms were fully booked.
アシスタント	アシスタント	僕はあなたのアシスタントとして働きます。	I'll be working as your assistant.
サポート	サポート	できるだけサポートするよ。	I'll support you as much as I can.
部員	ブイン	私は水泳部の部員です。	I'm a member of the swimming club.
飛び越す	トビコセ	恐くてその溝は跳び越せないよ。	I'm afraid to jump over the ditch.
扁桃腺	ヘントウセン	扁桃腺がはれている気がするのですが。	I'm afraid my tonsils are swollen.
スイミングクラブ	スイミングクラブ	私はスイミングクラブの会員です。	I'm a member of the swimming club.
講師	コウシ	正確に言うと私は大学講師です。	I'm actually a university teacher.
部屋探し	ヘヤサガシ	私は部屋探しに忙しい。	I'm busy looking for an apartment.
シルバー	シルバー	シルバーのネックレスを探してるんだけど。	I'm looking for a silver necklace.
デモ	デモ	デモに参加するつもりなんだ。	I'm going to join a demonstration.
世界史	セカイシ	世界史のコースを取ってるんだ。	I'm taking a world history course.
一張羅	イッチョウラ	今日は俺の一張羅の服を着てきたんだ。	I'm wearing my best clothes today.
書架	ショカ	書架の本は１冊残らず全部読みました。	I've read every book on the shelf.
目玉	メダマ	豚の目玉って食べても大丈夫なの？	Is it safe to eat a pig's eyeball?
眼球	ガンキュウ	豚の眼球は食べても大丈夫なんですか？	Is it safe to eat a pig's eyeball?
類義語	ルイギゴ	「類義語」という意味の言葉は他にありますか？	Is there another word for synonym?
鉄製	テツセイ	これは木製ですか、鉄製ですか？	Is this made out of wood or metal?
サラダオイル	サラダオイル	そのビンにサラダオイルは入ってる？	Is there salad oil in that bottle?
ゴールデン	ゴールデン	あれがゴールデン・ゲート・ブリッジでしょ。	Isn't that the Golden Gate Bridge?
仕上がる	シアガル	それは１日か２日で仕上がる。	It'll be finished in a day or two.
最短	サイタン	駅まで最短ルートで行ったんだ。	We took the shortest way to the station.
ルート	ルート	駅まで最短ルートで行ったんだ。	We took the shortest way to the station.
睡眠不足	スイミンフソク	睡眠不足が響いてきた。	Lack of sleep began to tell on me.
満州	マンシュウ	日本は満州の支配を望んだ。	Japan wanted control of Manchuria.
植民地	ショクミンチ	戦争後、イギリスは多くの植民地を得た。	After the war, Britain had many colonies.
古都	コト	京都は日本の古都だ。	Kyoto is the old capital of Japan.
雪遊び	ユキアソビ	外に出て雪遊びしようよ。	Let's go out and play in the snow.
巡り	メグリ	明日は、お寺さん巡りをしよう。	Let's visit some temples tomorrow.
料理店	リョウリテン	日本料理店へ行きましょう。	Let's go to a Japanese restaurant.
ライフジャケット	ライフジャケット	ライフジャケットはシートの下です。	Life jackets are under your seats.
シート	シート	警察は死体をシートで覆った。	The police covered the body with a sheet.
小鳥	コトリ	ほら！あの木に小鳥がいる。	Look! There's a bird in that tree.
考え事	カンガエゴト	考え事に没頭してたら、乗り過ごしちゃったんだ。	Lost in thought, I missed my stop.
貧困	ヒンコン	多くの病気が貧困から生じる。	Many diseases result from poverty.
色鮮やか	イロアザヤカ	メアリーは色鮮やかな着物をまとっている。	Mary is wearing a colorful kimono.
万引き	マンビキ	メアリーは万引きをして捕まった。	Mary was arrested for shoplifting.
重なる	カサナル	不幸は重なるものだ。	Misfortunes always come in threes.
155	イチゴゴ	血圧は上が１５５で下が１０５です。	My blood pressure is 155 over 105.
死者	シシャ	イスラム教徒は死者を墓に埋葬します。	Muslims bury their dead in graves.
埋め合わせる	ウメアワセル	失った時間を金で埋め合わせることはできない。	Money can't make up for lost time.
格段	カクダン	僕のカメラの方があいつのより格段にいい。	My camera is much better than his.
ぴちゃぴちゃ	ピチャピチャ	私の犬は水をぴちゃぴちゃと飲んだ。	My dog lapped the water thirstily.
ハングリー	ハングリー	私の好きな曲はハングリー・スパイダーです。	My favorite song is Hungry Spider.
スパイダー	スパイダー	私の好きな曲はハングリー・スパイダーです。	My favorite song is Hungry Spider.
芝	シバ	隣の芝は青い。	The grass is always greener on the other side.
行儀作法	ギョウギサホウ	私の母は行儀作法にやかましい。	My mother is strict about manners.
次ぐ	ツグ	私の計画は相次いで失敗した。	My plans failed one after another.
関心事	カンシンジ	私の主たる関心事はあなたの身の安全なのです。	My primary concern is your safety.
主たる	シュタル	あらゆる離婚の主たる原因は結婚である。	Marriage is the main cause of all divorces.
右上	ミギウエ	右上の親知らずが痛みます。	My upper right wisdom tooth hurts.
ナポレオン	ナポレオン	ナポレオンはセントヘレナ島へ流された。	Napoleon was exiled to St. Helena.
セントヘレナ	セントヘレナ	ナポレオンはセントヘレナ島へ流された。	Napoleon was exiled to St. Helena.
就職難	シュウショクナン	近頃は就職難だ。	Nowadays jobs are hard to come by.
逆転	ギャクテン	形勢は逆転した。	Now the shoe is on the other foot.
形勢	ケイセイ	形勢は逆転した。	Now the shoe is on the other foot.
フェニックス	フェニックス	フェニックスはアリゾナの州都である。	Phoenix is the capital of Arizona.
アリゾナ	アリゾナ	フェニックスはアリゾナの州都である。	Phoenix is the capital of Arizona.
州都	シュウト	フェニックスはアリゾナの州都である。	Phoenix is the capital of Arizona.
落葉	ラクヨウ	落葉を取り除いて下さい。	Please get rid of the dead leaves.
5511	ゴゴイチイチ	４４２－５５１１へつないで下さい。	Please put me through to 442-5511.
442	ヨンヨンニ	４４２－５５１１へつないで下さい。	Please put me through to 442-5511.
実質的	ジッシツテキ	実質的に全ての家庭にはテレビがある。	Practically every family has a TV.
啜る	ススッ	鼻水をズルズルとすすってないで、ちゃんと鼻をかみなさい。	Quit sniffling and blow your nose.
ずるずる	ズルズル	私はぬかるんだ斜面をずるずると滑り下りた。	I slowly slid down the muddy slope.
求婚	キュウコン	彼女は彼の求婚に応じた。	She accepted his hand in marriage.
見殺し	ミゴロシ	彼女は息子を見殺しにした。	She abandoned her son to his fate.
口達者	クチダッシャ	セールスマンは大抵口達者だ。	Salesmen are usually fast talkers.
予報	ヨホウ	今夜の予報は雨である。	Rain is forecast for this evening.
はる	ハロウ	彼女はろう学校に通っている。	She goes to a school for the deaf.
走り去る	ハシリサッ	彼女は自転車にまたがり、走り去った。	She got on her bike and rode away.
跨がる	マタガル	彼女は自転車にまたがり、走り去った。	She got on her bike and rode away.
ディール	ディール	彼女は実際にはディールに住んでいません。	She doesn't actually live in Deal.
革製	カワセイ	彼女は革製のハンドバッグをくれた。	She gave me a bag made of leather.
地方公務員	チホウコウムイン	彼女は地方公務員だ。	She is a local government officer.
店員	テンイン	彼は店員に金を渡した。	He handed the salesclerk the money.
模様	モヨウ	彼女はその皿の模様が気に入っている。	She likes the design on the plate.
写真家	シャシンカ	彼女は写真家だ。	She's a professional photographer.
がっぽり	ガッポリ	彼女はがっぽり稼いでいるよ。	She's making money hand over fist.
機関	キカン	彼女は政府機関に勤めているのでしょう？	She's with a government bureau, isn't she?
諜報	チョウホウ	彼女はフランスの諜報機関のために働いている。	She works for French intelligence.
賢母	ケンボ	彼女は良妻賢母だよ。	She's a wonderful wife and mother.
良妻	リョウサイ	彼女は良妻賢母だよ。	She's a wonderful wife and mother.
塗り直す	ヌリナオソウ	彼女は家を塗り直そうとしている。	She's trying to repaint her house.
背ける	ソムケル	現実から目を背けるのはやめろよ。	Stop hiding your head in the sand.
鞭	ムチ	鞭を惜しむと子供は駄目になる。	Spare the rod and spoil the child.
言い争う	イイアラソッ	その姉妹はいつも言い争ってばかりいた。	The two sisters were always quarreling with each other.
戦闘機	セントウキ	その戦闘機は爆弾を投下した。	That fighter plane dropped a bomb.
領土	リョウド	あの島はアメリカの領土です。	That island is American territory.
各駅停車	カクエキテイシャ	その列車は各駅停車です。	That train stops at every station.
審議	シンギ	その問題は審議中です。	That question is under discussion.
語句	ゴク	この語句の意味は何ですか？	What's the meaning of this phrase?
湾岸	ワンガン	１９９０年代は湾岸戦争で始まった。	The 1990s began with the Gulf War.
矢印	ヤジルシ	矢印は進行方向を示しています。	The arrow indicates the way to go.
銅	ドウ	銅の原子番号は29です。	The atomic number of copper is 29.
29	ニキュウ	銅の原子番号は29です。	The atomic number of copper is 29.
夫妻	フサイ	ジャクソン夫妻は、２００３年に結婚したのよ。	The Jacksons were married in 2003.
積み重ねる	ツミカサネル	テーブルに、手紙が積み重ねてある。	There is a stack of letters on the table.
上院	ジョウイン	予算案は上院を通過した。	The budget passed the Upper House.
ブラジリア	ブラジリア	ブラジルの首都はブラジリアである。	The capital of Brazil is Brasilia.
跳ねかす	ハネカシ	男の子はたらいの中でジャブジャブ水をはねかしていた。	The boy splashed about in the tub.
じゃぶじゃぶ	ジャブジャブ	男の子はたらいの中でジャブジャブ水をはねかしていた。	The boy splashed about in the tub.
盥	タライ	男の子はたらいの中でジャブジャブ水をはねかしていた。	The boy splashed about in the tub.
150	イチゴレイ	飛行機には150人の乗客がいた。	There were 150 passengers on the plane.
拒絶	キョゼツ	その要求はあっさり拒絶された。	The demand was summarily rejected.
狭まる	セバマル	両者の溝が狭まった。	The gap between them has narrowed.
輸出	ユシュツ	武器の輸出が禁止された。	The export of arms was not allowed.
どかん	ドカン	ダイナマイトがドカンと爆発した。	The dynamite went off with a bang.
ダイナマイト	ダイナマイト	ダイナマイトがドカンと爆発した。	The dynamite went off with a bang.
消火	ショウカ	消防士は、すぐに消火した。	The fireman soon put the fire out.
キャビネット	キャビネット	ファイルキャビネットの引き出しが開いている。	The file cabinet drawers are open.
おどおど	オドオド	彼女の前に出るときまっておどおどする。	I always get nervous in her presence.
反響	ハンキョウ	そのニュースは大反響を呼んだ。	The news caused a great sensation.
巻き起こす	マキオコシ	そのニュースは大評判を巻き起こした。	The news caused a great sensation.
終身刑	シュウシンケイ	三人は終身刑を科せられた。	Three were sentenced to life in prison.
意欲	イヨク	その老人は生きる意欲をなくした。	The old man lost the will to live.
モノクロ	モノクロ	写真はモノクロです。	The photograph is black and white.
horses	horses	"horse"の複数形は"horses"です。	The plural of "horse" is "horses."
複数形	フクスウケイ	"horse"の複数形は"horses"です。	The plural of "horse" is "horses."
ホース	ホース	"horse"の複数形は"horses"です。	The plural of "horse" is "horses."
品物	シナモノ	注文していない品物を受け取りました。	I received an item that I didn't order.
出動	シュツドウ	警察官たちは今日、大勢出動しています。	The police are out in force today.
谷間	タニマ	その谷間には川が流れている。	The river runs through the valley.
うじゃうじゃ	ウジャウジャ	部屋に蜘蛛がうじゃうじゃいる。	The room is crawling with spiders.
砂浜	スナハマ	砂浜の砂はすごく熱いよ。	The sand on the beach is very hot.
好転	コウテン	人生が好転しました。	My life has changed for the better.
大会	タイカイ	水泳大会が中止になった。	The swimming event was called off.
テーブルクロス	テーブルクロス	テーブルクロスは、食器棚の中だよ。	The tablecloth is in the cupboard.
食器棚	ショッキダナ	テーブルクロスは、食器棚の中だよ。	The tablecloth is in the cupboard.
赤面	セキメン	先生は赤面していた。	The teacher's face was bright red.
ごった返す	ゴッタガエシ	電車は人でごった返していた。	The train was crowded with people.
上部	ジョウブ	上部は時計回りに回ってます。	The top part is turning clockwise.
混み合う	コミアッ	電車は人で混み合っていた。	The train was crowded with people.
長引く	ナガビク	治療は苦痛を長引かせた。	The treatment prolonged the agony.
滑り込む	スベリコン	列車は駅にすべりこんだ。	The train pulled into the station.
右回り	ミギマワリ	上の部分は右回りで回転しています。	The top part is turning clockwise.
鞘	サヤ	二人は元の鞘に収まった。	The two of them got back together.
した	シタ	かごがひとつ、テーブルのしたにある。	There is a basket under the table.
過度	カド	過度に心配することはない。	There is no cause for undue alarm.
幾	イク	湖の上に幾艘かのボートがあった。	There were some boats on the lake.
艘	ソウ	湖の上に幾艘かのボートがあった。	There were some boats on the lake.
不名誉	フメイヨ	貧しいことは、何ら不名誉ではない。	There's no disgrace in being poor.
クリスマスイヴ	クリスマスイヴ	彼らはクリスマスイヴに結婚した。	They got married on Christmas Eve.
政党	セイトウ	彼らは新しい政党を作った。	They formed a new political party.
武装	ブソウ	その兵士たちは武装していた。	The soldiers were equipped with weapons.
果樹	カジュ	彼らは果樹に農薬を散布している。	They are spraying the fruit trees.
農薬	ノウヤク	彼らは果樹に農薬を散布している。	They are spraying the fruit trees.
散布	サンプ	彼らは果樹に農薬を散布している。	They are spraying the fruit trees.
除雪	ジョセツ	彼等はシャベルで除雪していた。	They were shoveling the snow away.
ボロ	ボロ	彼らはボロ屋に住んでいた。	They lived in a dilapidated house.
降車	コウシャ	彼らは次のバス停で降車した。	They got off at the next bus stop.
コスト	コスト	値段はコストと需要次第だな。	Prices depend on the costs and the demand.
消息	ショウソク	それ以来彼らの消息は不明だ。	They've never been heard of since.
仮説	カセツ	これらのデータはその仮説を支持している。	This data supports the hypothesis.
土台	ドダイ	この家は土台がしっかりしている。	This house has a solid foundation.
斯く	カク	事故はかくして起こった。	This is how the accident happened.
イラスト	イラスト	このイラストは、トムが描いたんだ。	This illustration was done by Tom.
オンタリオ	オンタリオ	この川はオンタリオ湖に流れ込む。	This river runs into Lake Ontario.
流れ込む	ナガレコム	この川は太平洋に流れ込みます。	This river flows into the Pacific Ocean.
一考	イッコウ	この問題は一考に値する。	This problem deserves considering.
40000	ヨンマン	このテープレコーダーは４万円しました。	This tape recorder was 40,000 yen.
テープレコーダー	テープレコーダー	このテープレコーダーは４万円しました。	This tape recorder was 40,000 yen.
ノンストップ	ノンストップ	列車は名古屋までノンストップで走ります。	This train runs nonstop to Nagoya.
リサイタル	リサイタル	明日の私のリサイタルには来ないの？	Aren't you coming to my recital tomorrow?
分かれる	ワカレル	ついたてで部屋が２つに分かれている。	A screen divided the room into two.
乱入	ランニュウ	トムとメアリーはジョンのパーティーに乱入した。	Tom and Mary crashed John's party.
同世代	ドウセダイ	トムは私と同世代よ。	Tom and I are the same generation.
チップス	チップス	トムはチップスとクッキーを全部食べちゃったんだ。	Tom ate all the chips and cookies.
クリームチーズ	クリームチーズ	クリームチーズ取ってくれる？	Would you pass me the cream cheese, please?
近況	キンキョウ	友達が私の近況を尋ねる手紙を送ってきた。	My friend sent me a letter asking how I was.
真顔	マガオ	トムは真顔のままでいることができなかった。	Tom couldn't keep a straight face.
告発	コクハツ	トムは告発したくない。	Tom doesn't want to press charges.
胸倉	ムナグラ	トムは息子の胸ぐらをつかんだ。	Tom grabbed his son by the collar.
罵倒	バトウ	トムは怒って、メアリーを罵倒した。	Tom got mad and called Mary names.
執筆	シッピツ	トムは30冊以上の本を執筆している。	Tom has written over thirty books.
刺青	イレズミ	トムは体中に刺青がある。	Tom has tattoos all over his body.
願望	ガンボウ	トムにフランス語を学びたいという願望はない。	Tom has no desire to learn French.
たる	タッ	トムはカメラを持っているたった一人です。	Tom is the only one with a camera.
赤十字	セキジュウジ	トムは赤十字のボタンをつけている。	Tom is wearing a Red Cross button.
接し方	セッシカタ	トムは子供への接し方を分かってるよ。	Tom knows how to talk to children.
蹴り入れる	ケリイレ	トムはボールをゴールに蹴り入れた。	Tom kicked the ball into the goal.
周囲	シュウイ	惑星は太陽の周囲を回転する。	The planets revolve around the sun.
玩具箱	オモチャバコ	トムは自分のおもちゃをおもちゃ箱にしまいました。	Tom put his toys into the toy box.
凡ミス	ボンミス	トムはよく凡ミスをする。	Tom often makes careless mistakes.
マリア	マリア	トムはマリアが死んだと聞いてショックを受けた。	Tom was shocked to hear that Mary had died.
広告代理店	コウコクダイリテン	トムは広告代理店を立ち上げた。	Tom started an advertising agency.
履修	リシュウ	明日は履修届けを出しに学校へ行きます。	Tomorrow we go to school to sign up for the classes we want to take.
制御	セイギョ	トムは自分の感情を制御しようとした。	Tom tried to control his emotions.
制圧	セイアツ	トムはその状況を制圧した。	Tom took control of the situation.
コロッセオ	コロッセオ	トムはローマのコロッセオを訪れた。	Tom visited the Colosseum in Rome.
まんまと	マンマト	彼はまんまとだまされて彼女に金をやった。	He was easily deceived and gave her some money.
攀じ登る	ヨジノボッ	トムが窓をよじ登ってるのを見ちゃった。	I saw Tom climbing in through the window.
出世	シュッセ	トムはメアリーの出世を妬んだ。	Tom was jealous of Mary's success.
褌	フンドシ	トムは裸にふんどし一丁だった。	Tom was naked but for a loincloth.
士	シ	トムは通訳士として雇われました。	Tom was engaged as an interpreter.
筏	イカダ	トムは、いかだで川を下った。	Tom went down the river on a raft.
木天蓼	マタタビ	トムの猫はまたたびに興奮しないのよ。	Tom's cat doesn't react to catnip.
盗賊	トウゾク	ここでは盗賊にご用心。	Watch out for thieves around here.
窃盗犯	セットウハン	この近辺では窃盗犯に警戒してください。	Watch out for thieves around here.
流れ出す	ナガレダシ	水が壊れたパイプからどっと流れ出した。	Water poured from the broken pipe.
パイプ	パイプ	ガスがパイプから漏れているようです。	Gas seems to be escaping from the pipe.
始終	シジュウ	俺らは始終、つるんでいる。	We hang out together all the time.
つるむ	ツルン	俺らは始終、つるんでいる。	We hang out together all the time.
占める	シメル	市場の２０%を占めています。	We have a 20% share of the market.
おもて	オモテ	私達は見知らぬ人がおもてを歩いているのを見た。	We saw a stranger walking outside.
地域社会	チイキシャカイ	我々は地域社会について考えなければいけない。	We must think about the community.
遠征	エンセイ	私たちは遠征試合でほとんど負けてしまった。	We lost almost all our away games.
立ち話	タチバナシ	私たちは３０分立ち話をした。	We stood talking for half an hour.
早足	ハヤアシ	私たちは早足で歩いた。	We walked more quickly than usual.
急ぎ足	イソギアシ	僕たちはいつもより急ぎ足で歩きました。	We walked more quickly than usual.
ダブル	ダブル	空いているのはダブルの部屋だけだ。	The only room available is a double.
はく	ハク	私たちは靴をはくのに慣れている。	We're accustomed to wearing shoes.
宅	タク	近いうちにお宅にうかがいます。	We'll visit you one of these days.
連想	レンソウ	夏といえば何を連想しますか。	What do you associate with summer?
タイド	タイド	「Ｔｈｅｒｅ　ｉｓ　ａ　ｔｉｄｅ」とはどういう意味ですか。	What does "There is a tide" imply?
there	there	「Ｔｈｅｒｅ　ｉｓ　ａ　ｔｉｄｅ」とはどういう意味ですか。	What does "There is a tide" imply?
IS	イズ	「Ｔｈｅｒｅ　ｉｓ　ａ　ｔｉｄｅ」とはどういう意味ですか。	What does "There is a tide" imply?
フレーズ	フレーズ	このフレーズはどういう意味なの？	What's the meaning of this phrase?
57	ゴナナ	57便の荷物はどこにありますか。	Where are the bags from Flight 57?
早退	ソウタイ	熱があるから早退しますね。	I have a fever, so I'll leave early.
夏服	ナツフク	夏服を着ればいいのに。	Why don't you wear summer clothes?
ホチキス	ホッチキス	ホッチキスを貸してくれませんか。	Will you please lend me a stapler?
勤務時間	キンムジカン	勤務時間内は禁煙です。	You can't smoke during work hours.
目上	メウエ	目上の人には礼儀正しくしなければならない。	You must be polite to your elders.
代理人	ダイリニン	代理人ではなくあなた本人が来てください。	You're supposed to come in person.
スウェーデン人	スウェーデンジン	「スウェーデン人？」「ちゃう。スイス人です」	"Are you Swedish?" "No, I'm Swiss."
ころころ	コロコロ	私の足元に野球のボールがころころと転がってきた。	A baseball came rolling to my feet.
椎茸	シイタケ	「椎茸」はキノコの一種だ。	A "shiitake" is a type of mushroom.
擬える	ナズラエル	本は友になぞらえることが出来る。	A book can be compared to a friend.
蜃気楼	シンキロウ	蜃気楼は幻影だと言われている。	A mirage is said to be an illusion.
幻影	ゲンエイ	蜃気楼は幻影だと言われている。	A mirage is said to be an illusion.
衝立て	ツイタテ	ついたてが部屋を二つに分かっている。	A screen divided the room into two.
駆け回る	カケマワル	鼠が一匹部屋を駆けまわっている。	A mouse is running around the room.
課する	カスル	王は人民に重税を課した。	The king imposed heavy taxes on the people.
重税	ジュウゼイ	国民は重税に苦しんだ。	The people groaned under the burden of heavy taxation.
メートル	メーター	1,000メーターは1キロです。	A thousand meters is one kilometer.
km	キロメートル	1,000mは1kmです。	A thousand meters is one kilometer.
出し抜け	ダシヌケ	彼は出し抜けに私に結婚してくれといった。	All of a sudden, he proposed to me.
代数	ダイスウ	代数は数学の１部門です。	Algebra is a branch of mathematics.
部門	ブモン	代数は数学の１部門です。	Algebra is a branch of mathematics.
防御	ボウギョ	攻撃は最大の防御。	Attack is the best form of defense.
最大	サイダイ	攻撃は最大の防御。	Attack is the best form of defense.
戦費	センピ	戦費の捻出に国債が発行された。	Bonds were issued to finance a war.
発行	ハッコウ	この新聞は発行部数が多い。	This paper has a large circulation.
捻出	ネンシュツ	戦費の捻出に国債が発行された。	Bonds were issued to finance a war.
国債	コクサイ	戦費の捻出に国債が発行された。	Bonds were issued to finance a war.
ベルン	ベルン	ベルンはスイスの首都です。	Bern is the capital of Switzerland.
バンコク	バンコク	バンコクはタイの首都です。	Bangkok is the capital of Thailand.
調達	チョウタツ	私達は食料を調達するため店に入った。	We went into a shop to get some food.
公債	コウサイ	戦争の資金を調達するために公債が発行された。	Bonds were issued to finance a war.
手配	テハイ	旅行代理店が全部手配してくれたよ。	A travel agent arranged everything for our trip.
須らく	スベカラク	子たる者すべからく親の命に従うべし。	Children should obey their parents.
浜辺	ハマベ	彼らは浜辺にテントを張った。	They pitched their tent on the beach.
雑巾	ゾウキン	ぬれたぞうきんで窓をふきなさい。	Clean the window with a damp cloth.
カカオ	カカオ	チョコレートはカカオ豆から作られます。	Chocolate is made from cocoa beans.
チーズケーキ	チーズケーキ	チーズケーキを１つください。	Could I have a slice of cheesecake?
コペンハーゲン	コペンハーゲン	コペンハーゲンはデンマークの首都です。	Copenhagen is the capital of Denmark.
シナモン	シナモン	シナモンドーナツを３個おねがいします。	Could I have three cinnamon donuts?
被せる	カブセル	種の上に少し土をかぶせなさい。	Cover the seeds with a bit of soil.
冬休み	フユヤスミ	冬休み何日から？	When does your winter vacation begin?
海草	カイソウ	海草を食べたのは初めてです。	This is the first time I've had seaweed.
火薬	カヤク	火薬を発明した人が誰か、知ってる？	Do you know who invented gunpowder?
UNESCO	ユネスコ	ユネスコが何の略か知っていますか。	Do you know what UNESCO stands for?
iPhone	アイフォーン	誰かiPhoneの充電器持ってませんか？	Does anyone have an iPhone charger?
知ったか	シッタカ	知ったかぶりすんなよ。	Don't act like you know everything.
仇	アダ	恩を仇で返すな。	Don't bite the hand that feeds you.
道草	ミチクサ	帰り道で道草を食うんじゃないよ。	Don't fool around on your way home.
運転中	ウンテンチュウ	運転中の携帯電話の使用は止めましょう。	Don't use your phone while driving.
受け止める	ウケトメル	何でもかんでもそう深刻に受け止めるな。	Don't take everything so seriously.
密接	ミッセツ	需要と供給の間には密接な関係がある。	There is close relationship between supply and demand.
繋がり	ツナガリ	２つの間には重要なつながりがある。	There's a vital link between the two.
アインシュタイン	アインシュタイン	アインシュタインは数学の天才だった。	Einstein was a mathematical genius.
出社	シュッシャ	今日は誰もが早く出社した。	Everybody came to work early today.
果報	カホウ	果報は寝て待て。	Everything comes to those who wait.
全額	ゼンガク	父は母に給料全額を渡している。	My father gives my mother all of his salary.
不吉	フキツ	４は日本では不吉な数字だ。	Four is an unlucky number in Japan.
代役	ダイヤク	代役を探すのはおおごとだよ。	Finding a replacement will be hard.
ジョージ	ジョージ	ジョージ・ワシントンは１７３２年に生まれた。	George Washington was born in 1732.
1732	イチナナサンニ	ジョージ・ワシントンは１７３２年に生まれた。	George Washington was born in 1732.
ワシントン	ワシントン	ジョージ・ワシントンは１７３２年に生まれた。	George Washington was born in 1732.
プラス	プラス	プラスドライバーを取ってくれ。	Get me a Phillips head screwdriver.
あえる	アエル	すごい！じゃこれから時々あえるわね。	Great! Let's get together sometime.
順応	ジュンノウ	彼は環境に順応した。	He adapted himself to circumstances.
公表	コウヒョウ	彼は彼女との婚約を公表した。	He announced his engagement to her.
ゆする	ユスッ	彼は怒って、鍵のかかったドアをがたがたゆすった。	He angrily rattled the locked door.
担ぐ	カツグ	彼は肩に銃を担いだ。	He carried a rifle on his shoulder.
投げ返す	ナゲカエシ	彼はそのボールを投げ返してくれと言った。	He asked me to throw the ball back.
記述	キジュツ	あの男は新聞の記述と一致する。	The man answers to the description in the newspaper.
遠ざかる	トオザカル	彼は政治から遠ざかった。	He distanced himself from politics.
激痛	ゲキツウ	彼は胸に激痛を覚えた。	He felt an acute pain in his chest.
誌	シ	彼はタイム誌の記者です。	He is a reporter for Time magazine.
意義	イギ	彼は重大な意義のある決定を下した。	He has made a significant decision.
銀行預金	ギンコウヨキン	彼は銀行預金が相当ある。	He has plenty of money in the bank.
権威	ケンイ	彼は刑法の権威だ。	He is an authority on criminal law.
刑法	ケイホウ	彼は刑法の権威だ。	He is an authority on criminal law.
鞄持ち	カバンモチ	彼は社長の鞄持ちだ。	He is the boss's private secretary.
類い	タグイ	そういう類いのことは好きじゃない。	I don't go in for that sort of thing.
経理部	ケイリブ	彼は経理部で働いている。	He is an accountant at the company.
松江	マツエ	彼は松江に７年間住んでいた。	He lived in Matsue for seven years.
救い出す	スクイダシ	彼はその子供を火事から救い出した。	He rescued the child from the fire.
高らか	タカラカ	彼は高らかにその詩を読み上げた。	He read the poem with a loud voice.
読み上げる	ヨミアゲル	彼は高らかにその詩を読み上げた。	He read the poem with a loud voice.
精神	セイシン	彼にはユーモア精神が全然ないようだ。	He seems to have no sense of humor.
校舎	コウシャ	彼は校舎に放火した。	He set fire to the school building.
放火	ホウカ	彼は校舎に放火した。	He set fire to the school building.
小石	コイシ	投げた小石は水を切って飛んだ。	The pebble I threw skipped along the surface of the water.
戦慄	センリツ	恐ろしい光景に彼は戦慄した。	He shuddered at the terrible scene.
隈無く	クマナク	彼は国中をくまなく旅行した。	He traveled throughout the country.
衰弱	スイジャク	彼は失血のため衰弱していた。	He was weak from the loss of blood.
失血	シッケツ	彼は失血のため衰弱していた。	He was weak from the loss of blood.
臑齧り	スネカジリ	彼はいまでも父親のすねかじりです。	He's still sponging off his father.
幼少期	ヨウショウキ	幼少期はここで過ごしました。	Here is where I spent my childhood.
暗唱	アンショウ	彼女の娘はたくさんの詩が暗誦できる。	Her daughter can recite many poems.
優等生	ユウトウセイ	彼はいわゆる優等生だ。	He's what we call an honor student.
波瀾	ハラン	彼の一生は波瀾万丈であった。	His life was full of ups and downs.
万丈	バンジョウ	彼の一生は波瀾万丈であった。	His life was full of ups and downs.
声変わり	コエガワリ	１２才の時彼は声変わりした。	His voice broke when he was twelve.
英単語	エイタンゴ	英単語って、幾つ覚えてる？	How many English words do you know?
陣痛	ジンツウ	陣痛の間隔はどれくらいですか。	How far apart are the contractions?
追加料金	ツイカリョウキン	追加料金はいくらだった？	How much was the additional charge?
狩猟	シュリョウ	この地域での狩猟は禁止されています。	Hunting is prohibited in this area.
案じる	アンジ	トムはメアリーの将来を案じてるんだ。	Tom is concerned about Mary's future.
熱湯	ネットウ	熱湯でやけどをしました。	I burned myself with boiling water.
用品	ヨウヒン	家庭用品は三階にあります。	You'll find domestic articles on the third floor.
気力	キリョク	それをする気力はない。	I don't have the energy to do that.
半疑	ハンギ	彼の言うことには半信半疑だ。	I don't quite believe what he says.
半信	ハンシン	彼の言うことには半信半疑だ。	I don't quite believe what he says.
酒豪	シュゴウ	酒豪女は嫌いです。	I don't like women who drink a lot.
世代	セダイ	お前の世代は理解できんわ。	I don't understand your generation.
女友達	オンナトモダチ	女友達を失いたくなんだよ。	I don't want to lose my girlfriend.
ピッチャー	ピッチャー	ピッチャーを落として割っちゃった。	I dropped the pitcher and it broke.
立ち眩み	タチクラミ	立ちくらみがします。	I get dizzy spells when I stand up.
未遂	ミスイ	私は2回自殺未遂をしました。	I have attempted suicide two times.
NASA	ナサ	私にはＮＡＳＡで働いている友達がいるんです。	I have a friend who works for NASA.
面会	メンカイ	仕事上の面会に伺いました。	I have come to see you on business.
ずり	ズリ	噂話にかかずりあっている暇はない。	I have no time to engage in gossip.
目脂	メヤニ	目やにが出ます。	I have mucus coming out of my eyes.
哲学	テツガク	哲学は難しいと思われがちだ。	Philosophy is often regarded as difficult.
一昨日	オトツイ	おとついトムに会ったよ。	I met Tom the day before yesterday.
雪下ろし	ユキオロシ	雪下ろしをしないとな。	We have to clear the snow from the roof.
一昨日	オトトイ	おとといは嵐だった。	It was stormy the day before yesterday.
気付き	キヅキ	トムがそんなにバカだとは気づきもしなかったよ。	I never realized Tom was so stupid.
リング	リング	ゴールドよりシルバーリングの方が好きだな。	I prefer silver rings to gold ones.
飛ばし	トバシ	一段飛ばしで階段を駆け上った。	I ran upstairs two steps at a time.
一段	イチダン	一段飛ばしで階段を駆け上った。	I ran upstairs two steps at a time.
ハロー	ハロー	私が彼女に「ハロー」と挨拶すると彼女は微笑んだ。	I said hello to her and she smiled.
笑い声	ワライゴエ	あなたの笑い声、覚えてるよ。	I remember the sound of your laugh.
睡眠時間	スイミンジカン	私の平均睡眠時間は６時間です。	I sleep six hours a day on average.
前髪	マエガミ	前髪は短く切りすぎないでください。	Don't cut it too short in the front.
泥濘む	ヌカルン	ぬかるんだ道で新しい靴が台無しになった。	The muddy road ruined my new shoes.
斜面	シャメン	私はぬかるんだ斜面をずるずると滑り下りた。	I slowly slid down the muddy slope.
適切	テキセツ	彼の意見は適切だと思った。	I thought his opinion was relevant.
博打	バクチ	これが博打だってことは分かってます。	I understand that this is a gamble.
邦楽	ホウガク	邦楽が聞きたいです。	I want to listen to Japanese music.
大半	タイハン	日本の寺院の大半は木造だ。	The majority of Japanese temples are made out of wood.
中学	チュウガク	私は去年中学３年生だった。	I was in the ninth grade last year.
遣り遂げる	ヤリトゲ	彼は計画どおり仕事をやりとげた。	He accomplished the work as planned.
預金口座	ヨキンコウザ	預金口座を開設したいのですが。	I'd like to open a savings account.
超音波	チョウオンパ	超音波検査をしましょう。	I'd like you to have an ultrasound.
出来れば	デキレバ	出来れば、釣りに行きたい。	I'd like to go fishing if possible.
重荷	オモニ	僕が君の重荷になるんじゃないかと心配なんだ。	I'm afraid I'll be a burden to you.
異国	イコク	僕は異国の地で独りきりだ。	I'm all alone in a foreign country.
コンビニ	コンビニ	ちょっとコンビニ行ってくるね。	I'm going to the convenience store.
模索	モサク	より簡単な解決策を模索している。	I'm looking for a simpler solution.
苦戦	クセン	フランス語の文法に苦戦しています。	I'm struggling with French grammar.
控える	ヒカエル	塩分を控えるように言われました。	I've been told to cut down on salt.
輸入車	ユニュウシャ	輸入車の需要は強い。	Imported cars are in strong demand.
ニコチン	ニコチン	ニコチンはヘロインと同様に中毒性があるのですか？	Is nicotine as addictive as heroin?
写真屋	シャシンヤ	ホテルの中に写真屋はありますか。	Is there a photo shop in the hotel?
探し物	サガシモノ	探し物は見つかった？	Did you find what you were looking for?
アラスカ	アラスカ	ここはアラスカほど寒くありません。	It isn't as cold here as in Alaska.
丸一	マルイチ	富士山に登るのに丸一晩かかった。	It took all night to climb Mt Fuji.
伝統的	デントウテキ	それはとても伝統的な儀式だった。	It was a very traditional ceremony.
儀式	ギシキ	それはとても伝統的な儀式だった。	It was a very traditional ceremony.
たく	タイ	とても寒かったので火をたいた。	It was so cold that we made a fire.
水道水	スイドウスイ	水道水は飲まないほうがいいよ。	It's better not to drink tap water.
月面	ゲツメン	まるで月面を歩いているみたいだ。	It's just like walking on the moon.
ノーベル賞	ノーベルショウ	ノーベル賞を得ることが私の夢です。	It's my dream to win a Nobel Prize.
ライム	ライム	レモンやライムはすっぱい果物である。	Lemons and limes are acidic fruits.
地価	チカ	日本の地価はとても高い。	Land prices are very high in Japan.
水掛け論	ミズカケロン	水掛け論はやめよう。	Let's stop this fruitless argument.
ロングスカート	ロングスカート	ロングスカートは流行ってないよ。	Long skirts are out of fashion now.
芽生える	メバエ	２人の間に愛が芽生えた。	Love began to grow between the two.
1969	イチキュウロクキュウ	１９６９年、人類は初めて月を訪れた。	Man first visited the moon in 1969.
飢え	ウエ	避難民たちは飢えと闘った。	The refugees struggled against hunger.
乳癌	ニュウガン	メアリーは１０月に乳がんって診断されたんだ。	Mary was diagnosed with breast cancer in October.
自覚	ジカク	トムは自分の魅力を自覚してないんだと思う。	I think Tom doesn't realize how charming he is.
紺色	コンイロ	メアリーは紺色のドレスを身にまとっていた。	Mary was wearing a navy blue dress.
露出度	ロシュツド	メアリーは露出度の高い服をよく着ている。	Mary often wears revealing clothes.
紺	コン	メアリーは紺のワンピースを着ていた。	Mary was wearing a navy blue dress.
濃紺	ノウコン	ニューヨーク市の警官は濃紺の制服を着ている。	New York City policemen wear dark blue uniforms.
ネービーブルー	ネービーブルー	メアリーはネービーブルーのスカートをはいていた。	Mary was wearing a navy blue skirt.
適度	テキド	適度の運動は体に良い。	Moderate exercise will do you good.
隔週	カクシュウ	ミーティングは隔週でやってます。	Meetings are held every other week.
偽証罪	ギショウザイ	男性よりも女性のほうが偽証罪を犯す。	More women than men commit perjury.
取り巻く	トリマク	音楽は空気のように我々の生活を取り巻いている。	Music surrounds our lives like air.
フン	フン	俺の車、鳩のフンまみれだよ。	My car is covered with pigeon poop.
塗れ	マミレ	俺の車、鳩のフンまみれだよ。	My car is covered with pigeon poop.
雑然	ザツゼン	弟の部屋はいつも雑然としている。	My brother's room is always a mess.
義兄	ギケイ	義兄は、僕より年上です。	My brother-in-law is older than me.
連れ去る	ツレサル	娘が連れ去られた。	My daughter was taken away from me.
接続	セツゾク	インターネットの接続が遮断された。	My internet connection was cut off.
遮断	シャダン	がけくずれで交通は遮断された。	Traffic was blocked by a landslide.
パール	パール	お母さんが、パールのネックレスをくれました。	My mother gave me a pearl necklace.
生け花	イケバナ	母は生け花を教えている。	My mother teaches flower arranging.
闇	ヤミ	一寸先は闇。	No one knows what the future holds.
実生活	ジッセイカツ	実生活でそんな言い方する人はいません。	No one talks that way in real life.
商談	ショウダン	商談を成立させるなら今だぞ。	Now is the time to clinch the deal.
娯楽	ゴラク	トランプは人気のある娯楽だ。	Playing cards is a popular pastime.
コピー機	コピーキ	コピー機に紙を入れて。	Put some paper in the copy machine.
圧縮	アッシュク	圧縮したファイルを添付で送ってください。	Send it to me as a compressed file.
外付け	ソトヅケ	外付けのハードディスクに保存しといて。	Save it on the external hard drive.
保存	ホゾン	彼はその保存情報にアクセスできる。	He has access to the stored information.
ハードディスク	ハードディスク	外付けのハードディスクに保存しといて。	Save it on the external hard drive.
冷ます	サマス	復讐は冷ましてから食べる料理である。	Revenge is a dish best served cold.
復讐	フクシュウ	復讐は冷ましてから食べる料理である。	Revenge is a dish best served cold.
吹き掛ける	フキカケ	彼女は両手を暖めるために息を吹きかけた。	She blew on her hands to warm them.
暖める	アタタメル	彼女は両手を暖めるために息を吹きかけた。	She blew on her hands to warm them.
押し分ける	オシワケ	彼女は人を押し分け電車へと向かった。	She elbowed her way onto the train.
後退り	アトズサリ	彼女はヘビを見て後ずさりした。	She drew back when she saw a snake.
配慮	ハイリョ	彼女は個人的な配慮をした。	She gave it her personal attention.
スイート	スイート	彼女はホテルのスイートルームを独り占めにした。	She had the hotel suite to herself.
デュエット	デュエット	彼女は彼とデュエットしたことがない。	She has never sung a song with him.
把握	ハアク	彼女は情勢を把握することができる。	She is able to grasp the situation.
情勢	ジョウセイ	情勢はますます悪くなった。	The situation went from bad to worse.
到達	トウタツ	彼女はついに北極に到達した。	She has finally reached the Arctic.
北極	ホッキョク	彼女はついに北極に到達した。	She has finally reached the Arctic.
散蒔く	バラマク	彼女は金をばらまくのが好きだった。	She liked throwing her money about.
繕う	ツクロウ	彼女はなんとか体裁を繕った。	She managed to keep up appearances.
体裁	テイサイ	彼女はなんとか体裁を繕った。	She managed to keep up appearances.
空き地	アキチ	彼女は空き地に駐車した。	She parked her car in a vacant lot.
学生時代	ガクセイジダイ	彼女は学生時代を思い出した。	She looked back on her school days.
世間体	セケンテイ	彼女はなんとかして世間体をつくろった。	She managed to keep up appearances.
慢性疾患	マンセイシッカン	彼女は慢性疾患で苦しんでいる。	She suffers from a chronic illness.
自暴自棄	ジボウジキ	彼女は自暴自棄になりかけていた。	She was beginning to get desperate.
富豪	フゴウ	彼女は富豪と結婚する。	She will get married to a rich man.
掻い潜る	カイクグル	彼女は規則をかいくぐるのがうまい。	She's good at getting around rules.
列車内	レッシャナイ	列車内で喫煙は禁じられている。	Smoking on the train is prohibited.
歪める	ユガメ	一部の新聞はそのニュースを歪めて報道した。	Some newspapers distorted the news.
もぞもぞ	モゾモゾ	暗闇の中で何かがもぞもぞと動いていた。	Something was stirring in the dark.
水素	スイソ	水素の原子番号は１です。	The atomic number of hydrogen is 1.
ウラン	ウラン	ウランの原子番号は92です。	The atomic number of uranium is 92.
路上	ロジョウ	路上の血痕は俺のものに違いない。	The blood on the road must be mine.
血痕	ケッコン	路上の血痕は俺のものに違いない。	The blood on the road must be mine.
中鳥	ナカドリ	その男の子は一日中鳥を観察していた。	The boy observed the birds all day.
観察	カンサツ	野鳥を観察するのはとても面白い。	Watching wild birds is a lot of fun.
カナリア	カナリア	ケージの中にいるのはカナリアだよ。	The birds in the cage are canaries.
ケージ	ケージ	ケージの中にいるのはカナリアだよ。	The birds in the cage are canaries.
束ねる	タバネル	本はひとまとめに束ねてあった。	The books were tied up in a bundle.
一纏め	ヒトマトメ	本はひとまとめに束ねてあった。	The books were tied up in a bundle.
却下	キャッカ	議長はその提案を却下した。	The chairman rejected the proposal.
印象的	インショウテキ	展示会は大変印象的だった。	The exhibition was very impressive.
抱き抱える	ダキカカエ	その太った女性は猿を抱きかかえていた。	The fat woman was holding a monkey.
金色	キンイロ	ドアには大きな金色の星がついていました。	The door had a big gold star on it.
輸送	ユソウ	商品は船で輸送された。	The goods were transported by ship.
微か	カスカ	少年は容貌が父親に微かに似ていた。	The boy faintly resembled his father in appearance.
直行	チョッコウ	子供達はテレビに直行した。	The kids made a beeline for the TV.
国王	コクオウ	国王は権力を奪われた。	The king was deprived of his power.
ジャングル	ジャングル	ライオンはジャングルの王様です。	The lion is the king of the jungle.
400	ヨンヒャク	４００語以上書く必要はない。	You don't need to write more than 400 words.
差し込む	サシコム	窓から朝日が差し込んだ。	The morning sun came in the window.
察	サツ	察が来た、ずらかれ！	The pigs are coming! Let's beat it!
ずらかる	ズラカレ	察が来た、ずらかれ！	The pigs are coming! Let's beat it!
陸路	リクロ	陸路ではそこへ行けない。	The place isn't accessible by land.
盛る	モル	お刺身を盛るお皿は、どれにする？	Which plate should I serve sashimi on?
下山	ゲザン	一行は歩いて下山した。	The party walked down the mountain.
変動	ヘンドウ	金の価格は毎日変動します。	The price of gold fluctuates daily.
不可	フカ	結果は可もなく不可もなしと言ったところです。	The result is neither good nor bad.
可	カ	数学は何とか可を取った。	I somehow got a passing grade in mathematics.
場面	バメン	その場面をスローモーションで見たいな。	I want to see the scene in slow motion.
スローモーション	スローモーション	その場面をスローモーションで見たいな。	I want to see the scene in slow motion.
再生	サイセイ	その場面はスローモーションで再生された。	The scene was shown in slow motion.
1650	イチロクゴレイ	その学校は１６５０年に設立された。	The school was established in 1650.
積み荷	ツミニ	積み荷は無事届きました。	The shipment has reached us safely.
おえ	オエッ	生魚の臭いでオエッとなる。	The smell of raw fish nauseates me.
うー	ウ	生魚の臭いを嗅ぐとうえっとなる。	The smell of raw fish nauseates me.
占拠	センキョ	兵士たちが建物を占拠した。	The soldiers occupied the building.
破壊	ハカイ	その嵐は町全体を破壊した。	The storm destroyed the whole town.
向かい合う	ムカイアッ	先生と私は向かい合って座った。	The teacher and I sat down face to face.
旅行者	リョコウシャ	旅行者は一夜の宿を求めた。	The tourist asked for lodging for the night.
癒す	イヤサ	猫の寝顔を見てると、癒されるなあ。	Watching the cat sleeping makes me feel better.
クレーター	クレーター	月にはたくさんのクレーターがある。	There are many craters on the moon.
貯水池	チョスイチ	家の近くに貯水池があります。	There is a reservoir near my house.
物入れ	モノイレ	財布に物入れすぎだよ。	You put too much stuff in your wallet.
積み込む	ツミコム	私たちは荷物を車に積み込んだ。	We loaded our baggage into the car.
発表	ハッピョウ	２人は婚約を発表した。	They've announced their engagement.
非公開	ヒコウカイ	このエリアは、非公開です。	This area isn't open to the public.
キロオーバー	キロオーバー	このバッグは４キロオーバーですよ。	This bag is 4 kilograms overweight.
三重	ミエ	この家は、三重窓なんだよ。	This house has triple-pane windows.
企業秘密	キギョウヒミツ	この情報は、企業秘密です。	This information is a trade secret.
幕開け	マクアケ	これは新時代の幕開けです。	This is the beginning of a new era.
アルファベット順	アルファベットジュン	名前はアルファベット順です。	The names are in alphabetical order.
成り立つ	ナリタツ	この小説は三部からなりたっている。	This novel consists of three parts.
部数	ブスウ	この新聞は発行部数が多い。	This paper has a large circulation.
配点	ハイテン	この問題は５０点の配点です。	This question counts for 50 points.
自販機	ジハンキ	自販機なら、あそこよ。	The vending machines are over there.
自動販売機	ジドウハンバイキ	自動販売機はあそこにあります。	The vending machines are over there.
起源	キゲン	オリンピックの起源は？	What are the origins of the Olympics?
過つ	アヤマツ	過つは人、許すは神。	To err is human, to forgive divine.
トレーラーハウス	トレーラーハウス	トムとメアリーはトレーラーハウスで暮らしている。	Tom and Mary live in a mobile home.
純潔	ジュンケツ	白は純潔の象徴である。	The color white is a symbol of purity.
古城	コジョウ	山裾に古城があります。	There's an old castle at the foot of the mountain.
片言	カタコト	トムは片言のフランス語しか話せない。	Tom can speak only a little French.
割り	ワリ	トムって、卵の片手割りができるんだよ。	Tom can crack an egg with one hand.
手漕ぎ	テコギ	トムは手漕ぎボートで川を渡った。	Tom crossed the river in a rowboat.
物分かり	モノワカリ	トムは物分かりが悪い。	Tom doesn't understand things well.
疎い	ウトイ	トムはスポーツには疎い。	Tom doesn't know much about sports.
馬刺し	バサシ	トムは馬刺しを食べたことがない。	Tom has never eaten raw horse meat.
全損	ゼンソン	トムの車は鹿と接触し全損した。	Tom hit a deer and totaled his car.
いかす	イカス	トムって、かなりイカす男だよね？	Tom is a pretty cool guy, isn't he?
忍ばせる	シノバセ	トムは枕の下にナイフを忍ばせていた。	Tom hid the knife under his pillow.
揉める	モメル	トムね、両親ともめてるの。	Tom is in trouble with his parents.
ブリーフケース	ブリーフケース	トムは机の上にブリーフケースを置き忘れてきた。	Tom left his briefcase on his desk.
都市部	トシブ	トムは都市部に３年間住んだ。	Tom lived downtown for three years.
金儲け	カネモウケ	トムは金儲けのことしか頭にない。	Tom only thinks about making money.
向かい側	ムカイガワ	トムはメアリーの向かい側に座ってた。	Tom sat opposite Mary at the table.
オーガニック	オーガニック	トムはオーガニックなものしか食べないそうよ。	Tom says he only eats organic food.
点灯	テントウ	トムはフォグランプを点灯した。	Tom turned on the car's fog lights.
フォグランプ	フォグランプ	トムはフォグランプを点灯した。	Tom turned on the car's fog lights.
祖父母	ソフボ	祖父母はみんなまだ生きている。	All of my grandparents are still living.
苛立つ	イラダタ	トムはメアリーの振る舞いに苛立たせられていた。	Tom was annoyed by Mary's behavior.
水切り	ミズキリ	トムは池で水切りをしてた。	Tom was skipping rocks on the pond.
選手権	センシュケン	彼は世界選手権で４連覇を成し遂げた。	He won four successive world championships.
敬虔	ケイケン	トムの母親は敬虔なカトリック教徒だった。	Tom's mother was a devout Catholic.
醤油	ショウユ	トム、そこの醤油取って。	Tom, please pass me that soy sauce.
付き添う	ツキソッ	二人の看護婦がその患者に付き添った。	Two nurses attended to the patient.
当社	トウシャ	あそこのビルは、当社の所有物件です。	That building over there is owned by our company.
セ氏	セシ	水はセ氏100度で沸騰する。	Water boils at 100 degrees Celsius.
対向車	タイコウシャ	対向車に気をつけて。	Watch out for the oncoming traffic.
総出	ソウデ	総出でトムのトウモロコシの収穫を手伝った。	We all helped Tom harvest his corn.
蒸発	ジョウハツ	露は太陽が昇ると蒸発した。	The dew evaporated when the sun rose.
焼酎	ショウチュウ	私たちはカラオケ・バーで焼酎を飲んだ。	We drank shochu at the karaoke bar.
乗り合わせる	ノリアワセ	私達は偶然同じバスに乗り合わせた。	We happened to get on the same bus.
マレーシア	マレーシア	水をマレーシアから買わなくてはならないのです。	We have to buy water from Malaysia.
擦れ違う	スレチガッ	私たちは数回すれ違った。	We passed each other several times.
確定	カクテイ	月曜までに確定見積もりが必要です。	We need a firm quotation by Monday.
敬意	ケイイ	我々は伝統に敬意を払わなければならない。	We must have respect for tradition.
ぼんやり	ボンヤリ	遠くにぼんやりした明かりが見えた。	We saw a dim light in the distance.
仄か	ホノカ	暗闇の中にほのかな光が見えた。	We saw a dim light in the darkness.
大群	タイグン	私たち、蜂の大群に襲われたんです。	We were attacked by swarms of bees.
バーベキュー	バーベキュー	海岸でバーベキューをしよう。	We'll have a barbecue at the beach.
卒業式	ソツギョウシキ	卒業式何着て行く？	What are you wearing to graduation?
アナウンス	アナウンス	今のアナウンスは何だったのですか。	What did the announcement just say?
島々	シマジマ	その島々にはどんな動物が住んでいるのですか。	What animals inhabit those islands?
頭文字	カシラモジ	頭文字のＮＴＴは何を表していますか。	What do the initials NTT stand for?
支払方法	シハライホウホウ	どのような支払方法がありますか。	What payment options are available?
なけなし	ナケナシ	私はなけなしの金を盗まれてしまった。	What little money I had was stolen.
血迷う	チマヨッ	彼は何を血迷って彼女にプロポーズしたのだろうか？	What tempted him to propose to her?
呆気	アッケ	私は呆気にとられた。	When I heard it, I was dumbfounded.
外貨	ガイカ	どこで外貨の交換をすることができますか。	Where can I get my money exchanged?
赤身	アカミ	赤身のお肉に一番合うワインはどれでしょうか？	Which wine goes best with red meat?
ペプシ	ペプシ	コカコーラとペプシ、どっちが好き？	Which do you prefer, Coke or Pepsi?
コカコーラ	コカコーラ	コカコーラとペプシ、どっちが好き？	Which do you prefer, Coke or Pepsi?
口輪	コウリン	なぜ君の犬は口輪を付けていないの？	Why doesn't your dog wear a muzzle?
振れる	フレ	ない袖は振れない。	You can't get blood out of a stone.
なくす	ナクサ	君はその悪い癖をなくさなければならない。	You must get rid of that bad habit.
刃物	ハモノ	刃物の取り扱いには注意しなさい。	You should be careful with a knife.
滞納	タイノウ	トムは家賃を3ヶ月滞納している。	Tom is three months behind in paying his rent.
挟まる	ハサマル	歯に何かはさまってるよ。	You've got something in your teeth.
生い茂る	オイシゲッ	庭には雑草が生い茂っていた。	The garden was overgrown with weeds.
生け垣	イケガキ	生い茂った生垣が庭を囲んでいた。	A dense hedge surrounded the garden.
毛虫	ケムシ	蝶は成長した毛虫である。	A butterfly is a mature caterpillar.
飢える	ウエル	子供達は愛情に飢えていた。	The children were hungry for affection.
高級車	コウキュウシャ	高級車は地位の象徴である。	An expensive car is a status symbol.
地位	チイ	高級車は地位の象徴である。	An expensive car is a status symbol.
順守	ジュンシュ	すべての会員は本規則を遵守しなければならない。	All members must follow these rules.
公開	コウカイ	会議は全て一般公開されます。	All meetings are open to the public.
合唱団	ガッショウダン	合唱団に入るつもりなの？	Are you going to join the glee club?
贅沢品	ゼイタクヒン	芸術は贅沢品ではない、必需品だ。	Art isn't a luxury, but a necessity.
必需品	ヒツジュヒン	芸術は贅沢品ではない、必需品だ。	Art isn't a luxury, but a necessity.
引っ繰り返す	ヒックリカエサ	その箱をひっくりかえさないように注意してくれ。	Be careful not to tip that box over.
バーテン	バーテン	バーテンさん、一杯ちょうだい。	Bartender, I'd like to have a drink.
こぶ	コブ	ラクダには一つか二つのこぶがある。	Camels have either one or two humps.
適用	テキヨウ	この場合、この規則を適用できますか？	Can we apply this rule in this case?
延ばす	ノバセ	明日まで延ばせないの？	Can't you put it off until tomorrow?
抜かり	ヌカリ	用意にぬかりがなければ成功は確実だ。	Careful preparations ensure success.
テラス	テラス	椅子は全部、テラスに持って行って。	Carry all the chairs to the terrace.
コロンブス	コロンブス	コロンブスは地球が丸いと信じていた。	Columbus believed that the earth was round.
1492	イチヨンキュウニ	コロンブスは１４９２年にアメリカを発見した。	Columbus discovered America in 1492.
アメリカ大陸	アメリカタイリク	コロンブスは１４９２年にアメリカ大陸を発見した。	Columbus discovered America in 1492.
奥	オク	奥の席をお願いします。	Could we have a table in the corner?
値下がり	ネサガリ	原油価格の値下がりが続いている。	Crude oil has been falling in price.
形態	ケイタイ	民主主義は政治形態の一つである。	Democracy is one form of government.
民主主義	ミンシュシュギ	民主主義は政治形態の一つである。	Democracy is one form of government.
睨めっこ	ニラメッコ	パパ、わたしとにらめっこしようよ！	Daddy, let's have a staring contest.
ビジョン	ビジョン	あなたは自分の将来のビジョンを持っていますか。	Do you have a vision of your future?
都心	トシン	本当に都心に引っ越ししたいのか？	Do you really want to move downtown?
素手	スデ	素手で魚が捕れる？	Can you catch fish with your bare hands?
名立	ナダチ	全ての名立たる人物がそこにはいた。	Everybody who was anybody was there.
極力	キョクリョク	極力早く起きろよ。	Get up as early as you possibly can.
同盟	ドウメイ	ドイツはイタリアと同盟を結んだ。	Germany made an alliance with Italy.
ゴーグル	ゴーグル	ゴーグルは砂ぼこりから目を守ってくれる。	Goggles protect your eyes from dust.
砂埃	スナボコリ	ゴーグルは砂ぼこりから目を守ってくれる。	Goggles protect your eyes from dust.
良書	リョウショ	良書はすべて読むに値する。	Good books are always worth reading.
グレアム	グレアム	グレアム・グリーンは私のお気に入りの作家です。	Graham Greene is my favorite author.
シングルバー	シングルバー	シングルバーに行ったことある？	Have you ever been to a singles bar?
ロゴ	ロゴ	このロゴ見たことある？	Have you ever seen this logo before?
カルテ	カルテ	トムのカルテを見たことある？	Have you seen Tom's medical records?
仏像	ブツゾウ	彼は木から仏像を彫った。	He carved a Buddha statue from wood.
環境	カンキョウ	彼は環境に順応した。	He adapted himself to circumstances.
減税	ゲンゼイ	彼は減税を唱えた。	He advocated the reduction of taxes.
道端	ミチバタ	彼は道端に立っていた。	He was standing at the side of the road.
単純明快	タンジュンメイカイ	彼は単純明快に説明する。	He gives plain, simple explanations.
餅	モチ	彼は餅をすっかり食べたわけではない。	He didn't eat all of the rice cakes.
くむ	クン	彼は井戸へ行って水をくんできた。	He fetched some water from the well.
明晰	メイセキ	彼は頭脳明晰だ。	He has a good head on his shoulders.
がっちり	ガッチリ	彼は背が高く骨組みのがっちりした人だ。	He is a tall and strongly built man.
骨組み	ホネグミ	彼は背が高く骨組みのがっちりした人だ。	He is a tall and strongly built man.
理事長	リジチョウ	彼が理事長の代行をしている。	He is acting for the chief director.
代行	ダイコウ	彼が理事長の代行をしている。	He is acting for the chief director.
抜け目	ヌケメ	彼は抜け目がない。	He has eyes at the back of his head.
破片	ハヘン	鏡の破片が床に散乱していた。	Fragments of the mirror were scattered on the floor.
繋ぎ合わせる	ツナギアワセ	彼はバラバラになった破片をつなぎ合わせた。	He stuck the broken pieces together.
ボタンホール	ボタンホール	彼は自分の服のボタンホールに花を差し込んだ。	He stuck a flower in his buttonhole.
顕微鏡	ケンビキョウ	彼は顕微鏡をのぞいていた。	He was looking through a microscope.
帰途	キト	仕事が終わり、彼は帰途についた。	His work finished, he left for home.
屈辱	クツジョク	どうしてそんな屈辱が、我慢ができるのですか。	How can you bear such a humiliation?
警察署	ケイサツショ	泥棒は警察署に連行された。	The thief was marched off to the police station.
七夕	タナバタ	日本の七夕はどう祝うのでしょうか。	How is Tanabata celebrated in Japan?
ストロー	ストロー	ストローに穴は幾つあるでしょう？	How many holes are there in a straw?
分析	ブンセキ	状況をどう分析しますか。	How would you analyze the situation?
国立公園	コクリツコウエン	国立公園内での狩猟は禁止されている。	Hunting is banned in national parks.
欄	ラン	薔薇と欄は私が大好きな花です。	Roses and orchids are my favorite flowers.
さわる	サワッ	もし気にさわったら、ごめん。	I apologize if I hurt your feelings.
素質	ソシツ	私には政治家の素質はありません。	I am not cut out to be a politician.
ラグビー部	ラグビーブ	私はラグビー部に入っています。	I belong to the rugby football club.
訴訟	ソショウ	私はその医者を相手取って訴訟を起こした。	I brought a suit against the doctor.
辞退	ジタイ	私は彼の夕食の誘いを辞退した。	I declined his invitation to dinner.
誘い	サソイ	私は彼の夕食の誘いを辞退した。	I declined his invitation to dinner.
現す	アラワス	お前がここに姿を現すとは、思ってもみなかったよ。	I didn't expect you to turn up here.
同年代	ドウネンダイ	同年代の友達はいないんだ。	I don't have any friends my own age.
事情	ジジョウ	事情は後で説明する。	I will explain the situation to you later on.
持ち方	モチカタ	箸の持ち方が分かりません。	I don't know how to hold chopsticks.
這い上がる	ハイアガッ	何かが私の腕をはい上がってくるのを感じた。	I felt something crawling up my arm.
ハート	ハート	ハート形の石を見つけたよ。	I found a stone shaped like a heart.
丁目	チョウメ	４０丁目で車を降りた。	I got out of the car at 40th Street.
言い合い	イイアイ	お金のことで彼と言い合いになった。	I had a quarrel with him over money.
金銭	キンセン	金銭のことで彼と争いになった。	I had a quarrel with him over money.
切断	セツダン	私は左足を切断してもらうほかなかった。	I had to have my left leg amputated.
植木屋	ウエキヤ	植木屋さんに木を何本か植えてもらった。	I had the gardener plant some trees.
迎える	ムカエル	トムは来年100歳を迎える。	Tom will be a hundred years old next year.
結末	ケツマツ	悲しい結末の物語が好きです。	I like stories that have sad endings.
38	サンジュウハチ	かぜで熱が三十八度あります。	I have a cold and a 38-degree fever.
割引券	ワリビキケン	私、先週貰った割引券があるの。	I have some coupons I got last week.
鈴	スズ	鈴の音が聞こえました。	I heard the sound of a ringing bell.
広々	ヒロビロ	ほんと広々としてるし、この家が気に入ってます。	I like this house. It's quite roomy.
コンビニエンスストア	コンビニエンスストア	私はコンビニエンスストアの近くに住んでいます。	I live close to a convenience store.
スピーカー	スピーカー	パソコン用の新しいスピーカーがいるなぁ。	I need new speakers for my computer.
からすみ	カラスミ	私はその本をすみからすみまで読んだ。	I read the book from cover to cover.
ドッグラン	ドッグラン	昨日ドッグランでトムを見たんだ。	I saw Tom at the dog park yesterday.
一眠り	ヒトネムリ	家に帰ってひと眠りした方がいいな。	I should go home and get some sleep.
シュレッダー	シュレッダー	重要書類をシュレッダーにかけました。	I shredded some important documents.
当たり障り	アタリサワリ	とりあえず、あたりさわりのない話をしておいたよ。	I steered clear of sensitive topics.
錠	ジョウ	ラベルには１回２錠と書いてある。	It says on the label to take two tablets.
引き剥がす	ヒキハガシ	私はアルバムからその写真を引きはがした。	I tore the picture out of the album.
ドレッシング	ドレッシング	サラダのドレッシングはイタリアンがいいです。	I want Italian dressing on my salad.
涙腺	ルイセン	涙腺が詰まっていると言われました。	I was told my tear duct was blocked.
法律上	ホウリツジョウ	法律上の援助を求めてその弁護士のところへ行った。	I went to the lawyer for legal help.
x	x	Xファイルのシーズン４を見たんだ。	I watched the 4th season of X-files.
明細	メイサイ	明細を教えていただけますか。	I'd like you to itemize the charges.
伝票	デンピョウ	すぐに伝票をお持ちします。	I'll bring you the bill immediately.
乗り回す	ノリマワス	私は人が大きな車を乗り回すのに反対だ。	I'm against people driving big cars.
カラント	カラント	カラントジュースを買うよ。	I'm going to buy some currant juice.
物理的	ブツリテキ	私は物理的な利益には関心がない。	I'm not interested in material gain.
雪道	セツドウ	雪道の運転には慣れてないんだ。	I'm not used to driving in the snow.
ドット	ドット	アマゾン・ドット・コムで本を注文しました。	I've ordered a book from Amazon.com.
アマゾン	アマゾン	米アマゾンに本を注文した。	I've ordered a book from Amazon.com.
コム	コム	アマゾン・ドット・コムで本を注文しました。	I've ordered a book from Amazon.com.
警報	ケイホウ	警報が鳴ったら、走らず歩きなさい。	If the alarm rings, walk, don't run.
一難	イチナン	一難去ってまた一難。	If it isn't one thing, it's another.
端金	ハシタガネ	１００ドルなんてはした金さ。	One hundred dollars is just chicken feed.
人材	ジンザイ	はした金では、良い人材は集まらない。	If you pay peanuts, you get monkeys.
宣言	センゲン	１８４７年、彼らは独立を宣言した。	In 1847, they declared independence.
1847	イチハチヨンナナ	１８４７年、彼らは独立を宣言した。	In 1847, they declared independence.
理容室	リヨウシツ	ホテルに理容室はありますか？	Is there a barber shop in the hotel?
フラッシュ	フラッシュ	フラッシュを使ってもいいですか。	Is it all right to use a flash here?
直通便	チョクツウビン	ボストンへの直通便はありますか？	Is there a nonstop flight to Boston?
ノンアルコール	ノンアルコール	これ、本当にノンアルコールビールなんですか？	Is this really a non-alcoholic beer?
ノンアルビール	ノンアルビール	ノンアルビールじゃ、酔わないって。	Non-alcoholic beer won't get you drunk.
建築物	ケンチクブツ	ローマには古代建築物がたくさんある。	Rome has a lot of ancient buildings.
立ち直る	タチナオル	彼女は父親の死から立ち直った。	She got over the shock of her father's death.
軍艦	グンカン	それは大きくて黒いアメリカの軍艦だった。	It was a big black American warship.
子育て	コソダテ	子育てに適した場所ですよ。	It's a good place to raise children.
決定権	ケッテイケン	決定権はお前にあるよ。	It's up to you to decide the matter.
イタリア人	イタリアジン	イタリア人は日に2回しっかりと食事を摂る。	Italians eat a big meal twice a day.
特売	トクバイ	きのうは和牛が特売だった。	Japanese beef was on sale yesterday.
和牛	ワギュウ	きのうは和牛が特売だった。	Japanese beef was on sale yesterday.
見舞う	ミマウ	日本は毎年台風に見舞われる。	Japan is hit by typhoons every year.
ストレス解消	ストレスカイショウ	カラオケはストレス解消によい。	Karaoke is good for reducing stress.
とんずら	トンズラ	トムが戻ってくる前に、とんずらしちゃおうよ。	Let's skip out before Tom gets back.
倒れる	タオレル	暑さで倒れるランナーが多かった。	Many runners passed out in the heat.
憎しみ	ニクシミ	恋は盲目。憎しみもまたしかり。	Love is blind. Hatred is also blind.
然り	シカリ	恋は盲目。憎しみもまたしかり。	Love is blind. Hatred is also blind.
立て籠もる	タテコモッ	メアリーはバリケードを築いて部屋に立てこもった。	Mary barricaded herself in her room.
バリケード	バリケード	反逆者たちは道路にバリケードを築いた。	The rebels made a barricade across the road.
何百	ナンビャク	何百回と聞いてるよ。	You've told me that a hundred times.
許	モト	子どもたちが私の許から連れ去られた。	My children were taken away from me.
授業料	ジュギョウリョウ	俺の大学の授業料は高すぎる。	My college tuition is too expensive.
電力	デンリョク	父は電力会社に勤めています。	My father works for a power company.
見合い	ミアイ	私の両親はお見合い結婚でした。	My parents had an arranged marriage.
肺炎	ハイエン	妻は肺炎を患ってるんです。	My wife is suffering from pneumonia.
家計簿	カケイボ	妻が家計簿をつけています。	My wife keeps track of our finances.
ニュートン	ニュートン	ニュートンはりんごが木から落ちるのを見た。	Newton saw an apple fall off a tree.
跨ぐ	マタグ	もう二度とこの家の敷居はまたがない。	I'll never set foot in this house again.
敷居	シキイ	もう二度とこの家の敷居はまたがない。	I'll never set foot in this house again.
卯年	ウドシ	来年は卯年だ。	Next year is the year of the rabbit.
街路	ガイロ	街路には誰の姿も見られなかった。	No one was to be seen in the street.
住人	ジュウニン	この村の住人は自然と共生している。	The people of this village live in harmony with nature.
ごった返す	ゴッタガエス	晴れの日は、ビーチはごった返す。	On sunny days, the beach is crowded.
ゲスト	ゲスト	うちには、ゲストルームはない。	Our house doesn't have a guest room.
冠水	カンスイ	雨が降ると道が冠水しちゃうんだ。	Our streets flood when we have rain.
忍耐力	ニンタイリョク	教師にとって忍耐力は不可欠だ。	Patience is essential for a teacher.
ペットフード	ペットフード	ペットフードが安いので買いだめしとこ。	Pet food is cheap, so I'll stock up.
買い溜め	カイダメ	ペットフードが安いので買いだめしとこ。	Pet food is cheap, so I'll stock up.
必要書類	ヒツヨウショルイ	必要書類を提出してください。	Please hand in the necessary papers.
大盛り	オオモリ	ご飯は大盛りでお願いします。	Please give me a large bowl of rice.
挙手	キョシュ	彼は質問をするために挙手した。	He raised his hand to ask a question.
溶かす	トカス	ポップコーンに溶かしバターをかけてください。	Pour melted butter over the popcorn.
一節	イッセツ	彼はその一節を英語に翻訳した。	He translated the verse into English.
赤丸	アカマル	地図の赤丸は学校を示す。	Red circles on the map mark schools.
男女	ダンジョ	ロックは若い男女に人気がある。	Rock appeals to young men and women.
遺志	イシ	彼女は彼の遺志に反して、彼を火葬した。	She cremated him against his wishes.
身支度	ミジタク	彼女は娘の身支度を手伝った。	She helped her daughter get dressed.
乍ら	ナガラ	彼女は涙ながらに友達と別れた。	She parted from her friend in tears.
貝殻	カイガラ	あの子は海辺の貝殻売りだ。	She sells seashells by the seashore.
吃る	ドモル	彼女はあがるとどもる。	She stammers when she feels nervous.
遠ざける	トオザケ	彼女は彼を遠ざけたいと思っている。	She wants to keep him at a distance.
映る	ウツル	彼女は鏡に映った自分に笑いかけた。	She smiled at herself in the mirror.
付き添う	ツキソイ	彼女は結婚式で花嫁の付き添い役をつとめた。	She was a bridesmaid at the wedding.
なお子	ナオコ	野菜が嫌いなお子さんもおられます。	Some children don't like vegetables.
不安感	フアンカン	社会情勢に対する不安感が広まっている。	Signs of social unrest are mounting.
時間潰し	ジカンツブシ	時間つぶしに読書する人もいます。	Some people read books to kill time.
甘味料	カンミリョウ	甘味料として砂糖がはちみつに取って代わった。	Sugar replaced honey as a sweetener.
始まり	ハジマリ	日曜日は週の始まりの日です。	Sunday is the first day of the week.
主旨	シュシ	彼のスピーチの主旨を教えてください。	Tell me the substance of his speech.
根拠	コンキョ	その噂は全く根拠がなかった。	The rumor was completely without foundation.
肉体的	ニクタイテキ	それは肉体的に無理だよ。	That would be physically impossible.
ターゲット	ターゲット	その雑誌は10代の若者をターゲットにしています。	That magazine is aimed at teenagers.
ティーンエージャー	ティーンエイジャー	その雑誌はティーンエイジャーを対象にしています。	That magazine is aimed at teenagers.
召し	メシ	洒落たお帽子をお召しになっていらっしゃいますね。	That's a stylish hat you're wearing.
売名	バイメイ	それは売名行為だ。	That's just a cheap publicity stunt.
北アフリカ	キタアフリカ	「北アフリカの戦い」は終わった。	The Battle of North Africa was over.
映し出す	ウツシダス	レントゲン写真は二本の骨折した指を映し出していた。	The X-ray showed two broken fingers.
レントゲン写真	レントゲンシャシン	レントゲン写真は二本の骨折した指を映し出していた。	The X-ray showed two broken fingers.
実業家	ジツギョウカ	聴衆のほとんどは実業家だった。	The audience was mostly businessmen.
馴染む	ナジム	トムはすぐに学校に馴染んだ。	Tom soon adapted himself to school life.
一昨	イッサク	一昨日は月曜日だったよ。	The day before yesterday was Monday.
ポーズ	ポーズ	カップルは写真のためにポーズをとった。	The couple posed for the photograph.
被告	ヒコク	被告は上告を認められた。	The defendant was granted an appeal.
上告	ジョウコク	被告は上告を認められた。	The defendant was granted an appeal.
カバー	カバー	損害は保険でカバーされた。	The damage was covered by insurance.
ステージ	ステージ	指揮者がステージに現れた。	The conductor appeared on the stage.
作物	サクモツ	作物は洪水の被害を受けた。	The crops were damaged by the flood.
学説	ガクセツ	生命の起源については数多くの学説がある。	There are many theories about the origin of life.
強固	キョウコ	この実験で彼の学説はいっそう強固なものになった。	The experiment confirmed his theory.
延びる	ノビ	試合は来週まで延びた。	The game was put off till next week.
晴雨	セイウ	試合は晴雨を問わず行われます。	The game will be held rain or shine.
分厚い	ブアツカッ	氷は、その上を歩けるほど分厚かった。	The ice was thick enough to walk on.
ガードマン	ガードマン	ガードマンは３時間置きに変わります。	The guards change every three hours.
スト	スト	労働組合はストを呼びかけた。	The labor union called for a strike.
呼び掛ける	ヨビカケル	労働組合はストを呼びかけた。	The labor union called for a strike.
労働組合	ロウドウクミアイ	労働組合はストを呼びかけた。	The labor union called for a strike.
数カ月	スウカゲツ	数か月もしたら忘れられちゃうよ。	It'll be forgotten in a few months' time.
決着	ケッチャク	あの件はまだ決着がついてないんだ。	The matter has not been settled yet.
毛繕い	ケヅクロイ	猿たちは互いに毛繕いし合っている。	The monkeys are grooming each other.
為合う	シアッ	猿たちは互いに毛繕いし合っている。	The monkeys are grooming each other.
鼠取り	ネズミトリ	ネズミがネズミ捕りに捕まった。	The mouse got caught in a mousetrap.
焼け落ちる	ヤケオチ	古い校舎は焼け落ちてしまいました。	The old school building burned down.
旧	キュウ	旧校舎が全焼しました。	The old school building burned down.
スコットランド	スコットランド	スコットランドは毛織物で有名だ。	Scotland is famous for its woollen textiles.
革命	カクメイ	革命は新たな時代をもたらした。	The revolution ushered in a new era.
備え付ける	ソナエツケル	部屋にはベッドが２つ備え付けられている。	The room is furnished with two beds.
荒れ狂う	アレクルッ	吹雪はまる一週間荒れ狂った。	The snowstorm raged for a full week.
日差し	ヒザシ	陽射しが強いので帽子をかぶろう。	It's a good idea to cover up when the sun is this strong.
震え上がる	フルエアガッ	彼女は死体を見て震え上がった。	She was scared at the sight of the dead body.
小旅行	ショウリョコウ	往復5時間くらいの小旅行になります。	The trip will take about five hours.
失業率	シツギョウリツ	失業率は５％にまで上昇した。	The unemployment rate went up to 5%.
忌まわしい	イマワシイ	考えるだけでも忌まわしい。	The very thought is abhorrent to me.
噴火	フンカ	火山はいつ噴火してもおかしくない。	The volcano may erupt at any moment.
裂ける	サケル	彼は口が裂けても「イエス」とは言わない。	The word yes never escapes his lips.
35	サンゴ	１時３５分くらいに駅に着きます。	I'll arrive at the station at about 1:35.
古寺	コジ	京都には古寺がたくさんあります。	There are many old temples in Kyoto.
牛小屋	ウシゴヤ	牛小屋には牛が３頭います。	There are three cows in the cowshed.
トンボ	トンボ	天井にトンボが止まっている。	There is a dragonfly on the ceiling.
買い置き	カイオキ	コーヒーの買い置きがなくなった。	There isn't any coffee in the house.
商店	ショウテン	以前ちょうどここに商店があった。	There used to be a store right here.
衝突事故	ショウトツジコ	警察は衝突事故の原因を調査中です。	The police are investigating the cause of the crash.
66	ロクロク	今日ルート６６で衝突事故があったんだ。	There was a crash on Route 66 today.
施す	ホドコス	手の施しようがないんだよ。	There's nothing to be done about it.
せめる	セメ	彼らは私がそのお金を取ったと言ってせめた。	They accused me of taking the money.
歩行	ホコウ	長距離の歩行には慣れていない。	I am not accustomed to walking long distances.
胡桃	クルミ	彼らは袋にクルミを詰めた。	They filled their bags with walnuts.
独裁者	ドクサイシャ	彼らは独裁者と戦った。	They struggled against the dictator.
誂え向き	アツラエムキ	この本は初心者におあつらえ向きだよ。	This book is suitable for beginners.
近未来	キンミライ	この建物、すごく近未来的だよ。	This building looks very futuristic.
録音	ロクオン	この会話は録音されています。	This conversation is being recorded.
江戸	エド	この習慣は江戸時代に始まった。	This custom began in the Edo Period.
老化	ロウカ	老化現象の一種です。	This is a condition caused by aging.
順不同	ジュンフドウ	このリストは順不同です。	This list is in no particular order.
古里	フルサト	この歌を聞くと、ふるさとの町を思い出します。	This song reminds me of my hometown.
動詞	ドウシ	この動詞の活用は難しいです。	This verb is difficult to conjugate.
活用	カツヨウ	この動詞の活用は難しいです。	This verb is difficult to conjugate.
1843	イチハチヨンサン	この大学は1843年に創設された。	This university was founded in 1843.
数千人	スウセンニン	数千人が職を失った。	Thousands of people lost their jobs.
不燃塵	フネンゴミ	今日は不燃ごみの日だよ。	Today is a non-burnable garbage day.
オークション	オークション	トムはオークションでこの馬を手に入れた。	Tom bought this horse at an auction.
べろんべろん	ベロンベロン	昨夜、トムはべろんべろんで帰ってきたんだ。	Tom came home very drunk last night.
空き巣	アキス	空巣にやられた。	Our house was robbed while we were away.
過剰摂取	カジョウセッシュ	トムは薬物の過剰摂取で2013年に死亡した。	Tom died of a drug overdose in 2013.
申込書	モウシコミショ	この申込書に記入してください。	Please fill in this application form.
生魚	ナマウオ	トムは過去に生魚を食べたことなどなかった。	Tom had never eaten raw fish before.
長電話	ナガデンワ	トムは何時間も長電話をしている。	Tom has been on the phone for hours.
直様	スグサマ	トムはすぐさま救急車を呼んだ。	Tom immediately called an ambulance.
職人	ショクニン	家具の工場で、家具職人をしています。	I work as a carpenter in a furniture factory.
させる	サセヨウ	私はその喧嘩をやめさせようとした。	I tried to put an end to the quarrel.
初々しい	ウイウイシク	トムは若いが初々しくない。	Tom is young, but he isn't innocent.
スポーツ新聞	スポーツシンブン	トムって、スポーツ新聞を読むのが好きなんだ。	Tom likes reading sports newspapers.
押し入れ	オシイレ	トムは妹を押し入れに閉じ込めた。	Tom locked his sister in the closet.
フライドポテト	フライドポテト	トムはフライドポテトにケチャップをかけた。	Tom put ketchup on his french fries.
中央	チュウオウ	駅は市の中央にある。	The station is the middle of the city.
ペンギン	ペンギン	トムに歩き方がペンギンみたいって言われた。	Tom told me I walked like a penguin.
泉	イズミ	この辺に泉があるはずだ。	There must be a spring here somewhere.
投げ入れる	ナゲイレ	トムはコインを泉に投げ入れた。	Tom tossed a coin into the fountain.
聞き惚れる	キキホレ	トムはメアリーの歌声に聴き惚れていた。	Tom was entranced by Mary's singing.
チームメート	チームメイト	トムはチームメイトに好かれていた。	Tom was well liked by his teammates.
スクリーン	スクリーン	トムはスクリーンに釘付けだった。	Tom's eyes were glued to the screen.
釘付け	クギヅケ	トムはスクリーンに釘付けだった。	Tom's eyes were glued to the screen.
トーナメント	トーナメント	２０チームがトーナメントに出場した。	Twenty teams entered the tournament.
出場	シュツジョウ	２０チームがトーナメントに出場した。	Twenty teams entered the tournament.
四国	シコク	台風9号が四国に接近中です。	Typhoon No.9 is approaching Shikoku.
マンモス	マンモス	高校って、マンモス校だった？	Was your high school a large school?
山葵	ワサビ	わさびが旨味を引き出します。	Wasabi really brings out the flavor.
引き出す	ヒキダス	わさびが旨味を引き出します。	Wasabi really brings out the flavor.
旨み	ウマミ	わさびが旨味を引き出します。	Wasabi really brings out the flavor.
野鳥	ヤチョウ	野鳥を観察するのはとても面白い。	Watching wild birds is a lot of fun.
固体	コタイ	水は凍ると固体になる。	Water becomes solid when it freezes.
協議	キョウギ	私たちはその問題を彼らと協議した。	We consulted them about the problem.
走破	ソウハ	２日で３つの州を走破した。	We covered three states in two days.
切り開く	キリヒライ	我々は森を切り開いて道を作った。	We cleared a path through the woods.
テーマ	テーマ	卒論のテーマ決まった？	Have you decided on your dissertation topic?
新居	シンキョ	先週、新居に越してきたんです。	We moved into a new house last week.
遣っ付ける	ヤッツケル	相手チームをやっつけるのは朝飯前だった。	Beating the other team was no sweat at all.
多種	タシュ	話題は多様多種だった。	We talked about a variety of topics.
多様	タヨウ	話題は多様多種だった。	We talked about a variety of topics.
詰め込む	ツメコム	われわれは狭い部屋に詰め込まれた。	We were crowded into the small room.
記録的	キロクテキ	記録的積雪を観測している。	We're seeing record amounts of snow.
積雪	セキセツ	記録的積雪を観測している。	We're seeing record amounts of snow.
観測	カンソク	記録的積雪を観測している。	We're seeing record amounts of snow.
薬剤	ヤクザイ	ゴキブリにはどんな薬剤を使うの？	What do you poison cockroaches with?
虚偽	キョギ	彼の言ったことは虚偽であると判明した。	What he said turned out to be false.
見学	ケンガク	どういう所を見学したいですか。	What places would you like to visit?
立たす	タタサ	世界は破滅の淵に立たされている。	The world is on the brink of destruction.
あく	アキ	食堂は何時にあきますか。	What time does the dining room open?
社会保障	シャカイホショウ	トムの社会保障番号って何？	What's Tom's social security number?
日本航空	ニホンコウクウ	日本航空のカウンターはどこですか。	Where is the Japan Airlines counter?
フリマ	フリマ	フリマって、どこでやってるの？	Where's the flea market going to be?
選挙	センキョ	彼は選挙で大勝した。	He won the election by a large majority.
卸売り	オロシウリ	卸売物価は基本的に安定している。	Wholesale prices are basically flat.
蒲公英	タンポポ	どうしてタンポポは雑草扱いされるの？	Why are dandelions considered weeds?
センター	センター	カスタマーセンターに電話したら？	Why don't you call customer service?
カスタマー	カスタマー	カスタマーセンターに電話したら？	Why don't you call customer service?
ひそひそ	ヒソヒソ	どうしてみんな、ひそひそと話してるの？	Why is everyone speaking so quietly?
ホワイトボード	ホワイトボード	ホワイトボードに答えを書きなさい。	Write your answer on the whiteboard.
屋上	オクジョウ	屋上からは、何マイルも見渡せる。	You can see for miles from the roof.
おべっか	オベッカ	上司におべっかを使う必要はない。	You don't need to flatter your boss.
管理	カンリ	ちゃんと体調管理をしなさいよ。	You must take good care of yourself.
最大限	サイダイゲン	時間は最大限に活用すべきだ。	You must make the most of your time.
建物内	タテモノナイ	この建物内ではたばこを吸ってはいけません。	You must not smoke in this building.
特殊	トクシュ	そのためには特殊な工具が必要になります。	You'll need a special tool to do it.
工具	コウグ	そのためには特殊な工具が必要になります。	You'll need a special tool to do it.
ます	マッ	「お魚はありますか？」「ありまっせ」	"Do you have some fish?" "Yes, I do."
フライトナンバー	フライトナンバー	お名前とフライトナンバーをお願いします。	Your name and flight number, please?
語呂	ゴロ	４２１９だなんて、随分と語呂が悪い番号だな。	4,219 is an extremely unlucky number.
4219	ヨンニイチキュウ	４２１９だなんて、随分と語呂が悪い番号だな。	4,219 is an extremely unlucky number.
きげん	キゲン	「ごきげんいかがですか」「おかげさまで元気です」	"How are you?" "I'm fine, thank you."
付け足す	ツケタス	「すぐ帰ってくるから」と彼は付け足した。	"I'll be back in a minute," he added.
独り言つ	ヒトリゴチ	「どうすりゃいいんだ？」僕は独り言ちた。	"What should I do?" I said to myself.
為る	スリャ	「どうすりゃいいんだ？」僕は独り言ちた。	"What should I do?" I said to myself.
始め	ハジメ	始めが肝心。	A good beginning makes a good ending.
ギャング	ギャング	ギャングの一団が金を盗んだ。	A group of gangsters stole the money.
怪物	カイブツ	以前恐ろしい怪物が住んでいた。	A hideous monster used to live there.
客船	キャクセン	豪華客船が港に入った。	A luxury liner arrived in the harbor.
奉仕	ホウシ	政治家は国民のために奉仕すべきだ。	A politician should serve the people.
疾走	シッソウ	１台のトラックが道路を疾走していた。	A truck was careering along the road.
語彙	ゴイ	幼い子供は語彙が少ない。	A young child has a small vocabulary.
遠ざける	トオザケル	１日１個のりんごは医者を遠ざける。	An apple a day keeps the doctor away.
上位	ジョウイ	類人猿は知的には犬より上位である。	Apes rank above dogs in intelligence.
交番	コウバン	向こうの交番で聞いてください。	Ask at the police station over there.
片親	カタオヤ	トムとメアリー共に、片親です。	Both Tom and Mary are single parents.
一人親	ヒトリオヤ	トムとメアリーの両方とも、一人親です。	Both Tom and Mary are single parents.
アレンジ	アレンジ	このお花のアレンジ、お願いできますか？	Can you arrange these flowers for me?
きいきい	キーキー	このドア、直してくれない？キーキー言うの。	Can you fix this door? It's creaking.
駐車券	チュウシャケン	この駐車券に判を押して下さい。	Can you validate this parking ticket?
キャンベラ	キャンベラ	キャンベラは、オーストラリアの首都だよ。	Canberra is the capital of Australia.
ビニール	ビニール	ビニール袋に入れてください。	Could I have a plastic bag for those?
穿つ	ウガツ	点滴石を穿つ。	Constant dripping wears away a stone.
御絞り	オシボリ	おしぼりって貰えますか？	Could I get one of those small damp towels for wiping my hands?
遠退く	トオノイ	客足が遠のいた。	Customers stopped coming to our shop.
客足	キャクアシ	客足が遠のいた。	Customers stopped coming to our shop.
ピラミッド	ピラミッド	ピラミッドの頂上まで登ったの？	Did you go to the top of the pyramid?
局番	キョクバン	市外局番もいるの？	Do I have to dial the area code, too?
蛞蝓	ナメクジ	ナメクジに塩をかけたら死んじゃうの？	Do slugs die if you put salt on them?
代替案	ダイタイアン	何かしらの代替案はありますか？	Do you have some kind of backup plan?
記載	キサイ	著者と出版社の名前を記載します。	I will include the author's and publisher's names.
イエロー	イエロー	イエローページに広告を記載してる？	Do you advertise in the Yellow Pages?
ミルクティー	ミルクティー	レモンティーとミルクティーどっちが好き？	Do you prefer tea with lemon or milk?
ハイオク	ハイオク	この車って、レギュラー？ハイオク？	Does this car use regular or premium?
噯気	オクビ	おくびにも出すな。	Don't breathe a word of it to anyone.
関わり合う	カカワリアイ	そんなことに関わり合いたくないよ。	I don't want to get involved in that business.
気取る	キドル	君が何をしているのかをトムに気取られるな。	Don't let Tom know what you're doing.
さわる	サワラ	せっけんだらけの手で私にさわらないで。	Don't touch me with your soapy hands.
どたどた	ドタドタ	そんなにドタドタと階段を駆け下りないの。	Don't run down the stairs so noisily.
絶滅	ゼツメツ	象は絶滅の危機に瀕している。	Elephants are in danger of dying out.
一朝一夕	イッチョウイッセキ	何事も一朝一夕にはいかない。	Things can't be accomplished overnight.
致命的	チメイテキ	致命的な誤りは不注意から起こる。	Fatal errors arise from carelessness.
相撲	スモウ	相撲を観戦したことある？	Have you ever watched sumo wrestling?
腹痛	フクツウ	最近、腹痛はありましたか？	Have you had abdominal pain recently?
戒める	イマシメル	彼は息子の怠惰さを戒めた。	He admonished his son for being lazy.
ふら	フラッ	昨日の夜、彼はふらっと私の家を訪ねてきた。	He dropped in at my house last night.
坊主	ボウズ	彼は何もかも三日坊主だ。	He can't stick to anything very long.
手探り	テサグリ	彼は暗闇の中を手探りで進んだ。	He felt his way through the darkness.
当選	トウセン	彼は選挙で大差で当選した。	He won the election by a large majority.
人文学	ジンブンガク	彼は人文学の権威だ。	He is an authority on the humanities.
現状	ゲンジョウ	トムは現状維持を望んでいる。	Tom wants to keep things the way they are.
口実	コウジツ	彼は遅刻の口実をこしらえた。	He invented an excuse for being late.
収集家	シュウシュウカ	彼はちょっとした切手収集家だ。	He is something of a stamp collector.
西部	セイブ	彼は町の西部に住んでいる。	He lives in the western part of town.
駆け出す	カケダシ	彼は警察を見て駆け出した。	He ran at the sight of the policeman.
旅人	タビビト	彼はその夜、旅人を泊めた。	He put the traveler up for the night.
渋々	シブシブ	彼は私の提案に渋々同意した。	He reluctantly agreed to my proposal.
キャンバス	キャンバス	彼は絵筆をカンバスにさっと走らせた。	He swept his brush across the canvas.
捩じ込む	ネジコン	彼は手紙をポケットにねじ込んだ。	He shoved the letter into his pocket.
鉄道	テツドウ	彼は鉄道事故で死んだ。	He was killed in a railroad accident.
博識	ハクシキ	彼の博識には驚く。	His extensive knowledge surprises me.
麓	フモト	それは富士山の麓にある。	It is located at the foot of Mt. Fuji.
激賞	ゲキショウ	彼のその勇気は激賞に値する。	His courage is worthy of high praise.
シーズンオフ	シーズンオフ	シーズンオフはホテルは割安だ。	Hotels are cheaper in the off season.
割安	ワリヤス	シーズンオフはホテルは割安だ。	Hotels are cheaper in the off season.
策	サク	正直は必ずしも最上の策とは限らない。	Honesty isn't always the best policy.
最上	サイジョウ	正直は必ずしも最上の策とは限らない。	Honesty isn't always the best policy.
都道府県	トドウフケン	日本には、都道府県は幾つあるの？	How many prefectures does Japan have?
片	カタ	君はこの問題にどう片をつける気かね。	How will you dispose of this problem?
病弱	ビョウジャク	彼は病弱なので心配だ。	I am concerned about his poor health.
遥々	ハルバル	彼ははるばるパキスタンから私に会いに来た。	He came to see me all the way from Pakistan.
遠路	エンロ	遠路はるばるお越しいただきありがとうございます。	I appreciate your coming all the way.
立	リツ	私は市立図書館で本を借りています。	I borrow books from the city library.
猫舌	ネコジタ	私はとても猫舌なんです。	I can't eat or drink very hot things.
法科大学院	ホウカダイガクイン	法科大学院に行ってたなんて知らなかったよ。	I didn't know you went to law school.
御礼	オレイ	御礼の申しようもありません。	I don't know how to thank you enough.
人殺し	ヒトゴロシ	トムが人殺しだとは思えないよ。	I don't think that Tom is the killer.
ごたごた	ゴタゴタ	お前をゴタゴタに巻き込みたくないんだ。	I don't want to get you into trouble.
高速道路	コウソクドウロ	高速道路が渋滞している。	There is a traffic jam on the highway.
駅前	エキマエ	駅前には銀行がある。	There's a bank in front of the station.
往復券	オウフクケン	私はボストンまでの往復券を持っています。	I have a round trip ticket to Boston.
食傷	ショクショウ	彼の冗談にはいい加減、食傷しました。	I have had quite enough of his jokes.
往復チケット	オウフクチケット	ボストンまでの往復チケットを持ってます。	I have a round trip ticket to Boston.
痺れ	シビレ	左手にしびれがあります。	I have some numbness in my left hand.
掻く	カク	熊は木の皮で背中を掻く習性がある。	Bears often scratch their backs on the bark of trees.
膝丈	ヒザタケ	私は膝丈のスカートが好きです。	I like to wear my skirts knee length.
打ち勝つ	ウチカツ	私はその困難に打ち勝つことができた。	I managed to overcome the difficulty.
建築学	ケンチクガク	大学では建築学を専攻してたよ。	I majored in architecture in college.
プラットフォーム	プラットホーム	私はプラットホームの端で彼にあった。	I met him at the end of the platform.
引き金	ヒキガネ	私は連続で引き金を引いた。	I pulled the trigger again and again.
全快	ゼンカイ	私はまだ全快していない。	I still haven't completely recovered.
塩味	シオアジ	もうちょっと塩味をきかせてみたら？	How about adding a little bit more salt?
休憩時間	キュウケイジカン	休憩時間に少し散歩をした。	I took a little walk during my break.
何気	ナニゲ	私は何気なくその雑誌を見た。	I took a casual look at the magazine.
度肝	ドギモ	あの車のスピードには度肝を抜かれたよ。	I was amazed at the speed of the car.
職務質問	ショクムシツモン	警察官に職務質問されました。	I was questioned by a police officer.
さます	サマソウ	私は酔いをさまそうと散歩に出掛けた。	I went for a walk to try to sober up.
投球	トウキュウ	彼の投球を見せたかったよ。	I wish you could have seen him pitch.
長期間	チョウキカン	できるだけ長期間滞在したいです。	I'd like to stay as long as possible.
差し向ける	サシムケ	今、誰か係りの者を差し向けます。	I'll send someone up to help you now.
営業部	エイギョウブ	私は営業部です。	I'm a member of the sales department.
単車	タンシャ	単車を買うつもりなんだ。	I'm going to buy myself a motorcycle.
折り合い	オリアイ	家族とは折り合いが悪いんだ。	I'm not on good terms with my family.
ばりばり	バリバリ	バリバリの受験生です。	I'm studying hard for entrance exams.
受験生	ジュケンセイ	バリバリの受験生です。	I'm studying hard for entrance exams.
富士	フジ	我々はついに富士山頂に達した。	We finally reached the top of Mt. Fuji.
前例	ゼンレイ	こんなことしたら、前例になっちゃうよ。	If we do this, it'll set a precedent.
引っ叩く	ヒッパタク	またやったら、お尻を引っ叩くわよ。	If you do that again, I'll spank you.
ぺんぺん	ペンペン	次やったら、お尻ペンペンしますよ。	If you do that again, I'll spank you.
本分	ホンブン	勉強するのが学生の本分だ。	It is the role of a student to study.
縒り	ヨリ	トムとよりを戻すの？	Are you and Tom getting back together?
めく	メク	もうすっかり秋めいてきました。	It looks as if autumn is really here.
オンライン申請	オンラインシンセイ	オンライン申請する方が早いかもね。	It may be faster if you apply online.
突入	トツニュウ	いよいよここも夏に突入したようですね。	It seems like summer is finally here.
深夜	シンヤ	会議は深夜まで続いた。	The meeting continued late into the night.
屋内	オクナイ	屋内にいるのがもったいないぐらいよい天気だった。	It was too nice a day to stay inside.
グレープジュース	グレープジュース	ワインじゃないよ。ただのグレープジュースだよ。	It's not wine. It's just grape juice.
数多く	カズオオク	生命の起源については数多くの学説がある。	There are many theories about the origin of life.
友誼	ユウギ	金の貸し借り友誼の終わり。	Lend your money and lose your friend.
貸し借り	カシカリ	金の貸し借り友誼の終わり。	Lend your money and lose your friend.
イースター	イースター	イースターのパレードを見に行こうよ。	Let's go and watch the Easter parade.
際どい	キワドイ	メアリーはきわどい格好をしている。	Mary is wearing provocative clothing.
思い込む	オモイコム	メアリーはトムに好かれてるって思い込んでるんだ。	Mary is convinced that Tom likes her.
助産婦	ジョサンプ	メアリーは助産婦を目指して勉強しています。	Mary is studying to become a midwife.
雨女	アメオンナ	メアリーは雨女だ。	Mary always brings the rain with her.
基礎	キソ	数学はすべての科学の基礎である。	Mathematics is basic to all sciences.
ぶらり	ブラリ	ぶらりと一人旅でもしてくるかな。	Maybe I'll just wander off on my own.
フロリダ州	フロリダシュウ	マイアミはフロリダ州最大の都市です。	Miami is the biggest city in Florida.
マイアミ	マイアミ	マイアミはフロリダ州最大の都市です。	Miami is the biggest city in Florida.
増税	ゾウゼイ	大部分の日本人が増税に反対した。	Most Japanese opposed a tax increase.
ホルダー	ホルダー	飲み物が、カップホルダーに入んなかった。	My drink didn't fit in the cupholder.
春休み	ハルヤスミ	私の子供達はもうすぐ春休みです。	My kids have their spring break soon.
信仰心	シンコウシン	うちの親は、すごく信仰心が強い人たちなんです。	My parents are very religious people.
火曜	カヨウ	来週の月曜と火曜は連休だ。	Next Monday and Tuesday are holidays.
連休	レンキュウ	今週末は３連休だ。	We're having a three-day weekend this week.
潔癖症	ケッペキショウ	妻は潔癖症だ。	My wife is obsessed with cleanliness.
発覚	ハッカク	新たな事実が発覚した。	New facts have been brought to light.
銀白色	ギンハクショク	ニッケルは硬い銀白色の金属です。	Nickel is a hard, silver-white metal.
ニッケル	ニッケル	ニッケルは硬い銀白色の金属です。	Nickel is a hard, silver-white metal.
引き裂く	ヒキサク	真の友情は誰にも引き裂かれない。	Nobody can destroy a true friendship.
奇数	キスウ	１、３、５は奇数である。	One, three, and five are odd numbers.
そして	ソシテ	１、３そして５は奇数です。	One, three, and five are odd numbers.
不寛容	フカンヨウ	今週の話題は「不寛容さ」についてです。	Our topic of the week is intolerance.
申請書	シンセイショ	この申請書にご記入ください。	Please fill in this application form.
ご送付	ゴソウフ	最新のカタログをご送付願います。	Please send me your latest catalogue.
大きめ	オオキメ	大きめのボールに黄身を入れます。	Put the yolks in a large mixing bowl.
どしどし	ドシドシ	どしどし仕事に取りかかる。	Roll up your sleeves and get to work.
差別	サベツ	彼は人種差別と戦った。	He fought against racial discrimination.
数羽	カズハ	数羽の鳥が空を飛んでいた。	Several birds were flying in the air.
大量	タイリョウ	日本は米国と大量に貿易をしている。	Japan does a lot of trade with the USA.
おろす	オロシ	彼女は銀行からお金をおろした。	She drew out the money from the bank.
難色	ナンショク	彼はまゆを上げて難色を示した。	He showed his disapproval by raising an eyebrow.
ウィーン	ウィーン	私は昨年初めてウィーンに行った。	I went to Vienna for the first time last year.
卒倒	ソットウ	その患者は血を見て卒倒した。	The patient fainted at the sight of blood.
屈み込む	カガミコン	彼は花壇の昆虫を見るためにかがみこんだ。	He bent over to see insects in the flowerbed.
忙しない	セワシナク	彼女は台所でせわしなく働いている。	She is bustling about in the kitchen.
和服	ワフク	彼女は和服の方が良く似合う。	She looks better in Japanese clothes.
入門書	ニュウモンショ	彼女は園芸の入門書を読んでいる。	She is reading a manual on gardening.
極上	ゴクジョウ	彼女は我々に極上の食事を用意してくれた。	She prepared a wonderful meal for us.
料金表	リョウキンヒョウ	料金表を見せて下さい。	Show me a list of your rates, please.
器量	キリョウ	彼女は妹ほどの器量好しではない。	She's not as beautiful as her sister.
付き纏う	ツキマトウ	私に付きまとうのをやめるように、トムに言ってください。	Tell Tom to stop following me around.
霊	レイ	あの家は、トムの霊が出るんです。	That house is haunted by Tom's ghost.
29	ニココノ	そのチケットは4月29日まで有効です。	That ticket is good until April 29th.
化粧品	ケショウヒン	あの店ではもう化粧品は売っていない。	That store no longer sells cosmetics.
ジャイアンツ	ジャイアンツ	昨日のジャイアンツの試合見た？	Did you see the Giants' game yesterday?
ドラゴンズ	ドラゴンズ	ジャイアンツは明日、ドラゴンズ戦です。	The Giants play the Dragons tomorrow.
女王	ジョオウ	３隻の船が女王から彼に与えられた。	Three ships were given to him by the queen.
バッキンガム	バッキンガム	女王はバッキンガム宮殿に住んでいる。	The Queen lives in Buckingham Palace.
漁船	ギョセン	大型船が漁船に衝突しました。	The big ship rammed the fishing boat.
大型	オオガタ	大型船が漁船に衝突しました。	The big ship rammed the fishing boat.
積み木	ツミキ	子供たちは、積み木で遊んでるわ。	The children are playing with blocks.
メリーゴーラウンド	メリーゴーランド	子供たちはメリーゴーランドに乗ってるよ。	The children are riding the carousel.
登記	トウキ	その会社は日本で登記されている。	The company is incorporated in Japan.
フライング	フライング	あの選手は２回もフライングをした。	The contestant made two false starts.
勝者	ショウシャ	群集は勝者に拍手喝采を送った。	The crowd gave the winner a big hand.
喝采	カッサイ	群集は勝者に拍手喝采を送った。	The crowd gave the winner a big hand.
鍵屋	カギヤ	ドアは、鍵屋さんが修理してくれました。	The door was repaired by a locksmith.
率	リツ	離婚率は上昇すると予想されている。	The divorce rate is expected to rise.
猟犬	リョウケン	猟犬たちはそのキツネを追いかけている。	The hounds are in pursuit of the fox.
後者	コウシャ	前者より後者の方がいい。	The latter is better than the former.
前者	ゼンシャ	前者より後者の方がいい。	The latter is better than the former.
太字	フトジ	最重要語句は太字になっています。	The most important words are in bold.
最重要	サイジュウヨウ	これは最重要案件です。	It's a matter of the utmost importance.
途端	トタン	家に着いたとたん嵐になった。	I had barely gotten home when the storm broke out.
民衆	ミンシュウ	民衆が王に対して反乱を起こした。	The people rebelled against the king.
封鎖	フウサ	警察はそのエリアを封鎖した。	The police have blocked off the area.
翌年	ヨクネン	翌年、第一次世界大戦が始まりました。	The next year, World War I broke out.
高額	コウガク	製品には高額の値札が付いている。	The product carries a high price tag.
ホノルル	ホノルル	ホノルル経由で東京に帰りたいのですが。	I'd like to return to Tokyo via Honolulu.
機動隊	キドウタイ	機動隊が現場に到着した。	The riot police arrived on the scene.
王宮	オウキュウ	王宮は丘の上に建てられた。	The royal palace was built on a hill.
宇宙船	ウチュウセン	宇宙船は完璧な着陸をした。	The spaceship made a perfect landing.
凸凹	デコボコ	月の表面はでこぼこだ。	The surface of the moon is irregular.
沈み掛ける	シズミカケ	地平線の彼方に日が沈みかけている。	The sun is setting below the horizon.
編成	ヘンセイ	列車は１５両編成だ。	The train is made up of fifteen cars.
テロリスト	テロリスト	テロリストは人質を解放した。	The terrorists released the hostages.
本数	ホンスウ	夜間、電車は本数が減ります。	There aren't as many trains at night.
応答	オウトウ	私の質問には何の応答もなかった。	There was no response to my question.
付	フ	この時計は、一年間の保証付です。	They guarantee this clock for a year.
円陣	エンジン	彼らは円陣を組んだ。	They formed themselves into a circle.
海産物	カイサンブツ	この地方は海産物に恵まれている。	This area is rich in marine products.
パラダイス	パラダイス	このビーチはサーファーにはパラダイスだ。	This beach is a paradise for surfers.
サーファー	サーファー	このビーチはサーファーにはパラダイスだ。	This beach is a paradise for surfers.
1910	イチキュウイチレイ	この大学は１９１０年に設立された。	This college was established in 1910.
デスク	デスク	このデスクは300ドルした。	This desk cost three hundred dollars.
山羊乳	ヤギニュウ	このチーズは山羊乳で作られている。	This cheese is made from goat's milk.
生家	セイカ	これが彼の生家です。	This is the house in which he was born.
牡丹餅	ボタモチ	棚からぼた餅とはこのことだ。	This is what they call a lucky break.
球場	キュウジョウ	この球場は５万人入る。	This stadium will hold 50,000 people.
若木	ワカギ	これは若木だからまだ実はみのらない。	This tree is too young to bear fruit.
雌鳥	メンドリ	そのめんどりはほとんど毎日卵を産む。	Those hens lay eggs almost every day.
後輩	コウハイ	トムは高校の後輩です。	Tom and I go to the same high school.
先輩	センパイ	トムは高校の先輩です。	Tom and I go to the same high school.
闇金	ヤミキン	トムは闇金からお金を借りた。	Tom borrowed money from a loan shark.
重病	ジュウビョウ	彼は重病で回復しそうにない。	He is seriously ill and unlikely to recover.
目くじら	メクジラ	トムって、私がすることにいちいち目くじらを立ててくるのよ。	Tom finds fault with everything I do.
ゴムボート	ゴムボート	トムはゴムボートで川を下った。	Tom floated down the river on a raft.
マニラ	マニラ	トムはマニラ封筒をメアリーに渡した。	Tom gave the manila envelope to Mary.
大黒柱	ダイコクバシラ	トムは一家の大黒柱です。	Tom is his family's main breadwinner.
稼ぎ手	カセギテ	トムは一家の稼ぎ手です。	Tom is his family's main breadwinner.
ボーカル	ボーカル	トムはうちのバンドのボーカルの一人です。	Tom is one of the singers in my band.
キャンプファイア	キャンプファイヤー	トムはキャンプファイヤーで料理を作るのには慣れてるよ。	Tom is used to cooking on a campfire.
演算	エンザン	トムは四則演算が苦手です。	Tom isn't good with basic arithmetic.
四則	シソク	トムは四則演算が苦手です。	Tom isn't good with basic arithmetic.
漁村	ギョソン	トムは小さな漁村に住んでいた。	Tom lived in a small fishing village.
カジノ	カジノ	トムは全財産をカジノで失った。	Tom lost all his money at the casino.
窓枠	マドワク	彼らは窓枠を黄色く塗った。	They painted the window frames yellow.
コレクション	コレクション	これが最近僕のコレクションに加わったものなんだ。	This is the latest acquisition to my library.
グローブ	グローブ	トムは新しいグローブを見せてくれた。	Tom showed me his new baseball glove.
夏祭り	ナツマツリ	トムは夏祭りに参加した。	Tom took part in the summer festival.
スーパーマン	スーパーマン	「スーパーマン」は今月その映画館で上映中です。	"Superman" is showing at the movie theater this month.
突き当たる	ツキアタル	あの通りを突き当たったら右に曲がってください。	Turn right at the end of that street.
孤児院	コジイン	トムはメアリーと同じ孤児院で育った。	Tom grew up in the same orphanage as Mary.
引き続き	ヒキツヅキ	引き続きのご支援を感謝いたします。	We appreciate your continued support.
負ぶう	オブッ	彼女は赤ちゃんをおぶっていた。	She was carrying the baby on her back.
150000	イチゴマン	月に１５万では暮らしが立たない。	We can't live on 150,000 yen a month.
クレーム	クレーム	サービスが悪かったのでクレームをつけた。	We complained about the poor service.
法規	ホウキ	我々は交通法規を守らなければならない。	We must obey the traffic regulations.
書き取り	カキトリ	今日は漢字の書き取りがある。	We have a kanji dictation test today.
伝え合う	ツタエアウ	意志を伝え合うために、私たちは言葉を使うのです。	We use words in order to communicate.
翌朝	ヨクアサ	翌朝は眠たかったです。	We were very sleepy the next morning.
泊まらす	トマラサ	私達は狭い部屋に泊まらされることになった。	We were made to stay in a small room.
早朝	ソウチョウ	明日の早朝に出発だよ。	We're leaving early tomorrow morning.
名所	メイショ	このお寺って、桜の名所なのよ。	This temple is famous for its cherry blossoms.
内閣	ナイカク	新内閣についてどう思いますか。	What do you think of the new Cabinet?
総数	ソウスウ	生徒の総数はいくらですか？	What is the total number of students?
消灯	ショウトウ	消灯は何時ですか？	What time do you turn the lights off?
東京ドーム	トウキョウドーム	東京ドームの電話番号は何番ですか。	What's the number for the Tokyo Dome?
日本円	ニホンエン	日本円をアメリカドルに両替してください。	Please change this Japanese yen to U.S. dollars.
バターミルク	バターミルク	ボストンでバターミルクが買えるところって、どこ？	Where can I buy buttermilk in Boston?
最長	サイチョウ	日本で、最長のトンネルは、何処にありますか。	Where is the longest tunnel in Japan?
看病	カンビョウ	病人には、つきっきりの看病が必要だった。	The sick man required constant attention.
撥ね付ける	ハネツケ	どうして彼らは君の提案をはねつけたんだい。	Why did they turn down your proposal?
知	チ	富は一生の宝、知は万代の宝。	Wisdom is better than gold or silver.
万代	モズ	富は一生の宝、知は万代の宝。	Wisdom is better than gold or silver.
北欧	ホクオウ	北欧では冬の訪れが早い。	Winter comes earlier in North Europe.
長寿	チョウジュ	一般的に、男より女の方が長寿です。	Women generally live longer than men.
掛け直し	カケナオシ	後ほどおかけ直しいただけないでしょうか？	Would you please call him back later?
病む	ヤム	皆さんが気に病む必要はありません。	You don't have to trouble yourselves.
押し隠す	オシカクス	自分の気持ちを押し隠すことはないんだよ。	You don't have to hide your feelings.
先導	センドウ	道を先導してください。そうすればついて行きます。	You lead the way and I'll follow you.
蔑ろ	ナイガシロ	お年寄りを蔑ろにしてはいけません。	You must not look down on old people.
寝足りる	ネタリ	まだ寝足りないでしょ？	You still need more sleep, don't you?
洗い浚い	アライザライ	何もかも洗いざらい言ってしまえ。	You'd better tell me the whole story.
本末	ホンマツ	それって本末転倒だろ。	You've got your priorities backwards.
転倒	テントウ	それって本末転倒だろ。	You've got your priorities backwards.
由紀夫	ユキオ	三島由紀夫は１９７０年に自殺した。	Yukio Mishima killed himself in 1970.
三島	ミシマ	三島由紀夫は１９７０年に自殺した。	Yukio Mishima killed himself in 1970.
難	ナン	会社は経営難に陥っている。	The company is in financial difficulties.
脳内	ノウナイ	彼の脳内で血管が破裂した。	A blood vessel burst inside his brain.
隕石	インセキ	隕石が燃えて、流星となる。	A burning meteoroid produces a meteor.
流星	リュウセイ	隕石が燃えて、流星となる。	A burning meteoroid produces a meteor.
AI	エーアイ	ＡＩは人工知能の略です。	AI stands for artificial intelligence.
人工知能	ジンコウチノウ	ＡＩは人工知能の略です。	AI stands for artificial intelligence.
よる	ヨレ	天気予報によればあすは雪だ。	According to the weather forecast, it'll snow tomorrow.
重曹	ジュウソウ	塩と重曹を水に加えてください。	Add salt and baking soda to the water.
根本的	コンポンテキ	政府は根本的な変革をしなければならない。	The government must make fundamental changes.
送別会	ソウベツカイ	トムの送別会に行くの？	Are you going to Tom's farewell party?
常用	ジョウヨウ	何か薬を常用していますか。	Are you taking any medicine regularly?
かっきり	カッキリ	１１時カッキリに駅に来てください。	Be at the station at 11 o'clock sharp.
仕上がる	シアガリ	期限までに仕事は仕上がりますか？	Can you get the work finished in time?
掛け直す	カケナオシ	２０分後に電話を掛け直してもいいですか。	Can I call you back in twenty minutes?
もぐもぐ	モグモグ	もぐもぐして食べなさい。	Chew your food with your mouth closed.
二酸化炭素	ニサンカタンソ	毎日大量の二酸化炭素が生成されている。	Massive amounts of carbon dioxide are generated every day.
ご指定	ゴシテイ	別の日をご指定いただけませんか。	Could you suggest an alternative date?
方位	ホウイ	日本は全方位を海に囲まれた国だ。	Japan is a country that is completely surrounded by oceans.
ワンダー	ワンダー	スティービー・ワンダーのニューアルバムはありますか。	Do you have Stevie Wonder's new album?
スティービー	スティービー	スティービー・ワンダーのニューアルバムはありますか。	Do you have Stevie Wonder's new album?
使用人	シヨウニン	犬には主人がいて、猫には使用人がいる。	Dogs have masters. Cats have servants.
雨曝し	アマザラシ	自転車を雨ざらしにしないでよ。	Don't leave your bike out in the rain.
教習生	キョウシュウセイ	教習生全員が、運転免許試験に受かりました。	Every student passed the driving test.
戦時	センジ	戦時中、彼は陸軍に所属していた。	During the war, he served in the army.
イコール	イコール	誰でも２足す２イコール４であることを知っている。	Everybody knows two and two make four.
短所	タンショ	誰にでも長所と短所がある。	Everyone has strengths and weaknesses.
直後	チョクゴ	夏休みの直後に試験です。	Exams are right after summer vacation.
世帯	セタイ	火事で４世帯が焼死した。	Four families were killed in the fire.
ガリバー	ガリバー	「ガリバー旅行記」を読んだことがありますか。	Have you ever read Gulliver's Travels?
旅行記	リョコウキ	「ガリバー旅行記」を読んだことがありますか。	Have you ever read Gulliver's Travels?
睡眠薬	スイミンヤク	睡眠薬を飲んでみたことある？	Have you tried taking a sleeping pill?
全責任	ゼンセキニン	彼がその全責任を負った。	He assumed full responsibility for it.
引っ切り	ヒッキリ	彼はひっきりなしに他人を批評する。	He constantly criticizes other people.
批評	ヒヒョウ	劇の批評はおしなべて好評だった。	Almost all of the reviews of the play were favorable.
医療	イリョウ	彼は医療に一生を捧げた。	He dedicated his life to medical work.
農夫	ノウフ	彼はある農夫から卵と牛乳を買った。	He bought eggs and milk from a farmer.
渋い	シブイ	彼は妻の無駄遣いに渋い顔をする。	He frowns on his wife's wasting money.
散弾銃	サンダンジュウ	彼は散弾銃を手にして乗り込んで来た。	He got in with a shotgun in his hands.
出入り	デイリ	彼はアメリカ大使館に出入りしている。	He has access to the American Embassy.
めきめき	メキメキ	彼は英語の力がめきめきついてきた。	He has made rapid progress in English.
手抜き	テヌキ	彼は決して手抜きをしない人だ。	He is a person who never cuts corners.
英文学	エイブンガク	彼は英文学に明るい。	He is well read in English literature.
裏手	ウラテ	彼は自分の車を建物の裏手に駐車した。	He parked his car behind the building.
全身全霊	ゼンシンゼンレイ	それに全身全霊を傾けた。	He put all his heart and soul into it.
公用	コウヨウ	彼は公用で大阪に行った。	He went to Osaka on official business.
知性的	チセイテキ	彼は兄より知性的ではない。	He is not as intelligent as his older brother.
劣る	オトル	彼女は姉に劣らず美しい。	She is no less beautiful than her sister.
木霊	コダマ	彼女の笑い声が家にこだました。	Her laughter echoed through the house.
乞食	コジキ	私は乞食も同然だ。	I'm no better than a beggar.
嗅ぎ回る	カギマワッ	彼はいつも噂をかぎ回っていますよ。	He's always anxious to pick up gossip.
中小企業	チュウショウキギョウ	彼の父親は中小企業の経営者でした。	His father was a small business owner.
帰省	キセイ	七年ぶりに帰省しました。	After an absence of seven years, I went home.
鍵盤	ケンバン	彼の指はすばやく鍵盤の上を走った。	His fingers ran swiftly over the keys.
演技	エンギ	彼の演技は完璧だった。	His acting left nothing to be desired.
畏敬	イケイ	彼の兵士たちは彼に畏敬の念を抱いていた。	His soldiers feared and respected him.
難解	ナンカイ	彼の理論は難解だ。	His theory is difficult to understand.
バックギャモン	バックギャモン	どうやってバックギャモンがそんなに上手くなったんだ？	How did you get so good at backgammon?
偽造	ギゾウ	偽造パスポートを手に入れるのって、どれくらい難しいのかな？	How hard is it to get a fake passport?
アメリカドル	アメリカドル	日本円をアメリカドルに両替してください。	Please change this Japanese yen to U.S. dollars.
年会費	ネンカイヒ	年会費はいくらですか。	How much is the annual membership fee?
パック	パック	ビール６缶パックは、おいくらですか？	How much does a six-pack of beer cost?
一覧表	イチランヒョウ	一覧表にトムの家族の名前を付け加えたよ。	I added Tom's family name to the list.
望遠鏡	ボウエンキョウ	望遠鏡のピントをあわせた。	I adjusted the telescope to my vision.
細やか	コマヤカ	細やかなお心遣いに感謝いたします。	I appreciate your attention to detail.
ロサンゼルス	ロサンゼルス	ロサンゼルスはアメリカ第2の都市である。	Los Angeles is the second largest city in the United States.
両脚	リョウアシ	自転車に乗っていて両脚を折った。	I broke both my legs riding a bicycle.
堪える	タエ	動物がいじめられているのは見るに堪えない。	I can't stand to see animals being teased.
比較	ヒカク	私はこの絵とあの絵を比較した。	I compared this picture with that one.
切り取る	キリトッ	私はその記事を雑誌から切りとった。	I cut the article out of the magazine.
印象	インショウ	アルプスの景観は私の印象に残った。	The scenery of the Alps left a lasting impression on me.
不規則	フキソク	不規則動詞の勉強は好きではない。	I don't like learning irregular verbs.
牛乳パック	ギュウニュウパック	牛乳は牛乳パックからじかに飲むよ。	I drink milk straight from the carton.
仕事着	シゴトギ	仕事着に着替えなければいけない。	I have to change into my work clothes.
てく	テカ	ちょっと寄ってかない？	Why don't you stop by for a little while?
出身地	シュッシンチ	出身地が知りたいだけです。	I just want to know where you're from.
一時期	イチジキ	私は一時期、天体物理学者になりたかった。	I once wanted to be an astrophysicist.
天体	テンタイ	私は一時期、天体物理学者になりたかった。	I once wanted to be an astrophysicist.
半端	ハンパ	手遅れ感はんぱないね。	I really feel like I missed my chance.
気詰まり	キヅマリ	彼が気詰まりであるということがすぐにわかった。	I saw at once that he was ill at ease.
飛び越える	トビコエル	私は白い犬が塀を飛び越えるのを見た。	I saw a white dog jump over the fence.
ユーザー名	ユーザーメイ	もっと短いユーザー名にしておけばよかった。	I should've chosen a shorter username.
明け暮れる	アケクレ	フランス語の勉強に明け暮れていた。	I spent a lot of time studying French.
中二	チュウニ	私は中二で学校を退学した。	I dropped out of school when I was in the 7th grade.
方針	ホウシン	私たちの方針を変えるべきだと思う。	I think we ought to change our policy.
ドキュメント	ドキュメント	そのドキュメントをフランス語に翻訳しました。	I translated the document into French.
睡魔	スイマ	大抵、午後になると睡魔に襲われるんだよな。	I usually get sleepy in the afternoon.
参考書	サンコウショ	参考書を見たいのですが。	I want to look at the reference books.
セーフ	セーフ	終電にぎりぎりセーフだったよ。	I was just in time for the last train.
飛行場	ヒコウジョウ	私は彼らを見送りに飛行場まで行った。	I went to the airport to see them off.
呼ばれ	ヨバレ	夕食をお呼ばれに行きました。	I went to the dinner I was invited to.
見舞い	ミマイ	叔父を見舞いに病院に行った。	I went to the hospital to see my uncle.
インフォメーション	インフォメーション	空港のインフォメーションカウンターで働いています。	I work at an airport information desk.
明朝	ミョウチョウ	明朝９時にお会いしましょう。	I'll see you at nine tomorrow morning.
カラオケバー	カラオケバー	私は金輪際カラオケバーでは歌わない。	I'll never ever sing in a karaoke bar.
善処	ゼンショ	善処いたします。	I'll have to go and see what I can do.
歯型	ハガタ	歯型を取ります。	I'll take an impression of your teeth.
代わる	カワリ	担当者と代わります。	I'll transfer you to the right person.
担当者	タントウシャ	担当者と代わります。	I'll transfer you to the right person.
遠視	エンシ	年齢を重ねるにつれ、だんだん遠視になってきている。	I'm getting farsighted as I get older.
演奏会	エンソウカイ	演奏会がとても不安だ。	I'm all in a dither about the concert.
けけ	ケケ	あなたに腹を立ててるわけけじゃないのよ。自分に腹が立つの。	I'm not mad at you. I'm mad at myself.
大学院	ダイガクイン	大学院に進学するつもりです。	I'm planning to go to graduate school.
た	タロウ	お子さんは大きくなったろうね。	I'm sure the children are getting big.
シェルダン	シェルダン	私はシドニー・シェルダンの小説を読んでいる。	I'm reading a novel by Sidney Sheldon.
不案内	フアンナイ	申し訳ありませんが、この辺りは不案内なんです。	I'm sorry. I'm a stranger around here.
不快	フカイ	不快な思いさせてたら、ごめんね。	I'm sorry if I made you uncomfortable.
ゴシップ	ゴシップ	君の馬鹿げたゴシップはもうたくさんだ。	I've had enough of your stupid gossip.
自己流	ジコリュウ	ギターを自己流で覚えてるんだ。	I've taught myself to play the guitar.
イリジウム	イリジウム	イリジウムは最も希少な元素のひとつだ。	Iridium is one of the rarest elements.
土産品	ミヤゲヒン	ホテルの中に土産品店はありますか？	Is there a souvenir shop in the hotel?
更ける	フケル	夜が更けるにつれて寒くなった。	It became colder as the night wore on.
木陰	コカゲ	木陰は涼しかった。	It was cool in the shade of the trees.
御負け	オマケ	暑いし、おまけに湿度も高かった。	It was hot, and on top of that, humid.
えー	エ	ええっと、15人でした。	Let me see. There were fifteen people.
雑談	ザツダン	一緒にコーヒーを飲みながら雑談をしませんか。	Let's discuss it over a cup of coffee.
1860	イチハチロクレイ	リンカーンは１８６０年に大統領に選ばれた。	Lincoln was elected President in 1860.
水星	スイセイ	水星は太陽に一番近い惑星です。	Mercury is the planet nearest the Sun.
エベレスト	エベレスト	エベレストは世界の最高峰です。	Mt. Everest is the highest peak in the world.
頻発	ヒンパツ	大都市では殺人事件が頻発している。	Murders are very common in big cities.
掛かり付け	カカリツケ	かかりつけの医者が、塩分を控えるようにって言ったんだよ。	My doctor told me to cut down on salt.
貿易	ボウエキ	父は貿易業に従事している。	My father is engaged in foreign trade.
業	ゴウ	それは、至難の業だな。	It is like looking for a needle in a haystack.
中世	チュウセイ	私の専門は中世ヨーロッパ史です。	My major is medieval European history.
的中	テキチュウ	嫌な予感が的中した。	My premonition turned out to be right.
海王星	カイオウセイ	海王星は太陽系の8番目の惑星だ。	Neptune is the eighth planet of the solar system.
且つ	カツ	海王星は暗く寒く、かつ烈風が吹き荒れている。	Neptune is dark, cold, and very windy.
烈風	レップウ	海王星は暗く寒く、かつ烈風が吹き荒れている。	Neptune is dark, cold, and very windy.
吹き荒れる	フキアレ	外では冷たい北風が轟々と吹き荒れていた。	The cold north wind was roaring outside.
材木	ザイモク	近頃はよい材木を見つけるのが難しいですね。	Nowadays, finding good lumber is hard.
ピンポン	ピンポン	ピンポンは卓球とも呼ばれている。	Ping pong is also called table tennis.
卓球	タッキュウ	トムはテニスも卓球もうまい。	Tom can play both tennis and table tennis well.
本籍地	ホンセキチ	君の本籍地を教えて下さい。	Please give me your permanent address.
はかる	ハカリ	荷物をはかりの上にのせてください。	Please put your baggage on this scale.
料理長	リョウリチョウ	料理長においしかったとお伝え下さい。	Please tell the chef it was delicious.
謝意	シャイ	彼女は自分の本の中で彼の助力に謝意を述べた。	She acknowledged his help in her book.
ロミオ	ロミオ	「ロミオとジュリエット」が劇場で上演されている。	Romeo and Juliet is on at the theater.
ジュリエット	ジュリエット	彼女はジュリエットの役を演じるのに適任だ。	She is a natural to play the part of Juliet.
上演	ジョウエン	「ロミオとジュリエット」が劇場で上演されている。	Romeo and Juliet is on at the theater.
著書	チョショ	彼女は自分の著書の中で、彼の支援に感謝の言葉を述べた。	She acknowledged his help in her book.
テリア	テリア	彼女は自分のテリアをドッグショーに出した。	She entered her terrier in a dog show.
安らか	ヤスラカ	彼女は昨夜安らかに息を引き取った。	She passed away peacefully last night.
搬送	ハンソウ	彼女は病院に搬送中だった。	She was being carried to the hospital.
講習	コウシュウ	彼女は週に一度料理の講習を受ける。	She takes cooking lessons once a week.
下階	カカイ	下階で誰かがあなたを待っていますよ。	Someone is waiting for you downstairs.
つべこべ	ツベコベ	つべこべ言わずに仕事に戻りなさい。	Stop complaining and get back to work.
重要性	ジュウヨウセイ	彼は教育の重要性を強調した。	He placed emphasis on the importance of education.
最速	サイソク	あれが世界最速の列車だよ。	That's the fastest train in the world.
沈没	チンボツ	タイタニック号は処女航海で沈没した。	The Titanic sunk on its maiden voyage.
処女	ショジョ	タイタニック号は処女航海で沈没した。	The Titanic sunk on its maiden voyage.
報道陣	ホウドウジン	首相は報道陣と会見した。	The Prime Minister met with the press.
首相	シュショウ	首相は報道陣と会見した。	The Prime Minister met with the press.
会見	カイケン	首相は報道陣と会見した。	The Prime Minister met with the press.
ばしゃばしゃ	バシャバシャ	赤ちゃんが浴槽の中でバシャバシャと水しぶきをあげていた。	The baby was splashing in the bathtub.
水飛沫	ミズシブキ	赤ちゃんが浴槽の中でバシャバシャと水しぶきをあげていた。	The baby was splashing in the bathtub.
ステッカー	ステッカー	小包には「取扱注意」のステッカーが貼ってあった。	The package had a "handle with care" sticker on it.
ぼちゃぼちゃ	ボチャボチャ	赤ん坊が浴槽の中でぼちゃぼちゃやっていた。	The baby was splashing in the bathtub.
ボディーガード	ボディーガード	ボディーガードは、イヤホンをしていた。	The bodyguard was wearing an earpiece.
杏子	アンズ	あんずの花が満開だ。	The apricot trees are in full blossom.
見頃	ミゴロ	桜が見ごろだ。	The cherry blossoms are at their best.
泥んこ	ドロンコ	子供たちは泥んこの中で遊んでいた。	The children were playing in the dirt.
真っ盛り	マッサカリ	桜の花が真っ盛りです。	The cherry blossoms are at their best.
農産	ノウサン	わが国の主な農産物は米である。	The chief crop of our country is rice.
決壊	ケッカイ	大雨でダムが決壊した。	The dam burst owing to the heavy rain.
要塞	ヨウサイ	要塞は敵の手にあった。	The fortress was in the enemy's hands.
決行	ケッコウ	試合は雨天決行です。	The game will be played rain or shine.
豪雨	ゴウウ	河川は豪雨で氾濫しました。	The rivers were flooded by the heavy rain.
色付く	イロヅキ	葉が色付き始めた。	The leaves have begun to change color.
翻す	ヒルガエス	その裁判官は、最終判決をひるがえした。	The judge reversed the final decision.
人垣	ヒトガキ	労働者たちは人垣を作った。	The laborers formed a human barricade.
凍結	トウケツ	凍結した道路が日光を浴びてまばゆく光った。	The icy road sparkled in the sunlight.
眩い	マバユク	凍結した道路が日光を浴びてまばゆく光った。	The icy road sparkled in the sunlight.
効果的	コウカテキ	最も効果的な防御は攻撃である。	The most effective defense is offense.
母猫	ハハネコ	母猫は鳥を捕まえに出かけた。	The mother cat went out hunting birds.
原作	ゲンサク	その映画は原作ほどおもしろくない。	That movie isn't as interesting as the original.
程遠い	ホドトオカッ	その新しい方法は理想からほど遠かった。	The new method was anything but ideal.
急斜面	キュウシャメン	道は急斜面をジグザグにのぼっていた。	The path zigzagged up the steep slope.
ジグザグ	ジグザグ	道は急斜面をジグザグにのぼっていた。	The path zigzagged up the steep slope.
姫	ヒメ	姫は帝に赦しを乞うた。	The princess begged forgiveness from the emperor.
打ち切る	ウチキル	警察は捜索を打ち切った。	The police have called off the search.
避難民	ヒナンミン	避難民たちは飢えと闘った。	The refugees struggled against hunger.
休校	キュウコウ	台風で休校になりました。	Because of the typhoon, the school was closed.
兵隊	ヘイタイ	兵隊が橋を見張っていた。	The soldiers were guarding the bridge.
微笑	ビショウ	長身の男はトムを見て微笑した。	The tall man looked at Tom and smiled.
傾く	カタムク	その塔はわずかに左へ傾いていた。	The tower leaned slightly to the left.
ぎゅう詰め	ギュウヅメ	どの電車も通勤者でぎゅうぎゅう詰めだった。	The trains were jammed with commuters.
ぎゅう	ギュウ	どの電車も通勤者でぎゅうぎゅう詰めだった。	The trains were jammed with commuters.
関東	カントウ	台風が関東地方に上陸した。	The typhoon struck the Kanto district.
無数	ムスウ	宇宙には無数の星がある。	The universe contains countless stars.
取り決める	トリキメル	両国は条約を取り決めた。	The two countries negotiated a treaty.
蜂鳥	ハチドリ	ハチドリは３４０種います。	There are 340 species of hummingbirds.
340	サンヨンレイ	ハチドリは３４０種います。	There are 340 species of hummingbirds.
大地震	ダイジシン	昨夜、大地震があった。	There was a big earthquake last night.
湖上	コジョウ	湖上にはたくさんのボートが浮かんでいた。	There were a lot of boats on the lake.
参加者	サンカシャ	参加者の大部分は女性だった。	The participants were for the most part women.
溜め池	タメイケ	住んでるところの近くにため池があるんだ。	There's a reservoir near where I live.
不要	フヨウ	参加会費は不要です。	There's no membership fee for joining.
費	ヒ	入会費はかかりません。	There's no membership fee for joining.
参加費	サンカヒ	参加費はかかりません。	There's no membership fee for joining.
見所	ミドコロ	このあたりは見どころがいっぱいです。	There are a lot of places to see around here.
出回る	デマワル	市場に出回るものといたしまして、こちらのカバンは極上品でございます。	These are the best bags on the market.
上品	ジョウボン	彼はハンサムですてきなのだけど上品とはいえないわ。	He's handsome and nice, but he has no class.
輸入品	ユニュウヒン	その店は輸入品を売っています。	They sell imported goods at that shop.
掻き分ける	カキワケ	彼らは群集をかき分けて進んだ。	They made their way through the crowd.
入れ食い	イレグイ	いやぁ、昨日は入れ食いでねえ。	They were biting like crazy yesterday.
いや	イヤァ	いやぁ、昨日は入れ食いでねえ。	They were biting like crazy yesterday.
ステンドグラス	ステンドグラス	この教会にはステンドグラスがあるんだ。	This church has stained glass windows.
性能	セイノウ	こっちのコンピューターの方が、あっちのより性能がいいよ。	This computer is better than that one.
散らばる	チラバル	彼らは四方八方に散らばった。	They were scattered in all directions.
別格	ベッカク	こちらは町の中でも別格のホテルなんですよ。	This is by far the best hotel in town.
ぽんこつ車	ポンコツグルマ	このポンコツ車はえんこばかりしている。	This old car breaks down all the time.
えんこ	エンコ	このポンコツ車はえんこばかりしている。	This old car breaks down all the time.
メロディー	メロディー	私はあの歌のメロディーが思い出せない。	I can't remember the tune of that song.
全壊	ゼンカイ	ビルは地震で全壊した。	The building was totally destroyed by the earthquake.
時制	ジセイ	この文は現在時制です。	This sentence is in the present tense.
トーマス	トーマス	トーマス・エジソンは電球を発明した。	Thomas Edison invented the light bulb.
トマス	トマス	トマス・エジソンが電球を発明した。	Thomas Edison invented the light bulb.
140	イチヨンレイ	今日のレートは１ドル１４０円です。	Today's rate is 140 yen to the dollar.
レート	レート	今日のレートは１ドル１４０円です。	Today's rate is 140 yen to the dollar.
ブレスレット	ブレスレット	トムは高価なブレスレットをメアリーに買ってあげた。	Tom bought Mary an expensive bracelet.
取り方	トリカタ	トムはリンゴの芯の取り方をやってみせてくれた。	Tom demonstrated how to core an apple.
シュノーケル	シュノーケル	トムはシュノーケルの使い方を知らない。	Tom doesn't know how to use a snorkel.
シュノーケル	スノーケル	トムはスノーケルの使い方がわからない。	Tom doesn't know how to use a snorkel.
花束	ハナタバ	トムはメアリーに花束をあげた。	Tom gave a bouquet of flowers to Mary.
上旬	ジョウジュン	トムは１０月上旬からここにいます。	Tom has been here since early October.
ヘッドコーチ	ヘッドコーチ	トムは臨時ヘッドコーチに指名された。	Tom has been named interim head coach.
臨時	リンジ	それはただの臨時の解決策だった。	It was only supposed to be an interim solution.
メリー	メリー	トムはメリーの父親じゃなくて兄弟だ。	Tom is Mary's brother, not her father.
嗅ぎ付ける	カギツケ	私がここにいたのをトムは嗅ぎつけたはずだ。	Tom must've found out that I was here.
メープルシロップ	メープルシロップ	トムはパンケーキにかかってるメープルシロップが好きだ。	Tom likes maple syrup on his pancakes.
結婚相手	ケッコンアイテ	トムならメアリーの結婚相手を知ってるかもね。	Tom might know who Mary is married to.
食器	ショッキ	トムは犬の食器に餌を入れた。	Tom put some food into the dog's dish.
カリスマ的	カリスマテキ	僕はカリスマ的だと思ったとトムは言った。	Tom said he thought I was charismatic.
自撮り	ジドリ	トムはスマホで自撮りをした。	Tom took a selfie with his smartphone.
あやす	アヤソウ	トムは泣いている子供をあやそうとした。	Tom tried to comfort the crying child.
社命	シャメイ	トムは社命でボストンに飛ばされた。	Tom was sent by his company to Boston.
被害者	ヒガイシャ	トムは凶悪犯罪の被害者になった。	Tom was the victim of a heinous crime.
凶悪	キョウアク	トムは凶悪犯罪の被害者になった。	Tom was the victim of a heinous crime.
取り囲む	トリカコム	トムは警察官に取り囲まれた。	Tom was surrounded by police officers.
時速	ジソク	この車は、時速300キロ出ます。	This car can go 300 kilometers per hour.
伝達	デンタツ	水は空気よりも音をよく伝達する。	Water transmits sound better than air.
克服	コクフク	我々は多くの困難を克服しなければならない。	We have to overcome many difficulties.
乳幼児	ニュウヨウジ	乳幼児に対する医療がもっと必要である。	We need more medical care for infants.
木曜	モクヨウ	木曜までには結果が分かるはずだ。	We should know the result by Thursday.
衣服	イフク	私達は彼らに食べ物と衣服を与えた。	We provided food and clothes for them.
上回る	ウワマワル	私達は予想を上回る金額を使ってしまった。	We spent more money than was expected.
岸	キシ	彼らは船を岸に引き上げた。	They dragged their boat onto the beach.
メーンディッシュ	メインディッシュ	メインディッシュを魚にしましたよ。	We're having fish for our main course.
トッピング	トッピング	好きなピザのトッピングは何？	What are your favorite pizza toppings?
ブロードウェー	ブロードウェイ	好きなブロードウェイミュージカルは何？	What's your favorite Broadway musical?
瀕する	ヒンスル	彼らは危機に瀕すると、逃げる。	When they're in danger, they run away.
商品券	ショウヒンケン	この商品券って、どこでなら使えるんだろう？	Where can I use this gift certificate?
エアポートバス	エアポートバス	エアポートバスはどこから出ていますか。	Where do the airport buses leave from?
ユナイテッド	ユナイテッド	ユナイテッド航空の受付カウンターはどこですか。	Where is the United Airlines check-in counter?
航空	コウクウ	ユナイテッド航空の受付カウンターはどこですか。	Where is the United Airlines check-in counter?
111	イチイチイチ	ユナイテッド航空１１１便の搭乗ゲートはどこですか。	Where is the boarding gate for UA 111?
給食	キュウショク	給食室の担当はどなたですか？	Who's in charge of the school kitchen?
テンション	テンション	なんでトム今日あんなテンション高いの？	Why is Tom in such high spirits today?
草原	ソウゲン	野生の動物たちが草原を歩き回っていた。	Wild animals roamed across the plains.
ハム	ハム	朝食にハムはいかがですか？	Would you like some ham for breakfast?
製法	セイホウ	チーズの製法を教えてください。	Would you teach me how to make cheese?
イエメン	イエメン	イエメンは中東に位置する一国である。	Yemen is a country in the Middle East.
中東	チュウトウ	イエメンは中東に位置する一国である。	Yemen is a country in the Middle East.
好き勝手	スキカッテ	何でも好き勝手にはできないんだからね。	You can't have your way in everything.
老犬	ロウケン	老犬に新しい芸は仕込めない。	You can't teach an old dog new tricks.
仕込む	シコメ	老犬に新しい芸は仕込めない。	You can't teach an old dog new tricks.
芸	ゲイ	老犬に新しい芸は仕込めない。	You can't teach an old dog new tricks.
教え込む	オシエコム	老いた犬に新しい芸当を教え込むことはできない。	You can't teach an old dog new tricks.
老いる	オイル	老いた犬に新しい芸当を教え込むことはできない。	You can't teach an old dog new tricks.
錆	サビ	君の身から出た錆だ。	You have no one but yourself to blame.
難局	ナンキョク	我々は難局に直面している。	We're confronted with a difficult situation.
通知	ツウチ	２，３日したら通知が行きます。	You'll receive a notice in a few days.
合格点	ゴウカクテン	あなたのスピーチは合格点から程遠いものです。	Your speech was far from satisfactory.
ジンバブエ	ジンバブエ	ジンバブエはかつてイギリスの植民地だった。	Zimbabwe was once a colony of Britain.
交わる	マジワル	人は交わる友によってその人物がわかる。	A man is known by the company he keeps.
数人	カズヒト	彼の講演終了後、数人が拍手した。	A few people clapped after his lecture.
対岸	タイガン	対岸の火事で良かった。	I'm glad it was someone else who got it.
不況	フキョウ	来年は不況が避けられませんよ。	A recession is bound to come next year.
529	ゴニキュウ	たった５２９人の観客しか試合を見に来なかった。	A mere 529 spectators watched the game.
アンゴラ	アンゴラ	アンゴラはかつてポルトガルの領土だった。	Angola was once a Portuguese territory.
ポルトガル	ポルトガル	アンゴラはかつてポルトガルの領土だった。	Angola was once a Portuguese territory.
深夜勤務手当	シンヤキンムテアテ	深夜勤務手当は出てるの？	Are they paying you extra to work late?
不服	フフク	私たちの決定に不服ですか。	Are you dissatisfied with our decision?
旅費	リョヒ	旅費はせいぜい千ドルだろう。	At the most, the trip will cost $1,000.
向日葵油	ヒマワリアブラ	ひまわり油を運ぶ際は、注意してください。	Be careful when carrying sunflower oil.
ウクレレ	ウクレレ	ウクレレの弾き方を教えてください。	Can you teach me how to play a ukulele?
政権	セイケン	中国では1949年に共産党が政権を取った。	Communists took power in China in 1949.
1949	イチキュウヨンキュウ	中国では1949年に共産党が政権を取った。	Communists took power in China in 1949.
共産党	キョウサントウ	中国では1949年に共産党が政権を取った。	Communists took power in China in 1949.
月謝	ゲッシャ	ピアノの月謝ちょうだい。	Could I have money for my piano lesson?
コーンスターチ	コーンスターチ	コーンスターチはスープのとろみ付けにもってこいです。	Cornstarch is good for thickening soup.
とろみ	トロミ	コーンスターチはスープのとろみ付けにもってこいです。	Cornstarch is good for thickening soup.
家庭環境	カテイカンキョウ	子供には幸福な家庭環境が必要だ。	Children need a happy home environment.
デトロイト	デトロイト	デトロイトは自動車産業で有名だ。	Detroit is famous for its car industry.
産業	サンギョウ	この町の主な産業は何ですか。	What is the main industry in this town?
到着時間	トウチャクジカン	正確な到着時間までは分からないよ。	I can't tell you exactly what time we'll get there.
電信	デンシン	電信を発明したのは誰だか知っていますか。	Do you know who invented the telegraph?
保有	ホユウ	あなたの国は核兵器保有国ですか？	Does your country have nuclear weapons?
核兵器	カクヘイキ	核兵器は人類にとって脅威だ。	Nuclear weapons are a threat to humanity.
割り当てる	ワリアテル	私たちは大きな教室を割り当てられた。	We have been assigned the large classroom.
演説者	エンゼツシャ	演説者は聴衆に黙っているように要求した。	The speaker requested that the audience remain silent.
幾度	イクド	その建物は幾度もオーナーを変えた。	That building has changed hands many times.
危険性	キケンセイ	医者は彼に喫煙の危険性を警告した。	The doctor warned him of the dangers of smoking.
76000	ナナマンロクセン	ゼネラルモーターズは７万６千人の従業員を解雇しました。	General Motors laid off 76,000 workers.
ゼネラルモーターズ	ゼネラルモーターズ	ゼネラルモーターズは７万６千人の従業員を解雇しました。	General Motors laid off 76,000 workers.
1636	イチロクサンロク	ハーバード大学は１６３６年に設立された。	Harvard University was founded in 1636.
競馬	ケイバ	競馬って見に行ったことある？	Have you ever gone to see a horse race?
四つ葉	ヨツバ	私、四つ葉を見つけるの得意なんだよ。	I'm really good at finding four-leaf clovers.
公共	コウキョウ	公共の場で誰かとキスしたことある？	Have you ever kissed someone in public?
受刑者	ジュケイシャ	受刑者を訪ねて行ったことある？	Have you ever visited anyone in prison?
オーロラ	オーロラ	オーロラを見たことがありますか？	Have you ever seen the northern lights?
打ち当たる	ブチアタッ	なんか難しい問題にでもぶち当たったのか？	Have you run into some kind of trouble?
捗る	ハカドル	研究ははかどりましたか。	Have you made progress in your studies?
調節	チョウセツ	彼は望遠鏡を自分の目に合うように調節した。	He adjusted the telescope to his sight.
追い越す	オイコス	彼は車の速度を上げて私を追い越した。	He accelerated his car and overtook me.
調整	チョウセイ	彼は望遠鏡を自分に合うように調整した。	He adjusted the telescope to his sight.
腹立たしい	ハラダタシ	彼は腹立たし気に、彼女からの手紙をビリビリに破いた。	He angrily tore up the letter from her.
救済	キュウサイ	彼は難民救済基金に１万ドルを寄付した。	He donated $10,000 to the refugee fund.
基金	キキン	彼は難民救済基金に１万ドルを寄付した。	He donated $10,000 to the refugee fund.
照らし合わせる	テラシアワセ	彼はコピーをオリジナルと照らし合わせた。	He compared the copy with the original.
説き及ぶ	トキオヨン	彼は生命の起源にまで説き及んだ。	He even referred to the origin of life.
駄津	ダツ	彼はどうもうだつが上がらないね。	He doesn't seem to get on in the world.
農地	ノウチ	彼は高い農地代を払わなければならなかった。	He had to pay a high rent for his farm.
麻疹	バシカ	この間、三日ばしかにかかりました。	He had three-day measles the other day.
相応しい	フサワシイ	彼はわがチームの主将にふさわしい。	He is worthy to be captain of our team.
襟首	エリクビ	彼はすりの襟首を掴んだ。	He seized the pickpocket by the collar.
所有権	ショユウケン	彼はその土地の所有権を放棄した。	He renounced the ownership of the land.
あしらう	アシラッ	彼は私の提案を鼻であしらった。	He turned up his nose at my suggestion.
あかんべい	アッカンベー	彼は先生にあっかんべーをした。	He stuck out his tongue at his teacher.
べ	べ	彼は先生に向かって舌をべーっと出した。	He stuck out his tongue at his teacher.
はなす	ハナス	彼はドイツなまりの英語をはなす。	He speaks English with a German accent.
なまり	ナマリ	彼はドイツなまりの英語をはなす。	He speaks English with a German accent.
即死	ソクシ	彼は落石で即死した。	He was hit by a falling rock and died instantly.
血の気	チノケ	その知らせに彼の顔から血の気が引いた。	He turned pale when he heard that news.
要撃	ヨウゲキ	彼はゲリラの一隊に要撃された。	He was waylaid by a band of guerrillas.
ゲリラ	ゲリラ	彼はゲリラの一隊に要撃された。	He was waylaid by a band of guerrillas.
一隊	イッタイ	彼はゲリラの一隊に要撃された。	He was waylaid by a band of guerrillas.
掻き立てる	カキタテ	彼の絶え間ない侮辱が彼女の怒りを掻き立てた。	His constant insults aroused her anger.
要点	ヨウテン	話の要点を書き留めなさい。	Take down the main points of the speech.
簡潔	カンケツ	「ゲティスバーグ演説」は簡潔なスピーチです。	"The Gettysburg Address" is a concise speech.
解れる	ホグレ	彼の冗談で室内の緊張がほぐれた。	His joke eased the tension in the room.
サンキュー	サンキュー	「thank you」は日本語で何て言うの？	How do you say "thank you" in Japanese?
腫れ	ハレ	頬の腫れは、どれくらい続いていますか？	How long have your cheeks been swollen?
夕	ユウ	私はいつも夕食後１時間休憩する。	I always rest for an hour after dinner.
斤	キン	私は朝食用に食パンを一斤買った。	I bought a loaf of bread for breakfast.
記号	キゴウ	この記号の意味が理解できない。	I can't understand this sign's meaning.
道路標識	ドウロヒョウシキ	この霧では道路標識は見えない。	I can't see the road signs in this fog.
右目	ミギメ	右目では何も見えないんだ。	I can't see anything with my right eye.
込み上げる	コミアゲ	込み上げてくる涙を抑えることができなかった。	I couldn't keep the tears from my eyes.
丸切り	マルッキリ	彼についてはまるっきり分からない。	I don't know anything about him at all.
朝シャン	アサシャン	朝シャンはしません。	I don't shampoo my hair in the morning.
直前	チョクゼン	試合の直前はいつも緊張する。	I always get nervous just before a match.
考え付く	カンガエツイ	自分でそれをする方法を考えついたよ。	I figured out how to do that by myself.
つる	ツッ	泳いでる時に足がつっちゃった。	I got a cramp in my leg while swimming.
魚の目	ウオノメ	足の魚の目を取ってもらいました。	I have had a corn removed from my foot.
マヨネーズ	マヨネーズ	マヨネーズと醤油を買わなきゃ。	I have to buy mayonnaise and soy sauce.
埋もれる	ウズモレル	雪にうずもれちゃってるんですって。	I hear it's buried under all that snow.
捉える	トラエル	ここでは物事を大局的に捉えなければいけないよ。	You need to look at the big picture here.
身体障害者	シンタイショウガイシャ	身体障害者を助けるのが本当に楽しいのです。	I really enjoy helping disabled people.
歩道	ホドウ	凍ってる歩道で滑って転んだんだよ。	I slipped and fell on the icy sidewalk.
奪い合う	ウバイアッ	２人の男がナイフを奪い合っているのを見た。	I saw two men struggling for the knife.
持参	ジサン	僕はどこへ行くにもカメラ持参なんだ。	I take my camera with me wherever I go.
経歴	ケイレキ	私は彼の経歴を疑わしいと思っている。	I think his job resume is questionable.
電器店	デンキテン	以前は電器店に勤めていました。	I used to work in an electronics store.
電器	デンキ	電器設備に近づかないように。	Keep away from the electrical equipment.
持ち手	モチテ	持ち手が木の縄跳びが欲しいな。	I want a jump rope with wooden handles.
トラクター	トラクター	私はトラクターの乗り方を習いたいです。	I want to learn how to drive a tractor.
乗り方	ノリカタ	トムは自転車の乗り方を学びたい。	Tom wants to learn how to ride a bicycle.
古着	フルギ	古着での外出は恥ずかしかった。	I was ashamed to go out in old clothes.
利き目	キキメ	薬の効き目を調べてみます。	I will find out how the medicine works.
梅雨明け	ツユアケ	早く梅雨明けないかなあ。	I wish the rainy season would end soon.
郵便振替	ユウビンフリカエ	１０ドルを郵便振替にしていただきたいのですが。	I'd like a money order for ten dollars.
為替	カワセ	１０ドルを郵便為替でお願いします。	I'd like a money order for ten dollars.
再会	サイカイ	昔の恋人に再会してみたい。	I would love to see my old flame again.
半熟	ハンジュク	ゆで卵は半熟でお願いね。	I'd like my egg very, very soft boiled.
リンク先	リンクサキ	家に着いたら、リンク先送るから。	I'll send you the link when I get home.
勝ち取る	カチトッ	どんな手を使ってでも勝ちとってみせる。	I'll win using whatever means it takes.
突っ切る	ツッキッ	僕は庭をつっきって近道をするぞ。	I'll take a shortcut across the garden.
ナーバス	ナーバス	今、ちょっとナーバスになってて。	I'm feeling a little nervous right now.
ショルダーバッグ	ショルダーバッグ	革のショルダーバッグを探しているのですが。	I'm looking for a leather shoulder bag.
夜分	ヤブン	夜分遅くにすみません。	I'm sorry to call you so late at night.
1853	イチハチゴサン	１８５３年に青いジーンズが初めて出現した。	In 1853, the first blue jeans came out.
出現	シュツゲン	１８５３年に青いジーンズが初めて出現した。	In 1853, the first blue jeans came out.
うろうろ	ウロウロ	繁華街を当てもなくウロウロした。	We wandered aimlessly around the shopping district.
社内	シャナイ	トムはまだ社内をぶらついてるの？	Is Tom still hanging around the office?
転載	テンサイ	この記事を転載することは可能でしょうか。	Is it possible to reprint this article?
税別	ゼイベツ	料金は、税別で一泊１００ドルです。	It costs $100 a night not counting tax.
買い戻す	カイモドス	それを買い戻すのに５ポンドかかった。	It cost him five pounds to buy it back.
小判	コバン	それじゃ猫に小判だ。	It is like casting pearls before swine.
タブー	タブー	かつて女性の喫煙はタブー視されていた。	It used to be taboo for women to smoke.
小ぢんまり	コヂンマリ	こぢんまりとした何の変哲もないパン屋だった。	It was a small and unremarkable bakery.
変哲	ヘンテツ	こぢんまりとした何の変哲もないパン屋だった。	It was a small and unremarkable bakery.
案件	アンケン	これは最重要案件です。	It's a matter of the utmost importance.
療法	リョウホウ	食事療法にきちんと従うように。	It's important to follow a strict diet.
久々	ヒサビサ	久々のパスタだ。	It's been a while since I've had pasta.
物質	ブッシツ	これらの物質の混合は危険です。	It's dangerous to mix these substances.
如何なる	イカナル	人生はいかなる本よりも興味深い。	Life is more interesting than any book.
村人	ムラビト	村人達は川に木の橋をかけた。	The people of the village built a wooden bridge across the river.
タコス	タコス	ピザとタコスだったら、どっちが好き？	Which do you like better, pizza or tacos?
ミネソタ州	ミネソタシュウ	ミネソタ州の州鳥は蚊です。	Minnesota's state bird is the mosquito.
近代	キンダイ	近代技術は多くの物を与えてくれる。	Modern technology gives us many things.
迷彩服	メイサイフク	兵士のほとんどが迷彩服を着ていました。	Most of the soldiers were wearing camo.
睨み付ける	ニラミツケ	姉は怒った目で僕を睨み付けた。	My sister fixed me with an angry stare.
少数	ショウスウ	ほんの少数の人しかその事実を知らない。	Only a handful of people know the fact.
煮える	ニエル	タマネギはジャガイモよりはやく煮える。	Onions cook more quickly than potatoes.
溶解	ヨウカイ	空気中の酸素は水に溶解する。	Oxygen from the air dissolves in water.
お悔やみ	オクヤミ	心からお悔やみ申し上げます。	Please accept my sincerest condolences.
着席	チャクセキ	どうぞご着席ください、みなさん。	Please be seated, ladies and gentlemen.
書き写す	カキウツシ	その本の一節をノートに書き写した。	I copied a passage from the book into my notebook.
転送	テンソウ	私の郵便物をこの住所に転送して下さい。	Please forward my mail to this address.
要約	ヨウヤク	要約を火曜日までに提出しなさい。	Please send in your summary by Tuesday.
浜	ハマ	浜へはどう行けばいいですか？	Please tell me how to get to the beach.
連絡先	レンラクサキ	連絡先をここに書いてください。	Please write your contact address here.
宙	チュウ	目下のところ、計画は未だ宙に浮いたままです。	Presently the plan is still in the air.
長持ち	ナガモチ	塩は食べ物を腐らせず長持ちさせるのに役立つ。	Salt helps to preserve food from decay.
公約	コウヤク	政治家は公約を守るべきです。	Politicians should keep their promises.
泣き崩れる	ナキクズレ	彼女は事故の事を聞いて泣き崩れた。	She broke down when she heard about the accident.
仄めかす	ホノメカス	講演者は政界の腐敗をほのめかした。	The speaker hinted at corruption in the political world.
勧める	ススメル	誰かに自殺を勧めることは犯罪ですか？	Is it a crime to encourage someone to commit suicide?
たらたら	タラタラ	彼女は時間がないといつも不平たらたらだ。	She keeps moaning that she has no time.
帰り着く	カエリツク	家に帰り着くとすぐ、彼女は彼に電話した。	She phoned him as soon as she got home.
育て上げる	ソダテアゲ	彼女はその少年を立派な人に育て上げた。	She raised the boy to be a fine person.
警備	ケイビ	そこは、日中問わず兵士が警備に当たっている。	Soldiers guard the place day and night.
長らく	ナガラク	彼からは長らく連絡がない。	I haven't heard from him for a long time.
役目	ヤクメ	部屋の掃除は娘の役目なのよ。	Sweeping the room is my daughter's job.
骨折る	ホネオリ	お骨折り本当にありがとうございました。	Thank you very much for your hard work.
果汁	カジュウ	彼女はオレンジから果汁を搾り出そうとした。	She tried to squeeze the juice from the orange.
トイレット	トイレット	最後のトイレットペーパだったのに。	That was the last roll of toilet paper.
ペーパー	ペーパー	最後のトイレットペーパだったのに。	That was the last roll of toilet paper.
急速	キュウソク	日本経済は急速に成長した。	The Japanese economy developed rapidly.
冷戦	レイセン	冷戦はソビエトの崩壊と共に終わった。	The Cold War ended when the Soviet Union collapsed.
曲がり角	マガリカド	その事故はあの曲がり角で起こった。	The accident took place at that corner.
雷鳴	ライメイ	稲妻は普通、雷鳴の前に光る。	Lightning is usually followed by thunder.
紛争	フンソウ	その紛争を解決するのは不可能だ。	It is impossible to resolve the conflict.
湾	ワン	我々はこの湾内で漁獲する特権を与えられた。	We were granted the privilege of fishing in this bay.
キャビン	キャビン	入り江には、小さいヨットよりもキャビン付きの大きめのヨットの方がたくさんあるんだ。	The bay has more yachts than sailboats.
入り江	イリエ	入り江には、小さいヨットよりもキャビン付きの大きめのヨットの方がたくさんあるんだ。	The bay has more yachts than sailboats.
2006	ニレイレイロク	そのカードは2006年1月まで有効でした。	The card was valid until January, 2006.
溢れ返る	アフレカエッ	海水浴場は、海水浴客であふれかえっていました。	The beach was overflowing with bathers.
にょき	ニョキッ	猫が窓からにょきっと顔を出してきた。	The cat peeped its head out the window.
奮闘	フントウ	会社は生き残りを賭けて奮闘している。	The company is struggling for survival.
生き残り	イキノコリ	会社は生き残りを賭けて奮闘している。	The company is struggling for survival.
水不足	ミズブソク	水不足のため不作だった。	The crop was poor due to lack of water.
不作	フサク	水不足のため不作だった。	The crop was poor due to lack of water.
日照り	ヒデリ	日照りは９月まで続いた。	The dry spell continued into September.
編集者	ヘンシュウシャ	編集者は原稿にさっと目を通した。	The editor glanced over the manuscript.
試験時間	シケンジカン	試験時間は2時間半だった。	The exam was two and a half hours long.
植木鉢	ウエキバチ	植木鉢が歩道に落ちて、ガチャンと割れた。	The flower pot crashed to the sidewalk.
檻	オリ	その動物は檻から出ようともがいた。	The animal struggled to get out of the cage.
かげ	カゲ	月が雲のかげから現れた。	The moon emerged from behind the cloud.
市庁舎	シチョウシャ	市長執務室は市庁舎の中にある。	The mayor's office is in the city hall.
執務	シツム	市長執務室は市庁舎の中にある。	The mayor's office is in the city hall.
修復	シュウフク	ミュージアムは、修復作業のため休館中です。	The museum is closing for restorations.
大衆	タイシュウ	市長は大衆を前に演説をした。	The mayor addressed the general public.
軋む	キシン	彼女の体重でその椅子は、きしんだ。	The old chair groaned under her weight.
路肩	ロカタ	警察官は、私に車を路肩に寄せるよう指示した。	The patrolman motioned me to pull over.
社員	シャイン	かんかんに怒った社員は、即刻会社を辞めた。	The outraged employee resigned at once.
即刻	ソッコク	ポスターは即刻壁から撤去された。	The posters were immediately removed from the wall.
消費	ショウヒ	価格は消費税込みです。	The price includes the consumption tax.
打ち付ける	ウチツケル	雨が窓に強く打ちつけている。	The rain is beating against the window.
暴動	ボウドウ	暴動は手が付けられない状態だった。	The riot was completely out of control.
敷地	シキチ	その敷地は軍事上の目的で利用されている。	The site is used for military purposes.
軍事	グンジ	その敷地は軍事上の目的で利用されている。	The site is used for military purposes.
真向かい	マムカイ	私の家は病院の真向かいです。	My house is just across from the hospital.
パナマ	パナマ	船はパナマ運河を通り抜けた。	The ship went through the Panama Canal.
運河	ウンガ	船はパナマ運河を通り抜けた。	The ship went through the Panama Canal.
海底	カイテイ	船は海底に沈んだ。	The ship sank to the bottom of the sea.
翻弄	ホンロウ	船は嵐に翻弄されていた。	The ship was at the mercy of the storm.
物珍しい	モノメズラシ	町の人々は物珍しげに私を見た。	The townspeople looked curiously at me.
点在	テンザイ	谷には農家が点在していた。	The valley was dotted with farm houses.
失恋	シツレン	青年は失恋した。	The young man was disappointed in love.
ライフスタイル	ライフスタイル	彼らのライフスタイルは僕らのとは違う。	Their lifestyle is different from ours.
在学	ザイガク	その学校の在学生数は２千人です。	There are 2,000 students in the school.
飼い主	カイヌシ	悪い犬なんていやしないわ。悪いのは飼い主よ。	There are no bad dogs, only bad owners.
札束	サツタバ	そこには札束がいくつも入っていた。	There were bundles and bundles of cash.
ピクルス	ピクルス	冷蔵庫にピクルスの入った瓶がある。	There's a jar of pickles in the fridge.
すっぽん	スッポン	月とすっぽんだ。	They are as different as day and night.
巡る	メグル	このバスで市内を巡れますよ。	This bus will take you around the city.
世知	セチ	世知辛い世の中だね。	This is a rough world we are living in.
首回り	クビマワリ	これは首まわりがすこしきつすぎる。	This is a bit too tight around my neck.
急激	キュウゲキ	この街は急激な変化を遂げた。	This town has undergone a rapid change.
満ち干	ミチヒ	潮の満ち干は月の引力によって起こる。	Tides are caused by the moon's gravity.
引力	インリョク	潮の満ち干は月の引力によって起こる。	Tides are caused by the moon's gravity.
新年会	シンネンカイ	トムとメアリーは新年会で知り合った。	Tom and Mary met at a New Year's party.
ポテトチップス	ポテトチップス	ポテトチップスを何袋買いましたか？	How many bags of potato chips did you buy?
縫い包み	ヌイグルミ	弟はいつもぬいぐるみの熊と寝る。	My little brother always sleeps with his teddy bear.
筆記	ヒッキ	トムは秘書に口述筆記で手紙を書かせた。	Tom dictated a letter to his secretary.
チェンソー	チェンソー	トムはチェンソーで木を切り倒した。	Tom cut down the tree with a chain saw.
エントリーシート	エントリーシート	トムはエントリーシートを書いている。	Tom is filling out an application form.
三輪車	サンリンシャ	トムは今、三輪車に乗るのを覚えているんだよ。	Tom is now learning to ride a tricycle.
行く年	ユクトシ	もうお菓子をねだりに行く年じゃなくない？	Don't you think you're a bit old to go trick-or-treating?
強請り	ネダリ	もうお菓子をねだりに行く年じゃなくない？	Don't you think you're a bit old to go trick-or-treating?
張本人	チョウホンニン	トムが事故を引き起こした張本人なんだ。	Tom is the one who caused the accident.
低脂肪	テイシボウ	トムは、低脂肪・高タンパク質ダイエットをしています。	Tom is on a low-fat, high-protein diet.
高	コウ	トムは、低脂肪・高タンパク質ダイエットをしています。	Tom is on a low-fat, high-protein diet.
出身者	シュッシンシャ	トムは私が知っている唯一のボストン出身者だ。	Tom is the only guy I know from Boston.
ブログ	ブログ	予め断りますが、今日のブログは面白くないよ～。	Just to warn you in advance, today's blog is no fun.
掻き込む	カキコン	トムは急いでシリアルを掻き込んだ。	Tom scarfed down his cereal in a hurry.
吹っ掛ける	フッカケル	トムは口論をふっかけるのを楽しんでいるようだ。	Tom seems to enjoy provoking arguments.
付け直す	ツケナオシ	トムはシャツのボタンを付け直した。	Tom sewed the button back on his shirt.
縫い直す	ヌイナオシ	トムはシャツのボタンを縫い直した。	Tom sewed the button back on his shirt.
学食	ガクショク	学食には飽きた。	I'm tired of eating at the school cafeteria.
皮膚癌	ヒフガン	紫外線は皮膚癌を引き起こすことがある。	Ultraviolet rays can cause skin cancer.
紫外線	シガイセン	紫外線は皮膚癌を引き起こすことがある。	Ultraviolet rays can cause skin cancer.
華氏	カシ	水は華氏３２度で凍る。	Water freezes at 32 degrees Fahrenheit.
世界観	セカイカン	人それぞれに世界観あります。	We each have our own view of the world.
交渉	コウショウ	両国は平和交渉を開始した。	Both countries entered into peace negotiations.
引率	インソツ	私たちは割引率について合意している。	We have agreed on the rate of discount.
穀物	コクモツ	私たちはアメリカから穀物を輸入している。	We import grain from the United States.
愛顧	アイコ	日頃のご愛顧に厚く御礼申し上げます。	We really thank you for your patronage.
賜る	タマワリ	日ごろご愛顧を賜り、まことにありがとうございます。	We really thank you for your patronage.
日頃	ヒゴロ	日頃のご愛顧に厚く御礼申し上げます。	We really thank you for your patronage.
ジン・トニック	ジントニック	ジントニックを作るには何がいるの？	What do you need to make gin and tonic?
旅先	タビサキ	旅先では迷子になりやすい。	When traveling, it is easy to get lost.
持ち込み	モチコミ	この試験は辞書持ち込み可です。	You can use a dictionary for this exam.
見取る	ミトラ	君は木を見て森を見とらんぞ。	You can't see the forest for the trees.
甘え	アマエ	甘えは禁物だよ。	You shouldn't expect things to be easy.
抽象的	チュウショウテキ	あなたの説明は私には抽象的すぎます。	Your explanation is too abstract to me.
ひける	ヒケ	「ギターがひけますか」「はい、ひけます」	"Can you play the guitar?" "Yes, I can."
故	コ	「なんでトムはそんなに喜んでるの？」「君がゆえに」	"Why is Tom so happy?" "Because of you."
井	イ	井の中の蛙、大海を知らず。	A frog in a well doesn't know the ocean.
大海	タイカイ	井の中の蛙、大海を知らず。	A frog in a well doesn't know the ocean.
掻き捨てる	カキステ	旅の恥はかきすて。	A man away from home need feel no shame.
番い	ツガイ	１つがいのカナリアだけが彼女の友達であった。	A pair of canaries are her only friends.
特効薬	トッコウヤク	笑顔ってね、機嫌をなおす特効薬なのよ。	A smile is the best cure for a bad mood.
なおす	ナオス	笑顔ってね、機嫌をなおす特効薬なのよ。	A smile is the best cure for a bad mood.
立て続け	タテツヅケ	三日間立て続けに雨が降っている。	It has been raining for three days on end.
グリーンランド	グリーンランド	アフリカは大陸であるが、グリーンランドは違う。	Africa is a continent, but Greenland isn't.
旅客機	リョカクキ	旅客機がアメリカに向けて出発した。	A passenger airplane took off for the USA.
残骸	ザンガイ	スチュワーデスが旅客機の残骸から救出された。	A stewardess was rescued from the wreck.
文明国	ブンメイコク	すべての文明国は戦争に反対している。	All civilized countries are against war.
トピック	トピック	今週のトピックは「地球の温暖化」です。	Our topic for this week is global warming.
切り倒す	キリタオス	木は全部切り倒すつもりなの？	Are you going to cut down all the trees?
肉眼	ニクガン	バクテリアは肉眼では見えない。	Bacteria are invisible to the naked eye.
バクテリア	バクテリア	バクテリアは肉眼では見えない。	Bacteria are invisible to the naked eye.
有毒	ユウドク	プラスチックを燃やすと有毒ガスが発生する場合があります。	Burning plastic can release toxic gases.
水族館	スイゾクカン	一緒に水族館に行かない？	Would you like to go to the aquarium with me?
胃薬	イグスリ	胃薬を持ってきてください。	Could you send up some stomach medicine?
死に絶える	シニタエ	太古の昔、恐竜は死に絶えた。	Dinosaurs died out a very long time ago.
太古	タイコ	太古の昔、恐竜は死に絶えた。	Dinosaurs died out a very long time ago.
類似	ルイジ	その二つの実験は類似の結果を出した。	Those two experiments yielded similar results.
あさって	アサッテ	あさってはトムの誕生日だ。	The day after tomorrow is Tom's birthday.
死後	シゴ	死後の世界を信じますか？	Do you believe there's life after death?
既往歴	キオウレキ	既往歴を教えてください。	Can you tell me your past medical history?
営業所	エイギョウショ	そちらの営業所でどなたかフランス語を話されますか？	Does anyone in your office speak French?
想定内	ソウテイナイ	心配ご無用。すべて想定内です。	Don't worry. Everything's under control.
大事故	ダイジコ	この大事故で助かった乗客はほとんどいなかった。	Few passengers survived the catastrophe.
海流	カイリュウ	海流に変化が起きたのだろうか。	Has a change in ocean currents occurred?
肩車	カタグルマ	パパ、肩車して。	Give me a ride on your shoulders, Daddy.
スキャンダル	スキャンダル	彼は例のスキャンダルと関係があると思う。	I think he has something to do with that scandal.
不作法	ブサホウ	彼は自分の不作法を弁解した。	He excused himself for his bad behavior.
東京大学	トウキョウダイガク	彼はこの春東京大学に入学した。	He entered Tokyo University this spring.
惚れ	ボレ	彼は彼女に一目ぼれしてしまった。	He fell in love with her at first sight.
人種	ジンシュ	彼は人種差別と戦った。	He fought against racial discrimination.
ケンブリッジ大学	ケンブリッジダイガク	彼はケンブリッジ大学の教授であった。	He was a professor at Cambridge University.
優等	ユウトウ	彼はケンブリッジ大学を優等で卒業した。	He graduated from Cambridge with honors.
責任感	セキニンカン	彼は責任感が強い。	He has a strong sense of responsibility.
憎悪	ゾウオ	彼は先生に対して激しい憎悪を抱いていた。	He had an intense hatred of his teacher.
引け	ヒケ	彼はわがチームのどの選手とも引けをとらない。	He is as good as any player on our team.
巨万	キョマン	彼は一代で巨万の富を得た。	He made a great fortune in his lifetime.
顧みる	カエリミル	彼は危険をかえりみず勇気を示した。	He showed courage in the face of danger.
保険会社	ホケンガイシャ	彼は保険会社に就職した。	He took a job with an insurance company.
息苦しい	イキグルシ	彼は息苦しそうだ。	He seems to be having trouble breathing.
大勝	ダイショウ	彼は選挙で大勝した。	He won the election by a large majority.
人事課	ジンジカ	もしもし、人事課ですか？	Hello, is this the personnel department?
神話	シンワ	彼は古代神話に基づく小説を書いた。	He wrote a novel based on ancient myths.
人助け	ヒトダスケ	彼女は常に人助けをしようとしている。	She's always trying to help other people.
きく	キク	彼女の唯一のたのしみは音楽をきくことです。	Her only pleasure is listening to music.
固める	カタメル	彼の二番目の息子は結婚して身を固めた。	His second son married and settled down.
段	ダン	この階段は何段あるの？	How many steps does this staircase have?
ブラシ	ブラシ	彼女は鏡の前で髪にブラシをかけていた。	She was brushing her hair in front of a mirror.
ビーチパラソル	ビーチパラソル	このビーチパラソルは、トムから借りたんだ。	I borrowed this beach umbrella from Tom.
アンティークショップ	アンティークショップ	この時計はアンティークショップで買ったんだ。	I bought this watch at an antique store.
ツーパンツスーツ	ツーパンツスーツ	ツーパンツスーツを買った。	I bought a suit with two pairs of pants.
骨董屋	コットウヤ	この時計は骨董屋さんで買ったんだ。	I bought this watch at an antique store.
スラックス	スラックス	スラックスが2本ついているスーツを買った。	I bought a suit with two pairs of pants.
祖先	ソセン	私は自分の祖先を200年遡ることができる。	I can trace my ancestors back 200 years.
遡る	サカノボル	鮭は川をさかのぼって砂に産卵する。	Salmon go up the river and lay their eggs in the sand.
到底	トウテイ	そんなことをする気には到底なれないね。	I can't bring myself to do such a thing.
況して	マシテ	フランス語は読めません。ましてや話すなんて。	I can't read French, let alone speak it.
めざす	メザシ	私は一等賞をめざして彼と争った。	I competed with him for the first prize.
髪形	カミガタ	彼の髪形を見て思わず笑ってしまった。	I couldn't help laughing at his haircut.
泣き噦る	ナキジャクル	寝室から彼女の泣きじゃくる声が聞こえた。	I could hear her sobbing in her bedroom.
団体	ダンタイ	団体旅行は楽しめないんだ。	I don't enjoy traveling in large groups.
目論む	モクロン	トムが何を目論んでいるのか分からない。	I don't know what Tom is planning to do.
覚せい剤	カクセイザイ	僕はタバコも酒もやりません。覚せい剤だけです。	I don't smoke or drink. I just do pills.
前科	ゼンカ	トムに前科はないと思うよ。	I don't think Tom has a criminal record.
太平洋	タイヘイヨウ	太平洋は五大洋の一つです。	The Pacific Ocean is one of the five oceans.
籤	クジ	貧乏くじを引きたくない。	I don't want to be left holding the bag.
託する	タクス	私は船長に命を託さなければならなかった。	I had to trust the captain with my life.
出費	シュッピ	今月は出費を抑えないと。	I have to reduce my expenses this month.
鄙びる	ヒナビ	ひなびた温泉が好きです。	I like hot springs off the beaten track.
回路	カイロ	男の人の思考回路って分かんない。	I just don't get the way that men think.
香ばしい	コウバシイ	焼きたてパンの香ばしい香りが好き。	I like the smell of freshly-baked bread.
インソール	インソール	靴のインソール買わないといけないな。	I need to buy some insoles for my shoes.
バスギター	バスギター	わたしはギターアンサンブルでバスギターを弾いている。	I play bass guitar in a guitar ensemble.
アンサンブル	アンサンブル	わたしはギターアンサンブルでバスギターを弾いている。	I play bass guitar in a guitar ensemble.
ipad	ipad	iPadを買いたいなんて一度も思った事がなかった。	I never thought I'd want to buy an iPad.
てっきり	テッキリ	てっきりずっと日本にいるかと思ったよ。	I thought for sure you would stay in Japan forever.
決定的	ケッテイテキ	私は決定的瞬間を写真に撮った。	I took a picture at the decisive moment.
いっそ	イッソ	名を穢すくらいなら、いっそ死んだほうがましだ。	I would rather die than disgrace myself.
代休	ダイキュウ	日曜日に出社したので月曜日が代休だった。	I worked on Sunday, so I had Monday off.
書面	ショメン	書面で拝見したいのですが。	I'd like to see that in black and white.
一両日	イチリョウジツ	一両日中にお返事します。	I'll give you an answer in a day or two.
来	ライ	私と彼は十年来のつきあいだ。	I have been associated with him for ten years.
物狂い	モノグルイ	締切に間に合うように死に物狂いでやってるよ。	I'm killing myself to meet the deadline.
蹴飛ばす	ケトバス	ごめん！蹴飛ばすつもりじゃなかったんだ。	I'm so sorry. I didn't mean to kick you.
実力	ジツリョク	すみません、自分の実力を過信してました。	I'm sorry. I overestimated my abilities.
目的語	モクテキゴ	英語では動詞が目的語の前に来る。	In English the verb precedes the object.
断ち切る	タチキル	悪い習慣を断ち切るのって、簡単にはいかないんだよ。	It isn't easy to get rid of a bad habit.
川底	カワゾコ	それは川底で見つかった。	It was found at the bottom of the river.
快晴	カイセイ	今日は快晴で気分がいい。	It's a sunny day today and I feel great.
御祝い	オイワイ	ご成功をお祝い申し上げます。	Let me congratulate you on your success.
ロッククライミング	ロッククライミング	先週さ、トムとロッククライミングに行ったんだ。	Last week, Tom and I went rock climbing.
水資源	ミズシゲン	限りある水資源を大切にしましょう。	Let's conserve our limited water supply.
諸国	ショコク	日本はアラブ諸国に石油を依存している。	Japan depends on Arab countries for oil.
アラブ	アラブ	日本はアラブ諸国に石油を依存している。	Japan depends on Arab countries for oil.
ずる休み	ズルヤスミ	学校をずる休みして、映画を見に行こう。	Let's play hookey and go see that movie.
モール	モール	明日の午後モールに行きましょう。	Let's go to the mall tomorrow afternoon.
掛け算	カケザン	トムくんは、掛け算が苦手みたいですね。	Looks like Tom is bad at multiplication.
吹き倒す	フキタオサ	嵐で多くの木が吹き倒された。	Many trees were blown down by the storm.
テレサ	テレサ	マザー・テレサはノーベル賞を受賞した。	Mother Teresa was given the Nobel prize.
マザー	マザー	マザー・テレサはノーベル賞を受賞した。	Mother Teresa was given the Nobel prize.
大概	タイガイ	大概の喫煙者は禁煙したいと言う。	Most smokers say that they want to quit.
49	ヨンキュウ	父は４９歳で亡くなった。	My father died at the age of forty-nine.
海外出張	カイガイシュッチョウ	父は海外出張が多いんです。	My father often goes abroad on business.
悴む	カジカン	指が寒さでかじかんじゃったよ。	My fingers have gone numb from the cold.
骨折る	ホネオッ	交通事故で足の骨折ったんだ。	My leg was broken in a traffic accident.
飲食店	インショクテン	一番好きな飲食店はチャックス・ダイナーだよ。	My favorite restaurant is Chuck's Diner.
ハーモニカ	ハーモニカ	好きな楽器は、ハーモニカです。	My favorite instrument is the harmonica.
しゃん	シャン	うちのお姉ちゃん、毎日朝シャンしてるの。	My sister washes her hair every morning.
クラリネット	クラリネット	トムとメアリーは両方ともクラリネットを吹かない。	Neither Tom nor Mary plays the clarinet.
格別	カクベツ	夏に飲む冷たいビールは格別だ。	Nothing beats a cold beer in the summer.
部外者	ブガイシャ	部外者は口を出さないでくれ。	Outsiders should keep their mouths shut.
方式	ホウシキ	我が校は彼の授業方式を採用した。	Our school adopted his teaching methods.
注意事項	チュウイジコウ	初めに注意事項をお読み下さい。	To begin with, please read the warnings.
実体験	ジッタイケン	実体験をお書きください。	Please write about your real experience.
二人乗り	フタリノリ	自転車の二人乗りは危険だ。	Riding double on a bicycle is dangerous.
冬場	フユバ	ラズベリーは冬場は値段が高いんだ。	Raspberries are expensive in the winter.
問い掛ける	トイカケル	なぜ、どうして、と問いかけるときから科学は始まる。	Science begins when you ask why and how.
論じる	ロンジル	彼女は単に議論のために論じる。	She argues just for the sake of arguing.
小突く	コヅイ	彼女は笑い、私をいたずらっぽく小突いた。	She laughed and gave me a playful shove.
クリーニング店	クリーニングテン	彼女はテーブルクロスをクリーニング店まで持って行った。	She took the tablecloths to the laundry.
喚く	ワメク	コンピュータに向かって喚いても、何も解決しないよ。	Shouting at your computer will not help.
値切る	ネギル	彼女は値切るのがうまいんだ。	She's good at bargaining the price down.
迷い込む	マヨイコン	クマが村に迷い込んでくることがあります。	Sometimes bears wander into our village.
追い込む	オイコム	遅かれ早かれ、君は困った立場に追い込まれるだろう。	Sooner or later, you will be in trouble.
押し流す	オシナガサ	家は洪水で押し流された。	The house was carried away by the flood.
あわす	アワサ	おまえさんのおかげで私達はひどい目にあわされた。	That is a fine fix you have got us into.
一線	イッセン	それは超えちゃいけない一線だよ。	That's a line that shouldn't be crossed.
技巧	ギコウ	あのピアニストは技巧でよく知られている。	That pianist is known for his technique.
チューダー	チューダー	チューダー朝は１６０３年に崩壊した。	The Tudor Dynasty fell in the year 1603.
1603	イチロクレイサン	チューダー朝は１６０３年に崩壊した。	The Tudor Dynasty fell in the year 1603.
車線	シャセン	車は車線変更しまくっていた。	The car kept swerving from lane to lane.
化学式	カガクシキ	水の化学式はH₂Oである。	The chemical formula for water is H₂O.
H2O	エイチツーオー	水の化学式はH₂Oである。	The chemical formula for water is H₂O.
吹き払う	フキハラワ	雲は風に吹き払われた。	The clouds were driven away by the wind.
割れ目	ワレメ	ネコは塀の割れ目を通り抜けた。	The cat went through a gap in the fence.
轟々	ゴウゴウ	外では冷たい北風が轟々と吹き荒れていた。	The cold north wind was roaring outside.
5000000	ゴレイレイマン	損害は５００万円に上った。	The damage amounted to five million yen.
ディップ	ディップ	ディップが辛くて、舌がヒリヒリした。	The dip was so hot, it burned my tongue.
陸上	リクジョウ	象は陸上の動物の中で最も大きい。	The elephant is the largest land animal.
過渡期	カトキ	教育制度は過渡期にある。	The educational system is in transition.
広範囲	コウハンイ	その地震で広範囲に及ぶ被害がでた。	The earthquake caused widespread damage.
フル	フル	工場はフル稼動している。	The factory is running at full capacity.
外務大臣	ガイムダイジン	外務大臣がその会議に出席した。	The foreign minister attended the talks.
キャディー	キャディー	ゴルファーはキャディーに薬を与えた。	The golfer gave his caddy some medicine.
紅葉	コウヨウ	紅葉が始まった。	The leaves began to turn red and yellow.
総計	ソウケイ	損害は総計１千万ドルになる。	The loss amounts to ten million dollars.
不利	フリ	裁判官は原告に不利な判決を下した。	The judge decided against the plaintiff.
原告	ゲンコク	裁判官は原告に不利な判決を下した。	The judge decided against the plaintiff.
ヒロイン	ヒロイン	その小説はヒロインの死で終わっている。	The novel ends with the heroine's death.
調律	チョウリツ	トムの家のピアノは調律が狂っている。	The piano in Tom's house is out of tune.
弱者	ジャクシャ	強者は弱者の面倒を見るべきだ。	The strong should take care of the weak.
強者	キョウシャ	強者は弱者の面倒を見るべきだ。	The strong should take care of the weak.
部長	ブチョウ	彼は営業部の部長です。	He's the manager of the marketing department.
排水	ハイスイ	学校はプールの水を月一回排水する。	The school drains the pool once a month.
魅了	ミリョウ	サッカーの試合は多くの観客を魅了した。	The soccer game attracted a large crowd.
西側	ニシガワ	駅はホテルの西側です。	The station is to the west of the hotel.
晴れ上がる	ハレアガッ	嵐の後すぐに空は晴れ上がった。	The sky cleared up soon after the storm.
多大	タダイ	嵐は作物に多大な影響を与えた。	The storm had a bad impact on the crops.
緩やか	ユルヤカ	その道は緩やかに西にカーブしている。	The road curves gently towards the west.
財宝	ザイホウ	その財宝は長い間隠されていた。	The treasure lay hidden for a long time.
竜巻	タツマキ	竜巻で村全体が破壊された。	The tornado destroyed the whole village.
洗面器	センメンキ	洗面器の水がかちかちに凍った。	The water in the basin has frozen solid.
見晴らし	ミハラシ	そのホテルは見晴らしがよい。	The view from that hotel is spectacular.
ウェディングケーキ	ウエディングケーキ	ウエディングケーキ、あまり美味しくなかったね。	The wedding cake didn't taste very good.
円安	エンヤス	円安が進んでいるね。	The yen is still low against the dollar.
来春	ライシュン	結婚式は来春を予定しています。	The wedding will take place next spring.
銀河	ギンガ	宇宙にはたくさんの銀河がある。	There are many galaxies in the universe.
救命胴衣	キュウメイドウイ	座席の下に救命胴衣があります。	There are life jackets under your seats.
測定	ソクテイ	速度を測定する方法はいくつかある。	There are several ways to measure speed.
空き瓶	アキビン	箱の中に空瓶があります。	There are some empty bottles in the box.
すみ	スミ	部屋のすみに机があります。	There is a desk in a corner of the room.
納戸	ナンド	捜してる箱、納戸にあるわよ。	The box you're looking for is in the storeroom.
灯る	トモッ	窓に灯がともっていた。	There was a light burning in the window.
途切れる	トギレル	話がちょっと途切れた。	There was a momentary pause in the talk.
石垣	イシガキ	家の周りには石垣がありました。	There was a stone wall around the house.
明け渡す	アケワタシ	彼らは丘を敵軍に明け渡した。	They abandoned the hill to enemy forces.
高地	コウチ	彼らはその高地を敵軍に明け渡した。	They abandoned the hill to enemy forces.
啀み合う	イガミアッ	彼らはいつもいがみ合っています。	They are always at each other's throats.
屈指	クッシ	ここね、ボストン屈指のレストランなのよ。	This is one of Boston's top restaurants.
待ち伏せ	マチブセ	ここは待ち伏せするには、もってこいの場所だよ。	This is the perfect place for an ambush.
茶飯事	サハンジ	こういう事は、日常茶飯事だ。	This kind of thing happens all the time.
日常	ニチジョウ	こういう事は、日常茶飯事だ。	This kind of thing happens all the time.
省略	ショウリャク	レポートのこの部分は省略できますよ。	This part of the report may be left out.
1840	イチハチヨンレイ	このシステムは1840年代までは上手く機能した。	This system worked well until the 1840s.
パブリック	パブリック	この作品は、パブリックドメインになりました。	This work has entered the public domain.
ドメイン	ドメイン	この作品は、パブリックドメインになりました。	This work has entered the public domain.
デバイス	デバイス	アップデートを終了するには、デバイスを再起動してください。	To finish updating, restart your device.
尽くめ	ズクメ	トムもメアリーも、黒ずくめの服装だった。	Tom and Mary were both dressed in black.
ばむ	バン	トムとメアリーは代わりばんこに車を運転した。	Tom and Mary took turns driving the car.
シーソー	シーソー	トムとメアリーはシーソーで遊んでいた。	Tom and Mary were playing on the seesaw.
手法	シュホウ	トムはどちらの手法で行くか決められないでいる。	Tom can't decide which approach to take.
防衛	ボウエイ	防衛運転は事故回避に役立ちます。	Defensive driving can help you avoid accidents.
ウインカー	ウインカー	トムは車線変更の前にウインカーを出さなかった。	Tom didn't signal before changing lanes.
鶴嘴	ツルハシ	トムはつるはしとシャベルで穴を掘った。	Tom dug a hole with a pick and a shovel.
在住	ザイジュウ	トムにはオーストラリア在住の友達がいます。	Tom has a friend who lives in Australia.
熱烈	ネツレツ	トムは熱烈なキスでメアリーを出迎えた。	Tom greeted Mary with a passionate kiss.
引き手繰る	ヒッタクッ	トムはメアリーの手から手紙をひったくった。	Tom grabbed the letter from Mary's hand.
ざぶん	ザブン	トムはざぶんと水に飛び込んだ。	Tom jumped into the water with a splash.
ボストンマラソン	ボストンマラソン	トムはボストンマラソンに参加した。	Tom participated in the Boston marathon.
再来年	サライネン	トムは再来年退職予定です。	Tom plans to retire the year after next.
退職予定	タイショクヨテイ	トムは再来年退職予定です。	Tom plans to retire the year after next.
透明	トウメイ	トムが今日透明人間を見たんだって。	Tom said he saw the invisible man today.
フリーランス	フリーランス	トムは以前、フリーランスの写真家だった。	Tom used to be a freelance photographer.
友人宅	ユウジンタク	トムは友人宅で一晩過ごした。	Tom spent the night at a friend's house.
浅瀬	アサセ	トムが浅瀬をぽちゃぽちゃと歩いて行った。	Tom went splashing through the shallows.
ぽちゃぽちゃ	ポチャポチャ	トムが浅瀬をぽちゃぽちゃと歩いて行った。	Tom went splashing through the shallows.
指相撲	ユビズモウ	トムは指相撲大会で優勝しました。	Tom won the thumb-wrestling competition.
推薦状	スイセンジョウ	先生は推薦状を書いてくれた。	My teacher wrote a recommendation for me.
ぐんぐん	グングン	トムのフランス語はぐんぐん上達している。	Tom's French is steadily getting better.
驚かす	オドロカス	彼の行動にはいつも驚かされる。	His behavior never ceases to surprise me.
トミー	トミー	トミーは最後の問題に答えられなかった。	Tommy couldn't answer the last question.
裏側	ウラガワ	月の裏側は見えません。	We can't see the other side of the moon.
民	ミン	我々は避難民に毛布を与えた。	We furnished the refugees with blankets.
霧笛	ムテキ	遠くから霧笛の音が聞こえてきた。	We could hear a foghorn in the distance.
日取り	ヒドリ	同窓会の日取りを決めた。	We fixed the date for our class reunion.
同窓会	ドウソウカイ	同窓会の日取りを決めた。	We fixed the date for our class reunion.
優先	ユウセン	何よりも安全を優先すべきだよ。	You should put safety before everything else.
開発	カイハツ	教育は潜在する能力の開発をめざすものだ。	Education aims to develop potential abilities.
奨励	ショウレイ	私たちは想像力を使うように奨励されています。	We're encouraged to use our imagination.
点々	テンテン	地図上のこの点々は何を表しているのですか。	What do these dots represent on the map?
相対	ソウタイ	「文化相対主義」とはどういう意味ですか。	What do you mean by cultural relativism?
テーマソング	テーマソング	好きなテレビ番組のテーマソングは何ですか？	What's your favorite TV show theme song?
もち	モチ	コーヒーはいつおもちしましょうか。	When would you like to have your coffee?
毎回	マイカイ	日本酒を飲むと毎回頭痛がするんだ。	Whenever I drink sake, I get a headache.
ヘビー	ヘビー	君の好きなヘヴィメタルのギタリストは誰？	Who's your favorite heavy metal guitarist?
ヘビメタ	ヘビメタ	どうしてトムがヘビメタを好きだと思ったの？	Why did you think Tom liked heavy metal?
洗髪	センパツ	洗髪いたしますか。	Would you like to have your hair washed?
当て嵌める	アテハメル	この規則を全てのケースに当てはめることはできません。	You can't apply this rule to every case.
法則	ホウソク	自然の法則には逆らえない。	You can't go against the laws of nature.
抗う	アラガエ	自然の摂理には抗えない。	You can't go against the laws of nature.
摂理	セツリ	自然の摂理には抗えない。	You can't go against the laws of nature.
効率的	コウリツテキ	勉強は効率的にしなくてはいけない。	You should study in an efficient manner.
ジュテーム	ジュテーム	「ジュテーム」はフランス語で「愛してる」という意味です。	"Je t'aime" means "I love you" in French.
工芸	コウゲイ	腕のいい工芸師は自分の作品に誇りを持っている。	A good craftsman takes pride in his work.
人だかり	ヒトダカリ	道には人だかりができていた。	A crowd of people gathered in the street.
見違える	ミチガエル	ちょっと化粧すると彼女は見違えるほどきれいになった。	A little make-up worked wonders with her.
不快感	フカイカン	しかめっ面は、怒りや不快感を表すことがあります。	A frown may express anger or displeasure.
無芸	ムゲイ	多芸は無芸。	A jack of all trades is a master of none.
多芸	タゲイ	多芸は無芸。	A jack of all trades is a master of none.
未就学児	ミシュウガクジ	未就学児入場無料。	Admission is free for preschool children.
未就学	ミシュウガク	未就学のお子様は入場無料です。	Admission is free for preschool children.
草木	クサキ	雨が降らなかったせいで草木が枯れてしまった。	Absence of rain caused the plants to die.
火災警報機	カサイケイホウキ	突然火災警報機が鳴った。	All of a sudden, the fire alarm went off.
当日	トウジツ	チケットは、当日でも買えますか？	Can I buy tickets on the day of the tour?
円錐	エンスイ	円錐形の定義を教えてくれませんか。	Can you give me the definition of a cone?
305	サンレイゴ	３０５号室に朝食をお願いできますか。	Could you bring my breakfast to room 305?
頭打ち	アタマウチ	離婚率はやがて頭打ちになるでしょう。	Divorce rates might reach a plateau soon.
パルメザンチーズ	パルメザンチーズ	スパゲッティにパルメザンチーズをかけるの好き？	Do you like Parmesan cheese on spaghetti?
ハンドクリーム	ハンドクリーム	誰かハンドクリーム持ってない？	Does anyone have some moisturizing cream?
ぼけっと	ボケット	ボケッとしないで、さっさとメモ書きなさいよっ。	Don't just sit there. Start taking notes.
半径	ハンケイ	地球の半径は、約6,000キロです。	Earth's radius is about 6,000 kilometers.
6000	ロクレイレイレイ	地球の半径は、約6,000キロです。	Earth's radius is about 6,000 kilometers.
関連性	カンレンセイ	喫煙と肺がんには関連性がある。	There is a connection between smoking and lung cancer.
熟練	ジュクレン	熟練ドライバーでもミスをすることはあります。	Even an expert driver can make a mistake.
衣食	イショク	衣食は生活する上で不可欠なものである。	Food and clothes are necessities of life.
適応	テキオウ	彼は計画を新しい状況に適応させた。	He adapted his plan to the new situation.
添う	ソウ	ご期待に添いかねます。	I'm sorry, but we can't meet your requirements.
成り済ます	ナリスマシ	警備員に成りすまして彼は銀行に入った。	He entered the bank disguised as a guard.
経済上	ケイザイジョウ	彼は経済上の理由で計画を断念した。	He gave up the plan for economic reasons.
口調	クチョウ	彼は聴衆に静かな口調で演説した。	He addressed the audience in a soft tone.
熟考	ジュッコウ	彼は長い間熟考した後、その計画を思いついた。	He hit on the plan after long meditation.
ざっくばらん	ザックバラン	彼はざっくばらんな人柄なので話しやすい。	He is a frank person and easy to talk to.
人柄	ヒトガラ	彼はざっくばらんな人柄なので話しやすい。	He is a frank person and easy to talk to.
因縁	インネン	あいつに因縁を付けられた。	He made up a pretext for a fight with me.
普及	フキュウ	彼は世界政府という考えの普及に努めた。	He promoted the idea of world government.
研究者	ケンキュウシャ	「僕は研究者になるつもりだ」と彼は言った。	He said, "I plan to become a researcher."
押し込む	オシコム	彼はそのハンカチをポケットに押し込んだ。	He tucked the handkerchief in his pocket.
草花	クサバナ	草花についてもっと知りたいと思いました。	He wanted to know more about the flowers.
ぽかん	ポカン	彼はぽかんとした顔つきでそこに立っていた。	He was standing there with a vacant look.
言わば	イワバ	彼は私の最も親しい友人で、言わば兄弟だ。	He's my best friend. We're like brothers.
通せん坊	トオセンボウ	ちょっと！なに通せんぼやってんのよ。	Hey! What are you doing blocking the way?
日替わり	ヒガワリ	日替わり定食にしませんか。	How about getting the special of the day?
定食	テイショク	日替わり定食にしませんか。	How about getting the special of the day?
進み具合	ススミグアイ	仕事の進み具合はどうですか。	How are you getting along with your work?
入社	ニュウシャ	入社して何年目？	How many years have you been with this company?
理容師	リヨウシ	あの理髪店では何人の理容師さんが働いていますか？	How many barbers work in that barbershop?
手近	テジカ	私はいつも手近に辞書を置いている。	I always keep a dictionary close at hand.
本代	ホンダイ	私は本代に毎月千円もらいます。	I am allowed 1,000 yen a month for books.
平謝り	ヒラアヤマリ	私は自分の遅刻を平謝りに謝った。	I apologized profusely for my being late.
只管	ヒタスラ	自分が遅刻したことを、ひたすら謝ったよ。	I apologized profusely for my being late.
ケータリング	ケータリング	明日のパーティーにはケータリングを手配しました。	I arranged catering for tomorrow's party.
淡水魚	タンスイギョ	これは確か淡水魚だと思います。	I believe this fish is a freshwater fish.
意思	イシ	僕はドイツ語で意思を伝えることができない。	I can't make myself understood in German.
ひと月	ヒトツキ	ひと月一万円では生活できない。	I can't live on ten thousand yen a month.
強さ	ツヨサ	私にはやり続けるだけの強さがない。	I don't have the strength to keep trying.
レパートリー	レパートリー	料理のレパートリーは限られてるの。	I don't know how to cook too many things.
題名	ダイメイ	その映画の題名は覚えてないんだ。	I don't remember the title of that movie.
エイプ	エイプ	今日がエイプリールフールだということを忘れていたよ。	I forgot that today was April Fool's Day.
リール	リール	今日がエイプリールフールだということを忘れていたよ。	I forgot that today was April Fool's Day.
フール	フール	今日がエイプリールフールだということを忘れていたよ。	I forgot that today was April Fool's Day.
林	ハヤシ	林の中でいっぱい虫にさされた。	I got a lot of insect bites in the woods.
さす	ササ	林の中でいっぱい虫にさされた。	I got a lot of insect bites in the woods.
四苦八苦	シクハック	レポートを書くのに四苦八苦した。	I had a very hard time writing the paper.
検診	ケンシン	歯医者で歯の検診を受けてきたよ。	I had my teeth examined at the dentist's.
母方	ハハカタ	母方のいとこが三人います。	I have three cousins on my mother's side.
留まる	トドマラ	私の誤りが彼の目に留まらなければよいが。	I hope my mistake will escape his notice.
振り子	フリコ	大きな振り子時計の鐘の音を聞くのが大好きなんです。	I love to hear a grandfather clock chime.
ダンボール	ダンボール	段ボールが２・３個いるの。	I need a couple of empty cardboard boxes.
譲り	ユズリ	スポーツが好きなのは、父親譲りなんだ。	I love sports. I get that from my father.
文通	ブンツウ	あなたと文通することを楽しみにしています。	I look forward to corresponding with you.
見放す	ミハナス	僕は困ってる友達を見放したりしないよ。	I never turn my back on a friend in need.
缶切り	カンキリ	私は時々はさみを缶切りとして使う。	I sometimes use scissors as a can opener.
アイヌ	アイヌ	アイヌ人の家族構成を研究しました。	I studied the structure of Ainu families.
家族構成	カゾクコウセイ	アイヌ人の家族構成を研究しました。	I studied the structure of Ainu families.
嘶き	イナナキ	馬のいななきが聞こえたと思ったんだけど。	I thought that I heard a horse whinnying.
流し台	ナガシダイ	あなたが流し台の修理をしてくれるのだと思っていました。	I thought you were going to fix the sink.
書き留める	カキトメヨウ	私は彼が言ったことを全部書きとめようとした。	I tried to write down everything he said.
振り返す	ブリカエス	また暑さがぶり返すそうだ。	I understand it's going to get hot again.
レディー	レディー	レディ・ガガみたいに上手く歌えたらなあ。	I wish I could sing as well as Lady Gaga.
ガガ	ガガ	レディ・ガガみたいに上手く歌えたらなあ。	I wish I could sing as well as Lady Gaga.
補填	ホテン	損失を補填するため、私は身を粉にして働いた。	I worked hard to compensate for the loss.
降り懸かる	フリカカッ	もしそんなことが自分に降りかかったら、泣いちゃうよ。	I would cry, too, if that happened to me.
フラワーアレンジメント	フラワーアレンジメント	フラワーアレンジメントの勉強をしたいんだ。	I'd like to learn how to arrange flowers.
朝一	アサイチ	朝イチで電話するよ。	I'll call you first thing in the morning.
かける	カケヨッ	明日、朝一で彼に電話かけよっと。	I'll call him first thing in the morning.
凍え死ぬ	コゴエシン	凍え死んじゃうよ。そこの窓閉めてよ。	I'm freezing to death. Close that window.
解決法	カイケツホウ	解決法を目下考慮中です。	I'm considering how to settle the matter.
ぎちぎち	ギチギチ	今週はスケジュールがぎちぎちに詰まってるんだ。	I'm on a really tight schedule this week.
体操服	タイソウフク	体操服に着替えるのやだな。	I don't like changing into my gym clothes.
泣かす	ナカス	ごめん。泣かすつもりはなかったんだ。	I'm sorry. I didn't mean to make you cry.
摂取量	セッシュリョウ	カフェインの摂取量を減らそうとしているんです。	I've been trying to cut down on caffeine.
バンジージャンプ	バンジージャンプ	今日、初めてバンジージャンプをした。	I went bungee jumping for the first time today.
温暖化	オンダンカ	これも温暖化の影響か？	Is this another effect of global warming?
勝敗	ショウハイ	勝敗は問題ではない。	It doesn't matter whether you win or not.
濃霧	ノウム	濃霧のため飛ぶのは危険だ。	It is dangerous to fly in this heavy fog.
勝ち負け	カチマケ	勝ち負けは問題じゃないんです。	It doesn't matter whether you win or not.
裸眼	ラガン	それは裸眼にはそこまではっきり見ることはできない。	It isn't really visible to the naked eye.
判然	ハンゼン	どちらが望んだのか判然とはしない。	It isn't clear which of them wanted that.
スキンケア	スキンケア	スキンケアが重要よ。	It's important to take care of your skin.
閉ざす	トザス	２軒の家の間の道は雪で閉ざされていた。	The path between the two houses was blocked by snow.
創造力	ソウゾウリョク	言語習得には創造力が必要だ。	Language acquisition requires creativity.
浸す	ヒタス	茶葉はせめて５分は浸しましょう。	Let the tea steep for at least 5 minutes.
茶葉	チャッパ	お茶っぱは、少なくとも５分は浸しましょう。	Let the tea steep for at least 5 minutes.
茶葉	チャバ	茶葉はせめて５分は浸しましょう。	Let the tea steep for at least 5 minutes.
騒がす	サワガシ	外に行こう。ここは騒がしすぎるよ。	Let's go outside. It's too noisy in here.
稲光	イナビカリ	遠くに稲光が見えた。	I saw flashes of lightning in the distance.
スペースシャトル	スペースシャトル	私の夢はスペースシャトルで旅することです。	My dream is to travel in a space shuttle.
異性	イセイ	私の彼氏、異性の友達が多いのよね。	My boyfriend has a lot of female friends.
擦り減らす	スリヘラス	私の子供達はすぐに靴をすり減らす。	My children wear out their shoes quickly.
骨粗鬆症	コツソショウショウ	私の祖母は骨粗鬆症を患っている。	My grandmother suffers from osteoporosis.
退役	タイエキ	私の叔父はベトナム戦争の退役軍人だ。	My uncle is a veteran of the Vietnam War.
脅威	キョウイ	核兵器は人類にとって脅威だ。	Nuclear weapons are a threat to humanity.
屁	ヘ	俺らの問題なんて、あいつのと比べたら屁でもないんだよ。	Our problems are nothing compared to his.
98	キュウハチ	９８人の乗客のうち３人だけが生き残った。	Only 3 out of the 98 passengers survived.
スポーツ施設	スポーツシセツ	私達の町には、すばらしいスポーツ施設がある。	Our town has excellent sports facilities.
酔い止め	ヨイドメ	酔い止めの薬をください。	Please give me some airsickness medicine.
乗り物	ノリモノ	乗り物酔いの薬をください。	Please give me some airsickness medicine.
割れ物	ワレモノ	箱には「ワレモノ注意」のシールが貼ってある。	There's a sticker on the box that says "fragile."
シール	シール	箱には「ワレモノ注意」のシールが貼ってある。	There's a sticker on the box that says "fragile."
呼吸困難	コキュウコンナン	肺炎は呼吸困難を引き起こす。	Pneumonia causes difficulty in breathing.
シェークスピア	シェークスピア	トムはシェークスピアの全作品を読破した。	Tom has read Shakespeare's complete works.
まめ	マメ	彼女ってまめだね。	She doesn't have a lazy bone in her body.
広島	ヒロシマ	彼女は１０歳の時まで広島に住んでいた。	She lived in Hiroshima until she was ten.
絞り出す	シボリダシ	彼女はたくさんのオレンジから果汁を搾り出した。	She squeezed the juice from many oranges.
入試	ニュウシ	彼は入試に合格しそうだ。	He's likely to pass the entrance examination.
真ん丸	マンマル	厳密に言えば、地球はまん丸ではない。	Strictly speaking, the earth isn't round.
マシン	マシン	その手のマシンはまだ発明されていない。	Such a machine has not yet been invented.
貴殿	キデン	貴殿のご支援に対して重ねてお礼申し上げます。	Thank you again for your kind assistance.
カッテージチーズ	カッテージチーズ	カッテージチーズは何からできてるか教えて。	Tell me what cottage cheese is made from.
キューバ	キューバ	そのボートはキューバからの難民で一杯だった。	That boat was full of refugees from Cuba.
ドライブスルー	ドライブスルー	ありがたいことに、ドライブスルーは年中無休だった。	Thankfully, the drive-thru was open 24/7.
365	サンロクイツ	幸いにも、ドライブスルーは24時間365日開いていた。	Thankfully, the drive-thru was open 24/7.
本革	ホンガワ	あのサッカーボールは本革でできてるんだ。	That football is made of genuine leather.
蟋蟀	コオロギ	それはコオロギじゃない。バッタだ。	That's not a cricket. It's a grasshopper.
ばった	バッタ	それはコオロギじゃない。バッタだ。	That's not a cricket. It's a grasshopper.
地中海	チチュウカイ	その海を地中海と呼びます。	That sea is called the Mediterranean Sea.
切り取る	キリトロウ	その少年は枯れた枝をノコギリで切り取ろうとした。	The boy tried to saw off the dead branch.
セメント	セメント	セメントは２、３時間で固まる。	The cement will set in a couple of hours.
ぴょんぴょん	ピョンピョン	子供らは、ソファーの上でピョンピョンし始めた。	The children started jumping on the sofa.
被雇用者	ヒコヨウシャ	被雇用者たちはストライキを起こすと脅しをかけた。	The employees threatened to go on strike.
脅し	オドシ	彼の言ったことは脅しにほかならなかった。	What he said was nothing less than a threat.
無期限	ムキゲン	試合は無期限に延期となった。	The game has been indefinitely postponed.
無期	ムキ	ゲームは無期延期になった。	The game has been indefinitely postponed.
外套	ガイトウ	青い外套を着ている女の子は私の娘です。	The girl in the blue coat is my daughter.
全集	ゼンシュウ	この全集は最終巻が欠けている。	The last volume is missing from this set.
思い掛ける	オモイガケ	今朝車中で思いがけず彼にあった。	I met him by chance on the train this morning.
ゴシキヒワ	ゴシキヒワ	ゴシキヒワはとても興味深い鳥だ。	The goldfinch is a very interesting bird.
漏洩	ロウエイ	漏えいはすぐに食いとめる必要がある。	The leak needs to be stopped immediately.
取り付ける	トリツケヨウ	その男はアンテナを取り付けようとした。	The man tried to install his own antenna.
アンテナ	アンテナ	その男はアンテナを取り付けようとした。	The man tried to install his own antenna.
密室	ミッシツ	会議は密室で行われた。	The meeting was held behind closed doors.
蛸	タコ	蛸が、ココナツの殻に隠れている。	The octopus is hiding in a coconut shell.
ココナッツ	ココナッツ	タコが、ココナッツの殻に身を潜めている。	The octopus is hiding in a coconut shell.
大臣	ダイジン	大臣は建設計画を承認しました。	The minister approved the building plans.
小売価格	コウリカカク	新型は小売価格３万円で販売される。	The new model will retail for 30,000 yen.
雲間	クモマ	月が雲間から顔を見せた。	The moon came out from behind the clouds.
粗雑	ソザツ	その方法は粗雑なものであったが、効果的だった。	The method was crude, but very effective.
ココナッツ	ココナツ	蛸が、ココナツの殻に隠れている。	The octopus is hiding in a coconut shell.
現行犯	ゲンコウハン	警察は強盗を現行犯で捕まえた。	The police caught the burglar red-handed.
核	カク	彼らは核戦争の心配をしている。	They are afraid that nuclear war will break out.
修理費	シュウリヒ	修理費には部品代と手数料が含まれます。	The repair bill includes parts and labor.
おさまる	オサマラ	嵐は数時間おさまらなかった。	The storm didn't abate for several hours.
数時間	スウジカン	嵐は数時間静まらなかった。	The storm didn't abate for several hours.
レポーター	リポーター	リポーター達は質問を続けた。	The reporters continued to ask questions.
妨げる	サマタゲル	ストは国の経済をさまたげた。	The strike affected the nation's economy.
付きっ切り	ツキッキリ	病人には、つきっきりの看病が必要だった。	The sick man required constant attention.
乗務員	ジョウムイン	船は乗務員全員を乗せたまま沈没した。	The ship sank with all her crew on board.
淵	フチ	世界は破滅の淵に立たされている。	The world is on the brink of destruction.
破滅	ハメツ	世界は破滅の淵に立たされている。	The world is on the brink of destruction.
田圃	タンボ	この辺りは昔、田んぼだったんだよ。	There used to be rice fields around here.
手書き	テガキ	ドアには手書きのメモが貼ってあった。	There was a handwritten note on the door.
張り詰める	ハリツメ	部屋には張り詰めた空気が漂っていた。	There was a tense atmosphere in the room.
漂う	タダヨウ	部屋には張り詰めた空気が漂っていた。	There was a tense atmosphere in the room.
屯	タムロ	公園に人がたむろしてたよ。	There were a crowd of people in the park.
遠目	トオメ	こういう絵は、遠目に見る方がいいんだ。	These pictures look better at a distance.
捧げ物	ササゲモノ	彼らはやぎを神への捧げ物として殺した。	They killed a goat as a sacrifice to God.
ベニス	ベニス	ベニスは美しい街だと言われている。	They say that Venice is a beautiful city.
魅する	ミセ	彼らは血と暴力に魅せられている。	They're fascinated by blood and violence.
ガッコ	ガッコ	専門ガッコのタメだよ。	They're buddies from my technical school.
ため	タメ	専門ガッコのタメだよ。	They're buddies from my technical school.
小骨	コボネ	この魚、小骨が多いね。	This fish has a lot of small bones in it.
見過ごす	ミスゴス	この手のミスは見過ごされがちだ。	This kind of mistake is easy to overlook.
文法的	ブンポウテキ	その文には文法的な誤りはない。	The sentence is free from grammatical mistakes.
前作	ゼンサク	彼のこの小説は、前作より出来が悪い。	This novel isn't as good as his last one.
博多	ハカタ	この列車は東京博多間を走っている。	This train runs between Tokyo and Hakata.
植物園	ショクブツエン	トムとメアリーは植物園で会った。	Tom and Mary met at the botanical garden.
怒鳴り合う	ドナリアイ	トムとメアリーは怒鳴り合い始めた。	Tom and Mary began yelling at each other.
女卑	ジョヒ	トムは男尊女卑思想の持ち主だ。	Tom believes in traditional gender roles.
男尊	ダンソン	トムは男尊女卑思想の持ち主だ。	Tom believes in traditional gender roles.
中日	チュウニチ	トムは中日辞典を買った。	Tom bought a Chinese-Japanese dictionary.
ぶらんこ	ブランコ	トムがブランコから落ちて怪我しちゃったんだよ。	Tom fell off a swing and injured himself.
社会的	シャカイテキ	トムは社会的交流が苦手だ。	Tom has trouble with social interactions.
交流	コウリュウ	トムは社会的交流が苦手だ。	Tom has trouble with social interactions.
胡座	アグラ	トムは床にあぐらをかいている。	Tom is sitting cross-legged on the floor.
黒縁	クロブチ	トムは黒縁メガネをかけている。	Tom is wearing glasses with black frames.
即断	ソクダン	トムは即断即決が苦手なんだよ。	Tom isn't good at making quick decisions.
ボウル	ボウル	トムはポップコーンの入ったボウルを、テーブルの上に置いた。	Tom put the bowl of popcorn on the table.
男手	オトコデ	トムは男手一つで3人の子供を育てた。	Tom raised three children all by himself.
そる	ソラ	トムは大体週に３回しか、ヒゲをそらないんだよ。	Tom shaves only about three times a week.
朝方	アサガタ	トムは朝方３時まで起きてたんだ。	Tom stayed up until three in the morning.
仕付ける	シツケ	トムは知らない人にほえるように犬をしつけた。	Tom trained his dog to bark at strangers.
標的	ヒョウテキ	トムが撃った弾は標的を2フィート外れた。	Tom's shot missed the target by two feet.
飲み込み	ノミコミ	飲み込みが早いね。	You've got a good head on your shoulders.
腎臓	ジンゾウ	トムは腎臓と肝臓が悪い。	Tom's kidneys and liver are in bad shape.
毛糸	ケイト	トムの猫が、毛糸玉で遊んでるよ。	Tom's cat is playing with a ball of yarn.
WHO	ダブリューエイチオー	ＷＨＯとは世界保健機構を表す。	WHO stands for World Health Organization.
機構	キコウ	ＷＨＯとは世界保健機構を表す。	WHO stands for World Health Organization.
保健	ホケン	ＷＨＯとは世界保健機構を表す。	WHO stands for World Health Organization.
あう	アッ	両国は反目しあっている。	The two countries are antagonistic to each other.
販売権	ハンバイケン	独占販売権を持っております。	We have the exclusive right to sell them.
支出	シシュツ	毎月の支出を減らす必要があります。	We have to cut down our monthly expenses.
納める	オサメル	税金を納めるのは私たちの義務だと思っています。	We think that it's our duty to pay taxes.
エネルギー源	エネルギーゲン	風力は安価でクリーンなエネルギー源です。	Wind is a cheap and clean source of energy.
国民の祝日	コクミンノシュクジツ	私たちは国民の祝日に旗を立てる。	We put up the flags on national holidays.
取得	シュトク	ビザを取得するには、どのような手続きをすればいいのですか？	What is the procedure for getting a visa?
自由時間	ジユウジカン	普段、自由時間って何してるの？	What do you usually do in your free time?
成田	ナリタ	飛行機はいつ成田に到着したの？	What time did the plane arrive at Narita?
幼子	オサナゴ	戦争が始まった時、トムはまだ幼子だった。	When the war began, Tom was a little kid.
めかす	メカシ	そんなおめかししてどこ行くの？	Where are you going dressed up like that?
仰々しい	ギョウギョウシイ	なぜあんな仰々しい着物を身につけてるのかよ。	Why are you wearing such a flashy kimono?
湿地	シッチ	湿地帯に建物の建設はできませんよ。	You can't build buildings on swampy land.
帯	オビ	湿地帯に建物の建設はできませんよ。	You can't build buildings on swampy land.
弊社	ヘイシャ	あなたは弊社のことを既にご存じかと思います。	You have, no doubt, heard of our company.
大局	タイキョク	ここでは物事を大局的に捉えなければいけないよ。	You need to look at the big picture here.
コンフォート	コンフォート	コンフォートゾーンから、抜け出すことが必要です。	You need to get out of your comfort zone.
ゾーン	ゾーン	コンフォートゾーンから、抜け出すことが必要です。	You need to get out of your comfort zone.
賞金	ショウキン	協力者に対しては賞金が出ます。	You'll get a reward for your cooperation.
協力者	キョウリョクシャ	協力者に対しては賞金が出ます。	You'll get a reward for your cooperation.
tatoeba	tatoeba	"Tatoeba"とは日本語で「例えば」という意味です。	"Tatoeba" means "for example" in Japanese.
鏡台	キョウダイ	「携帯、どこかしら？」「鏡台の上だよ！」	"Where's my phone?" "It's on the dresser!"
男友達	オトコトモダチ	昨日、男友達から電話があったのよ。	A male friend of mine called me yesterday.
踏切	フミキリ	踏切でトラックが立ち往生してしまった。	A truck got stuck on the railway crossing.
同等	ドウトウ	１メートルは１ヤードとは完全に同等ではない。	A meter is not quite equivalent to a yard.
未亡人	ミボウジン	夫に死なれた女性は未亡人と呼ばれる。	A woman whose husband is dead is called a widow.
暗黒	アンコク	アフリカはかつて、暗黒大陸と呼ばれた。	Africa was once called the Dark Continent.
炭素	タンソ	地球上の生物はみな炭素をもっている。	All living things on Earth contain carbon.
煮詰める	ニツメル	スープがとろっとするまで煮つめてください。	Boil the soup down until it becomes thick.
とろ	トロ	スープがとろっとするまで煮つめてください。	Boil the soup down until it becomes thick.
選び出す	エラビダセ	２、３冊の読むべきいい本を選び出せますか。	Can you pick out a few good books to read?
疾患	シッカン	水疱瘡は、小児によく見られる疾患です。	Chicken pox is a common childhood disease.
小児	ショウニ	水疱瘡は、小児によく見られる疾患です。	Chicken pox is a common childhood disease.
モーニングコール	モーニングコール	７時にモーニングコールをお願いできますか。	Could you give me a wake-up call at seven?
口元	クチモト	咳やくしゃみをする時は、口元を覆いましょう。	Cover your mouth when you cough or sneeze.
涵養	カンヨウ	政治意識の涵養には時間を要する。	Developing political awareness takes time.
育む	ハグクム	政治意識を育むには時間がかかる。	Developing political awareness takes time.
聾者	ロウシャ	聾者は手話で会話ができる。	Deaf people can converse in sign language.
クリスマス休暇	クリスマスキュウカ	日本にクリスマス休暇はありますか。	Do you have a Christmas vacation in Japan?
不可解	フカカイ	あなたはあの不可解な殺人事件を覚えていますか。	Do you remember that baffling murder case?
12742	イチニナナヨンニ	地球の直径は、12,742キロです。	Earth has a diameter of 12,742 kilometers.
取り合わせ	トリアワセ	いい取り合わせだと思わない？	Don't you think that's a good combination?
各	カク	各問題ともに正解はただ1つです。	Each question has only one correct answer.
並べて	ナベテ	なべて言うと、アメリカ人はコーヒーを好む。	Generally speaking, Americans like coffee.
おこる	オコッ	何がおこったのか、自分で行って確かめてよ。	Go and see for yourself what has happened.
ウイルス対策ソフト	ウイルスタイサクソフト	ウイルス対策ソフトはインストールしたの？	Have you installed any antivirus software?
アンチウイルスソフト	アンチウイルスソフト	アンチウイルスソフトは入れたの？	Have you installed any antivirus software?
スケッチ	スケッチ	彼はどこでもスケッチを始める。	He begins to sketch no matter where he is.
難なく	ナンナク	私は難なくその問題が解けた。	I was able to solve the problem without difficulty.
基地	キチ	昨日、彼は基地に帰らなかった。	He didn't come back to the base yesterday.
知人	チジン	彼には知人は多いが友人は少ない。	He has many acquaintances but few friends.
南部	ナンブ	彼は市の南部に住んでいます。	He lives in the southern part of the city.
勧め	ススメ	彼は医者の勧めでたばこをやめた。	He stopped smoking on his doctor's advice.
利かす	キカシ	彼は小節を利かして歌っています。	He is singing with a lot of ornamentation.
小節	ショウセツ	彼は小節を利かして歌っています。	He is singing with a lot of ornamentation.
MVP	エムブイピー	彼はうちのチームのＭＶＰだ。	He's the most valuable player on our team.
最優秀	サイユウシュウ	彼は私たちのチームの最優秀選手です。	He's the most valuable player on our team.
満更	マンザラ	ねぇ、このピザ、まんざらでもないよ。	Hey, this pizza isn't bad. Not bad at all.
北部	ホクブ	私の家は市の北部にある。	My house is in the northern part of the city.
取り上げる	トリアゲル	会議で彼の提案が取り上げられた。	His proposals were adopted at the meeting.
結合	ケツゴウ	水素と酸素が結合して水になるのです。	Hydrogen and oxygen combine to form water.
生徒数	セイトスウ	生徒数は何人ですか？	How many students are there in the school?
アップロード	アップロード	画像のアップロードの仕方が分かりません。	I can't figure out how to upload an image.
晴らす	ハラス	音楽を聞いて気を晴らした。	I cheered myself up by listening to music.
高校卒業	コウコウソツギョウ	早く高校卒業したいなぁ。	I can't wait to graduate from high school.
熱々	アツアツ	今すぐあつあつのピザが欲しいなぁ。	I could go for a nice hot pizza right now.
事務処理	ジムショリ	全ての事務処理をやってる暇なんてないよ。	I don't have time to do all the paperwork.
反論	ハンロン	トムに反論するのは賢明じゃないと思うよ。	I don't think it's wise to argue with Tom.
サーカス	サーカス	トムとは一緒にサーカスに行きたくない。	I don't want to go to the circus with Tom.
挽く	ヒイ	私は毎朝自分でコーヒー豆を挽いている。	I grind my own coffee beans every morning.
癒す	イヤス	喉の渇きを癒すため、ビールを一杯飲んだ。	I had a glass of beer to quench my thirst.
渇き	カワキ	喉の渇きを癒すため、ビールを一杯飲んだ。	I had a glass of beer to quench my thirst.
夜食	ヤショク	夜食にインスタントラーメンを食べた。	I had instant noodles as a midnight snack.
睫	マツゲ	目にまつ毛が入るのが、すごく嫌なんだ。	I hate it when I get an eyelash in my eye.
のめり込む	ノメリコン	推理小説にのめり込んでいる。	I have been absorbed in reading a mystery.
躊躇い	タメライ	真実を語ることに私は何のためらいもない。	I have no hesitation in telling the truth.
すむ	スム	あまり長く待たなくてすむといいんだけど。	I hope we don't have to wait for too long.
万が一	マンガイチ	万が一に備えて、武器になるものを探した。	I looked around for a weapon just in case.
一昨年	オトトシ	おととし、オーストラリアに引っ越しました。	I moved to Australia the year before last.
工学	コウガク	僕は大学で工学を専攻するつもりだ。	I plan to major in engineering in college.
ソフトクリーム	ソフトクリーム	もう一つソフトクリームを食べようかな。	I think I'll have one more ice cream cone.
遠回り	トオマワリ	今日は遠回りをして帰ろっと。	I think I'll take the long way home today.
掘っ立て	ホッタテ	掘っ建て小屋でもいいから自分の家が欲しい。	I want my own house, even if it's a shack.
日常生活	ニチジョウセイカツ	私はアメリカの日常生活について学びたい。	I want to learn about American daily life.
発送	ハッソウ	いつ発送してもらえるのか知りたいのですが。	I'd like to know when you can send it out.
させる	サセル	彼女が戻ったら君に電話をかけさせるよ。	I'll have her call you when she gets back.
断固	ダンコ	私は体罰には断固反対です。	I'm firmly opposed to corporal punishment.
体罰	タイバツ	私は体罰には断固反対です。	I'm firmly opposed to corporal punishment.
一寝入り	ヒトネイリ	僕だったら、家に戻ってひと寝入りするよ。	If I were you, I'd go home and take a nap.
学年	ガクネン	日本では新学年は４月に始まる。	In Japan, the school year begins in April.
セントラルヒーティング	セントラルヒーティング	この建物にはセントラルヒーティングが付いていますか？	Is there central heating in this building?
晴れ上がる	ハレアガリ	すぐ晴れ上がりそうです。	It looks like it's going to clear up soon.
消耗	ショウモウ	簡単そうに見えるけど、結構体力消耗するなぁ。	It looks easy, but it's pretty exhausting.
出歩く	デアルク	夜中に独りで出歩くのは危ないと思うよ。	I think that it's dangerous to go walking alone at night.
平穏	ヘイオン	田舎での生活がいつも平穏であるとは限らない。	Life in the country isn't always tranquil.
360	サンロクレイ	３６０号室の合い鍵を貸していただきませんか。	May I borrow a duplicate key for Room 360?
柿の木	カキノキ	近所の家の多くに柿の木があるんです。	Many of my neighbors have persimmon trees.
ヒマラヤ	ヒマラヤ	エベレストは、ヒマラヤにあります。	Mount Everest is located in the Himalayas.
チョモランマ	チョモランマ	エベレスト山はチョモランマとしても知られている。	Mount Everest is also known as Qomolangma.
乱暴	ランボウ	弟の乱暴はこのごろ目に余る。	My brother has been much too rowdy lately.
改造	カイゾウ	父は車庫を書斎に改造した。	My father converted a garage into a study.
曾孫	ヒマゴ	ひ孫は八歳ですよ。	My great-granddaughter is eight years old.
突破	トッパ	我が軍は敵の防御を突破した。	Our army broke through the enemy defenses.
平行線	ヘイコウセン	平行線は交差しません。	Parallel lines don't intersect each other.
交差	コウサ	平行線は交差しません。	Parallel lines don't intersect each other.
450	ヨンゴレイ	４５０ドル、私の口座に振り込んでください。	Please transfer 450 dollars to my account.
振り込む	フリコム	どの口座に振り込めばいいの？	Whose account should I transfer the money to?
宛てがう	アテガッ	彼の傷口に彼女はハンカチをあてがった。	She applied her handkerchief to his wound.
コメディアン	コメディアン	彼女は歌手と言うよりはコメディアンだ。	She is not so much a singer as a comedian.
呼び立てる	ヨビタテ	お忙しい時間にお呼び立てしてすみません。	Sorry for bothering you at this busy time.
台湾	タイワン	台湾料理はインド料理ほど辛くない。	Taiwanese food is milder than Indian food.
マイルド	マイルド	台湾料理はインド料理よりマイルドだよ。	Taiwanese food is milder than Indian food.
兵員	ヘイイン	それは五千人の兵員を擁する大部隊なのです。	That is a large force with 5,000 soldiers.
擁する	ヨウスル	それは五千人の兵員を擁する大部隊なのです。	That is a large force with 5,000 soldiers.
部隊	ブタイ	それは五千人の兵員を擁する大部隊なのです。	That is a large force with 5,000 soldiers.
いちゃもん	イチャモン	例のお客さん、またいちゃもんつけてきたわよ。	That customer came back to complain again.
リリース	リリース	そのソフトは半年前にリリースされたよ。	That software was released six months ago.
召し使い	メシツカイ	ジョーンズ家では週給で召し使いに給料を支払っている。	The Joneses pay their servant by the week.
週給	シュウキュウ	ジョーンズ家では週給で召し使いに給料を支払っている。	The Joneses pay their servant by the week.
ジョーンズ	ジョーンズ	ジョーンズ家では週給で召し使いに給料を支払っている。	The Joneses pay their servant by the week.
一蹴	イッシュウ	議長は彼のばかげた提案を一蹴した。	The chairman rejected his absurd proposal.
砂場	スナバ	子供たちはまだ砂場で遊んでます。	The children are still playing in the sandbox.
支給	シキュウ	市は困窮者に毛布を支給した。	The city supplied the needy with blankets.
困窮	コンキュウ	市は困窮者に毛布を支給した。	The city supplied the needy with blankets.
劇的	ゲキテキ	物価が劇的に上がった。	The cost of living increased dramatically.
放り上げる	ホウリアゲ	農夫は荷馬車の上へ干し草を放り上げた。	The farmer pitched the hay onto the wagon.
荷馬	ニウマ	農夫は荷馬車の上へ干し草を放り上げた。	The farmer pitched the hay onto the wagon.
1.4	イチ．ヨン	人の脳の重さは約1.4キロです。	The human brain weighs about three pounds.
オリ	オリ	ライオンはオリから出ようともがいた。	The lion struggled to get out of his cage.
脳味噌	ノウミソ	説明してもいいけど、君の脳みそ爆発するよ。	I'd explain it to you, but your brain would explode.
陪審員	バイシンイン	陪審員は有罪の評決を出した。	The jury has returned a verdict of guilty.
評決	ヒョウケツ	陪審員は有罪の評決を出した。	The jury has returned a verdict of guilty.
動機	ドウキ	殺害の動機は明らかではない。	The motive for the murder isn't yet known.
凶器	キョウキ	凶器はまだ発見されていません。	The murder weapon still hasn't been found.
回顧	カイコ	老人はしばしば若いころのことを回顧する。	The old man often looks back on his youth.
開会式	カイカイシキ	開会式は昨日行われました。	The opening ceremony took place yesterday.
フィリップ	フィリップ	フィリップ2世による統治は40年間続いた。	The reign of Philip II lasted forty years.
統治	トウチ	王様は長年ずっと国を統治している。	The king has reigned over the country for many years.
論	ロン	論より証拠。	The proof of the pudding is in the eating.
急成長	キュウセイチョウ	その街の急成長ぶりには驚かされた。	The rapid growth of the city surprised us.
河川	カセン	河川は豪雨で氾濫しました。	The rivers were flooded by the heavy rain.
メンテナンス	メンテナンス	火災報知器はまったくメンテナンスされなかった。	The smoke alarm has never been maintained.
内臓	ナイゾウ	胃は内臓の一つである。	The stomach is one of the internal organs.
不祥事	フショウジ	その不祥事は出世の妨げとなった。	The scandal was an obstacle to his promotion.
風景	フウケイ	この辺りの風景はとても美しい。	The scenery around here is very beautiful.
かんじき	カンジキ	カンジキウサギは冬になると色が変わるんだ。	The snowshoe hare changes color in winter.
馬小屋	ウマゴヤ	農家のちょうど後ろに馬小屋がある。	The stable is right behind the farm house.
閉園	ヘイエン	そのテーマパークは先月閉園になった。	The theme park was closed down last month.
光り輝く	ヒカリカガヤク	雪が朝日を受けて光り輝いていた。	The snow was brilliant in the morning sun.
沸き立つ	ワキタッ	国中がその報道に沸き立った。	The whole country was excited by the news.
照り付ける	テリツケ	熱帯の太陽は容赦なくぎらぎら照り付けた。	The tropical sun glared down relentlessly.
熱帯	ネッタイ	この種の植物は熱帯地方にのみ育ちます。	This kind of plant grows only in the tropical regions.
団結	ダンケツ	労働者たちは賃金アップを要求して団結した。	The workers united to demand higher wages.
歴然	レキゼン	両者の間には歴然とした違いがある。	There is a marked difference between them.
急務	キュウム	社会の変革が急務である。	There is an urgent need for social change.
変革	ヘンカク	社会の変革が急務である。	There is an urgent need for social change.
杉	スギ	昔そこにはスギの大木があった。	There used to be a large cedar tree there.
うら	ウラ	家のうらに広い庭があった。	There was a large garden behind the house.
話し合い	ハナシアイ	話し合いはちょっと中断した。	There was a brief break in the discussion.
講堂	コウドウ	この講堂は300人まで入れる。	This auditorium can seat up to 300 people.
標高	ヒョウコウ	この街は標高１６００メートルです。	This city is 1,600 meters above sea level.
暖まる	アタタマラ	このヒーターじゃ、あの広い部屋は暖まらないよ。	This heater won't heat up that large room.
傑作	ケッサク	この本はこの詩人の最高傑作の一つだ。	This book is one of the poet's best works.
有害	ユウガイ	テレビは有害無益だと言う人もいる。	Some people insist that television does more harm than good.
キロメートル	キロメートル	駅から図書館まで二キロメートルあります。	It's two kilometers from the station to the library.
ヘアブラシ	ヘアブラシ	このシャンプーを買うと、素敵なヘアブラシがついてきます。	This shampoo comes with a nice hair brush.
全長	ゼンチョウ	この川は全長200キロです。	This river is two hundred kilometers long.
求人	キュウジン	トムはフランス語教師の求人に応募した。	Tom applied for a job as a French teacher.
融資	ユウシ	トムは銀行から多額の融資を受けた。	Tom borrowed a lot of money from the bank.
偏光	ヘンコウ	トムは偏光サングラスを買った。	Tom bought a pair of polarized sunglasses.
ピックアップ	ピックアップ	トムはピックアップトラックに乗り込み、走り去った。	Tom got in his pickup truck and drove off.
かざす	カザシ	トムはヒーターの前に手をかざした。	Tom held his hands in front of the heater.
ドナー	ドナー	トムは財布にドナーカードを入れている。	Tom has an organ donor card in his wallet.
バンダナ	バンダナ	トムは頭に青いバンダナをしている。	Tom is wearing a blue bandana on his head.
サイド	サイド	トムはやっぱりパイナップルのアップサイドダウンケーキが大好きです。	Tom just loves pineapple upside-down cake.
パイナップル	パイナップル	その果物は、形はオレンジに似ていて、味はパイナップルのようだ。	The fruit is similar to an orange in shape and to a pineapple in taste.
大企業	ダイキギョウ	日本の大企業の多くは輸出に依存している。	Many large Japanese companies depend on exports.
押し殺す	オシコロシ	トムは必死に笑いを押し殺していた。	Tom was trying hard not to laugh out loud.
眼	ガン	トムはあくびをしながら寝ぼけ眼をこすった。	Tom yawned and rubbed sleep from his eyes.
寝惚ける	ネボケル	トムはあくびをしながら寝ぼけ眼をこすった。	Tom yawned and rubbed sleep from his eyes.
未確認飛行物体	ミカクニンヒコウブッタイ	ＵＦＯとは未確認飛行物体を表す。	UFO stands for unidentified flying object.
成績表	セイセキヒョウ	明日成績表をもらいます。	Tomorrow we will receive our report cards.
誕生会	タンジョウカイ	私たちはトムのために誕生会を開く予定だ。	We are giving Tom a party on his birthday.
計	ケイ	男の子2人、女の子1人、計3人の子供がいます。	We have three kids, two boys and one girl.
米粒	コメツブ	米粒一つだって無駄にしちゃ駄目なんだよ。	We shouldn't waste even one grain of rice.
ぼた雪	ボタユキ	ぼた雪ってね、雪だるまを作るのに丁度いいんだよ。	Wet snow is better for building a snowman.
クリーニング代	クリーニングダイ	オーバーのクリーニング代はいくらですか。	What is the charge for cleaning overcoats?
空き時間	アキジカン	普段、空き時間って何してるの？	What do you usually do in your spare time?
注ぎ込む	ソソギコム	母は服にお金をつぎ込んでいる。	My mother spends a lot of money on clothes.
追い追い	オイオイ	犬が死んだ時彼はおいおいと泣いた。	When his dog died, he cried his heart out.
初任給	ショニンキュウ	初任給の使い道は？	What will you do with your first paycheck?
他人行儀	タニンギョウギ	どうして、他人行儀なの？	Why are you acting like you don't know me?
出生率	シュッショウリツ	最近、出生率は低下し続けている。	The birth rate has been decreasing recently.
瓜	ウリ	瓜のつるに茄子はならぬ。	You don't get eggplants from a gourd vine.
応	オウ	否が応でも、お前はやるしかないんだよ。	Whether you like it or not, you'll have to do it.
この先	コノサキ	この先一生ここに住みたいな。	I want to live here for the rest of my life.
海賊版	カイゾクバン	海賊版のソフトを使っちゃダメだってば。	You really shouldn't use pirated software.
どうこう	ドウコウ	君がどうこう言うことはないだろう。	You should have nothing to complain about.
交際	コウサイ	3年間交際していた彼氏と先日別れました。	I recently broke up with my boyfriend of three years.
玄人	クロウト	あなたは玄人で、私は素人。	You're a professional, and I'm an amateur.
注意力	チュウイリョク	幼い子供は、注意力が続かないのです。	Young children have short attention spans.
乗車券	ジョウシャケン	「乗車券を拝見できますか」「はい、どうぞ」	"Can I see your ticket?" "Yes. Here it is."
オェッ	オェッ	オェッ、スープの中に髪の毛が浮いてるよ。	Yuck, there's a hair floating in the soup.
こってり	コッテリ	こってり化粧した顔は異様である。	A face with too much make up looks strange.
泥鰌	ドジョウ	柳の下の泥鰌。	A fox isn't caught twice in the same snare.
柳	ヤナギ	柳の下の泥鰌。	A fox isn't caught twice in the same snare.
しくしく	シクシク	迷子の子が交番でしくしく泣いていた。	A lost child was sobbing at the police box.
庭師	ニワシ	庭は庭師を映す鏡だ。	A garden is the reflection of the gardener.
映す	ウツス	庭は庭師を映す鏡だ。	A garden is the reflection of the gardener.
税	ゼイ	政府はワインに新しく税を課した。	The government has imposed a new tax on wine.
続々	ゾクゾク	劇場から続々と人が出てきた。	A stream of people came out of the theater.
職員	ショクイン	突如その職員がキレた。	All of a sudden, the clerk lost his temper.
突如	トツジョ	突如その職員がキレた。	All of a sudden, the clerk lost his temper.
泣き噦る	ナキジャクリ	その迷子の女の子は泣きじゃくりながら名前を言った。	Between sobs, that lost girl said her name.
電話機	デンワキ	電話機が故障しているかどうか調べていただけますか。	Can you check if the phone is out of order?
酒臭い	サケクサイ	パパ、お酒くさいよ！	Daddy, you smell like you've been drinking.
難しさ	ムズカシサ	あなたは私の仕事の難しさがわかっていますか。	Do you understand the difficulty of my job?
陰口	カゲグチ	他人の陰口はやめなさい。	Don't talk about people behind their backs.
後ろ指	ウシロユビ	後指を指すのはやめたまえ。	Don't talk about people behind their backs.
憲法	ケンポウ	平等は憲法で保障されている。	Equality is guaranteed by the Constitution.
保障	ホショウ	平等は憲法で保障されている。	Equality is guaranteed by the Constitution.
和	ワ	あらゆる偶数は、二つの素数の和です。	Every even number is the sum of two primes.
行く行く	ユクユク	ゆくゆくは自分の会社を立ち上げようと思っています。	Eventually, I want to start my own company.
登山者	トザンシャ	落石は登山者にとって危険である。	Falling rocks present a danger to climbers.
朝鮮	チョウセン	朝鮮半島を訪れたことがありますか。	Have you ever been to the Korean Peninsula?
半島	ハントウ	朝鮮半島を訪れたことがありますか。	Have you ever been to the Korean Peninsula?
3.5	サン．ゴ	祖母はあなたの3.5倍の歳。	Grandma is three and a half times your age.
寮生活	リョウセイカツ	寮生活には慣れましたか。	Have you gotten used to living in the dorm?
政界	セイカイ	彼は政界に敵が多い。	He has many enemies in the political world.
重役	ジュウヤク	彼は保険会社の重役である。	He is an executive in an insurance company.
談	ダン	彼はわくわくするような冒険談をしてくれた。	He told us a very exciting adventure story.
能	ノウ	能ある鷹は爪を隠す。	He who knows the most often says the least.
論評	ロンピョウ	その本についての彼の論評は好意的だった。	His comments about the book were favorable.
好意的	コウイテキ	その本についての彼の論評は好意的だった。	His comments about the book were favorable.
連覇	レンパ	彼は世界選手権で４連覇を成し遂げた。	He won four successive world championships.
ウスターソース	ウスターソース	ウスターソースがいいんじゃない？	How about adding some Worcestershire sauce?
ハンググライダー	ハンググライダー	ハンググライダーに興味を持ったきっかけは何ですか？	How did you get interested in hang gliding?
言い草	イイグサ	親に向かってその言いぐさは何だ！	How dare you talk to your parents that way!
合計金額	ゴウケイキンガク	保険、税金を含めて、合計金額はいくらになりますか。	How much is it including insurance and tax?
アクセント	アクセント	アクセントで彼がドイツ人だとわかる。	I can tell by his accent that he is German.
報酬	ホウシュウ	仕事量に応じて報酬が支払われます。	You'll be paid according to the amount of work you do.
買い換える	カイカエル	今のところ買いかえる予定はないなあ。	I don't plan to buy a new one at this time.
珍本	チンポン	探していた珍本を見つけた。	I found a rare book I had been looking for.
セーフティー	セーフティ	セーフティボックスの暗証番号を忘れてしまった。	I forgot the code for the safe deposit box.
希書	キショ	探していた希書を見つけた。	I found a rare book I had been looking for.
人工芝	ジンコウシバ	彼らは人工芝の上に横たわっていた。	I found them lying on the artificial grass.
クレカ	クレカ	なくしたと思ってたクレカ、あったよ。	I found the credit card I thought I'd lost.
手酷い	テヒドイ	この自転車に乗っててひどい事故に遭ったんです。	I had a terrible accident riding this bike.
無縁	ムエン	ここ10年、病気とは無縁だ。	I haven't been sick for the past ten years.
活躍	カツヤク	元気で活躍していることと思います。	I hope things have been going well for you.
水彩画	スイサイガ	私は水彩画が好きです。	I like the picture painted in water colors.
突き止める	ツキトメル	失敗した理由を突き止める必要があるな。	I need to find out exactly what went wrong.
ロング	ロング	トムはロングとショートどっちが好き？	Tom, do you like long hair or short hair on girls?
人生観	ジンセイカン	以前とは人生観も変わった。	I now view life differently than I used to.
天麩羅	テンプラ	天ぷらの作りかたを本で読みました。	I read about how to make tempura in a book.
隷従	レイジュウ	お前に隷従する気なんかないからな。	I refuse to be treated like a slave by you.
リフォーム	リフォーム	リフォームに結構お金がかかった。	I spent a lot of money remodeling my house.
学問	ガクモン	僕は学問には向いていないと思うんだ。	I think that I'm not academically oriented.
あらわれる	アラワレ	一時間待ったが彼はあらわれなかった。	I waited for an hour, but he didn't appear.
若手	ワカテ	若手にもっと頑張ってもらいたい。	I want the young members to be more active.
転勤	テンキン	辺ぴなところに転勤になった。	I was transferred to the middle of nowhere.
辺鄙	ヘンピ	辺ぴなところに転勤になった。	I was transferred to the middle of nowhere.
生皮	ナマカワ	私はその日、彼らが人間の生皮を剥ぐのを見た。	I watched them skin a human being that day.
下枠	シタワク	私は窓の下枠をペーパータオルで拭いた。	I wiped the window sill with a paper towel.
ペーパータオル	ペーパータオル	私は窓の下枠をペーパータオルで拭いた。	I wiped the window sill with a paper towel.
被害届	ヒガイトドケ	私だったら、被害届を出すけど。	I would file a police report if I were you.
独り立ち	ヒトリダチ	君はもう独り立ちしてもよい年齢だ。	You're old enough to stand on your own feet.
ぐ	グ	眠くなった。寝る。ぐない。	I'm sleepy. I'm going to sleep. Good night.
耳寄り	ミミヨリ	耳寄りな話がある。	I've got an attractive proposition for you.
初見	ショケン	簡単な曲なら初見で歌えます。	If it's a simple tune, I can sight-sing it.
履き潰す	ハキツブシ	私は今年靴を二足履きつぶした。	I've worn out two pairs of shoes this year.
感電	カンデン	あの電線に触れると感電するよ。	If you touch that wire, you'll get a shock.
南下	ナンカ	秋には、たくさんの鳥が南下します。	In the fall, many birds head for the south.
アイザック	アイザック	アイザック・ニュートンは1642年12月25日に生まれた。	Isaac Newton was born on December 25, 1642.
1642	イチロクヨンニ	アイザック・ニュートンは1642年12月25日に生まれた。	Isaac Newton was born on December 25, 1642.
押し付ける	オシツケル	自分の意見を他人に押し付けてはいけない。	You shouldn't impose your opinion on others.
非課税	ヒカゼイ	５万円未満の場合は、非課税になります。	It's tax exempt if it's less than ¥50,000.
擦り傷	スリキズ	大した怪我じゃないよ。ただの擦り傷だよ。	It's not a deep wound. It's just a scratch.
撮み出す	ツマミダス	静かにしないと、つまみ出すぞ。	Keep silent, or I'll throw you out of here.
イヤー	イヤー	友達へニューイヤーカードを送ろう。	Let's send New Year's cards to our friends.
右左	ミギヒダリ	道を渡る前には、右左を見るんだよ。	Look both ways before you cross the street.
なくなる	ナクナル	多くの木は冬になると葉がなくなる。	Many trees lose their leaves in the winter.
マラリア	マラリア	マラリアは蚊が媒介する疾病です。	Malaria is a disease that mosquitoes carry.
疾病	シッペイ	マラリアは蚊が媒介する疾病です。	Malaria is a disease that mosquitoes carry.
炭鉱	タンコウ	炭鉱の内部に多くの労働者が閉じ込められた。	Many workers were trapped in the coal mine.
内部	ナイブ	その家の内部はとても魅力的だった。	The interior of the house was very attractive.
サマードレス	サマードレス	メアリーはノースリーブのサマードレスを着ていました。	Mary was wearing a sleeveless summer dress.
ノースリーブ	ノースリーブ	メアリーはノースリーブのサマードレスを着ていました。	Mary was wearing a sleeveless summer dress.
袖無し	ソデナシ	メアリーは袖なしのサマーワンピを着てたよ。	Mary was wearing a sleeveless summer dress.
ワンピ	ワンピ	メアリーは袖なしのサマーワンピを着てたよ。	Mary was wearing a sleeveless summer dress.
スピリット	スピリット	僕は兎。君のスピリットアニマルは？	My spirit animal is a rabbit. What's yours?
アニマル	アニマル	僕は兎。君のスピリットアニマルは？	My spirit animal is a rabbit. What's yours?
早々	ハヤバヤ	妹は来年早々に結婚します。	My sister will get married early next year.
アンド	アンド	イギリス人がみなフィッシュ・アンド・チップスが好きだというわけではない。	Not all English people like fish and chips.
疎ら	マバラ	平日はいつも人がまばらです。	On weekdays, there are always fewer people.
切り	キリ	文句を言えば切りがない。	Once the complaining starts, it never ends.
一旦	イッタン	いったん悪い癖がつくと、なおすのは難しい。	Once a bad habit is formed, it's hard to get rid of it.
止めど	トメド	一晩中、雨はとめどなく降り続いた。	The rain didn't stop and continued all night.
残忍	ザンニン	かつて残忍な王様がいた。	Once upon a time, there lived a cruel king.
昔々	ムカシムカシ	昔々ある村にひとりの老人が住んでいた。	Long, long ago, there lived an old man in a village.
甲	コウ	甲の薬は乙の毒。	One man's medicine is another man's poison.
乙	オツ	甲の薬は乙の毒。	One man's medicine is another man's poison.
利点	リテン	この技術の利点って何なのかな？	I wonder what the advantage of this technique is.
時流	ジリュウ	人は時流に逆らうことを好まない。	People don't like to swim against the tide.
恒久	コウキュウ	恒久的な平和など幻想に過ぎない。	Permanent peace is nothing but an illusion.
読み返す	ヨミカエス	答案を出す前にもう一度読み返しなさい。	Read over your paper before you hand it in.
レクリエーション	レクリエーション	レクリエーションエリアは引き続き一般に公開されています。	Recreation areas remain open to the public.
引き続く	ヒキツヅキ	レクリエーションエリアは引き続き一般に公開されています。	Recreation areas remain open to the public.
近年	キンネン	近年科学は目覚しく進歩した。	In recent years, science has made remarkable progress.
自負	ジフ	彼女は料理の腕を自負している。	She prides herself on her skill in cooking.
聞き出す	キキダシ	彼女はうまく彼から真実を聞きだした。	She successfully got him to tell the truth.
換算	カンサン	彼女は何でもお金に換算して考える。	She thinks of everything in terms of money.
言い合う	イイアッ	彼女、しょっちゅう親と言い合ってたよ。	She was always quarreling with her parents.
樹立	ジュリツ	彼女は走り高跳びの世界記録を樹立した。	She set the world record for the high jump.
走り	ハシリ	彼女は走り高跳びの世界記録を樹立した。	She set the world record for the high jump.
情けない	ナサケナイ	自分の行動を思い出すと情けないよ。	When I think back on what I did, I feel pretty stupid.
書き上げる	カキアゲル	彼女はわずかな努力で本を書き上げた。	She wrote the book with very little effort.
ティーン	ティーン	ショッピングモールはティーンに人気だ。	Shopping malls are popular among teenagers.
公用語	コウヨウゴ	スイスには幾つかの公用語がある。	Switzerland has several official languages.
放し飼い	ハナシガイ	あの犬を放し飼いにしておくのは危険だ。	That dog is too dangerous to be left loose.
雑多	ザッタ	あの引き出しの中は雑多なもので溢れかえっている。	That drawer is full of miscellaneous items.
仮病	ケビョウ	その学生は時々仮病を使う。	That student sometimes pretends to be sick.
完敗	カンパイ	ドジャースはジャイアンツに完敗した。	The Dodgers were annihilated by the Giants.
ドジャース	ドジャース	ドジャースはジャイアンツに完敗した。	The Dodgers were annihilated by the Giants.
啜る	ススル	コーヒーは熱すぎて、すするしかなった。	The coffee was so hot that I had to sip it.
洋服箪笥	ヨウフクダンス	きれいなタオルは洋服ダンスの引き出しの中よ。	The clean towels are in the dresser drawer.
同社	ドウシャ	同社は私の兄が経営している。	The company is managed by my older brother.
生々しい	ナマナマシイ	その出来事は今でも私の記憶に生々しく残っている。	The event still remains vivid in my memory.
自首	ジシュ	その犯人は警察に自首した。	The criminal gave himself up to the police.
縮小	シュクショウ	工場は生産を縮小せざるをえなかった。	The factory had to cut back its production.
送り出す	オクリダス	心臓の働きは血液を送り出す事である。	The function of the heart is to pump blood.
住民	ジュウミン	その島の住民は友好的だ。	The inhabitants of the island are friendly.
友好	ユウコウ	その島の住民は友好的だ。	The inhabitants of the island are friendly.
湖面	コメン	湖面はまるで鏡のようだ。	The lake's surface is almost like a mirror.
身元	ミモト	トムは身元を隠すためにマスクをしていた。	Tom was wearing a mask to conceal his identity.
叩き付ける	タタキツケ	男はビンを壁に叩きつけた。	The man dashed the bottle against the wall.
寝かせる	ネカセル	母親は赤ちゃんをベッドにそっと寝かせた。	The mother laid her baby on the bed softly.
暴君	ボウクン	民衆は残酷な暴君によって虐げられていた。	The people suffered under the cruel tyrant.
虐げる	シイタゲル	民衆は残酷な暴君によって虐げられていた。	The people suffered under the cruel tyrant.
蘇る	ヨミガエル	その写真はいろいろな思い出をよみがえらせた。	The picture brought back a lot of memories.
指紋	シモン	警察はバンの指紋を採取した。	The police dusted the van for fingerprints.
採取	サイシュ	警察はバンの指紋を採取した。	The police dusted the van for fingerprints.
笛	フエ	警官は笛を吹いて車に止まるよう合図した。	The policeman whistled for the car to stop.
誘導	ユウドウ	検事は誘導尋問をした。	The prosecutor asked me a leading question.
尋問	ジンモン	検事は誘導尋問をした。	The prosecutor asked me a leading question.
検事	ケンジ	検事は誘導尋問をした。	The prosecutor asked me a leading question.
使い古す	ツカイフルシ	その部屋には、使い古したベッドの他は何もなかった。	The room was empty except for a shabby bed.
輸入量	ユニュウリョウ	輸入量の急激な増加に我々は驚いた。	The rapid increase of imports surprised us.
ふざけ合う	フザケアッ	男子学生たちはひっきりなしにふざけあっていた。	The schoolboys teased each other endlessly.
神社	ジンジャ	京都は神社や仏閣で有名だ。	Kyoto is famous for its shrines and temples.
浴びせる	アビセル	先生は私に質問を浴びせ始めた。	The teacher began to shoot questions at me.
1876	イチハチナナロク	電話は１８７６年にベルによって発明された。	The telephone was invented by Bell in 1876.
頂	イタダキ	その山の頂は雪に覆われている。	The top of the mountain is covered in snow.
平行	ヘイコウ	長方形の対辺は平行である。	The opposite sides of a rectangle are parallel.
9000000	キュウレイレイマン	北京には自転車が９００万台ある。	There are nine million bicycles in Beijing.
赤み	アカミ	東の空が赤みを帯びている。	There is a tinge of red in the eastern sky.
帯びる	オビル	東の空が赤みを帯びている。	There is a tinge of red in the eastern sky.
噴水	フンスイ	駅の前に噴水があります。	There's a fountain in front of the station.
圏外	ケンガイ	この地域は携帯電話の圏外だ。	There's no cellphone coverage in this area.
店舗	テンポ	この本を売ってるのは一店舗しかないのよ。	There's only one shop that sells this book.
早咲き	ハヤザキ	この花は早咲きだ。	These flowers bloom earlier than others do.
レスキュー	レスキュー	レスキュー隊は行方不明の乗客を捜査した。	The rescue party searched for the missing passengers.
慣習	カンシュウ	この慣習はたいていの家庭で守られている。	This custom is followed in most households.
風習	フウシュウ	この風習の起源は１２世紀にさかのぼる。	This custom dates back to the 12th century.
食料品店	ショクリョウヒンテン	この食料品店は自然食品のみを売っている。	This grocery store only sells organic food.
流し	ナガシ	トムはいつも流しに汚れたお皿を置きっぱなしにするんだよ。	Tom always leaves dirty dishes in the sink.
シンク	シンク	トムはいつもシンクに汚れたお皿を置きっぱなしにするんだよ。	Tom always leaves dirty dishes in the sink.
投げ合う	ナゲアッ	トムとメアリーは互いに雪玉を投げ合った。	Tom and Mary threw snowballs at each other.
ギフトカード	ギフトカード	クリスマスにトムから三百ドルのギフトカードもらったんだ。	Tom gave me a $300 gift card for Christmas.
専ら	モッパラ	トムはいつも時間に遅れてくるという、もっぱらの評判だ。	Tom has a reputation for always being late.
フリ	フリ	トムは興味のないフリをしているだけだ。	Tom is only pretending he isn't interested.
抱き合う	ダキアウ	別れるときになっても二人は抱き合っていた。	It was time to part, but still the couple clung together.
コサージュ	コサージュ	トムは白のコサージュをメアリーのドレスに付けた。	Tom pinned a white corsage on Mary's dress.
口ずさむ	クチズサン	トムは皿を洗いながら、歌を口ずさんだ。	Tom sang a song while he washed the dishes.
断言	ダンゲン	トムは私たちの秘密を誰にも言っていないと断言した。	Tom swore he didn't tell anyone our secret.
目出し	メダシ	目だし帽をかぶった二人の男が銀行へ入って行った。	Two men wearing ski masks entered the bank.
帽	ボウ	目だし帽をかぶった二人の男が銀行へ入って行った。	Two men wearing ski masks entered the bank.
すってんころり	スッテンコロリ	足元よく見ないと、すってんころりするよ。	Watch your step, or you will slip and fall.
固唾	カタズ	みんながかたずを飲んでそれを見守った。	We all held our breath while we watched it.
手振り	テブリ	私達はお互いに身ぶり手ぶりでコミュニケーションを取った。	We communicated with each other by gesture.
作り事	ツクリゴト	彼の話は作りごとだったとわかった。	We found out that what he said wasn't true.
過大	カダイ	この事件を過大視してはならない。	We must not make too much of this incident.
予算	ヨサン	予算から2千円足が出た。	We ran over the budget by two thousand yen.
浮かす	ウカス	僕らは時間を浮かすのにパソコンを使った。	We used the computer in order to save time.
ニュージーランド	ニュージーランド	オーストラリアとニュージーランドに行きたいな。	We want to go to Australia and New Zealand.
ぐったり	グッタリ	私たちは５時間の旅でぐったりしてしまった。	We were dead tired from the five-hour trip.
パティシエ	パティシエ	大きくなったら、パティシエになりたいです。	When I grow up, I want to be a pastry chef.
消極的	ショウキョクテキ	警察が医療事故の立件に消極的だ。	The police are reluctant to pursue criminal charges in medical cases.
クリーン	クリーン	風力は安価でクリーンなエネルギー源です。	Wind is a cheap and clean source of energy.
風力	フウリョク	風力は安価でクリーンなエネルギー源です。	Wind is a cheap and clean source of energy.
安価	アンカ	風力は安価でクリーンなエネルギー源です。	Wind is a cheap and clean source of energy.
塁	ルイ	１塁があいていたので打者を歩かせた。	With first base open, he walked the batter.
持つ	モテル	こんな家が持てるなんて、お前めちゃラッキーだよな。	You're very lucky to have a home like this.
妨げ	サマタゲ	その不祥事は出世の妨げとなった。	The scandal was an obstacle to his promotion.
横倒し	ヨコダオシ	横倒しになった自動車が通行の妨げになった。	A car lying on its side blocked the passage.
霊魂	レイコン	肉体は滅びるが霊魂は不滅である。	A man's body dies, but his soul is immortal.
滅びる	ホロビル	肉体は滅びるが霊魂は不滅である。	A man's body dies, but his soul is immortal.
肉体	ニクタイ	肉体は滅びるが霊魂は不滅である。	A man's body dies, but his soul is immortal.
不滅	フメツ	肉体は滅びるが霊魂は不滅である。	A man's body dies, but his soul is immortal.
左胸	ヒダリムネ	母親は赤ん坊を左胸に抱く傾向がある。	A mother tends to hold her baby on the left.
紅白	コウハク	紅白の旗が風になびいていた。	A red and white flag was flying in the wind.
靡く	ナビク	紅白の旗が風になびいていた。	A red and white flag was flying in the wind.
催し	モヨオシ	今日の催しのチケットはありますか。	Do you have tickets for today's performance?
解	カイ	以下の方程式の解を求めよ。	Find the solution to the following equation.
方程式	ホウテイシキ	以下の方程式の解を求めよ。	Find the solution to the following equation.
私用	シヨウ	これ、私用にフランス語に訳してくださいますか？	Could you translate this into French for me?
離脱	リダツ	体外離脱を経験したことってある？	Have you ever had an out-of-body experience?
体外	タイガイ	体外離脱を経験したことってある？	Have you ever had an out-of-body experience?
卒論	ソツロン	卒論のテーマ決まった？	Have you decided on your dissertation topic?
電子工学	デンシコウガク	彼は電子工学を研究するために大学へ入った。	He entered the college to study electronics.
王女	オウジョ	彼は美しい王女と恋に落ちた。	He fell in love with the beautiful princess.
皆既月食	カイキゲッショク	昨日の皆既月食見た？	Did you see yesterday's total lunar eclipse?
英国人	エイコクジン	彼は英国人だがインドに住んでいる。	He is a British citizen, but lives in India.
目敏い	メザトイ	彼は金もうけのあらゆる機会に目ざとい。	He is alert to every chance of making money.
右脇	ミギワキ	彼は小包を右脇に抱えている。	He is carrying a parcel under his right arm.
パチンコ	パチンコ	彼がパチンコするなんて絶対にないよ。	He wouldn't be caught dead playing pachinko.
t	トン	彼の名前は、Ｔで始まってＭで終わります。	His name begins with a T and ends with an M.
話し声	ハナシゴエ	隣の部屋で誰かの話し声が聞こえる。	I can hear someone talking in the next room.
チェッカー	チェッカー	チェスはやれるけど、チェッカーは無理。	I can play chess, but I can't play checkers.
タヒチ	タヒチ	彼は家族を捨ててタヒチ島に移り住んだ。	He abandoned his family and moved to Tahiti.
移り住む	ウツリスン	彼は家族を捨ててタヒチ島に移り住んだ。	He abandoned his family and moved to Tahiti.
飽きる	アキル	もっと続けられるけど、飽きるよね。	I could go on, but I don't want to bore you.
描写	ビョウシャ	彼はそこで起きたことを正確に描写した。	He accurately described what happened there.
弾み	ハズミ	どういうはずみでここに来たのか自分でもわからない。	I don't know what motivated me to come here.
狡賢い	ズルガシコイ	彼はとてもずる賢いので私は嫌いだ。	I don't like him because he is sly as a fox.
負担	フタン	両親にこれ以上負担をかけたくない。	I don't want to be any more burden to my parents.
見出だす	ミイダシ	私はついにその問題の解答を見出した。	I finally found the solution to the problem.
古本屋	フルホンヤ	ぼくはこの本を古本屋で見つけた。	I found this book at a secondhand bookstore.
鳥肌	トリハダ	ホラー映画を観ると私は鳥肌がたってしまう。	I get goose bumps when I see a horror movie.
ホームゲーム	ホームゲーム	全てのホームゲームのためのシーズンパスを買った。	I got a season's pass to all the home games.
シーズンパス	シーズンパス	全てのホームゲームのためのシーズンパスを買った。	I got a season's pass to all the home games.
ちくちく	チクチク	左目がチクチクします。	I have a prickling sensation in my left eye.
左目	ヒダリメ	左目がチクチクします。	I have a prickling sensation in my left eye.
痛く	イタク	歯が痛くってさぁ、何も食べれないんだ。	I have a toothache, so I can't eat anything.
平和的	ヘイワテキ	私は、彼らが平和的和解に達する事を望む。	I hope they can reach a peaceful compromise.
まったり	マッタリ	温泉に行ってまったりしたい！	I just want to go to a hot spring and relax.
todo	todo	ToDoリストを作った。	I made a list of things that I needed to do.
酸性雨	サンセイウ	私は昨日、酸性雨についての記事を読んだ。	I read an article about acid rain yesterday.
乗り継ぎ便	ノリツギビン	ボストンへの乗り継ぎ便に乗りたいんです。	I want to get a connecting flight to Boston.
潜る	モグル	私は門をくぐって通りへと出た。	I went through the gate out onto the street.
成田空港	ナリタクウコウ	成田空港まで一緒に行きます。	I will go with you as far as Narita Airport.
受け取り	ウケトリ	６時に写真を受け取りに行きます。	I'll pick up the photographs at six o'clock.
絵書き	エカキ	ずっと前から絵描きになりたいって思ってるんだ。	I've wanted to be a painter for a long time.
入り用	イリヨウ	傘がご入り用なら、お貸しできますよ。	If you need an umbrella, I can lend you one.
獲得	カクトク	１００万円獲得したら、どうしますか。	If you won a million yen, what would you do?
飛び乗る	トビノル	動いている列車に飛び乗るのは危険である。	It is dangerous to jump onto a moving train.
テキサス	テキサス	ジャクソンはテキサスに関して心配していないと言った。	Jackson said he was not worried about Texas.
仏閣	ブッカク	京都は神社や仏閣で有名だ。	Kyoto is famous for its shrines and temples.
顧客	コキャク	多くの顧客がその弁護士にアドバイスを求めてやってきます。	Many clients come to that lawyer for advice.
野	ノ	私の趣味は野の花の写真を撮ることです。	My hobby is taking pictures of wild flowers.
独裁	ドクサイ	ミャンマーは軍事独裁政権に支配されている。	Myanmar is ruled by a military dictatorship.
ミャンマー	ミャンマー	ミャンマーは軍事独裁政権に支配されている。	Myanmar is ruled by a military dictatorship.
ニューヨーク州	ニューヨークシュウ	ニューヨーク州はギリシャとほぼ同じ大きさだ。	New York State is almost as large as Greece.
新聞紙	シンブンシ	新聞紙を広げて亡子に覆いかぶせた。	He opened a newspaper and covered the dead child.
撒き散らす	マキチラサ	床一面に新聞紙が撒き散らされていた。	Newspapers lay scattered all over the floor.
募集	ボシュウ	うちのバスケット部は背の高い男子を募集している。	Our basketball team is recruiting tall boys.
北海	ホッカイ	北海の海底で石油が発見されている。	Oil has been discovered under the North Sea.
夕暮れ	ユウグレ	夕暮れ時になるとこの辺に人々が集まって来る。	People gather around here when it gets dark.
入港	ニュウコウ	1853年、ペリーはついに東京湾へ入港した。	Perry finally sailed into Tokyo Bay in 1853.
ペリー	ペリー	1853年、ペリーはついに東京湾へ入港した。	Perry finally sailed into Tokyo Bay in 1853.
東京湾	トウキョウワン	1853年、ペリーはついに東京湾へ入港した。	Perry finally sailed into Tokyo Bay in 1853.
兎角	トカク	歴史を無視する人はとかくあやまちを繰り返しがちだ。	People who ignore history tend to repeat it.
エイド	エイド	バンドエイドと薬をください。	Please give me a Band-Aid and some medicine.
詰る	ナジッ	彼女は彼が自分に無関心であることをなじった。	She accused him of being inattentive to her.
臓物	ゾウモツ	料理する前にチキンの臓物を抜いてください。	Remove the chicken's giblets before cooking.
毛織物	ケオリモノ	スコットランドは毛織物で有名だ。	Scotland is famous for its woollen textiles.
永住	エイジュウ	彼女はアメリカに永住することに決めた。	She has decided to live in America for good.
演じる	エンジル	彼女はジュリエットの役を演じるのに適任だ。	She is a natural to play the part of Juliet.
応募者	オウボシャ	彼女は一万人の応募者の中から選ばれた。	She was chosen from ten thousand applicants.
兄達	アニタチ	彼女はいつも兄達と口論していた。	She was always quarreling with her brothers.
強奪	ゴウダツ	彼女は帰宅途中に金銭を強奪された。	She was robbed of her money on her way home.
消沈	ショウチン	彼女は消沈した面持ちで部屋を出ていった。	She went out of the room with downcast eyes.
面持ち	オモモチ	彼女は消沈した面持ちで部屋を出ていった。	She went out of the room with downcast eyes.
破り取る	ヤブリトッ	誰かがこの本から２ページ破り取った。	Someone has torn two pages out of this book.
唾	ツバ	考えただけで虫唾が走るわ。	That makes me disgusted just to think of it.
明媚	メイビ	スイスは風光明媚なことで有名である。	Switzerland is famous for its scenic beauty.
風光	フウコウ	スイスは風光明媚なことで有名である。	Switzerland is famous for its scenic beauty.
黒服	クロフク	向こうにいる黒服のあいつがトムだよ。	That guy over there dressed in black is Tom.
美味	ビミ	彼らが共にとったあの夕食は美味だった。	That dinner they had together was delicious.
牙城	ガジョウ	あの村が敵の最後の牙城です。	That village is the enemy's last stronghold.
ハンガリー	ハンガリー	ハンガリーの国旗は、赤・白・緑です。	The Hungarian flag is red, white, and green.
ウェディングドレス	ウェディングドレス	新婦は白いウエディングドレスに身を包んでいた。	The bride was wearing a white wedding dress.
新婦	シンプ	新婦のお父さんね、結婚式に遅れてきたのよ。	The bride's father arrived late to the wedding.
五大	ゴダイ	太平洋は五大洋の一つです。	The Pacific Ocean is one of the five oceans.
行列	ギョウレツ	子どもたちがサーカスの行列を追いかけた。	The children chased after the circus parade.
鳴り響く	ナリヒビキ	警報が鳴り響き、全員が立ち退かなければならなかった。	The alarm rang and everyone had to evacuate.
立ち退く	タチノク	警報が鳴り響き、全員が立ち退かなければならなかった。	The alarm rang and everyone had to evacuate.
年月日	ネンガッピ	製造年月日はふたに表示されています。	The date of manufacture is shown on the lid.
表示	ヒョウジ	製造年月日はふたに表示されています。	The date of manufacture is shown on the lid.
犯	ハン	脱走犯はまだ捕まってないんだ。	The escaped prisoner hasn't been caught yet.
灰燼	カイジン	火は村全体を灰燼に帰した。	The fire reduced the whole village to ashes.
敷き詰める	シキツメ	地面は一面に落ち葉が敷き詰められたようだった。	The ground was blanketed with fallen leaves.
落ち葉	オチバ	１枚の落ち葉が水面に浮かんでいた。	A fallen leaf floated on the surface of the water.
コールドゲーム	コールドゲーム	試合は雨の為、コールドゲームになった。	The game was called off because of the rain.
8000	ハチレイレイレイ	ホテルは部屋代として私に８０００円請求した。	The hotel charged me 8,000 yen for the room.
請求	セイキュウ	ホテルは部屋代として私に８０００円請求した。	The hotel charged me 8,000 yen for the room.
沖	オキ	海岸から約１マイル沖に漁船が見えた。	I saw a fishing boat about a mile off the shore.
ピノキオ	ピノキオ	おじいさんはその木の人形をピノキオと名づけました。	The old man named the wooden doll Pinocchio.
錠剤	ジョウザイ	錠剤のおかげで痛みがなくなった。	The pain went away because I took the pills.
強盗犯	ゴウトウハン	警官は強盗犯を即座に逮捕しました。	The police arrested the burglar on the spot.
囚	シュウ	警察は脱獄囚を追っている。	The police are pursuing an escaped prisoner.
大通り	オオドオリ	郵便局は大通りから少し離れたところにあります。	The post office is just off the main street.
いろはにほへと	イロハニホヘト	いろはにほへと ちりぬるを わかよたれそ つねならむ うゐのおくやま けふこえて あさきゆめみし ゑひもせすん	The quick brown fox jumps over the lazy dog.
有為	ウイ	いろはにほへと ちりぬるを わかよたれそ つねならむ うゐのおくやま けふこえて あさきゆめみし ゑひもせすん	The quick brown fox jumps over the lazy dog.
こえる	コエ	ころんでこえだめに落ち、頭からどっぷりと浸かってしまった。	He fell into the cesspool and got covered from head to toe.
ぬ	ヌル	いろはにほへと ちりぬるを わかよたれそ つねならむ うゐのおくやま けふこえて あさきゆめみし ゑひもせすん	The quick brown fox jumps over the lazy dog.
与太る	ヨタレ	いろはにほへと ちりぬるを わかよたれそ つねならむ うゐのおくやま けふこえて あさきゆめみし ゑひもせすん	The quick brown fox jumps over the lazy dog.
らむ	ラム	いろはにほへと ちりぬるを わかよたれそ つねならむ うゐのおくやま けふこえて あさきゆめみし ゑひもせすん	The quick brown fox jumps over the lazy dog.
けふ	ケフ	いろはにほへと ちりぬるを わかよたれそ つねならむ うゐのおくやま けふこえて あさきゆめみし ゑひもせすん	The quick brown fox jumps over the lazy dog.
反逆者	ハンギャクシャ	反逆者たちは道路にバリケードを築いた。	The rebels made a barricade across the road.
引き立つ	ヒキタタ	赤いベルトが彼女の黒いドレスをひきたたせている。	The red belt goes well with her black dress.
あらわす	アラワス	地図上の赤い線は鉄道をあらわす。	The red lines on the map represent railways.
盗難車	トウナンシャ	盗難車は駐車場で発見された。	The stolen car was found in the parking lot.
原産	ゲンサン	サツマイモは、南アメリカが原産です。	The sweet potato is native to South America.
撓む	タワン	実の重みで木がたわんでいた。	The tree bent under the weight of the fruit.
宿	ヤド	旅行者は一夜の宿を求めた。	The tourist asked for lodging for the night.
擦り付ける	ナスリツケ	二人の男たちは互いに罪をなすりつけあっていた。	The two men blamed each other for the crime.
勢揃い	セイゾロイ	クリスマスは、家族が勢揃いしました。	The whole family got together for Christmas.
円高	エンダカ	円高ドル安だ。	The yen is rising and the dollar is falling.
安	ヤス	円高ドル安だ。	The yen is rising and the dollar is falling.
絆	キズナ	その兄弟の間には強い絆がある。	There is a strong bond between the brothers.
大同小異	ダイドウショウイ	この二つは大同小異だ。	There isn't much difference between the two.
宮	ミヤ	以前この辺りに小さなお宮があった。	There used to be a small shrine around here.
皆無	カイム	このチームが勝てる見込みなど皆無に等しい。	There's almost no chance this team will win.
競い合う	キソイアッ	彼らは賞を取ろうとして互いに競い合った。	They competed with each other for the prize.
トップクラス	トップクラス	ここね、町でもトップクラスの美味しいお店なんだ。	This is one of the best restaurants in town.
ガイドブック	ガイドブック	このガイドブック、あんたの旅行の役に立つかもよ。	This guidebook might be useful on your trip.
1985	イチキュウハチゴ	この記念碑は１９８５年の２月に建てられた。	This monument was erected in February, 1985.
記念碑	キネンヒ	故人をしのんで、記念碑が建てられた。	A monument was erected in memory of the deceased.
名作	メイサク	この映画はまさしく不朽の名作である。	This movie is indeed a timeless masterpiece.
不朽	フキュウ	この映画はまさしく不朽の名作である。	This movie is indeed a timeless masterpiece.
自動詞	ジドウシ	この動詞は、他動詞にも自動詞にもなる。	This verb can be transitive or intransitive.
収納	シュウノウ	トムは箱を二つ収納室の中へ運んだ。	Tom carried two boxes into the storage room.
締め括る	シメククッ	トムはスピーチの最後を美しい歌で締めくくった。	Tom closed his speech with a beautiful song.
毒入り	ドクイリ	トムは書類カバンに毒入りのビンを隠し持っていた。	Tom had a bottle of poison in his briefcase.
隠し持つ	カクシモッ	トムは書類カバンに毒入りのビンを隠し持っていた。	Tom had a bottle of poison in his briefcase.
てんやわんや	テンヤワンヤ	トムは、家族の朝食作りにてんやわんやしている。	Tom is busy making breakfast for his family.
ベースボール	ベースボール	トムは、Tシャツにベースボールキャップをかぶってるわ。	Tom is wearing a T-shirt and a baseball cap.
後半	コウハン	トムは三十代後半に見えた。	Tom looked like he was in his late thirties.
肯定	コウテイ	トムは噂を肯定も否定もしなかった。	Tom neither confirmed nor denied the rumors.
プロファイル	プロファイル	トムって、プロファイルの写真とは全然違ってたよ。	Tom looked nothing like his profile picture.
結婚指輪	ケッコンユビワ	トムは結婚指輪を外して池に投げ捨てた。	Tom took off his wedding ring and threw it into the pond.
将	ショウ	トムはたまぁに訪ねて来るだけだ。	Tom only comes to visit once in a blue moon.
孫の手	マゴノテ	トムは孫の手で背中をボリボリ掻いた。	Tom scratched his back with a backscratcher.
洗い流す	アライナガソウ	トムは服についた血を洗い流そうとしました。	Tom tried to wash the blood off his clothes.
れる	レイ	トムの小説はフランス語に翻訳されいます。	Tom's novel has been translated into French.
略称	リャクショウ	ＵＳＡはアメリカ合衆国の略称です。	USA stands for the United States of America.
USA	ユーエスエー	ＵＳＡはアメリカ合衆国の略称です。	USA stands for the United States of America.
乱気流	ランキリュウ	乱気流のために飛行機が揺れた。	We had a rough flight because of turbulence.
見込む	ミコム	君を見込んで頼んでいるんだ。	I'm asking you to do this because I trust you.
綿密	メンミツ	科学は非常に綿密な観察に基づいている。	Science is based on very careful observations.
バスツアー	バスツアー	来週土曜日にバスツアーをしない？	What do you say to a bus tour next Saturday?
閃き	ヒラメキ	あなたにとってひらめきの最大の源は何？	What is your greatest source of inspiration?
見本	ミホン	あなたの作品の見本をいくつか見せてくれませんか。	Would you show us some samples of your work?
許可書	キョカショ	許可書がなければここへは入れない。	You can't enter here unless you have a pass.
抜糸	バッシ	抜糸は数日後になります。	Your stitches will be removed in a few days.
当面	トウメン	当面はホテルに泊まるつもりです。	For the time being, I intend to stay at a hotel.
ゲティスバーグ	ゲティスバーグ	「ゲティスバーグ演説」は簡潔なスピーチです。	"The Gettysburg Address" is a concise speech.
為る	ショウ	「次はどうしょうか」と彼女は独り言を言った。	"What should I do next?" she said to herself.
螽斯	キリギリス	１匹のキリギリスと多くのアリが野原に住んでいた。	A grasshopper and many ants lived in a field.
白菜	ハクサイ	納豆はくさいが、美味い。	Although natto smells awful, it is delicious.
招待客	ショウタイキャク	招待客の中には市長とその夫人がいた。	Among the guests were the mayor and his wife.
夫人	フジン	招待客の中には市長とその夫人がいた。	Among the guests were the mayor and his wife.
毒蛇	ドクヘビ	オーストラリアには毒ヘビがたくさんいるんですか？	Are there many poisonous snakes in Australia?
プロム	プロム	お前、マジでメアリーをプロムに誘う気なのか？	Are you really going to ask Mary to the prom?
始末	シマツ	帰る時には間違いなく火の始末をしてください。	Be sure to put out the fire before you leave.
シロナガスクジラ	シロナガスクジラ	シロナガスクジラは、世界で一番大きい動物です。	Blue whales are the largest animals in the world.
権限	ケンゲン	何の権限で私にこんなことを命令するんですか？	By what authority do you order me to do this?
リンカーンセンター	リンカーンセンター	リンカーンセンターへの行き方を教えてください。	Can you tell me how to get to Lincoln Center?
リンカーンセンター	リンカーン・センター	リンカーン・センターにはどう行けばよいのですか。	Can you tell me how to get to Lincoln Center?
機材	キザイ	水中撮影機材はお持ちですか？	Do you have underwater photography equipment?
隣接	リンセツ	ドイツはスイスと隣接してるの？	Does Germany share a border with Switzerland?
オフレコ	オフレコ	これはオフレコだけど、君に同意するよ。	Don't quote me on this, but I agree with you.
天災	テンサイ	地震や洪水は天災です。	Earthquakes and floods are natural disasters.
鱒	マス	鯉や鱒のような魚は淡水に住んでいる。	Fish like carp and trout live in fresh water.
倹約	ケンヤク	これからは、もっと倹約しなさいよ。	From now on, be more careful with your money.
塩水	エンスイ	塩水でうがいすると、咳に効くんだよ。	Gargling with salt water helps stop coughing.
コンクリートブロック	コンクリートブロック	彼はハンマーでコンクリートブロックを粉々にした。	He broke up the concrete block with a hammer.
錚々	ソウソウ	彼はそうそうたる学者に混じって落ち着かなかった。	He felt ill at ease among prominent scholars.
混じる	コンジル	彼はそうそうたる学者に混じって落ち着かなかった。	He felt ill at ease among prominent scholars.
法科	ホウカ	彼は法科の学生だ。	He is an undergraduate in the law department.
ガーファンクル	ガーファンクル	彼はサイモンとガーファンクルのメドレーを歌った。	He sang a medley of Simon and Garfunkel hits.
サイモン	サイモン	彼はサイモンとガーファンクルのメドレーを歌った。	He sang a medley of Simon and Garfunkel hits.
メドレー	メドレー	彼はサイモンとガーファンクルのメドレーを歌った。	He sang a medley of Simon and Garfunkel hits.
依頼人	イライニン	弁護士は依頼人の無罪を主張した。	The lawyer insisted on the client's innocence.
外科	ゲカ	彼は外科手術の為入院した。	He was hospitalized for a surgical operation.
見破る	ミヤブル	彼は正体を見破られないように仮面をつけていた。	He wore a mask so no one would recognize him.
覆面	フクメン	彼は覆面をしていたので、誰も彼だと分からなかった。	He wore a mask so no one would recognize him.
矢張り	ヤハリ	彼は頭がよいがやはり嫌いだ。	He's intelligent, but I still don't like him.
流派	リュウハ	いくつの流派に参加してきたのですか？	How many different schools have you attended?
開催地	カイサイチ	日本はこれまでに何回、オリンピックの開催地になりましたか。	How many times has Japan hosted the Olympics?
書き表す	カキアラワス	その時のうれしさは書き表すことができない。	I can't express how happy I was at that time.
嬉しさ	ウレシサ	その時のうれしさは書き表すことができない。	I can't express how happy I was at that time.
掻き消す	カキケサ	騒音にかき消されて私の声は人に届かなかった。	I couldn't make myself heard above the noise.
顰める	シカメ	彼女がなぜ彼に顔をしかめたのか分からなかった。	I couldn't understand why she frowned at him.
酢豚	スブタ	酢豚の作り方は知らないな。	I don't know how to make sweet and sour pork.
中外	チュウガイ	雨の中外へ出るのは好きじゃない。	I don't like to go outside when it's raining.
一任	イチニン	家計のことは妻に一任していた。	I entrusted my wife with the family finances.
一泳ぎ	ヒトオヨギ	プールでひと泳ぎした後は、とてもすっきりした気分だった。	I felt so refreshed after a swim in the pool.
度忘れ	ドワスレ	暗証番号をど忘れしてお金を引き出せない。	I forgot my PIN and can't withdraw any money.
ルバーブ	ルバーブ	ルバーブタルトの方がアプリコットタルトより好きだ。	I like rhubarb tarts more than apricot tarts.
アプリコット	アプリコット	ルバーブタルトの方がアプリコットタルトより好きだ。	I like rhubarb tarts more than apricot tarts.
歌い手	ウタイテ	トムは若い時、なかなかいい歌い手だったよ。	Tom was a pretty good singer when he was younger.
楽団	ガクダン	交響吹奏楽団でトランペットを吹いています。	I play trumpet in a symphonic wind orchestra.
吹奏	スイソウ	交響吹奏楽団でトランペットを吹いています。	I play trumpet in a symphonic wind orchestra.
交響	コウキョウ	交響吹奏楽団でトランペットを吹いています。	I play trumpet in a symphonic wind orchestra.
左端	ヒダリハシ	道の左端に車を止めた。	I pulled my car to the left side of the road.
すっぽかす	スッポカシ	上司との約束をすっぽかした。	I skipped out on my appointment with my boss.
週休	シュウキュウ	週休３日だったらいいのにな。	I sure wish I could have a three-day weekend.
盛り	モリ	午後の暑い盛りに２時間歩いた。	I walked for two hours in the afternoon heat.
欠き氷	カキゴオリ	アイスかかき氷が食べたい。	I want to eat either ice cream or shaved ice.
カーネギーホール	カーネギーホール	いつかカーネギーホールで演奏してみたいです。	I'd like to perform at Carnegie Hall someday.
帰り掛け	カエリガケ	帰りがけに郵便局に寄るよ。	I'll drop by the post office on the way home.
分離	ブンリ	砂から金を分離採集する方法をお見せしましょう。	I'll show you how to separate gold from sand.
長距離	チョウキョリ	長距離の歩行には慣れていない。	I am not accustomed to walking long distances.
レター	レター	私はまだビジネスレターを書く事に慣れていない。	I'm not yet used to writing business letters.
1964	イチキュウロクヨン	１９６４年にキング牧師はノーベル平和賞を受賞した。	In 1964, Rev. King won the Nobel Peace Prize.
キング	キング	１９６４年にキング牧師はノーベル平和賞を受賞した。	In 1964, Rev. King won the Nobel Peace Prize.
牧師	ボクシ	４０代になるまでは牧師になるべきではない。	A man shouldn't be a pastor until he's in his forties.
ノーベル	ノーベル	１９６４年にキング牧師はノーベル平和賞を受賞した。	In 1964, Rev. King won the Nobel Peace Prize.
平和賞	ヘイワショウ	１９６４年にキング牧師はノーベル平和賞を受賞した。	In 1964, Rev. King won the Nobel Peace Prize.
疫病	ヤクビョウ	古代では疫病でたくさんの人が死んだ。	In ancient times, plagues killed many people.
グリズリー	グリズリー	グリズリーは世界で一番大きな熊なの？	Is the grizzly the largest bear in the world?
黒海	コッカイ	黒海の水って、実際に黒いの？	Is the water in the Black Sea actually black?
雑貨屋	ザッカヤ	昔ながらの雑貨屋という店構えだね。	It looks like an old-fashioned general store.
店構え	ミセガマエ	昔ながらの雑貨屋という店構えだね。	It looks like an old-fashioned general store.
遜色	ソンショク	味は日本のお米に比べて遜色はありません。	It tastes every bit as good as Japanese rice.
42	ヨンニ	４２ストリートのレストランの前です。	It's in front of a restaurant on 42nd Street.
最古	サイコ	それは現存する最古の木造建築である。	It's the oldest wooden building in existence.
角度	カクド	９０度の角度は直角と呼ばれている。	An angle of 90 degrees is called a right angle.
つける	ツケヨウ	霧の中ではぐれないように気をつけようね。	Let's try not to lose each other in this fog.
ぐれる	グレ	霧の中ではぐれないように気をつけようね。	Let's try not to lose each other in this fog.
直撃	チョクゲキ	トムの乗っていた電車に雷が直撃した。	Lightning struck the train Tom was riding on.
解凍	カイトウ	鶏肉は調理前に必ず解凍してください。	Make sure to thaw the chicken before cooking.
重態	ジュウタイ	メアリーは重態だ。死にかけているのではないだろうか。	Mary is very sick and I'm afraid she's dying.
ユーゴスラビア	ユーゴスラビア	マザー・テレサは１９１０年にユーゴスラビアで生まれた。	Mother Teresa was born in Yugoslavia in 1910.
最高峰	サイコウホウ	エベレストは世界の最高峰です。	Mt. Everest is the highest peak in the world.
リムジン	リムジン	６時のリムジンなんです。	My airport shuttle bus leaves at six o'clock.
肉じゃが	ニクジャガ	おばあちゃんが、肉じゃがを作ってくれました。	My grandma made us some meat and potato stew.
食い違う	クイチガウ	親とよく意見が食い違います。	My parents and I disagree on a lot of things.
スウェットシャツ	スウェットシャツ	男性の１人は青のスウェットシャツを着ていた。	One of the men was wearing a blue sweatshirt.
スウェット	スウェット	男性の１人は青のスウェットを着ていた。	One of the men was wearing a blue sweatshirt.
グッドアイデア	グッドアイデア	「グッドアイデア」と思ったのはたった３人だった。	Only three people thought it was a good idea.
教授法	キョウジュホウ	我が校は新しい教授法を採用した。	Our school has adopted a new teaching method.
後援	コウエン	私たちが働いている会社は、いくつかの文化事業を後援しています。	Our company supports several cultural events.
申告書	シンコクショ	税関申告書に記入してください。	Please fill out the Customs Declaration Form.
高台	タカダイ	至急、高台に避難してください。	Please evacuate to higher ground immediately.
プレゼン	プレゼン	プレゼンの時間は三十分でお願いします。	Please limit your presentation to 30 minutes.
珍味	チンミ	日本でフグは珍味と言われています。	Pufferfish is considered a delicacy in Japan.
尽かす	ツカシ	あいつは優柔不断だから、彼女が愛想尽かしちゃったんだよ。	She got tired of his waffling and dumped him.
数年間	スウネンカン	彼女は数年間フランス語を勉強している。	She has been studying French for a few years.
35	サンジュウゴ	彼女は三十五歳の女盛りだ。	She is 35 years old and in the prime of life.
女盛り	オンナザカリ	彼女は三十五歳の女盛りだ。	She is 35 years old and in the prime of life.
掻き回す	カキマワシ	彼女はちいさな金のスプーンで紅茶をかき回した。	She stirred her tea with a little gold spoon.
正社員	セイシャイン	彼女はこの会社の正社員ではありません。	She's not a regular employee of this company.
株式	カブシキ	株式投資は必ずしも利益を生むとは限らない。	Stock investments do not always yield profit.
統計	トウケイ	統計によれば世界の人口は増加している。	According to statistics, world population is on the rise.
料理人	リョウリニン	その料理人は毎日違う料理を拵える。	That chef prepares different meals every day.
女神	メガミ	自由の女神はニューヨークにある。	The Statue of Liberty is located in New York.
東海道線	トウカイドウセン	東海道線は台風で麻痺状態になった。	The Tokaido Line was crippled by the typhoon.
司教	シキョウ	司教達はその提案に賛成であった。	The bishops were in favor of the proposition.
モスクワ	モスクワ	その特派員はモスクワから記事を送った。	The correspondent filed a report from Moscow.
特派員	トクハイン	その特派員はモスクワから記事を送った。	The correspondent filed a report from Moscow.
ヒンドゥー	ヒンドゥー	ゼロという概念は、ヒンドゥー文化に由来している。	The concept of zero comes from Hindu culture.
樅	モミ	その子はモミの木の上に登った。	The child climbed to the top of the fir tree.
干魃	カンバツ	旱魃が収穫に深刻な被害をもたらした。	The drought did severe damage to the harvest.
兵力	ヘイリョク	敵は新兵力を投入した。	The enemy flung fresh troops into the battle.
投入	トウニュウ	敵は新兵力を投入した。	The enemy flung fresh troops into the battle.
つぶれる	ツブレ	雪の重さで家がつぶれた。	The house collapsed under the weight of snow.
先達て	センダッテ	先だって彼にあったときには、彼はとても元気だった。	The last time I saw him, he was very healthy.
私立大学	シリツダイガク	私立大学の数が増えた。	The number of private colleges has increased.
急き立てる	セキタテ	子供たちは早く行こうと父親をせきたてた。	The kids urged their father to leave quickly.
湖畔	コハン	湖畔の古い教会はとても美しい。	The old church by the lake is very beautiful.
腕組み	ウデグミ	老人は腕組みをして座っていた。	The old man was sitting with his arms folded.
任期	ニンキ	大統領の任期は四年である。	The president's term of office is four years.
敢え無い	アエナイ	かわいそうにその男は、二度と妻にあえない運命だった。	The poor man was never to see his wife again.
陶器	トウキ	とても高価な陶器がめちゃめちゃに割れてしまった。	The priceless china shattered into fragments.
工事中	コウジチュウ	一番右側の車線は現在工事中である。	The rightmost lane is now under construction.
杭	クイ	出る杭は打たれる。	The stake that sticks out gets hammered down.
転覆	テンプク	船は大海原の真ん中で転覆した。	The ship capsized in the middle of the ocean.
大海原	ワタノハラ	船は大海原の真ん中で転覆した。	The ship capsized in the middle of the ocean.
平年	ヘイネン	今年の冬は、気温が平年より高めです。	The temperature is above average this winter.
高め	タカメ	今年の冬は、気温が平年より高めです。	The temperature is above average this winter.
大多数	ダイタスウ	大多数の子供はアイスが大好きだ。	The vast majority of children love ice cream.
エステティックサロン	エステティックサロン	この街にはエステティックサロンが３軒ある。	There are three beauty salons on this street.
試写会	シシャカイ	昨日の夜、特別試写会があった。	There was a special sneak preview last night.
響き	ヒビキ	彼の声に多少怒りの響きがあった。	There was a suggestion of anger in his voice.
宝箱	タカラバコ	宝箱の中にはたくさんの宝石があったんだ。	There were many jewels in the treasure chest.
ジュエリー	ジュエリー	宝箱にはたくさんのジュエリーが入ってたんだ。	There were many jewels in the treasure chest.
居	キョ	彼らはロンドン郊外に居を構えることに決めた。	They decided to settle in a suburb of London.
銃器	ジュウキ	彼らは戦車と銃器でその国を侵略した。	They invaded the country with tanks and guns.
戦車	センシャ	彼らは戦車と銃器でその国を侵略した。	They invaded the country with tanks and guns.
労働条件	ロウドウジョウケン	彼らは労働条件を改善したがっている。	They want to better their working conditions.
改善	カイゼン	彼らは労働条件を改善したがっている。	They want to better their working conditions.
ない	ナシ	この件はしばらく解決しないかもしれなし。	This case might not get resolved for a while.
保全	ホゼン	この地域は保全地域に指定されています。	This has been designated a conservation area.
ダイバー	ダイバーズ	このダイバーズウォッチはちょっと高すぎるな。	This diver's watch is a little too expensive.
ウォッチ	ウォッチ	このダイバーズウォッチはちょっと高すぎるな。	This diver's watch is a little too expensive.
見極める	ミキワメル	善悪を見極めることは難しい。	To distinguish right from wrong is difficult.
動じる	ドウジル	トムはメアリーが言ったことに全く動じなかった。	Tom certainly wasn't fazed by what Mary said.
こける	コケ	トムさ、自転車でこけて怪我しちゃったんだ。	Tom fell off his bicycle and injured himself.
仏英	フツエイ	トムは仏英辞典をメアリーに渡した。	Tom gave a French-English dictionary to Mary.
面食い	メンクイ	トムは面食いだ。	Tom is only interested in good-looking girls.
レンチ	レンチ	トムは工具箱を開けてレンチを取り出した。	Tom opened the toolbox and took out a wrench.
大晦日	オオミソカ	大晦日は友達と過ごしました。	I spent New Year's Eve with some of my friends.
放置	ホウチ	洗面所には、私物を放置しないこと。	Don't leave your personal belongings in the washroom.
年越し	トシコシ	友達と一緒に年越ししたよ。	I spent New Year's Eve with some of my friends.
生まれ変わる	ウマレカワリ	トムは女性に生まれ変わりたいと思っている。	Tom would like to be reincarnated as a woman.
野球帽	ヤキュウボウ	トムはTシャツに野球帽だったよ。	Tom was wearing a T-shirt and a baseball cap.
コレラ	コレラ	２００人の人が昨年コレラで死んだ。	Two hundred people died of cholera last year.
国産品	コクサンヒン	我々消費者は国産品をもっと買わなければならない。	We consumers must buy more domestic products.
消費者	ショウヒシャ	一般的に、消費者は質よりも量を選ぶ。	In general, consumers prefer quantity to quality.
自発的	ジハツテキ	彼らから自発的な申し出がたくさんあった。	We had a lot of spontaneous offers from them.
ドアマット	ドアマット	ドアマットの下にスペアキーを隠してあるんです。	We keep a spare key hidden under our doormat.
項目	コウモク	私たちはこのリストの項目に優先順位をつける必要がある。	We need to prioritize the items on this list.
優先順位	ユウセンジュンイ	資金に限りがある場合、優先順位をつける必要がある。	When funds are limited, priorities need to be set.
トン	トン	うちでは去年の冬、石炭を数トン使った。	We used a couple of tons of coal last winter.
気流	キリュウ	ただ今気流の関係で揺れております。	We're currently experiencing some turbulence.
嘸かし	サゾカシ	でかしたね。ご両親もさぞかし鼻が高いでしょうね。	Well done! Your parents must be proud of you.
四捨五入	シシャゴニュウ	５８１４を千の位に四捨五入すれば何になりますか。	What's 5,814 rounded to the nearest thousand?
5814	ゴハチイチヨン	５８１４を千の位に四捨五入すれば何になりますか。	What's 5,814 rounded to the nearest thousand?
駆り立てる	カリタテ	一体何が彼らをそのような行動に駆り立てたのか？	What on earth spurred them to such an action?
画集	ガシュウ	画集やカタログはどこで売っていますか。	Where can I go to buy art books and catalogs?
仕事中毒	シゴトチュウドク	仕事中毒者は休日を時間の無駄とみなす。	Workaholics view holidays as a waste of time.
個々	ココ	個々の戦闘にはみな勝っても戦争に負けることがある。	You can win all the battles yet lose the war.
選び	エラビ	友達選びは慎重にやりなさい。	You must be careful in choosing your friends.
奇行	キコウ	君は彼の奇行を気にしないほうがよい。	You shouldn't worry about his eccentricities.
千代	チヨ	「どこにいたの？」「友達んちよ」	"Where were you?" "I was at a friend's house."
話し手	ハナシテ	話し手の周りには人だかりがしていた。	A crowd of people gathered around the speaker.
論理学	ロンリガク	とりわけ、論理学には正確な定義が要求される。	Above all, logic requires precise definitions.
アームストロング	アームストロング	アームストロングは一番最初に月に到達した人でした。	Armstrong was the first man to reach the moon.
からっきし	カラキシ	ちなみに私は英語がからきし駄目なんです。	By the way, my English is absolutely hopeless.
コードブック	コードブック	このコードブックを敵の手に渡すんじゃないぞ。	Don't let this codebook fall into enemy hands.
寝付き	ネツキ	寝る前にホットミルクを飲むと寝つきが良くなりますよ。	Drinking warm milk will help you get to sleep.
スケルトン	スケルトン	スケルトン博士は幽霊の研究で知られている。	Dr. Skeleton is known for his study on ghosts.
探検家	タンケンカ	昔の探検家たちは航海するのに星を利用した。	Early explorers used the stars for navigation.
めざす	メザス	教育は潜在する能力の開発をめざすものだ。	Education aims to develop potential abilities.
潜在	センザイ	教育は潜在する能力の開発をめざすものだ。	Education aims to develop potential abilities.
潜在能力	センザイノウリョク	教育は、潜在能力を伸ばすことを目的としています。	Education aims to develop potential abilities.
得手	エテ	誰にでも得手不得手がある。	Everyone has their own strong and weak points.
概して	ガイシテ	概して日本人は働き者だ。	Generally speaking, Japanese are hard workers.
揺籃	ヨウラン	ギリシャは西洋文明の揺籃の地であった。	Greece was the cradle of western civilization.
西洋	セイヨウ	ギリシャは西洋文明の揺籃の地であった。	Greece was the cradle of western civilization.
ボディー	ボディー	ボディーソープで顔洗ったことある？	Have you ever washed your face with body soap?
ソープ	ソープ	ボディーソープで顔洗ったことある？	Have you ever washed your face with body soap?
過る	ヨギッ	彼は過って親指を金槌で打ち付けた。	He accidentally hit his thumb with the hammer.
背く	ソムク	彼は親の意に背いて歌手になった。	He became a singer against his parents wishes.
躍起	ヤッキ	彼はもっと証拠がないかと、やっきになって捜している。	He is in desperate search of further evidence.
悪戦苦闘	アクセンクトウ	彼は悪戦苦闘している。	He is fighting with his back against the wall.
第一人者	ダイイチニンシャ	彼は心臓外科の第一人者だ。	He is the foremost authority on heart surgery.
越し	ゴシ	彼はテーブル越しに手を差しだし、私と握手した。	He reached across the table and shook my hand.
1499	イチヨンキュウキュウ	彼は1499年に南アメリカの海岸を訪れた。	He visited the coast of South America in 1499.
大逆罪	タイギャクザイ	彼は大逆罪で島流しにされた。	He was banished to an island for high treason.
島流し	シマナガシ	彼は大逆罪で島流しにされた。	He was banished to an island for high treason.
復学	フクガク	９月に復学することを彼は切望した。	He was eager to return to school in September.
切望	セツボウ	９月に復学することを彼は切望した。	He was eager to return to school in September.
くわえる	クワエ	彼はパイプをくわえてそこに座っていた。	He was sitting there with a pipe in his mouth.
大雑把	オオザッパ	あの人って大ざっぱな性格だからね。	He's the type who doesn't worry about details.
正々	セイセイ	私達への彼の助言は、正々堂々と勝負せよということであった。	His advice to us was that we should play fair.
堂々	ドウドウ	私達への彼の助言は、正々堂々と勝負せよということであった。	His advice to us was that we should play fair.
初舞台	ハツブタイ	彼女が初舞台を踏んだのは1969年であった。	Her first appearance on the stage was in 1969.
飽かす	アカセ	彼の演説は聴衆を飽かせなかった。	His speech held the attention of the audience.
写し	ウツシ	私はその手紙の写しを４部作るように彼女に頼んだ。	I asked her to make four copies of the letter.
聞かす	キカス	同じことをこうたびたび聞かされるといやになる。	I am tired of hearing the same thing so often.
退職後	タイショクゴ	退職後は田舎でのんびり暮したい。	I'd like to live a quiet life in the country after I retire.
エーカー	エーカー	私は退職後のために８エーカーの農場を買った。	I bought an eight-acre farm for my retirement.
引き	ヒキ	私はこのラケットを２０％引きで買った。	I bought this racket at a 20 percent discount.
坪	ツボ	私は退職後のために９８００坪の農場を買った。	I bought an eight-acre farm for my retirement.
9800	キュウハチレイレイ	私は退職後のために９８００坪の農場を買った。	I bought an eight-acre farm for my retirement.
実在	ジツザイ	サンタクロースが実在しないなんて信じない。	I don't believe that Santa Claus is imaginary.
朝晩	アサバン	毎日朝晩、猫に餌をあげてるよ。	I feed my cat every morning and every evening.
雪深い	ユキブカイ	雪深いところは歩きづらいって分かったよ。	I found it difficult to walk in the deep snow.
蔵書	ゾウショ	彼は相当数の蔵書を集めた。	He has accumulated quite a collection of books.
ボーイ	ボーイ	私はボーイに、私のスーツケースを部屋まで運ばせた。	I had the porter take my suitcases to my room.
昼過ぎ	ヒルスギ	昼過ぎになると時々眠たくなる。	I sometimes feel drowsy in the early afternoon.
水曜	スイヨウ	来週の水曜までにレポートを出さなきゃいけないの。	I have to hand in my report by next Wednesday.
手羽先	テバサキ	あのお店の手羽先が大好きなの。	I love the chicken wings from that restaurant.
車中	シャチュウ	今朝車中で偶然彼に会った。	I met him by chance on the train this morning.
火渡り	ヒワタリ	火渡りをしてる人を見たことがあります。	I once saw a man walk barefoot over hot coals.
代表	ダイヒョウ	私は大学を代表してその会議に出席した。	I represented my university at the conference.
突き指	ツキユビ	バレーボールをしていて突き指をしました。	I sprained my finger while playing volleyball.
ストレッチ	ストレッチ	怪我を防ぐために、運動前にはストレッチをしています。	I stretch before exercising to prevent injury.
夜道	ヨミチ	夜道を１人で歩くのは危険だと思います。	I think it's dangerous to walk alone at night.
あたたまる	アタタマル	それはとても心あたたまる映画だと思う。	I think the movie is a very heart warming one.
書き下ろす	カキオロシ	トムが書き下ろしたもの全てをフランス語に翻訳しました。	I translated everything Tom wrote into French.
掛かり	ガカリ	明日は一日がかりでレポートの作成だよ。	I'll be working on my report all day tomorrow.
猫好き	ネコズキ	猫好きの人になら、この子猫たち差し上げますよ。	I'll give these kittens to whoever likes cats.
学費	ガクヒ	学費の半分は父に頼むつもりです。	I'll rely on my father for half of my tuition.
330	サンサンレイ	あの塔の高さは330メートルでまず間違いないと思う。	I'm pretty sure that tower is 330 meters tall.
シュー	シュー	シュークリーム買ってきたけど食べる？	I've bought some cream puffs. Do you want one?
潜水艦	センスイカン	潜水艦の潜望鏡が水面から突き出ていた。	The submarine's periscope was sticking out of the water.
遠足	エンソク	もし雨なら遠足は中止です。	If it rains, the excursion will be called off.
蒔く	マク	蒔かぬ種は生えぬ。	If you don't plant the seeds, they won't grow.
側面	ソクメン	想像力は私たちの生活のどの側面にも影響を与える。	Imagination affects every aspect of our lives.
忘れ去る	ワスレサル	自分の母国語を忘れ去ることは可能なのでしょうか？	Is it possible to forget your native language?
無謀	ムボウ	無謀ってもんだよ。	It is like looking for a needle in a haystack.
捜し出す	サガシダソウ	それは干し草の山の中から針を探し出そうとするようなものだ。	It is like looking for a needle in a haystack.
至難	シナン	それは、至難の業だな。	It is like looking for a needle in a haystack.
無駄骨	ムダボネ	無駄骨を折るだけだ。	It is like looking for a needle in a haystack.
グラウンド	グラウンド	雨がひどく降ったのでグラウンドはぐしゃぐしゃだ。	It rained heavily, so the playground is muddy.
遊園地	ユウエンチ	昨日遊園地でばったり先生に会ったよ。	Yesterday, I ran into my teacher at the amusement park.
平ら	タイラ	昔、地球は平らなものだと考えられていた。	It used to be thought that the earth was flat.
王冠	オウカン	百円じゃなくて、王冠でした。	It wasn't a 100 yen coin, it was a bottle cap.
野兎	ノウサギ	野うさぎを手で捕まえるのは難しい。	It's difficult to catch a wild rabbit by hand.
歩行者	ホコウシャ	車を運転するときは、歩行者に気を配ること。	Look out for pedestrians when you drive a car.
史上	シジョウ	日本の貿易黒字は史上最高を記録しました。	Japan's trade surplus soared to a record high.
j	j	Ｊ．Ｆ．ケネディはアーリントン墓地に埋葬された。	J.F. Kennedy was buried in Arlington Cemetery.
墓地	ボチ	墓地を抜けよう。その方が近いよ。	Let's go through the cemetery. It's closer that way.
アーリントン	アーリントン	Ｊ．Ｆ．ケネディはアーリントン墓地に埋葬された。	J.F. Kennedy was buried in Arlington Cemetery.
ケネディ	ケネディ	午後の早い時間にケネディ空港に着きたいのです。	I want to arrive at Kennedy Airport early in the afternoon.
陣営	ジンエイ	両陣営ともに数千人単位の負傷者が出た。	Many thousands on both sides had been wounded.
茶会	チャカイ	明後日、お茶会を開きましょうよ。	Let's have a tea party the day after tomorrow.
脆い	モロイ	金属は低温になると脆くなることがあります。	Metals can become brittle at low temperatures.
低温	テイオン	牛乳は比較的低温で保存する必要がある。	Milk has to be kept at a relatively low temperature.
ひいひい	ヒイヒイ	僕のひいひいひいおじいちゃんは、海賊だったんだよ。	My great-great-great-grandfather was a pirate.
小言	コゴト	妻にしょっちゅう小言を言われて、気が滅入りますよ。	My wife's constant nagging is getting me down.
滅入る	メイリ	妻にしょっちゅう小言を言われて、気が滅入りますよ。	My wife's constant nagging is getting me down.
発電	ハツデン	原子力は発電に利用されています。	Nuclear power is used to generate electricity.
長め	ナガメ	バットを長めに持ってください。	Please hold your bat by the end of its handle.
余儀	ヨギ	政府は外交政策の転換を余儀なくされた。	The government was obliged to make changes in its foreign policy.
功	コウ	レーガン大統領の税政策はまだ功を奏していない。	President Reagan's tax program has not worked.
レーガン	レーガン	レーガン大統領の税政策はまだ功を奏していない。	President Reagan's tax program has not worked.
奏する	ソウシ	レーガン大統領の税政策はまだ功を奏していない。	President Reagan's tax program has not worked.
インテリアデザイン	インテリア・デザイン	彼女はインテリア・デザインの仕事をしていきたいと考えている。	She is pursuing her career in interior design.
表現力	ヒョウゲンリョク	彼女の歌声はとても表現力豊かだ。	She has an extremely expressive singing voice.
役割	ヤクワリ	彼女は婦人解放運動で積極的な役割をした。	She played a part in the women's lib movement.
一役	ヒトヤク	彼女は女性解放運動に一役買った。	She played a part in the women's lib movement.
食費	ショクヒ	彼女は収入の大部分を食費に使う。	She spends a major part of her income on food.
罹る	カカル	彼女は重い病気に罹っており、一週間ベッドで寝込んでいる。	She's very ill and has been in bed for a week.
授賞	ジュショウ	彼女が授賞する見込みは十分にある。	She stands a good chance of winning the prize.
大惨事	ダイサンジ	僅かな不注意が大惨事に繋がる恐れがある。	Slight inattention can cause a great disaster.
恐れ	オソレ	僅かな不注意が大惨事に繋がる恐れがある。	Slight inattention can cause a great disaster.
止血	シケツ	止血するために何かやらなくちゃ。	Something has to be done to stop the bleeding.
遅番	オソバン	来週から遅番勤務になったよ。	Starting next week, I'll be on the late shift.
垂直線	スイチョクセン	厳密に言えば、それは垂直線ではなかった。	Strictly speaking, it was not a vertical line.
サハラ	サハラ	サハラ砂漠は世界で最も大きい砂漠です。	The Sahara is the largest desert in the world.
1952	イチキュウゴニ	国連のビルは１９５２年に建てられた。	The United Nations Building was built in 1952.
筆者	ヒッシャ	この記事の筆者は有名な評論家です。	The author of this article is a famous critic.
評論家	ヒョウロンカ	この記事の筆者は有名な評論家です。	The author of this article is a famous critic.
跳び越える	トビコエ	犬は囲いを跳び越えて庭に入ってきた。	The dog jumped over the fence into the garden.
囲い	カコイ	犬は囲いを跳び越えて庭に入ってきた。	The dog jumped over the fence into the garden.
隊長	タイチョウ	隊長は部下に直ちに集合するように命令した。	The captain ordered his men to gather at once.
引き算	ヒキザン	子供達は、足し算と引き算を習っている。	The children are learning to add and subtract.
雪崩れ込む	ナダレコン	熱狂的な観客が競技場になだれ込んだ。	The eager spectators crowded into the stadium.
熱狂的	ネッキョウテキ	熱狂的な観客が競技場になだれ込んだ。	The eager spectators crowded into the stadium.
化する	カシ	その爆発で、施設は廃墟と化した。	The explosion reduced the facilities to ruins.
近代的	キンダイテキ	この事務所の家具はなかなか近代的だ。	The furniture in this office is really modern.
数百	スーヒャク	その家は数百年前に建てられた。	The house was built several hundred years ago.
支える	ササエル	私たちの体重を支えるだけの厚さが氷にはないんです。	The ice isn't thick enough to hold our weight.
没交渉	ボツコウショウ	指導者は国民と没交渉になっていた。	The leaders were out of touch with the people.
ショッキング	ショッキング	彼の息子が死んだという知らせは、とてもショッキングだった。	The news of his son's death was a great shock.
え	エ	お姫様は、えも言われぬ美しさでした。	The princess was beautiful beyond description.
李	スモモ	スモモの花は今週が見頃です。	The plum blossoms are at their best this week.
145	イチヨンゴ	為替相場は１ドル１４５円だ。	The rate of exchange is 145 yen to the dollar.
定時	テイジ	列車は定時に到着しそうに思われない。	It seems unlikely that the train will arrive on time.
下回る	シタマワッ	昨夜は気温が氷点下を下回った。	The temperature was below freezing last night.
ナイトクラブ	ナイトクラブ	旅行者は、そのナイトクラブでむしり取られた。	The tourists were ripped off at the nightclub.
毟り取る	ムシリトラ	旅行者は、そのナイトクラブでむしり取られた。	The tourists were ripped off at the nightclub.
解消	カイショウ	彼らが解消すべき問題がたくさんある。	There are many problems for them to deal with.
東ドイツ	ヒガシドイツ	東ドイツには多くのヌーディストビーチがある。	There are many nudist beaches in East Germany.
ヌーディスト	ヌーディスト	東ドイツには多くのヌーディストビーチがある。	There are many nudist beaches in East Germany.
乗り出す	ノリダス	彼らは希望に胸をふくらませてその新しい事業に乗り出した。	They embarked on the new project full of hope.
サンプル	サンプル	サンプルが必要でしたらご連絡下さい。	If you would like to have a sample, please let us know.
総会	ソウカイ	彼らは貿易問題についての特別総会を開催した。	They held a special session on trade problems.
応急手当て	オウキュウテアテ	この講座では応急手当の基本的な技能を教えます。	This course teaches basic skills in first aid.
技能	ギノウ	この講座では応急手当の基本的な技能を教えます。	This course teaches basic skills in first aid.
油絵	アブラエ	この油絵は17世紀のものです。	This oil painting dates from the 17th century.
高潔	コウケツ	このシンボルは強さと高潔さを表す。	This symbol stands for strength and integrity.
干満	カンマン	潮の干満は月の影響で起こる。	Tides are caused by the influence of the moon.
投薬	トウヤク	トムは投薬の内容を変えてほしいと、主治医に頼んだ。	Tom asked his doctor to change his medication.
潜り込む	モグリコム	トムはベッドに潜り込むとすぐに眠った。	Tom crawled into bed and fell asleep immediately.
左足首	ヒダリアシクビ	トムはラグビーの試合中に左足首を骨折した。	Tom broke his left ankle during a rugby match.
試合中	シアイチュウ	トムはラグビーの試合中に左足首を骨折した。	Tom broke his left ankle during a rugby match.
言及	ゲンキュウ	トムは何をする計画を立てていたのかを言及しなかった。	Tom didn't mention what he was planning to do.
喉元	ノドモト	トムはメアリーの喉元をつかみ、絞め殺した。	Tom grabbed Mary by the throat and choked her.
実務経験	ジツムケイケン	トムは私より実務経験が豊富よ。	Tom is more experienced in business than I am.
ビオラ	ビオラ	トムがビオラ、メアリーがチェロを弾いてます。	Tom plays the viola, and Mary plays the cello.
チェロ	チェロ	トムがビオラ、メアリーがチェロを弾いてます。	Tom plays the viola, and Mary plays the cello.
奏でる	カナデル	トムがヴィオラをメアリーがチェロを奏でています。	Tom plays the viola, and Mary plays the cello.
飼い猫	カイネコ	トムは飼い猫が二度と戻ってこないんじゃないかって心配していた。	Tom was worried his cat would never come back.
スキャナー	スキャナー	トム、メアリーにスキャナーの使い方教えてやってくんない？	Tom, can you show Mary how to use the scanner?
ぱあ	パ	昨日の夜さ、ドアを開けっぱにしたのって、お前か？	Was it you that left the door open last night?
けっ	ケッ	昨日の夜さ、ドアを開けっぱにしたのって、お前か？	Was it you that left the door open last night?
アテネ	アテネ	パリに行く途中、アテネに立ち寄った。	We stopped over in Athens on our way to Paris.
営業日	エイギョウビ	３営業日以内にお返事いたします。	We will get back to you within 3 working days.
学科	ガッカ	君は彼がどの学科に興味を持っていると思いますか。	What subject do you think he is interested in?
痰	タン	咳の後に出た痰は、どんな色でしたか？	What color was the phlegm that you coughed up?
漂流	ヒョウリュウ	目が覚めると、私たちは沖を漂流していた。	When we awoke, we were adrift on the open sea.
白身	シロミ	卵の白身はゆでれば固まります。	You can set the white of an egg by boiling it.
遺跡	イセキ	遠くに古代の遺跡が見えるでしょう。	You can see the ancient ruins in the distance.
田舎住まい	イナカズマイ	田舎住まいにもすぐに慣れますよ。	You'll soon get used to living in the country.
事足りる	コトタリル	返事は、頷くだけで事足りる時もあります。	Sometimes it's enough simply to nod in response.
一纏り	ヒトマトマリ	６種の道具がひとまとまりになっている。	A half-dozen tools make up the tool collection.
前の日	マエノヒ	料理のうまい人は前の日のスープを捨てない。	A good cook doesn't throw out yesterday's soup.
肝炎	カンエン	肝炎の新しい治療法が研究されている。	A new treatment for hepatitis is being studied.
陸地	リクチ	地球の表面の約三分の一が陸地である。	About one third of the earth's surface is land.
発展	ハッテン	ボストンはここ１０年間で急速に発展した。	Boston has grown rapidly in the last ten years.
刺激的	シゲキテキ	都会は刺激的な場所だが、ストレスも多い。	Cities are exciting places, but also stressful.
マシュマロ	マシュマロ	ココアにマシュマロを入れるのは好き？	Do you like to put a marshmallow in your cocoa?
近親者	キンシンシャ	近親者に高血圧の方はいらっしゃいますか？	Does anyone in your close family have high blood pressure?
生ビール	ナマビール	暑い日の生ビールの味はまた格別だ。	Draft beer tastes especially good on a hot day.
却って	カエッテ	安全への配慮も、度が過ぎるとかえって危険なことがある。	Excessive concern with safety can be dangerous.
胡坐	コザ	みんな、床に胡坐をかいて座っていた。	Everyone was sitting cross-legged on the floor.
原宿	ハラジュク	原宿は東京の中で最も活気のある場所の一つである。	Harajuku is one of the hottest places in Tokyo.
こたえる	コタエ	睡眠不足は後でこたえますよ。	Your lack of sleep will catch up with you someday.
労働	ロウドウ	厳しい労働が彼の体にこたえ始めていた。	Hard labor was beginning to tell on his health.
遠距離恋愛	エンキョリレンアイ	遠距離恋愛したことある？	Have you ever been in a long-distance relationship?
シャトル	シャトル	彼は９時発ニューヨーク行きのシャトル便に飛び乗った。	He caught the nine o'clock shuttle to New York.
執着	シュウチャク	彼は弁護士になれるという希望に執着していた。	He clung to the hope that he could be a lawyer.
手放す	テバナス	彼は大事な犬を手放すことがどうしてもできなかった。	He couldn't possibly part with his beloved dog.
相当数	ソウトウスウ	彼は相当数の蔵書を集めた。	He has accumulated quite a collection of books.
驚異的	キョウイテキ	彼は驚異的な力で自動車を持ち上げた。	He lifted the car with his phenomenal strength.
覗き込む	ノゾキコム	彼は彼女の目を覗き込むと、突然立ち去った。	He looked into her eyes and suddenly went away.
主催者	シュサイシャ	彼は主催者にパーティーがたいへん楽しかったとお礼を言った。	He thanked his host for a most enjoyable party.
貴社	キシャ	東京駅から貴社へはどうやって行ったらよいでしょうか。	How do I get to your office from Tokyo Station?
別宅	ベッタク	別宅を買うお金なんてないよ。	I don't have enough money to buy another house.
あう	アワ	どうしてこんな目にあわないといけないの？	I don't understand why this is happening to me.
泣き言	ナキゴト	泣き言なんか、もう聞きたくないわ。	I don't want to listen to your whining anymore.
文化祭	ブンカサイ	僕は文化祭で女装した。	I dressed up as a girl for the school festival.
やさしい	ヤサシカッ	問題は意外にやさしかったよ。	I found the problem easier than I had expected.
ちびちび	チビチビ	コーヒーがあまりにも熱かったので、ちびちびと飲むしかなかった。	I had to sip the coffee because it was too hot.
喉飴	ノドアメ	のどが痛いんだけど、のど飴持ってない？	I have a sore throat. Do you have a cough drop?
本位	ホンイ	興味本位で質問しただけです。	I only asked you the question out of curiosity.
滝	タキ	裸で滝に打たれている男性を見た。	I saw a man standing naked under the waterfall.
最年長	サイネンチョウ	私は最年長とおぼしき少年に話しかけた。	I spoke to the boy who seemed to be the oldest.
落ち着ける	オチツケヨウ	しばらくこの町に腰を落ちつけようと思うんだ。	I think I'll stay put in this town for a while.
スプリンクラー	スプリンクラー	この建物にはスプリンクラーがあると思っていました。	I thought this building had a sprinkler system.
添え	ソエ	ソースは別添えでお願いします。	I'd like to have the sauce on the side, please.
中旬	チュウジュン	予定日は１月の中旬頃です。	I'm expecting my baby in the middle of January.
予定日	ヨテイビ	予定日は１月の中旬頃です。	I'm expecting my baby in the middle of January.
1947	イチキュウヨンナナ	インドは英国から１９４７年に独立した。	India gained independence from Britain in 1947.
オバマ	オバマ	あの人って、オバマに似てるって思うのは、私だけ？	Is it just me or does he look a bit like Obama?
移植	イショク	脳移植は本当に可能なのでしょうか？	Is it really possible to do a brain transplant?
なおる	ナオル	かぜがなおるのに３週間かかった。	It took three weeks for me to get over my cold.
朝家	チョウカ	今朝家を出た時は、寒かったよ。	It was cold this morning when I left the house.
大発見	ダイハッケン	それは科学において大発見の一つであった。	It was one of the great discoveries in science.
1976	イチキュウナナロク	ジョンとメアリーは１９７６年以来の知り合いです。	John and Mary have known each other since 1976.
ジョナス	ジョナス	ジョナス・ソークは1952年にポリオワクチンを開発した。	Jonas Salk developed the polio vaccine in 1952.
ソーク	ソーク	ジョナス・ソークは1952年にポリオワクチンを開発した。	Jonas Salk developed the polio vaccine in 1952.
ポリオ	ポリオ	ジョナス・ソークは1952年にポリオワクチンを開発した。	Jonas Salk developed the polio vaccine in 1952.
卵巣癌	ランソウガン	メアリーは２０１３年に卵巣がんと診断されました。	Mary was diagnosed with ovarian cancer in 2013.
平均点	ヘイキンテン	ほとんどの人が平均点以上あると思っている。	Most people believe that they're above average.
シュガーレスガム	シュガーレスガム	歯医者さんに、シュガーレスガムを噛めって勧められたよ。	My dentist recommend that I chew sugarless gum.
交じる	マジリ	父の髪に白髪が交じるようになった。	My father's hair has become streaked with gray.
マドリード	マドリッド	おじは、スペインの首都マドリッドに住んでいます。	My uncle lives in Madrid, the capital of Spain.
法律家	ホウリツカ	トムって法律家になる前は、歴史の先生をしてたんだ。	Tom was a history teacher before he became a lawyer.
据える	スエル	彼を議長に据えることに誰も異議を唱えなかった。	Nobody argued against choosing him as chairman.
片一方	カタイッポウ	靴の片方はここにあるんだけど。もう片一方はどこだろう？	One of my shoes is here. Where's the other one?
人命	ジンメイ	その戦争では百万人もの人命が失われた。	One million people lost their lives in the war.
留守番電話	ルスバンデンワ	留守番電話にメッセージを入れてください。	Please leave a message on my answering machine.
木箱	キバコ	いすの代わりにこの木箱を使ってください。	Please use this wooden box in place of a chair.
完治	カンチ	科学者たちは未だに癌を完治させる方法を見出していない。	Scientists haven't found a cure for cancer yet.
精力	セイリョク	彼女は、全精力をスペイン語の学習にささげた。	She devoted all her energy to studying Spanish.
絞り出す	シボリダソウ	彼女はオレンジから果汁を搾り出そうとした。	She tried to squeeze the juice from the orange.
縫い上げる	ヌイアゲル	彼女はあなたのドレスを縫い上げるために夜遅くまで起きてたんだよ。	She stayed up late to finish sewing your dress.
及び	オヨビ	仕様および価格は変更される場合があります。	Specifications and price are subject to change.
うさ	ウサ	私が間違ってなければ、それは家のうさちゃんじゃないよ。	That's not our pet rabbit, unless I'm mistaken.
レオナルド	レオナルド	モナリザはレオナルド・ダヴィンチによって描かれた。	The Mona Lisa was painted by Leonardo da Vinci.
ダビンチ	ダヴィンチ	モナリザはレオナルド・ダヴィンチによって描かれた。	The Mona Lisa was painted by Leonardo da Vinci.
モナリザ	モナリザ	モナリザはレオナルド・ダヴィンチによって描かれた。	The Mona Lisa was painted by Leonardo da Vinci.
見下ろす	ミオロス	教会は町を見下ろす丘の上にある。	The church is on the hill overlooking the city.
クーデター	クーデター	クーデター計画はぎりぎりのところで阻止されました。	The coup attempt was foiled at the last moment.
22.68	ニニ．ロクハチ	正確な気温は摂氏２２．６８度です。	The exact temperature is 22.68 degrees Celsius.
ショーウインドー	ショーウィンドウ	メアリーはショーウィンドウのドレスに釘付けになった。	The dress in the show window caught Mary's eye.
かし	カシ	恋人たちは自分たちの頭文字をかしの木に刻んだ。	The couples carved their initials in oak trees.
コンサートホール	コンサートホール	興奮した観客はコンサートホールになだれこんだ。	The excited audience ran into the concert hall.
鳴り響く	ナリヒビイ	大地が揺れ始め、警報が鳴り響いた。	The ground started to shake and the alarm rang.
大地	ダイチ	大地が揺れ始め、警報が鳴り響いた。	The ground started to shake and the alarm rang.
耳元	ミミモト	若者はかがみこんで、トムの耳元で大声を上げた。	The lad leaned over and shouted into Tom's ear.
阻む	ハバム	激しい雨が、行く手を阻んだ。	The heavy rain prevented them from going there.
主人公	シュジンコウ	主人公って、本の最後で死んじゃうのよ。	The main character dies at the end of the book.
運動場	ウンドウジョウ	監督は選手を運動場に集めた。	The manager assembled the players on the field.
税制	ゼイセイ	新しい税制は、来年から実施される。	The new tax system comes into effect next year.
子狐	コギツネ	おじいさんは、子ギツネを罠から逃がしてあげました。	The old man freed the little fox from the trap.
愉快	ユカイ	老人は我々にその愉快な事件について話した。	The old man told us about the amusing incident.
対辺	タイヘン	長方形の対辺は平行である。	The opposite sides of a rectangle are parallel.
長方形	チョウホウケイ	長方形の対辺は平行である。	The opposite sides of a rectangle are parallel.
向かい合う	ムカイアウ	長方形の向かい合う辺は平行です。	The opposite sides of a rectangle are parallel.
女性用	ジョセイヨウ	女性用トイレは長蛇の列だった。	There was a long line for the women's restroom.
アクセサリー	アクセサリー	この服にはどんなアクセサリーを付けるの？	What sort of jewelry are you going to wear with this dress?
小腸	ショウチョウ	小腸は７メートルくらいだ。	The small intestine is about seven meters long.
アンフェア	アンフェア	学生たちはアンフェアな筆記試験に抗議した。	The students protested against the unfair exam.
月明かり	ツキアカリ	二人は手を取り合って月明かりの中を歩いた。	The two held hands and walked in the moonlight.
隠れ蓑	カクレミノ	その倉庫は麻薬密売者の隠れみのだった。	The warehouse was a front for drug traffickers.
倉庫	ソウコ	その倉庫は麻薬密売者の隠れみのだった。	The warehouse was a front for drug traffickers.
発つ	タタ	旅行者たちは夜明け前に町を発たなければならなかった。	The tourists had to leave the town before dawn.
壮観	ソウカン	山頂からの眺めは壮観だった。	The view from the mountain top was spectacular.
古ぼける	フルボケ	その部屋には古ぼけた椅子が一つあるだけだった。	There was nothing but an old chair in the room.
長蛇	チョウダ	女性用トイレは長蛇の列だった。	There was a long line for the women's restroom.
身代わり	ミガワリ	誰が彼の身代わりに行かされるのか、さっぱりわからない。	There's no telling who'll be sent in his place.
売り出し	ウリダシ	彼らは住宅売り出しの広告を出した。	They advertised that they had a house for sale.
此方側	コッチガワ	家のこっち側は、朝日が当たります。	This side of the house catches the morning sun.
犯罪者	ハンザイシャ	アメリカの犯罪者の多くは麻薬中毒である。	Many criminals in America are addicted to drugs.
常々	ツネヅネ	トムは常々、賞金稼ぎになりたいと夢見ていた。	Tom always dreamed of becoming a bounty hunter.
アコーディオン	アコーディオン	店の外では白髪の男性がアコーディオンを弾いていました。	A white-haired man was playing an accordion outside the shop.
拒食症	キョショクショウ	トムは高校生のころ拒食症になった。	Tom became anorexic when he was in high school.
仕送り	シオクリ	トムは親の仕送りで生活している。	Tom is living on an allowance from his parents.
晩年	バンネン	晩年のトムはボストンで過ごした。	Tom spent the last years of his life in Boston.
無免許	ムメンキョ	トムは無免許運転で逮捕された。	Tom was arrested for driving without a license.
iPod	アイポッド	トムはトレーニングをしながらiPodを聞いていた。	Tom was listening to his iPod as he worked out.
重視	ジュウシ	トムは見た目というより、あたたかさ重視の格好だったよ。	Tom was dressed for warmth rather than fashion.
あたたかさ	アタタカサ	トムは見た目というより、あたたかさ重視の格好だったよ。	Tom was dressed for warmth rather than fashion.
くむ	クミ	トムはバケツの水をくみに川へ行きました。	Tom went to the river to get a bucket of water.
中学校	チュウガッコウ	中学校は家から遠かった？	Was your junior high school far from your home?
寝顔	ネガオ	猫の寝顔を見てると、癒されるなあ。	Watching the cat sleeping makes me feel better.
価格競争	カカクキョウソウ	地元の店と価格競争をしなければなりません。	We must compete with the local stores in price.
裏道	ウラミチ	私たちは交通渋滞を避けるために裏道を通った。	We took a back road to avoid the heavy traffic.
逃げ込む	ニゲコン	嵐を避けて近くの納屋に逃げ込んだ。	We took refuge from the storm in a nearby barn.
正月休み	ショウガツヤスミ	お正月休みはどうするの？	What are you doing during the New Year holiday?
業績	ギョウセキ	あなたの最大の業績は何だと思いますか。	What do you consider your greatest achievement?
get	ゲット	この文の中で「ｇｅｔ」という単語はどういう意味ですか。	What does the word "get" mean in this sentence?
全裸	ゼンラ	家の中で全裸で何が悪い！	What's wrong with being nude in your own house?
車掌	シャショウ	大人になったら、車掌になりたい。	When I grow up, I want to be a train conductor.
JAL	ジャル	JAL124便の搭乗口はどこですか。	Where's the gate for Japan Airlines flight 124?
124	イチニヨン	JAL124便の搭乗口はどこですか。	Where's the gate for Japan Airlines flight 124?
大英	ダイエイ	合衆国はかつて大英帝国の一部だった。	The United States was once part of the British Empire.
夜遊び	ヨアソビ	今夜遊びにきませんか。	Would you like to come and see us this evening?
切れ間	キレマ	雲の切れ間から太陽が見えます。	You can see the sun peeking through the clouds.
工場見学	コウジョウケンガク	明日は工場見学に行くんですよね？	You're visiting a factory tomorrow, aren't you?
行き着く	イキツク	「時間通りに、教室にうまく行き着くことができる」と彼は思った。	"I can make it to my class on time," he thought.
錆びる	サビル	自転車は雨ざらしにすると錆びるよ。	A bicycle will rust if you leave it in the rain.
伝記	デンキ	良い伝記はおもしろくて、ためにもなる。	A good biography is interesting and instructive.
急病	キュウビョウ	急病のために彼はそこへ行くことができなかった。	A sudden illness prevented him from going there.
佇む	タタズム	男は門の陰に佇み、その家をじっと見つめていた。	A man stood behind the gate gazing at the house.
盗み出す	ヌスミダソウ	金を盗み出そうと、強盗は住居に侵入した。	A thief broke into the house to steal the money.
トップ	トップ	学校では彼はいつもトップだった。	At school he was always at the top of his class.
綻び	ホコロビ	おまえのジーンズの綻びを彼女に繕ってもらいなさい。	Ask her if she'll sew up the hole in your jeans.
1827	イチハチニナナ	ベートーヴェンは1827年3月26日、57歳でこの世を去った。	Beethoven died March 26, 1827, at the age of 57.
26	ニムイ	ベートーヴェンは1827年3月26日、57歳でこの世を去った。	Beethoven died March 26, 1827, at the age of 57.
鵞鳥	ガチョウ	ニワトリとガチョウたちは庭を歩き回っていました。	Chickens and geese were walking around the yard.
丸坊主	マルボウズ	トムが頭を剃って丸坊主になった夏のことまだ覚えてる？	Can you remember the summer Tom shaved his head?
大根	ダイコン	大根は人参より高いかもしれない。	Daikon might be more expensive than the carrots.
特定	トクテイ	目撃者は警察の面通しで窃盗犯を特定した。	The witness identified the thief in the police lineup.
かえる	カエル	卵がかえる前にひよこの数を数えるな。	Don't count your chickens until they've hatched.
片足	カタアシ	目をつむって、片足で１分間立っていられる？	Can you stand on one leg for a minute with your eyes shut?
改革	カイカク	教育の改革はまだまだこれからだ。	Educational reforms still have a long way to go.
返送	ヘンソウ	払い戻しを受けるには、商品は未開封のままご返送下さい。	For a refund, you must return the item unopened.
多い	オオシ	好事魔多し。	Happy events tend to be accompanied by problems.
好事	コウズ	好事魔多し。	Happy events tend to be accompanied by problems.
道沿い	ミチゾイ	この道沿いに行ってもらって、銀行の所で右に曲がってください。	Go along this street and turn right at the bank.
ホメロス	ホメロス	彼はホメロスをギリシャ語から英語に訳した。	He translated Homer from the Greek into English.
まゆ	マユ	彼はまゆを上げて難色を示した。	He showed his disapproval by raising an eyebrow.
おんぼろ	オンボロ	坂を下りるときに彼女のおんぼろ自転車はキーキー音を立てた。	Her old bike squeaked as she rode down the hill.
馴染み客	ナジミキャク	あの人はこの店の長年の馴染み客です。	He's been a patron of this store for many years.
ホーチミン市	ホーチミンシ	ホーチミン市はベトナムで最も大きな都市だ。	Ho Chi Minh City is the largest city in Vietnam.
送付	ソウフ	議題の送付が遅くなり、申し訳ございません。	I apologize for the delay in sending the agenda.
年賀状	ネンガジョウ	友達に年賀状を出すのを忘れてた。	I forgot to send New Year's cards to my friends.
認知	ニンチ	大学では、認知科学を専攻するつもりです。	I plan to major in cognitive science in college.
遠隔地	エンカクチ	遠隔地から自分のコンピュータにアクセスするとき、よくSSHを活用します。	I often use SSH to access my computers remotely.
ssh	ssh	遠隔地から自分のコンピュータにアクセスするとき、よくSSHを活用します。	I often use SSH to access my computers remotely.
張り合わせる	ハリアワセ	私はのりで二枚の紙を貼り合わせた。	I stuck two sheets of paper together with paste.
精密検査	セイミツケンサ	ご主人には精密検査をお勧めします。	I recommend a thorough checkup for your husband.
びくと	ビクト	ドアを開けようとしたけど、びくともしなかったよ。	I tried to open the door, but it wouldn't budge.
先立つ	サキダツ	車が欲しいんだけど、先立つものが無くて。	I want a car, but I don't have money to buy one.
魂消る	タマゲ	彼女がワインをからにしたのにはたまげた。	I was amazed that she had drunk all of the wine.
人恋しい	ヒトコイシク	寒くなるとどうしてこんなに人恋しくなるんだろう。	I wonder why I feel so lonely when it gets cold.
修学旅行	シュウガクリョコウ	私は修学旅行にいくよりもむしろ家にいたいです。	I'd rather stay home than go on the school trip.
芥子	カラシ	ホットドッグを２個、辛子とケチャップつきでおねがいします。	I'll have two hot dogs with mustard and ketchup.
放送局	ホウソウキョク	放送局の前で待っているよ。	I'll wait for you in front of the radio station.
ラジオ局	ラジオキョク	ラジオ局の前で待ってるね。	I'll wait for you in front of the radio station.
1987	イチキュウハチナナ	建物が建てられたのは1987年で間違いないと思う。	I'm pretty sure that building was built in 1987.
思い描く	オモイエガク	あなたがいない人生を思い描こうとしているのです。	I've been trying to imagine my life without you.
引き受ける	ヒキウケル	彼がその仕事を引き受けなければ、誰か別の人が引き受けるだろう。	If he doesn't accept the job, someone else will.
ぶちぶち	ブチブチ	あなたが風邪を引いたら、私がぶちぶち言われるんだから。	If you catch a cold, I'm going to get an earful.
初勝利	ハツショウリ	ブラジルは1958年にワールドカップ初勝利を果たした。	In 1958, Brazil won its first World Cup victory.
1958	イチキュウゴハチ	１９５８年、その記念碑は広島平和公園に建てられた。	In 1958, the statue was built in the Hiroshima Peace Park.
通読	ツウドク	この本を通読するのに５時間かかりました。	It took me five hours to read through this book.
状況下	ジョウキョウカ	そんな状況下では、冷静になりにくいんだ。	It's hard to stay calm in a situation like that.
原材料	ゲンザイリョウ	日本は海外から様々な原材料を輸入している。	Japan imports various raw materials from abroad.
店仕舞い	ミセジマイ	先週、家の近くのスーパーが店じまいしちゃったのよ。	Last week, the supermarket near my house closed.
成り立ち	ナリタチ	この学校の成り立ちをお話しましょう。	Let me tell you about the origin of this school.
さく	サクッ	さあ、残りの仕事をさくっと片づけて飲みに行こうぜ。	Let's wrap up this work now and go out drinking.
学識	ガクシキ	学識と常識は別物だ。	Learning is one thing, and common sense another.
別物	ベツモノ	学識と常識は別物だ。	Learning is one thing, and common sense another.
原文	ゲンブン	翻訳を原文と比べてみよう。	Let's compare the translation with the original.
孫娘	マゴムスメ	メアリーはトムの孫娘じゃなくて姪ですよ。	Mary isn't Tom's granddaughter. She's his niece.
根気	コンキ	外国語の習得には根気が必要だ。	Mastering a foreign language calls for patience.
堪える	タエル	私の家は地震に堪えるように設計されている。	My house is designed to withstand an earthquake.
ニューヨーク市	ニューヨークシ	彼女はニューヨーク市の厳しい環境で育った。	She grew up in the harsh environment of New York City.
太刀打ち	タチウチ	良質のぶどう酒ではフランスに太刀打ちできる国はない。	No country can match France's good quality wine.
逆さ	サカサ	誰もその絵が逆さにかかっていることに気がつかなかった。	No one noticed the picture was hung upside down.
容態	ヨウタイ	彼の容態が少しでも変わったら知らせてください。	Please inform me of any change in his condition.
繁華街	ハンカガイ	繁華街を当てもなくウロウロした。	We wandered aimlessly around the shopping district.
性的	セイテキ	今、性的嫌がらせは社会的問題になっています。	Sexual harassment has now become a social issue.
受け答え	ウケコタエ	受け答えは、頷くだけで十分な場合もあります。	Sometimes it's enough simply to nod in response.
パトロール	パトロール	１０人の警官がその地域のパトロールについた。	Ten policemen were assigned to patrol that area.
腹筋	フッキン	その運動は腹筋に良い。	That exercise is good for the abdominal muscles.
東名	トウメイ	東名高速道路は東京と名古屋を結んでいる。	The Tomei Expressway connects Tokyo with Nagoya.
信濃川	シナノガワ	信濃川は日本で一番長い。	The Shinano River is the longest river in Japan.
死亡率	シボウリツ	出生率と死亡率は、ほぼ等しかった。	The birth rate and death rate were nearly equal.
労力	ロウリョク	その橋のおかげで彼らは時間と労力が大いに省けた。	The bridge saved them a lot of time and trouble.
4000000	ヨンレイレイマン	市の人口は、およそ４００万人です。	The city has a population of about four million.
戯れ合う	ジャレアッ	猫と犬がじゃれあってるよ。	The cat and the dog are playing with each other.
法廷	ホウテイ	法廷は彼のその殺人容疑について無罪とした。	The court acquitted him of the charge of murder.
ジュネーブ	ジュネーブ	両国の代表団はジュネーブで会見した。	The delegations of both countries met in Geneva.
代表団	ダイヒョウダン	両国の代表団はジュネーブで会見した。	The delegations of both countries met in Geneva.
物々交換	ブツブツコウカン	探検家は現地人たちと物々交換をして食料を手に入れた。	The explorer bartered with the natives for food.
現地	ゲンチ	現地企業でのインターンシップを体験する。	I'm going to do an internship at a local company.
検出	ケンシュツ	牛ひき肉から馬の肉が検出されました。	The ground beef was found to contain horse meat.
混入	コンニュウ	牛ミンチに馬肉が混入しているのが見つかりました。	The ground beef was found to contain horse meat.
ミンチ	ミンチ	牛ミンチに馬肉が混入しているのが見つかりました。	The ground beef was found to contain horse meat.
御出座	オデマシ	王様は明日の晩自らお出ましになる。	The king will appear in person tomorrow evening.
食いちぎる	クイチギッ	ライオンは死んだきりんの肉を食いちぎった。	The lion ripped the flesh from the dead giraffe.
きりん	キリン	ライオンは死んだきりんの肉を食いちぎった。	The lion ripped the flesh from the dead giraffe.
前彼	マエカレ	この前彼に会ったときは、とても元気だった。	The last time when I saw him, he was quite well.
病状	ビョウジョウ	患者の病状は日ごとに変化する。	The patient's condition changes from day to day.
後上	ゴカミ	選手達は試合の後上機嫌だった。	The players were in high spirits after the game.
僧	ソウ	その僧は子供達の遊びに仲間入りした。	The priest participated in the children's games.
3000000	サンレイレイマン	利益は３００万ドルになるでしょう。	The profit will amount to three million dollars.
学校長	ガッコウチョウ	学校長はトムを２日間の停学にした。	The school principal suspended Tom for two days.
30000000	サンレイレイレイマン	そのサイトは一日に3,000万回以上のアクセスがあります。	The site gets more than 30 million visits a day.
一応	イチオウ	そのスチュワーデスは、一応フランス語を話すことができる。	The stewardess can speak French after a fashion.
地平	チヘイ	陽は知らぬ間に地平線下に沈んだ。	The sun sank below the horizon before I knew it.
連行	レンコウ	泥棒は警察署に連行された。	The thief was marched off to the police station.
原水爆	ゲンスイバク	条約は原水爆の使用を禁止している。	The treaty bans atomic bombs and hydrogen bombs.
しのぎ	シノギ	二社がしのぎを削っている。	The two companies are competing with each other.
前面	ゼンメン	車の前面ガラスは砕けて粉々になった。	The windshield of the car was smashed to pieces.
大麻	タイマ	空気中には、大麻の強烈な臭いが漂っていた。	There was a strong smell of cannabis in the air.
水飲み	ミズノミ	テニスコートの脇に水飲み場がある。	There's a drinking fountain by the tennis court.
絶える	タエル	この通りは車の流れが絶えない。	There's a constant flow of traffic on this road.
正す	タダス	この文は、文法的には正しそうだよ。	This sentence seems to be grammatically correct.
腰回り	コシマワリ	あのズボンね、腰回りがちょっときつくて。	Those pants are a little tight around the waist.
ウエスト	ウエスト	そのパンツ、ウエストが少しきつ過ぎるの。	Those pants are a little too tight in the waist.
踏み込む	フミコン	トムは自分の問題について踏み込んで話さない。	Tom doesn't really talk about his problems much.
終了時間	シュウリョウジカン	トムは勤務終了時間を超えて働くと、５割アップの時給をもらっていた。	Tom got time and a half when he worked overtime.
村外れ	ムラハズレ	トムは村外れにある家に住んでいる。	Tom lives in a house on the edge of the village.
怪獣	カイジュウ	トムが、ベッドの下に怪獣がいるって言ってたよ。	Tom said that there was a monster under his bed.
手裏剣	シュリケン	トムは手裏剣の折り方を教えてくれた。	Tom taught me how to make an origami ninja star.
年季	ネンキ	トムは穴のあいた、年季が入ったTシャツを着ていた。	Tom was wearing an old T-shirt with holes in it.
考え出す	カンガエダソウ	トムは何か役に立つようなことを考え出そうとしてみた。	Tom tried to think of something that would help.
表紙	ヒョウシ	トムはノートの表紙に名前を書きました。	Tom wrote his name on the cover of his notebook.
飛び移る	トビウツッ	トムは、リスが木から木へと飛び移っていくのを眺めていた。	Tom watched the squirrel jump from tree to tree.
疎通	ソツウ	今でもフランス語で上手く意思の疎通ができないの？	Are you still not able to communicate well in French?
販路	ハンロ	これらの製品の新たなる販路を開拓せねばならない。	We have to find a new market for these products.
開拓	カイタク	これらの製品の新たなる販路を開拓せねばならない。	We have to find a new market for these products.
障壁	ショウヘキ	我々は社会的障壁を取り壊すために、懸命に努力しなければならない。	We must work hard to break down social barriers.
取り壊す	トリコワス	我々は社会的障壁を取り壊すために、懸命に努力しなければならない。	We must work hard to break down social barriers.
町外れ	マチハズレ	私達は、町外れの小さなホテルに泊まった。	We stayed at a small hotel just outside of town.
本土	ホンド	我々は島から本土へフェリーで渡った。	We took a ferry from the island to the mainland.
マーマレード	マーマレード	ジャムとマーマレードってどう違うの？	What's the difference between jam and marmalade?
微塵切り	ミジンギリ	みじん切りとさいの目切りって、何が違うの？	What's the difference between chopped and diced?
朝っぱら	アサッパラ	こんな朝っぱらから、みんなどこ行くんだ？	Where are you all going so early in the morning?
回数	カイスウ	リハの回数増えたから仕事キチキチだよ。	With the extra rehearsals, work is really tight.
きちきち	キチキチ	リハの回数増えたから仕事キチキチだよ。	With the extra rehearsals, work is really tight.
リハ	リハ	リハの回数増えたから仕事キチキチだよ。	With the extra rehearsals, work is really tight.
刺々しい	トゲトゲシイ	そんなトゲトゲしい言い方しなくたっていいだろう。	You don't have to use such a harsh tone with me.
つんけん	ツンケン	そんなつんけんした言い方しなくてもいいでしょ。	You don't have to use such a harsh tone with me.
画廊	ガロウ	時間があるなら、彼の画廊に寄ってみたら。	You should drop by his gallery if you have time.
顔負け	カオマケ	君の歌はプロ顔負けだ。	Your singing puts professional singers to shame.
南瓜	カボチャ	「南瓜は、何玉欲しい？」「３玉、お願いします」	"How many pumpkins do you want?" "Three, please."
理髪師	リハツシ	理髪師は人のひげをそり、散髪をする人である。	A barber is a man who shaves and cuts men's hair.
しのぶ	シノン	故人をしのんで、記念碑が建てられた。	A monument was erected in memory of the deceased.
故人	コジン	故人をしのんで、記念碑が建てられた。	A monument was erected in memory of the deceased.
366	サンロクムイ	うるう年は366日です。	A leap year has three hundred and sixty-six days.
平らげる	タイラゲル	本気であれを全部たいらげるつもりですか？	Are you seriously thinking about eating all that?
白兎	シロウサギ	雪の中で、その白兎の姿は見えなかった。	Against the snow, the white rabbit was invisible.
有り様	アリサマ	家も庭も悲惨なありさまだ。	Both the house and the garden are in a bad state.
人相	ニンソウ	その泥棒の人相とか服装を簡単に話してくれますか。	Can you give me a brief description of the thief?
温和	オンワ	一般的に言えば、日本の気候は温和だ。	Generally speaking, the climate of Japan is mild.
主導権	シュドウケン	彼はその政党の主導権をにぎった。	He assumed the leadership of the political party.
打撲	ダボク	けんかの後、彼は体中に打撲を負っていた。	He had bruises all over his body after the fight.
ディナーパーティー	ディナーパーティー	彼はディナーパーティーについて詳細な説明をした。	He gave a minute description of the dinner party.
シマシマ	シマシマ	僕のシマシマのセーター見なかった？	Have you seen my striped sweater around anywhere?
一攫千金	イッカクセンキン	彼は一攫千金の夢を抱いて上京した。	He came to Tokyo with the dream of becoming rich.
明晩	ミョウバン	彼は部下達に明晩攻撃すると告げた。	He told his men they would attack the next night.
下達	カタツ	彼は部下達に明晩攻撃すると告げた。	He told his men they would attack the next night.
亡	ボウ	新聞紙を広げて亡子に覆いかぶせた。	He opened a newspaper and covered the dead child.
覆い被せる	オオイカブセ	新聞紙を広げて亡子に覆いかぶせた。	He opened a newspaper and covered the dead child.
実演	ジツエン	生徒たちは教師が実演した科学実験を観察した。	The students observed as the teacher demonstrated the science experiment.
暗算	アンザン	彼は暗算が出来るほど頭が良くない。	He's not smart enough to add numbers in his head.
画	ガ	「道」という漢字の総画数は何画ですか。	How many strokes does the kanji for "michi" have?
総画	ソウカク	「道」という漢字の総画数は何画ですか。	How many strokes does the kanji for "michi" have?
西洋山葵	セイヨウワサビ	西洋わさびをローストビーフ・サンドイッチにつけると、美味しいんだよ。	Horseradish tastes good on roast beef sandwiches.
薄れる	ウスレル	数学への興味は薄れていった。	I became less and less interested in mathematics.
手掴み	テヅカミ	昨日大きな魚を手づかみで獲りました。	I caught a big fish yesterday with my bare hands.
外国人労働者	ガイコクジンロウドウシャ	外国人労働者に偏見は持っていません。	I don't have a prejudice against foreign workers.
紫色	ムラサキイロ	紫色のセーターより灰色のセーターの方が好きです。	I like the gray sweater more than the purple one.
焼け食い	ヤケグイ	ストレスでやけ食いをされる方も多いと思います。	I think there are many who binge eat from stress.
堪忍袋	カンニンブクロ	私は冷静でいようとしたが、とうとう堪忍袋の緒が切れた。	I tried to be calm, but finally I lost my temper.
緒	イトグチ	私は冷静でいようとしたが、とうとう堪忍袋の緒が切れた。	I tried to be calm, but finally I lost my temper.
犬好き	イヌズキ	この子犬達、誰か犬好きな人にあげるよ。	I'll give these puppies to anyone who likes dogs.
仕入れ	シイレ	お腹が空いたから、私は何か食べるものを仕入れに行くよ。	I'm hungry, so I'm going to get something to eat.
あめ	アメ	いい子にしていたら、あめをあげよう。	If you behave yourself, I'll give you some candy.
1962	イチキュウロクニ	1962年にアルジェリアはフランスから独立した。	In 1962, Algeria gained independence from France.
アルジェリア	アルジェリア	1962年にアルジェリアはフランスから独立した。	In 1962, Algeria gained independence from France.
フリーマーケット	フリーマーケット	フリーマーケットをやっている場所がありますか。	Is there anywhere I can go to find a flea market?
過言	カゴン	彼は天才だと言っても過言ではない。	It is no exaggeration to say that he is a genius.
小額	ショウガク	小額の年金で生活するのは彼には困難であった。	It was hard for him to live on his small pension.
小皿	コザラ	食事制限をしてるんなら、小皿を使うといいよ。	It's good to use small plates if you are dieting.
プロペラ	プロペラ	ジェット機はプロペラ機よりもずっと速い。	Jet planes fly much faster than propeller planes.
矍鑠	カクシャク	祖母は82歳でなお矍鑠としています。	My grandmother is still vigorous at 82 years old.
82	ハチニ	祖母は82歳でなお矍鑠としています。	My grandmother is still vigorous at 82 years old.
95	キュウゴ	祖母は９５歳まで生きました。	My grandmother lived to be ninety-five years old.
太陽系	タイヨウケイ	海王星は太陽系の8番目の惑星だ。	Neptune is the eighth planet of the solar system.
ポーク	ポーク	ポーク大統領は老齢で、疲れ切っており、さらには健康を害していた。	President Polk was old, tired and in poor health.
害する	ガイスル	ポーク大統領は老齢で、疲れ切っており、さらには健康を害していた。	President Polk was old, tired and in poor health.
シスター	シスター	シスター、この患者から目を離さないでください。	Sister, don't let this patient out of your sight.
情報通	ジョウホウツウ	彼女は情報通だから何か知っているかもしれない。	She's well-informed, so she might know something.
直射日光	チョクシャニッコウ	直射日光から目を守った方がいい。	You should protect your eyes from direct sunlight.
早とちり	ハヤトチリ	すみません。また早とちりをしてしまいました。	Sorry, I've gone and jumped to conclusions again.
物件	ブッケン	あそこのビルは、当社の所有物件です。	That building over there is owned by our company.
覆す	クツガエス	最高裁は前回の判決を覆した。	The Supreme Court overturned a previous decision.
最高裁	サイコウサイ	最高裁は前回の判決を覆した。	The Supreme Court overturned a previous decision.
愛用	アイヨウ	長年愛用していた自転車を盗まれました。	The bicycle I had used for many years was stolen.
押し寄せる	オシヨセ	洪水は窓の高さまで押し寄せた。	The flood water reached the level of the windows.
漏れ	モレ	爆発はガス漏れが原因だったのかもしれない。	The explosion may have been caused by a gas leak.
吊り下げる	ツリサゲ	ランプが木の枝から吊り下げられた。	The lamp was suspended from the branch of a tree.
ハイジャック	ハイジャック	ハイジャック犯たちは中東諸国の出身だった。	The hijackers were from Middle Eastern countries.
救助隊	キュウジョタイ	迷子の少年は救助隊が来るまで何とか頑張りました。	The lost boy held out until the rescue team came.
局面	キョクメン	交渉は大事な局面を迎えた。	The negotiation has entered upon a serious phase.
小道	コミチ	その小道はもう雪で真っ白です。	The path is already completely covered with snow.
請う	コウ	姫は帝に赦しを乞うた。	The princess begged forgiveness from the emperor.
帝	ミカド	姫は帝に赦しを乞うた。	The princess begged forgiveness from the emperor.
寛恕	カンジョ	姫君は皇帝に寛恕を請いました。	The princess begged forgiveness from the emperor.
皇帝	コウテイ	姫君は皇帝に寛恕を請いました。	The princess begged forgiveness from the emperor.
合衆国	ガッシュウコク	カナダは合衆国の北にある。	Canada is to the north of the United States.
160	イチロクレイ	１滴の毒は１６０人を殺すのに十分である。	One drop of the poison is enough to kill 160 people.
海驢	アシカ	アシカは大きなボールの上でうまくバランスを取った。	The seal kept its balance well on the large ball.
スポークスマン	スポークスマン	スポークスマンはそのレポートが本当であると正式に発表した。	The spokesman confirmed that the report was true.
川上	カワカミ	この川の１キロほど川上に橋があります。	There is a bridge about one kilometer up this river.
広報	コウホウ	広報担当官は、その報告が真実であると認めた。	The spokesman confirmed that the report was true.
ふっ	フッ	その金を見ると彼はふっと盗みたくなった。	The sight of the money tempted him into stealing.
対立	タイリツ	その二つの国は、お互いに対立しあっている。	The two countries are antagonistic to each other.
反目	ハンモク	両国は反目しあっている。	The two countries are antagonistic to each other.
組合	クミアイ	組合は１０パーセントの賃上げを迫っている。	The union is pressing for a ten-percent pay hike.
7000000000	ナナレイオク	世界の人口は、最近７０億人を超えた。	The world's population recently passed 7 billion.
数え切れない程	カゾエキレナイホド	空には数え切れないほど星が出ている。	There are more stars in the sky than I can count.
机上	キジョウ	机上では学べないこともある。	There are some things you can't learn from books.
めぼしい	メボシイ	夕べの新聞にはめぼしい記事があまりなかった。	There wasn't much news in last night's newspaper.
著しい	イチジルシイ	両者の間には著しい違いがある。	There are noticeable differences between the two.
じめじめ	ジメジメ	彼らは夏のじめじめした気候に慣れている。	They are used to the humid climate of the summer.
談笑	ダンショウ	彼らはコーヒーを飲みながら２時間以上も談笑した。	They chatted over coffee for more than two hours.
学習者	ガクシュウシャ	この文は、語学学習者には役に立たないよ。	This sentence isn't useful for language learners.
掻い摘む	カイツマン	かいつまんで話せば、すべてがうまく行った。	To make a long story short, everything went fine.
由	ヨシ	まさかこんなことが起きようとは、トムには知る由もなかった。	Tom had no way of knowing that this would happen.
ふる	フラ	トムは彼女にふられて落ち込んでいる。	Tom is depressed because his girlfriend left him.
打ちまける	ブチマケ	言いたいことぶちまけたら、清々したよ。	I felt quite relieved after I had said all I wanted to say.
ブーメラン	ブーメラン	トムはブーメランを投げたが、戻ってはこなかった。	Tom threw the boomerang, but it didn't come back.
シンガー	シンガー	トムは若い頃、かなり優れたシンガーだったんだ。	Tom was a pretty good singer when he was younger.
居残る	イノコリ	トムは授業中おしゃべりをしていたので居残りさせられた。	Tom was given detention for talking during class.
論外	ロンガイ	トムの提案は全くもって論外だよ。	Tom's proposal is completely out of the question.
歌い踊る	ウタイオドリ	パーティでは大いに歌い踊りました。	We did a lot of singing and dancing at the party.
土着	ドチャク	我々はその山脈で土着のガイドを雇った。	We had native guides on our trip to the mountain.
児童書	ジドウショ	図書館にはたくさんの児童書がある。	We have a lot of children's books in the library.
幾何	キカ	明日幾何の試験があります。	We're having an examination in geometry tomorrow.
土産話	ミヤゲバナシ	旅のお土産話を楽しみにしてますね。	We're looking forward to hearing about your trip.
明く	アカ	私たち二人だけじゃぁ、埒が明かないね。	We'll never get anywhere with just the two of us.
埓	ラチ	私たち二人だけじゃぁ、埒が明かないね。	We'll never get anywhere with just the two of us.
道程	ミチノリ	重要なのはゴールではなく、そこに至る道程である。	What's important isn't the goal, but the journey.
一段落	イチダンラク	仕事が一段落したら行くよ。	When I'm finished with what I'm doing, I'll come.
ノンフィクション	ノンフィクション	あなたは創作とノンフィクションのどちらが好きですか。	Which do you like better, fiction or non-fiction?
創作	ソウサク	あなたは創作とノンフィクションのどちらが好きですか。	Which do you like better, fiction or non-fiction?
背景	ハイケイ	写真の背景にいる男は誰ですか？	Who is that man in the background of the picture?
代用品	ダイヨウヒン	バターの代用品としてマーガリンを使います。	You can use margarine as a substitute for butter.
基礎控除	キソコウジョ	５０万円の個人基礎控除がある。	You have a personal tax exemption of 500,000 yen.
500000	ゴレイマン	５０万円の個人基礎控除がある。	You have a personal tax exemption of 500,000 yen.
鶴	ツル	「もう一羽の鶴さえも折ることができない」と心の中でつぶやいた。	"I can't fold another crane," she said to herself.
ぶら下がる	ブラサガル	「わたしは、ぶら下がるには、年をとりすぎています」と男の子はいいました。	"I am too old to swing on branches," said the boy.
宝石類	ホウセキルイ	泥棒が入って、私の宝石類をみんな持っていってしまった。	A thief broke in and made off with all my jewelry.
白昼	ハクチュウ	３人組が白昼その銀行を襲った。	A gang of three robbed the bank in broad daylight.
人組	ニングミ	３人組が白昼その銀行を襲った。	A gang of three robbed the bank in broad daylight.
調和	チョウワ	緑の絨毯ではこの青いカーテンと調和しないだろう。	A green carpet will not go with this blue curtain.
発射	ハッシャ	ライフルの発射音が早朝の静けさを破った。	A rifle shot broke the peace of the early morning.
良識	リョウシキ	自分自身に疑問を持つことは良識の第一歩だ。	To have doubts about oneself is the first sign of intelligence.
アブラハム	アブラハム	アブラハム・リンカーンの父の職業は大工だった。	Abraham Lincoln's father was a carpenter by trade.
松葉	マツバ	松葉づえの若い女性はトムに住んでいるところを聞いた。	A young girl on crutches asked Tom where he lived.
家宝	カホウ	我が家の家宝は、火事で全て焼けてしまいました。	All our family heirlooms were destroyed in a fire.
風呂上がり	フロアガリ	トムは、お風呂上がりに夕食を食べました。	As soon as Tom got out of the bath, he ate dinner.
本件	ホンケン	本件についての率直なご意見をお聞かせください。	Could you share your honest opinion on this issue?
飲食	インショク	図書館内は飲食禁止です。	Eating and drinking are prohibited in the library.
出稼ぎ	デカセギ	冬になる度に、父は東京に出稼ぎに行っていた。	Every winter, my father would go to Tokyo to work.
言論	ゲンロン	言論の自由が制限されている国もある。	Freedom of speech is restricted in some countries.
駆け付ける	カケツケル	５台の消防車が火事の現場に駆けつけた。	Five fire engines rushed to the scene of the fire.
又聞き	マタギキ	彼は情報をすべて又聞きで得た。	He got all his information from secondary sources.
アメリカ大統領	アメリカダイトウリョウ	彼はアメリカ大統領候補者の一人である。	He is one of the American presidential candidates.
候補者	コウホシャ	彼はアメリカ大統領候補者の一人である。	He is one of the American presidential candidates.
メダル	メダル	日本の選手はメダルをいくつ獲得しましたか？	How many medals did the Japanese athletes collect?
思い直す	オモイナオス	私は外出するのを思い直し、自宅にいた。	I changed my mind about going out and stayed home.
インフル	インフル	今日は、インフルで学校に行けないんだ。	I can't go to school today because I have the flu.
変換	ヘンカン	頭で華氏から摂氏に変換した。	I converted from Fahrenheit to Celsius in my head.
マメ	マメ	テニスの練習で手にマメができたんだ。	I got a blister on my hand from practicing tennis.
年貢	ネング	ついに年貢の納め時が来たか。	I guess the time of reckoning has arrived at last.
グレート	グレート	『グレート・ギャツビー』は高校の頃に読みました。	I read The Great Gatsby when I was in high school.
ギャツビー	ギャツビー	『グレート・ギャツビー』は高校の頃に読みました。	I read The Great Gatsby when I was in high school.
スキューバ	スキューバ	昨日、スキューバしてた時に、馬鹿でかい蛸を見たよ。	I saw a huge octopus while scuba diving yesterday.
ノイローゼ	ノイローゼ	ノイローゼになるかと思ったわ。	I thought I was going to have a nervous breakdown.
付け込む	ツケコム	人の弱みに付け込むことはやめろよな。	I want you to stop preying on people's weaknesses.
弱み	ヨワミ	人の弱みに付け込むことはやめろよな。	I want you to stop preying on people's weaknesses.
思い止まる	オモイトドマル	トムに電話しようとしたが、思いとどまった。	I was going to call Tom, but thought better of it.
出版社	シュッパンシャ	著者と出版社の名前を記載します。	I will include the author's and publisher's names.
オープンカー	オープンカー	オープンカーでアメリカを横断したい。	I'd like to drive across the USA in a convertible.
コンバーティブル	コンバーチブル	コンバーチブルでアメリカを横断したい。	I'd like to drive across the USA in a convertible.
不通	フツウ	４年以上も音信不通だったんだよ。	I haven't heard a word from them in over four years.
音信	オンシン	４年以上も音信不通だったんだよ。	I haven't heard a word from them in over four years.
碌な	ロクナ	麻薬に手を出すとろくなことはない。	If you mess with drugs, you're asking for trouble.
不審物	フシンブツ	不審物を見かけたら、ご連絡ください。	If you see anything suspicious, please contact us.
国家間	コッカカン	国家間の紛争は平和的に解決されなければならない。	International disputes must be settled peacefully.
反面	ハンメン	それは値段は安いが、その反面品質がよくない。	It is cheap, but on the other hand it is not good.
逆効果	ギャクコウカ	そんなことをしたら逆効果になる。	It would be counter-productive to do such a thing.
鍼	ハリ	多くの人が鍼治療によって病気が治ると信じている。	Many people believe acupuncture can cure diseases.
後部	コウブ	列車の後部３両はひどい損傷を受けた。	The last three coaches of the train were badly damaged.
六甲山	ロッコウサン	富士山は六甲山のおよそ四倍の高さです。	Mt. Fuji is about four times as high as Mt. Rokko.
心身	シンシン	適度な運動をすれば、心身共に爽やかになれますよ。	Moderate exercise will refresh both mind and body.
軌道	キドウ	私の事業もようやく軌道に乗りました。	My business has at last gotten on the right track.
食事会	ショクジカイ	主人とは、お食事会で親しくなりました。	My husband and I became friends at a dinner party.
侍	サムライ	現代の日本に忍者や侍はいません。	Nowadays there are no ninjas or samurais in Japan.
フルシチョフ	フルシチョフ	ニキータ・フルシチョフは、権力の絶頂にあった。	Nikita Khrushchev was at the height of his powers.
ニキータ	ニキータ	ニキータ・フルシチョフは、権力の絶頂にあった。	Nikita Khrushchev was at the height of his powers.
末日	マツジツ	レポートは今月の末日までに提出してください。	Please hand in the report by the end of the month.
ラディッシュ	ラディッシュ	人参よりラディッシュの方が高いかもね。	Radishes might be more expensive than the carrots.
今月末	コンゲツマツ	今月末で会社をやめることにした。	I've decided to quit my job at the end of this month.
退室	タイシツ	退室の際は消灯してください。	Please turn off the light before leaving the room.
憤り	イキドオリ	彼女は自分が受けた仕打ちに憤りを感じた。	She was indignant at the way she had been treated.
仕打ち	シウチ	彼女は自分が受けた仕打ちに憤りを感じた。	She was indignant at the way she had been treated.
咽ぶ	ムセン	涙にむせんで何も言えなかった。	She was choked with tears and was unable to speak.
1946	イチキュウヨンロク	彼女は１９４６年８月１９日にカルフォルニアで生まれた。	She was born in 1946, on August 19, in California.
梗塞	コウソク	睡眠不足で、心筋梗塞リスクが上昇。	Sleep deprivation increases risk of heart attacks.
心筋	シンキン	睡眠不足で、心筋梗塞リスクが上昇。	Sleep deprivation increases risk of heart attacks.
核心	カクシン	回りくどい言い方はやめて核心を言ってくれよ。	Stop beating around the bush and get to the point.
1999	イチキュウキュウキュウ	１９９９年４月１日より地下鉄運賃が値上げになります。	Subway fares will be raised as of April 1st, 1999.
基本ルール	キホンルール	基本ルールを学んでしまえば、そのゲームは簡単です。	That game is easy, once you learn the basic rules.
死傷者	シショウシャ	その事故では10名の死傷者が出た。	Ten people were killed or injured in the accident.
エッフェル	エッフェル	向こうに見えるのがエッフェル塔です。	That tower you see over there is the Eiffel Tower.
給与	キュウヨ	その仕事はあまり面白くなかったが、その一方で給与はよかった。	That job wasn't very interesting. However, the pay was good.
音節	オンセツ	この単語のアクセントは、２番目の音節にあります。	The accent of this word is on the second syllable.
上野	ウエノ	上野の桜は今が見ごろだ。	The cherry blossoms at Ueno are at their best now.
選別	センベツ	卵は大きさと重さによって選別された。	The eggs were graded according to weight and size.
緊迫	キンパク	第３世界の貧困問題は緊迫している。	The issue of Third World poverty is very pressing.
年々	ネンネン	学生の数は年々減少している。	The number of students is decreasing year by year.
解剖	カイボウ	死体解剖の結果、絞殺と判明しました。	The postmortem showed that she had been strangled.
反乱軍	ハンラングン	反乱軍は放送局を占拠した。	The rebels have captured the broadcasting station.
テムズ	テムズ	ロンドン市内を流れている川はテムズ川である。	The river that flows through London is the Thames.
発砲	ハッポウ	発砲音を聞いて、警察がすぐにやって来た。	The police came as soon as they heard the gunfire.
夕空	ユウゾラ	夕空に映えて塔が美しく見える。	The tower looks beautiful against the evening sky.
映える	ハエル	夕空に映えて塔が美しく見える。	The tower looks beautiful against the evening sky.
建立	コンリュウ	その結婚式は17世紀建立の教会で執り行われます。	The wedding will be held in a 17th century church.
超過勤務手当	チョウカキンムテアテ	労働者側の要求は超過勤務手当のことが中心となった。	The workers' demands centered around overtime pay.
小人	コビト	５歳未満の小人は、入場料は要りません。	There is no admission fee for children under five.
山裾	ヤマスソ	山裾に古城があります。	There's an old castle at the foot of the mountain.
寄坐	ヨリマシ	古い自転車だがないよりましだ。	This bicycle is old, but it's better than nothing.
頼み事	タノミゴト	頼み事はこれで最後だよ。	This is the last time I'll ask you to do anything.
販売機	ハンバイキ	この販売機は百円硬貨しか使えない。	This vending machine takes only hundred-yen coins.
本性	ホンショウ	時代は変わるだろうが、人間の本性は変わらないものだ。	Times may change, but human nature stays the same.
右隣り	ミギドナリ	その事務所の右隣が東京ビルです。	To the right of that office is the Tokyo Building.
オート	オート	トムはうっかり事務所のオートロックに締め出しを食らってしまった。	Tom accidentally locked himself out of his office.
スカイプ	スカイプ	トムとメアリーはよくスカイプする。	Tom and Mary often talk to each other using Skype.
焼き肉	ヤキニク	トムとメアリーは、韓国の焼肉屋に行きました。	Tom and Mary went to a Korean barbecue restaurant.
任す	マカス	トムは今年のテニストーナメントを任されている。	Tom is in charge of this year's tennis tournament.
オープナー	オープナー	トムはレターオープナーをデスクの引き出しにしまった。	Tom put the letter opener back in the desk drawer.
ギャンブラー	ギャンブラー	メアリーに会う以前、トムはプロのギャンブラーだった。	Tom was a professional gambler before he met Mary.
処罰	ショバツ	トムは本当のこと言わなかったので、処罰されました。	Tom was punished because he didn't tell the truth.
体育の日	タイイクノヒ	私たちは体育の日に好天を期待している。	We are banking on fine weather for the sports day.
好天	コウテン	この好天が続けば豊作になるだろう。	We'll have a good crop if this good weather keeps up.
引き渡す	ヒキワタス	最終的に我々は彼を警察に引き渡すことにした。	We finally decided to give him over to the police.
思い浮かべる	オモイウカベ	オーストラリアといえば何を思い浮かべますか？	What comes to mind when you think about Australia?
ネーティブスピーカー	ネイティブスピーカー	もっとネイティブスピーカーみたいに聞こえるには、どうすればいいの？	What can I do to sound more like a native speaker?
本学	ホンガク	本学を志望する理由は何ですか。	What is the reason you want to enter this college?
練り歩く	ネリアルイ	自分の家を裸で練り歩いて何が悪い！	What's wrong with running around your house naked?
いがらっぽい	イガラッポカッ	今日起きたら喉がいがらっぽかったです。	When I got up today, my throat felt a little sore.
正統	セイトウ	どちらの王子が正統な王位継承者か。	Which prince is the legitimate heir to the throne?
継承者	ケイショウシャ	どちらの王子が正統な王位継承者か。	Which prince is the legitimate heir to the throne?
ギャラリー	ギャラリー	最後に絵画のギャラリーに行ったのはいつですか。	When was the last time you went to an art gallery?
時点	ジテン	今の時点ではすべてを理解する必要はありません。	You don't need to understand everything right now.
筋合い	スジアイ	このことに関してあなたに文句を言われる筋合いはありません。	You have no business complaining about the matter.
つけ	ツケ	君はすぐにかかりつけの医者にみてもらったほうがいい。	You'd better go to see your family doctor at once.
啄木鳥	ケラ	「何の音かしら？」「啄木鳥のようだね」	"What's that sound?" "It sounds like a woodpecker."
オイルタンカー	オイルタンカー	石油を輸送する船は、オイルタンカーと呼ばれています。	A ship that transports oil is called an oil tanker.
飲食物	インショクブツ	とりわけ、飲食物には気をつけなさい。	Above all, be careful about what you eat and drink.
豪邸	ゴウテイ	政府役人の豪邸が略奪された。	A government official's stately mansion was looted.
略奪	リャクダツ	政府役人の豪邸が略奪された。	A government official's stately mansion was looted.
役人	ヤクニン	政府役人の豪邸が略奪された。	A government official's stately mansion was looted.
リハーサル	リハーサル	１０分休憩してからまたリハーサルを続けました。	After a ten-minute break, we resumed our rehearsal.
前身	ゼンシン	彼の前身については何かご存じですか。	Are you aware of anything concerning his past life?
特大	トクダイ	ハワイのビーチは特大の波で有名だ。	Beaches in Hawaii are famous for their large waves.
21	ニイチ	妹は２１で大学生です。	My sister is a twenty-one-year-old college student.
自由席	ジユウセキ	自由席を三枚ください。	Could I have three seats in the unreserved section?
かん	カン	そういえばここ数年ガムかんでないな。	Come to think of it, I haven't chewed gum in years.
フレンチホルン	フレンチホルン	フレンチホルンってフランス語で何ていうか知ってる？	Do you know what they call a French horn in French?
外遊び	ソトアソビ	一般的に、子供は外遊びが好きだと言われている。	Generally speaking, children like to play outdoors.
長老	チョウロウ	彼はもちろん村の最長老だ。	He is unquestionably the oldest man in the village.
肢体	シタイ	彼女はあでやかな肢体で男性の人気を得た。	Her bewitching body made her very popular with men.
書き	カキ	私は招待状の封筒の宛名書きをしました。	I addressed the envelope containing the invitation.
因る	ヨル	ものの見方というのは立場に依るものだ。	How one views something depends on one's situation.
発疹	ホッシン	台所洗剤で手に発疹ができた。	I got a rash on my hands from dishwasher detergent.
体調不良	タイチョウフリョウ	体調不良だったため、招待は断らざるを得なかった。	I had to decline the invitation because I was sick.
追試験	ツイシケン	来週英語の追試験を受けなければならない。	I have to take a make up test in English next week.
ドローン	ドローン	ドローンを買いたいんだけど親が買わせてくれない。	I want to buy a drone, but my parents won't let me.
お手の物	オテノモノ	この手の問題を解くのは、お手の物だよ。	I'm really good at figuring out problems like this.
否定的	ヒテイテキ	最近、否定的なことばかり考えてしまう。	I've been having a lot of negative thoughts lately.
レンタサイクル	レンタサイクル	この辺にレンタサイクルを利用できるところはありますか？	Is there any place around here that rents bicycles?
1989	イチキュウハチキュウ	ベルリンの壁が崩壊したのは１９８９年のことだった。	It was in 1989 that the Berlin Wall was taken down.
指折り	ユビオリ	そこは世界でも指折りの美しい街です。	It's one of the most beautiful cities in the world.
スラング	スラング	外国語のスラングを知るのは楽しい。	It's fun to learn slang words in foreign languages.
有数	ユウスウ	日本は世界有数の経済大国である。	Japan is one of the greatest economic powers in the world.
合コン	ゴウコン	テニス部と合コンしましょう。	Let's have a party with members of the tennis club.
間長	マチョウ	目を閉じて少しの間長椅子に横になってなさい。	Lie on the bench for a while with your eyes closed.
かける	カケレ	教育にもっとお金をかければ、経済成長に拍車がかかるだろう。	More money for education will spur economic growth.
拍車	ハクシャ	教育にもっとお金をかければ、経済成長に拍車がかかるだろう。	More money for education will spur economic growth.
モンブラン	モンブラン	モンブランは一年中雪で覆われている。	Mont Blanc is covered with snow all the year round.
1983	イチキュウハチサン	私の叔父は１９８３年にメキシコに行ったまま、２度と帰ってこなかった。	My uncle went to Mexico in 1983 and never returned.
依怙	エコ	両親は、末っ子をえこひいきするかもしれない。	Parents may favor the youngest child in the family.
利用者	リヨウシャ	お困りの点がありましたら、利用者マニュアルをご参照ください。	Refer to the Users' Guide if you have any problems.
分度器	ブンドキ	明日の算数の授業には、分度器を持ってきてください。	Please bring a protractor to tomorrow's math class.
書き留める	カキトメル	彼女はいつも先生の言う事を一言一句書き留める。	She always writes down every word her teacher says.
一句	イック	彼女はいつも先生の言う事を一言一句書き留める。	She always writes down every word her teacher says.
アイデンティティー	アイデンティティ	仕事によってアイデンティティを感じることができたと、彼女は言っていた。	She said that her job gave her a sense of identity.
大敵	タイテキ	夜更かしはお肌の大敵だよ。	Staying up late at night is very bad for your skin.
ソビエト	ソビエト	冷戦はソビエトの崩壊と共に終わった。	The Cold War ended when the Soviet Union collapsed.
無政府状態	ムセイフジョウタイ	その国は当時無政府状態だった。	The country was in a state of anarchy at that time.
米国大統領	ベイコクダイトウリョウ	米国大統領は今来日中です。	The President of the United States is now in Japan.
来日	ライニチ	米国大統領は今来日中です。	The President of the United States is now in Japan.
技術者	ギジュツシャ	その委員会は科学者と技術者からなる。	The committee consists of scientists and engineers.
支流	シリュウ	アマゾン川には多くの支流がある。	The Amazon is fed by a large number of tributaries.
ダイニング	ダイニング	その家にはダイニング、寝室そして書斎があります。	The house has a dining room, a bedroom and a study.
赤道	セキドウ	赤道は地球を２つの半球に分ける。	The equator divides the earth into two hemispheres.
分ける	ワケル	赤道は地球を２つの半球に分ける。	The equator divides the earth into two hemispheres.
半球	ハンキュウ	赤道は地球を２つの半球に分ける。	The equator divides the earth into two hemispheres.
撤去	テッキョ	ポスターは即刻壁から撤去された。	The posters were immediately removed from the wall.
ラバ	ラバ	老人はラバに砂のいっぱい入った袋をのせた。	The old man loaded his mule with bags full of sand.
用務員	ヨウムイン	学校の用務員は夕方に体育館を掃除する。	The school custodian cleans the gym in the evening.
にょろり	ニョロリ	そのつるつるした蛇は、彼の手からにょろりと抜け出した。	The slippery snake slithered right out of his hand.
統合	トウゴウ	２つの国は１つの政府に統合された。	The two countries were united under one government.
並木	ナミキ	桜並木があるわ。	There are cherry trees on both sides of the street.
両側	リョウガワ	道の両側に桜がある。	There are cherry trees on both sides of the street.
並木道	ナミキミチ	桜の並木道があるわよ。	There are cherry trees on both sides of the street.
獰猛	ネイモウ	彼らの飼い犬はとても獰猛なので、誰も近づけなかった。	Their dog was so fierce that he kept everyone away.
遠景	エンケイ	その絵の遠景には城がある。	There is a castle in the background of the picture.
分け	ワケ	彼らは財産分けのことでもめている。	They are arguing about their share of the property.
SUV	エスユーブイ	トムの家の前に黒のSUVが停まっている。	There's a black SUV parked in front of Tom's house.
病み上がり	ヤミアガリ	彼は病み上がりで弱っているそうだ。	They said he was still weak from a recent sickness.
弱る	ヨワル	彼は病み上がりで弱っているそうだ。	They said he was still weak from a recent sickness.
犠牲者	ギセイシャ	この病気で数千の犠牲者が出た。	Thousands of people became victims of this disease.
数千	スウセン	この病気で数千の犠牲者が出た。	Thousands of people became victims of this disease.
拭き取る	フキトッ	トムは念入りにナイフから指紋を拭き取った。	Tom carefully wiped his fingerprints off the knife.
プ	プ	トムはプログラミングのプの字も知らない。	Tom doesn't know the first thing about programming.
ミックス	ミックス	トムはケーキミックスを使ってないんだ。一から作ったんだよ。	Tom didn't use a cake mix. He made it from scratch.
字幕	ジマク	トムは、邦画をフランス語の字幕付きで観たんだよ。	Tom watched a Japanese movie with French subtitles.
邦画	ホウガ	トムは、邦画をフランス語の字幕付きで観たんだよ。	Tom watched a Japanese movie with French subtitles.
派遣	ハケン	政府が自衛隊に沖縄への災害派遣を要請した。	The government asked the SDF for a disaster relief deployment to Okinawa.
器官	キカン	私たちは内臓器官を調べるためにカエルを解剖した。	We dissected a frog to examine its internal organs.
決算	ケッサン	決算報告を申し上げます。	We will now report on this year's business results.
ぼったくり	ボッタクリ	まー！このＴシャツ、3000円？！ぼったくりだわ。	What! This T-shirt is 3,000 yen? This is a rip-off!
はあ	ハア	はあ？ このTシャツで3000円とかぼったくりだろ。	What! This T-shirt is 3,000 yen? This is a rip-off!
かいなか	カイナカ	彼が成功するかいなかは、彼の健康次第です。	Whether he'll succeed or not depends on his health.
真っ最中	マッサイチュウ	家に帰ると、お父さんとお母さんが喧嘩の真っ最中でした。	When I got home, my mother and father were arguing.
バニヤン	バンヤン	ポール・バンヤンの生涯についてお聞きになりたいですか？	Would you like to hear the story about Paul Bunyan?
ポール	ポール	ポール・バンヤンの生涯についてお聞きになりたいですか？	Would you like to hear the story about Paul Bunyan?
寛容	カンヨウ	子供に対するときは寛容さを失ってはいけません。	You shouldn't lose patience when dealing with kids.
霙	ミゾレ	みぞれが降ってきたよ。	A mixture of snow and rain was falling from the sky.
百科事典	ヒャッカジテン	その百科事典の改訂版が出版された。	A revised edition of the encyclopedia was published.
WTO	ダブリューティーオー	アルメニアは2003年にWTOに加盟した。	Armenia joined the World Trade Organization in 2003.
加盟	カメイ	アルメニアは2003年にWTOに加盟した。	Armenia joined the World Trade Organization in 2003.
アルメニア	アルメニア	アルメニアは2003年にWTOに加盟した。	Armenia joined the World Trade Organization in 2003.
鶏口	ケイコウ	鶏口となるも牛後となるなかれ。	Better be the head of a cat than the tail of a lion.
牛後	ギュウゴ	鶏口となるも牛後となるなかれ。	Better be the head of a cat than the tail of a lion.
生き作り	イキヅクリ	今釣ってきた魚を、活き造りにしてもらえますか。	Can you make sashimi out of this fish I just caught?
電動	デンドウ	電動車椅子って免許要るの？	Do you need a license to use an electric wheelchair?
空き腹	スキッパラ	空きっ腹にお酒を飲むのは体に良くない。	Drinking on an empty stomach is bad for your health.
細部	サイブ	細部に至るまで全てが完璧だった。	Everything was perfect, down to the smallest detail.
投資家	トウシカ	投資家グループは、LBOを企てています。	An investors' group is attempting a leveraged buy-out of the firm.
散乱	サンラン	鏡の破片が床に散乱していた。	Fragments of the mirror were scattered on the floor.
迫り上がる	セリアガッ	歯を食い縛る、喉元までせりあがった感情を強引に飲み込む。	He grits his teeth and forces back his growing fear.
強引	ゴウイン	歯を食い縛る、喉元までせりあがった感情を強引に飲み込む。	He grits his teeth and forces back his growing fear.
食い縛る	クイシバル	歯を食い縛る、喉元までせりあがった感情を強引に飲み込む。	He grits his teeth and forces back his growing fear.
鴨	カモ	彼はお人よしのカモから大金を巻き上げました。	He made heaps of money by ripping off naive suckers.
東北	トウホク	彼はこの夏、東北地方を旅行した。	He traveled through the Tohoku district this summer.
日付変更線	ヒヅケヘンコウセン	今、日付変更線越えたって。	He said we just crossed the International Date Line.
テキストブック	テキストブック	手伝ってもらった代わりに彼にテキストブックを３冊あげた。	I gave him three textbooks in exchange for his help.
年末年始	ネンマツネンシ	今年の年末年始は、家でのんびり過ごすわ。	I'm going to spend the New Year's holiday this year relaxing at home.
決する	ケッスル	私が生きている限り、君の親切を決して忘れないつもりです。	I will never forget your kindness as long as I live.
スピードアップ	スピードアップ	この作業、もうちょっとスピードアップできないかなあ。	I wonder if we can speed up this process a bit more.
年内	ネンナイ	年内には運転免許を取ります。	I'll get my driver's license by the end of the year.
送り	オクリ	荷物を送りに郵便局へ行ってきたとこだよ。	I've just been to the post office to send a package.
ラボ	ラボ	この山を登ればラボに着きます。	If you climb up this mountain, you'll reach the lab.
タッチダウン	タッチダウン	アメフトでタッチダウンは６点になる。	In American football, a touchdown scores six points.
長期	チョウキ	お肉を長期保存したいんだったら、冷凍しなよ。	If you want to keep meat for a long time, freeze it.
うねり	ウネリ	濃霧に加えてうねりも高かった。	In addition to a thick fog, there was a heavy swell.
イン	イン	打球がインかアウトかを判定するのは難しいことが多い。	It is often difficult to see if a ball is in or out.
打球	ダキュウ	打球がインかアウトかを判定するのは難しいことが多い。	It is often difficult to see if a ball is in or out.
礼状	レイジョウ	礼状を書くとは彼も礼儀正しかった。	It was courteous of him to write a letter of thanks.
健全	ケンゼン	健全な関係のようだね。	It sounds like you guys have a healthy relationship.
34	サンヨン	34ページの下から7行目を見てください。	Look at the seventh line from the bottom on page 34.
道徳的	ドウトクテキ	私の父は信仰深くて、とても道徳的な人だった。	My father was religious and he was a very moral man.
150	ヒャクゴジュウ	私たちの先祖は百五十年前この国にたどり着きました。	Our ancestors arrived in this country 150 years ago.
新住所	シンジュウショ	すぐに新住所をお知らせ下さい。	Please be sure to let me know your new address soon.
攻撃的	コウゲキテキ	攻撃的な行動に出やすい人は、危険な人間になり得る。	People who are prone to aggression can be dangerous.
とろ火	トロビ	とろ火で時間をかけて豆を炊いてください。	Please simmer the beans for a while over a low heat.
慰め	ナグサメ	彼女は激しく泣いたが、誰も慰めに来なかった。	She cried and cried, but no one came to comfort her.
旅支度	タビジタク	アメリカへの旅支度に彼女は忙しくしている。	She has been busy preparing for her trip to the USA.
作り付け	ツクリツケ	私の家の壁に本棚が作り付けになっている。	The bookshelves are built into the walls of my room.
メキシコ湾	メキシコワン	ミシシッピ川はメキシコ湾に注いでいる。	The Mississippi River flows into the Gulf of Mexico.
ミシシッピ	ミシシッピ	ミシシッピ川はメキシコ湾に注いでいる。	The Mississippi River flows into the Gulf of Mexico.
財政	ザイセイ	財政状態は週ごとに悪化している。	The financial situation is getting worse week by week.
進路	シンロ	工事が通りへの進路を塞いだ。	The construction blocked the entrance to the street.
進入	シンニュウ	工事が通りへの進入を遮断した。	The construction blocked the entrance to the street.
損害額	ソンガイガク	損害額は１億ドルになるだろう。	The loss will amount to one hundred million dollars.
100000000	イチオク	損害額は１億ドルになるだろう。	The loss will amount to one hundred million dollars.
新法	シンポウ	この新法で、大気汚染の６０％が削減できると期待されている。	The new law is expected to cut air pollution by 60%.
損失額	ソンシツガク	損失額は１億ドルに及ぶだろう。	The loss will amount to one hundred million dollars.
ファーストネーム	ファーストネーム	世界で一番多いファーストネームはモハメッドだ。	The most common first name in the world is Mohammed.
ムハンマド	モハメッド	世界で一番多いファーストネームはモハメッドだ。	The most common first name in the world is Mohammed.
原住民	ゲンジュウミン	原住民たちはその時初めて飛行機を見た。	The natives saw an airplane then for the first time.
抽出	チュウシュツ	被験者は無作為に抽出された。	The people for the experiment were chosen at random.
被験者	ヒケンシャ	被験者は無作為に抽出された。	The people for the experiment were chosen at random.
無作為	ムサクイ	被験者は無作為に抽出された。	The people for the experiment were chosen at random.
ホームストレッチ	ホームストレッチ	ランナーはコーナーを回ってホームストレッチへ入った。	The runners rounded the corner into the homestretch.
コーナー	コーナー	その本なら、図書館の歴史コーナーにあるよ。	You'll find that book in the historical section of the library.
抹香	マッコウ	マッコウクジラは、1,000メートルの深さまで潜ることができる。	The sperm whale can dive to a depth of 1,000 meters.
出勤時間	シュッキンジカン	電車は遅れたけど、それでも出勤時間には間に合ったんだよ。	The train was late, but I still got to work on time.
超特急	チョウトッキュウ	超特急のぞみはひかりより速く走る。	The superexpress Nozomi runs faster than the Hikari.
研修会	ケンシュウカイ	研修会は午後4時開始予定です。	The training session is scheduled to begin at 4 p.m.
6000000000	ロクレイオク	世界には60億人以上の人がいます。	There are more than six billion people in the world.
羊飼い	ヒツジカイ	羊飼いが羊の番をしていた。	There were shepherds keeping watch over their flock.
カリキュラム	カリキュラム	その大学のカリキュラムは非常に優れている。	They have a very good curriculum at that university.
土手	ドテ	川の向こう側の土手にたくさんのごみがある。	There's a lot of trash on the far bank of the river.
マナー	マナー	日本では、電車やバス内での飲食はマナー違反です。	It's bad manners to eat on trains and buses in Japan.
駆	カケル	トムったら、ゴミ収集車を見ようと窓に駆けってったよ。	Tom rushed to the window to watch the garbage truck.
立ち退き	タチノキ	トムは家賃滞納により家主から立ち退きを求められた。	Tom was evicted by his landlord for not paying rent.
家主	ヤヌシ	トムは家賃滞納により家主から立ち退きを求められた。	Tom was evicted by his landlord for not paying rent.
てらっしゃる	テラッシャッ	トムさんは弁護士になる前は、歴史の教師をしてらっしゃったのよ。	Tom was a history teacher before he became a lawyer.
出資	シュッシ	トムはその投資にもっと出資しておけばよかったと思った。	Tom wished he'd put more money into that investment.
xl	xl	ＸＬはご用意していますが、あいにくその色はございません。	We have the extra-large size, but not in that color.
椅	ハシ	小学校の時、よく椅子取りゲームをして遊びました。	We used to play musical chairs in elementary school.
子取り	コトリ	小学校の時、よく椅子取りゲームをして遊びました。	We used to play musical chairs in elementary school.
ピーナッツバター	ピーナツバター	トムが本当に食べたかったのは、ピーナツバターサンドだったんだ。	What Tom really wanted was a peanut butter sandwich.
ぐつぐつ	グツグツ	茹でるのとぐつぐつ煮るのって何が違うの？	What's the difference between boiling and simmering?
モペット	モペット	スクーターとモペットって何が違うの？	What's the difference between a scooter and a moped?
スクーター	スクーター	スクーターとモペットって何が違うの？	What's the difference between a scooter and a moped?
きーん	キーン	暑い時は、キーンと冷えたビールに限るね。	When it's hot, there's nothing like a ice cold beer.
序で	ツイデ	ついでに、私にもコーヒーを淹れてください。	While you're at it, please make me some coffee, too.
巣籠もり	スゴモリ	昨日はめっちゃ寒かったから、巣ごもりしてました。	Yesterday it was so cold that I stayed in the house.
目先	メサキ	目先の利益だけにとらわれてはいけない。	You must not think about your immediate profit only.
水揚げ	ミズアゲ	「今日、花に水あげた？」「自分の部屋のには」	"Did you water the flowers today?" "Only in my room."
陣	ジン	良い経営陣なら正当な要求に耳を貸すものだ。	A good management would listen to reasonable demands.
人体	ジンタイ	人体は無数の細胞からなっている。	A human body consists of a countless number of cells.
細胞	サイボウ	人体は無数の細胞からなっている。	A human body consists of a countless number of cells.
押し並べて	オシナベテ	劇の批評はおしなべて好評だった。	Almost all of the reviews of the play were favorable.
習性	シュウセイ	熊は木の皮で背中を掻く習性がある。	Bears often scratch their backs on the bark of trees.
バロメーター	バロメーター	血圧は健康のバロメーターとして重要である。	Blood pressure is important as a barometer of health.
鶉	ウズラ	ウズラの卵より、ニワトリの卵の方がビタミンAが多く含まれています。	Chicken eggs are richer in vitamin A than quail eggs.
鶏卵	ケイラン	鶏卵は、うずら卵よりビタミンAが豊富です。	Chicken eggs are richer in vitamin A than quail eggs.
鶉卵	ウズラタマゴ	鶏卵は、うずら卵よりビタミンAが豊富です。	Chicken eggs are richer in vitamin A than quail eggs.
健康管理	ケンコウカンリ	市民は市役所で健康管理について議論している。	Citizens are debating about health care at City Hall.
キューブ	キューブ	チーズは細くスライスするか小さくキューブ状にカットします。	Cut the cheese into thin slices or into little cubes.
角切り	カクギリ	チーズは薄くスライスするか小さな角切りにします。	Cut the cheese into thin slices or into little cubes.
来週末	ライシュウマツ	トムは来週末の予定についてあなたに話しましたか。	Did Tom talk to you about his plans for next weekend?
均等	キントウ	ケーキを均等に切り分けるのって、結構難しいんだぞ。	Cutting a cake into equal pieces is rather difficult.
切り分ける	キリワケル	ケーキを均等に切り分けるのって、結構難しいんだぞ。	Cutting a cake into equal pieces is rather difficult.
春巻き	ハルマキ	春巻きってなんで春巻きっていうか知ってる？	Do you know why spring rolls are called spring rolls?
念仏	ネンブツ	彼に忠告したところで、馬の耳に念仏だよ。	Giving advice to him is like talking to a brick wall.
合気道	アイキドウ	彼は７年間、合気道をやっていた。	He had been a practitioner of Aikido for seven years.
引き換え	ヒキカエ	彼はケーキ１切れと引き換えにオレンジ１個を私にくれた。	He gave me an orange in exchange for a piece of cake.
なく	ナケ	彼はジャズについて知らなけばならないことは全部知っている。	He knows everything that there is to know about jazz.
飛び乗る	トビノリ	彼は始発電車に飛び乗り、時間ぎりぎりでそこに到着した。	He caught the first train and got there just in time.
生鮮	セイセン	私はいつも冷凍野菜ではなく生鮮野菜を買います。	I always buy fresh vegetables instead of frozen ones.
平仮名	ヒラガナ	ひらがなは書けますが、カタカナはまだ書けません。	I can write hiragana, but I can't yet write katakana.
片仮名	カタカナ	ひらがなは書けますが、カタカナはまだ書けません。	I can write hiragana, but I can't yet write katakana.
クローク	クローク	私は鞄と傘をクロークに預けた。	I checked my briefcase and umbrella in the cloakroom.
残念賞	ザンネンショウ	僕は勝ちはしなかったけど、少なくとも残念賞は貰ったよ。	I didn't win, but at least I got a consolation prize.
だつ	ダッ	僕は身なりをどう思われようとどうだっていい。	I don't care what people think about the way I dress.
祝い	イワイ	明日は母方の祖父の還暦祝いをする。	My grandfather on my mother's side is celebrating his 60th birthday tomorrow.
見積もる	ミツモッ	製造費は予算の３６パーセントと見積もっている。	I estimate the production costs to be 36 percent of the budget.
バーゲンセール	バーゲンセール	バーゲンセールを利用してセーターを３枚買った。	I took advantage of a sale and bought three sweaters.
幸	ミユキ	幸か不幸かよく分からないけどね。	I'm not sure if that was a good thing or a bad thing.
サポートセンター	サポートセンター	もうサポートセンターにメールを送りました。	I've already sent an email to the support department.
ジージャン	ジージャン	このジージャンはもう１５年着ている。	I've been wearing this denim jacket for 15 years now.
ジャン	ジャン	このＧジャンはもう１５年着ている。	I've been wearing this denim jacket for 15 years now.
チョプスイ	チョプスイ	ボストンで、とあるチョプスイ屋へ入って夕飯を食った。	In Boston, I went to a chop suey shop and had dinner.
とある	トアル	ボストンで、とあるチョプスイ屋へ入って夕飯を食った。	In Boston, I went to a chop suey shop and had dinner.
送迎	ソウゲイ	空港からホテルまでの送迎バスはありますか。	Is there a shuttle bus between the hotel and airport?
双方	ソウホウ	双方の言い分を聞かないと真相は分からない。	You cannot learn the truth unless you hear what both parties have to say.
ちくる	チクッ	お前、俺がカンニングしたの先生にちくっただろ。	It was you who told the teacher I cheated, wasn't it?
ハリケーン	ハリケーン	ハリケーンの種類は風速によって決まります。	The category of a hurricane depends on its wind speed.
持ち堪える	モチコタエル	我が家がハリケーンに持ちこたえるなんて奇跡だよ。	It's a miracle that our house survived the hurricane.
元手	モトデ	既に元手があると金儲けがより容易になる。	It's easier to make money when you already have some.
名文	メイブン	誰もが名文を書けるわけではない。	It's not as if just anybody can write a literary gem.
済み	スミ	新聞お済みでしたら私に読ませてください。	Let me read the newspaper if you've finished with it.
自党	ジトウ	多くの共和党員が自党の候補者には投票しなかった。	Many Republicans didn't vote for their own candidate.
党員	トウイン	多くの共和党員が自党の候補者には投票しなかった。	Many Republicans didn't vote for their own candidate.
共和	キョウワ	多くの共和党員が自党の候補者には投票しなかった。	Many Republicans didn't vote for their own candidate.
出し	ダシ	メアリーはトムにラブレターを書いたものの、出しはしなかった。	Mary wrote Tom a love letter, but she didn't send it.
チリ	チリ	鉱業はチリの主要な収入源の一つである。	Mining is one of the main sources of wealth in Chile.
鉱業	コウギョウ	鉱業はチリの主要な収入源の一つである。	Mining is one of the main sources of wealth in Chile.
矢先	ヤサキ	父が出かけようとした矢先に電話が鳴った。	My father was about to leave when the telephone rang.
縁談	エンダン	やっと、姉の縁談がまとまりました。	My older sister's marriage has finally been arranged.
弥	イヤ	仕事をしている人なんて、一人もいやしない。みんな、ワールドカップを見てるよ。	No one is working. Everyone's watching the World Cup.
反芻	ハンスウ	改めて反芻してると、何だか恥ずかしいぞ。	Now that I think over it, it's somewhat embarrassing.
進行状況	シンコウジョウキョウ	進行状況は毎日確認され、データベースに記録されます。	Progress is monitored daily and stored in a database.
データベース	データベース	進行状況は毎日確認され、データベースに記録されます。	Progress is monitored daily and stored in a database.
アンケート	アンケート	こちらのアンケート用紙に必要事項をご記入いただき、当方までお送りください。	Please fill out this questionnaire and send it to us.
当方	トウホウ	こちらのアンケート用紙に必要事項をご記入いただき、当方までお送りください。	Please fill out this questionnaire and send it to us.
美容師	ビヨウシ	彼女はいつも有名な美容師に髪型をセットしてもらっている。	She always has her hair done by a famous hairdresser.
学歴	ガクレキ	彼女はいつも自分の学歴を自慢している。	She always prides herself on her academic background.
刺繍	シシュウ	彼女は白いハンカチに自分のイニシャルを刺繍した。	She embroidered her initials on a white handkerchief.
イニシャル	イニシャル	彼女は白いハンカチに自分のイニシャルを刺繍した。	She embroidered her initials on a white handkerchief.
観察力	カンサツリョク	彼女は観察力が鋭いので、写真家として優れている。	She's a good photographer because she's so observant.
対策	タイサク	これらの対策は、その疫病の感染拡大を防止することができます。	These measures can prevent the disease from spreading.
切り込む	キリコム	その場しのぎの対策では麻薬中毒問題に切り込むことはできないでしょう。	Stopgap measures won't make a dent in drug addiction.
タイガース	タイガース	タイガースはそのゲームに負けた。それは私達には驚きだった。	The Tigers lost the game, which was a surprise to us.
赤茶	アカチャ	赤茶色の屋根の建物は、教会だよ。	The building with the reddish brown roof is a church.
飛び出る	トビデル	彼女が欲しいって言ってたコート、目の玉が飛び出るほど高かったんだ。	The coat she said she wanted was extremely expensive.
目の玉	メノタマ	彼女が欲しいって言ってたコート、目の玉が飛び出るほど高かったんだ。	The coat she said she wanted was extremely expensive.
啜り泣く	ススリナイ	少女は教室の隅ですすり泣いていた。	The girl was sobbing in the corner of the schoolroom.
連邦	レンポウ	連邦予算はかろうじて議会の承認を得た。	The federal budget was narrowly approved by Congress.
議会	ギカイ	連邦予算はかろうじて議会の承認を得た。	The federal budget was narrowly approved by Congress.
募る	ツノル	そのマジシャンは観客の中から協力者を募った。	The magician asked for a volunteer from the audience.
御巡り	オマワリ	おまわりさんが駅までの道を教えてくれました。	The police officer gave me directions to the station.
包み隠す	ツツミカクソウ	政治家が、インサイダー取引を包み隠そうとした。	The politician tried to cover up the insider trading.
インサイダー取引	インサイダートリヒキ	政治家が、インサイダー取引を包み隠そうとした。	The politician tried to cover up the insider trading.
太陽光	タイヨウコウ	問題は、太陽光エネルギーはお金がかかりすぎることです。	The problem is that solar energy just costs too much.
霊長類	レイチョウルイ	霊長類は尾の無いサルだけでなく人間も含む。	The primates include not only the apes, but also man.
木こり	キコリ	王子は、木こりの娘のことが好きになりました。	The prince fell in love with a woodcutter's daughter.
放り出す	ホウリダシ	警備員はトムをビルの外に放り出した。	The security guards escorted Tom out of the building.
拡散	カクサン	エイズウイルスの拡散は恐るべき速さで進んでいる。	The speed of the spread of AIDS is horrifyingly fast.
交通機関	コウツウキカン	その町の交通機関は大変よい。	The transportation system in that city is quite good.
網羅	モウラ	すべてを網羅した教科書など存在しない。	There is no such a thing as a comprehensive textbook.
平	タイラ	地球が平だって信じてる人がまだいるんです。	There are still people who believe the earth is flat.
生活様式	セイカツヨウシキ	彼らは自分たちの古い生活様式を捨てたくなかった。	They didn't want to give up their old ways of living.
従来	ジュウライ	彼らは従来の生活スタイルを捨てたくなかった。	They didn't want to give up their old ways of living.
器具	キグ	温度計は温度を測る器具です。	The thermometer is an instrument for measuring temperature.
目する	モクサ	彼らは史上最高のロックバンドと目されている。	They're considered the greatest rock band in history.
出頭	シュットウ	トムが、警察に出頭するつもりだって言うんだ。	Tom says he's going to turn himself in to the police.
弓道部	キュウドウブ	トムは高校生の時、弓道部に入ってたんだよ。	Tom was in the kyudo club when he was in high school.
執念	シュウネン	あいつは執念深いから気をつけた方がいいよ。	Watch out for him. That guy can really hold a grudge.
砂利	ジャリ	私たちには砂利を踏みしめる足音が聞こえた。	We could hear footsteps crunching through the gravel.
踏み締める	フミシメル	私たちには砂利を踏みしめる足音が聞こえた。	We could hear footsteps crunching through the gravel.
はかる	ハカッ	言語によって私たちはお互いに意思疎通をはかっている。	We communicate with one another by means of language.
セントルイス	セントルイス	シカゴ経由でニューヨークからセントルイスへ飛んだ。	We flew from New York to St. Louis by way of Chicago.
海鮮	カイセン	私たちは海老や他の海鮮料理で満腹だった。	We glutted ourselves with lobsters and other seafood.
腹一杯	ハライッパイ	私たちは海老やその他のシーフードで腹いっぱいになった。	We glutted ourselves with lobsters and other seafood.
甘受	カンジュ	私たちは自分が選択した結果を甘受しなければならない。	We have to live with the consequences of our choices.
失踪	シッソウ	我々はその医者の失踪について調査しなければならない。	We have to look into the disappearance of the doctor.
装置	ソウチ	昨日その装置でちょっとした問題があった。	We had a little trouble with the equipment yesterday.
被災者	ヒサイシャ	救急隊が地震の被災者に物資を配る予定です。	The rescue workers are going to hand out supplies to the victims of the earthquake.
衣類	イルイ	私たちは洪水の被災者に食べ物と衣類を提供した。	We provided the flood victims with food and clothing.
防止	ボウシ	私たちはこのような事故の再発を防止しなければならない。	We must prevent this type of incident from recurring.
再発	サイハツ	私たちはこのような事故の再発を防止しなければならない。	We must prevent this type of incident from recurring.
80000	ハチマン	私たちは新居を八万ドルで購入した。	We purchased a new house for eighty thousand dollars.
判読	ハンドク	壁に書かれた文字を判読しようとした。	We tried to make out the letters written on the wall.
漁獲	ギョカク	我々はこの湾内で漁獲する特権を与えられた。	We were granted the privilege of fishing in this bay.
特権	トッケン	我々はこの湾内で漁獲する特権を与えられた。	We were granted the privilege of fishing in this bay.
基準	キジュン	どんな基準で誰に投票するか決めていますか。	What criteria do you use in deciding who to vote for?
異常気象	イジョウキショウ	ここ何年か異常気象がつづいている。	We've been having strange weather the past few years.
テロ	テロ	我々は、誰であろうとテロ活動に携わるものに寛容でいるつもりはない。	We will not tolerate anyone who engages in terrorism.
広東語	カントンゴ	広東語と北京語って何が違うのかな？	What's the difference between Cantonese and Mandarin?
焚き火	タキビ	寝る前に焚き火の火を消した方がいいだろう。	You had better put out the fire before you go to bed.
一緒くた	イッショクタ	雑巾とタオルを一緒くたにしてはいけない。	You shouldn't keep towels and cleaning rags together.
中心地	チュウシンチ	市の中心地に新しい博物館が建造されつつある。	A new museum is being built in the center of the city.
建造	ケンゾウ	市の中心地に新しい博物館が建造されつつある。	A new museum is being built in the center of the city.
取り消し	トリケシ	急病により、彼女は約束の取り消しを余儀なくされた。	A sudden illness forced her to cancel her appointment.
アフリカゾウ	アフリカゾウ	アフリカゾウはアジアゾウより毛が少ない。	African elephants have less hair than Asian elephants.
アジアゾウ	アジアゾウ	アフリカゾウはアジアゾウより毛が少ない。	African elephants have less hair than Asian elephants.
殿	トノ	この車って、リッターどのくらいなの？	About how many kilometers per liter does this car get?
考え合わせる	カンガエアワセ	全てを考えあわせてみると、彼が間違っているとは言えない。	All things considered, we cannot say that he is wrong.
ebay	ebay	これをeBayで売るって、本気で考えてるの？	Are you seriously thinking about selling this on eBay?
こと	ゴト	あいつ、年取るごとにどんどん頑固になってくな。	As he gets older, he's getting more and more stubborn.
年取る	トシトル	あいつ、年取るごとにどんどん頑固になってくな。	As he gets older, he's getting more and more stubborn.
実用的	ジツヨウテキ	彼の案は現実離れしすぎていて、我々にとって実用的ではない。	His idea is too abstract to be of practical use to us.
現実離れ	ゲンジツバナレ	彼の案は現実離れしすぎていて、我々にとって実用的ではない。	His idea is too abstract to be of practical use to us.
駒	コマ	日本の将棋には何種類の駒がありますか。	How many different pieces are there in Japanese chess?
将棋	ショウギ	日本の将棋には何種類の駒がありますか。	How many different pieces are there in Japanese chess?
書き手	カキテ	書き手の言わんとすることが理解できなかった。	I didn't understand what the writer was trying to say.
横好き	ヨコズキ	私のテニスは下手の横好きだ。	I like playing tennis, though I'm not very good at it.
おさまる	オサマル	雪がおさまるまで、ここにいるのがいいんじゃないかな。	I think it's better to stay here until the snow stops.
留まる	トマッ	トムに留まってもらうように説得する方法を見つけ出せたらいいのだけど。	I wish I could figure out how to convince Tom to stay.
完遂	カンスイ	完遂できないことに最初から手を付けない方がいいと思うけど。	I'd advise you not to start anything you can't finish.
木阿弥	モクアミ	ここで中断したら元の木阿弥だぞっ。	If we stop here, we'll be right back where we started!
薄着	ウスギ	そんな薄着で外出たら風邪引くよ。	If you go out so lightly dressed, you'll catch a cold.
金棒	カナボウ	君が英語ができれば鬼に金棒なんだが。	If you could only speak English, you would be perfect.
無効	ムコウ	無理矢理サインさせられたのなら、その契約は無効ですよ。	If you were forced to sign the contract, it's invalid.
メンフィス	メンフィス	１９６８年４月、キング牧師はテネシー州メンフィスにいた。	In April of 1968, Rev. King was in Memphis, Tennessee.
テネシー州	テネシーシュウ	１９６８年４月、キング牧師はテネシー州メンフィスにいた。	In April of 1968, Rev. King was in Memphis, Tennessee.
掛け離れる	カケハナレル	意図していたものとかけ離れた結果となった。	It had an effect very different from the one intended.
意図	イト	意図していたものとかけ離れた結果となった。	It had an effect very different from the one intended.
個人情報	コジンジョウホウ	個人情報を公開しないのが私たちの方針です。	It is our policy not to give out personal information.
ゴールデンゲート	ゴールデンゲート	ゴールデンゲートブリッジを見るのは、トムにとって初めてだった。	It was Tom's first time to see the Golden Gate Bridge.
打ち切り	ウチキリ	８時も過ぎたのでその日は打ち切りにした。	It was already after 8 o'clock, so we called it a day.
短時間	タンジカン	短時間で多額のお金を得ることは容易ではなかった。	It was not easy to get a lot of money in a short time.
ばればれ	バレバレ	トムの狸寝入りって、バレバレなんだよね。	It's obvious that Tom is just pretending to be asleep.
料理屋	リョウリヤ	パーク通りの新しい中華料理屋に行こうよ。	Let's go to the new Chinese restaurant on Park Street.
断トツ	ダントツ	メアリーはこれまでに会った女性の中でもダントツにきれいだよ。	Mary is one of the most beautiful women I've ever met.
中頃	ナカゴロ	４月の中頃には、たくさんの種類の花が咲く。	Many kinds of flowers come out in the middle of April.
考え込む	カンガエコン	父は目を閉じてじっと考え込んで座っていた。	My father sat deep in meditation with his eyes closed.
試合後	シアイゴ	女王は試合後に選手の一人一人と握手をした。	The queen shook hands with each player after the game.
閉会	ヘイカイ	誰もそれ以上言わなかったので、閉会した。	Nobody having any more to say, the meeting was closed.
焼き印	ヤキイン	大きな農場では、大抵牛に焼き印がつけられている。	On large farms, cattle are usually marked with brands.
一歩	イッポ	たまには一歩下がって考えるべきだ。	Once in a while, we should take a step back and think.
ケネディー	ケネディー	年配の人はまだケネディー暗殺事件を覚えている。	Older people still remember the Kennedy assassination.
ギプス	ギプス	クリスマスの日、トムの右足はまだギプスをはめていた。	On Christmas Day, Tom's right leg was still in a cast.
月例会	ゲツレイカイ	私たちのクラブは次の水曜日に月例会を開きます。	Our club will hold its monthly meeting next Wednesday.
走行中	ソウコウチュウ	走行中の箱乗りはご遠慮下さい！	Please don't lean out of the window when we're moving.
充実	ジュウジツ	親は子供たちと充実した時間をすごすべきだ。	Parents should spend quality time with their children.
カートリッジ	カートリッジ	プリンター内の空のインクカートリッジを交換して下さい。	Please replace the empty ink cartridge in the printer.
送話	ソウワ	彼女は電話の送話口を手でおおった。	She covered the mouthpiece of the phone with her hand.
パンジー	パンジー	彼女はチューリップ、パンジーやひな菊のような花を育てている。	She grows flowers such as tulips, pansies and daisies.
破り捨てる	ヤブリステ	彼女は彼からの手紙を読むとすぐに破りすててしまった。	She had no sooner read his letter than she tore it up.
輝	アキラ	彼女は党の指輝を取ることに承諾した。	She has consented to take the leadership of the party.
回り	マワリ	彼女の目の回りには、小じわができてきた。	She has started to get a few wrinkles around her eyes.
小皺	コジワ	彼女の目の回りには、小じわができてきた。	She has started to get a few wrinkles around her eyes.
取り直す	トリナオシ	彼女は気を取り直し、また話し始めた。	She pulled herself together and started to talk again.
憤慨	フンガイ	彼女は息子がひどい扱いを受けたと憤慨していた。	She was indignant at the way her son had been treated.
背ける	ソムケ	彼女は彼に涙を見られないように顔をそむけた。	She turned her face away so he wouldn't see her tears.
突き刺す	ツキサス	誰かがトムをアイスピックで突き刺したが、もう大丈夫だ。	Someone stabbed Tom with an ice pick, but he's OK now.
アイスピック	アイスピック	誰かがトムをアイスピックで突き刺したが、もう大丈夫だ。	Someone stabbed Tom with an ice pick, but he's OK now.
用具	ヨウグ	チームのメンバーには、用具とユニフォームが支給されます。	Team members are provided with equipment and uniforms.
チームメンバー	チームメンバー	チームメンバーは道具とユニフォームが支給されます。	Team members are provided with equipment and uniforms.
万里	バンリ	万里の長城は五千五百マイル以上の長さがあります。	The Great Wall of China is more than 5,500 miles long.
長城	チョウジョウ	万里の長城は五千五百マイル以上の長さがあります。	The Great Wall of China is more than 5,500 miles long.
5500	ゴセンゴヒャク	万里の長城は五千五百マイル以上の長さがあります。	The Great Wall of China is more than 5,500 miles long.
帝国	テイコク	合衆国はかつて大英帝国の一部だった。	The United States was once part of the British Empire.
バック	バック	海をバックに記念写真撮ろうよ。	Let's get a picture of us with the sea in the background.
1806	イチハチレイロク	神聖ローマ帝国は１８０６年に終わりを告げた。	The Holy Roman Empire came to an end in the year 1806.
TGV	ティージーブイ	ＴＧＶは世界の他のどの列車よりも速く走る。	The TGV goes faster than any other train in the world.
ウェーブ	ウェーブ	ハワイのビーチはビッグウェーブで有名だよ。	The beaches in Hawaii are famous for their huge waves.
空前	クウゼン	東京市場は空前の損失を記録しました。	The Tokyo stock market recorded an unprecedented loss.
東京市場	トウキョウシジョウ	東京市場は空前の損失を記録しました。	The Tokyo stock market recorded an unprecedented loss.
株式市場	カブシキシジョウ	東京株式市場は、かつてないほどの株価の下落を見せた。	The Tokyo stock market recorded an unprecedented loss.
下落	ゲラク	今日で５日連続の株価下落だ。	Today is the fifth day of continual stock price decline.
風速	フウソク	ハリケーンの種類は風速によって決まります。	The category of a hurricane depends on its wind speed.
遅らせる	オクラセ	寒波が稲の発育を遅らせた。	The cold weather slowed the growth of the rice plants.
発育	ハツイク	寒波が稲の発育を遅らせた。	The cold weather slowed the growth of the rice plants.
顎	アゴ	少年は少女の顎に軽く触れ、頬にキスをした。	The boy caressed the girl's chin and kissed her cheek.
確たる	カクタル	刑事はその男が有罪だという確たる証拠を握った。	The detective found absolute proof of the man's guilt.
廃棄	ハイキ	その工場は古い機械類を廃棄することにした。	The factory decided to do away with the old machinery.
栄える	サカエル	１５世紀のイタリアでは美術が栄えた。	The fine arts flourished in Italy in the 15th century.
シーザー	シーザー	かのローマの偉大な英雄、ジュリアス・シーザーは暗殺されたのです。	The great Roman hero, Julius Caesar, was assassinated.
ジュリアス	ジュリアス	かのローマの偉大な英雄、ジュリアス・シーザーは暗殺されたのです。	The great Roman hero, Julius Caesar, was assassinated.
彼の	カノ	かのローマの偉大な英雄、ジュリアス・シーザーは暗殺されたのです。	The great Roman hero, Julius Caesar, was assassinated.
2000000	ニレイレイマン	そのハイジャック犯は２００万ドルの身代金を要求した。	The hijacker demanded a ransom of two million dollars.
身代金	ミノシロキン	そのハイジャック犯は２００万ドルの身代金を要求した。	The hijacker demanded a ransom of two million dollars.
残業代	ザンギョウダイ	うちの会社は、いればいるだけ残業代がもらえるからね。	The longer you stay, the more overtime pay you'll get.
導入	ドウニュウ	大手銀行の大半がこの制度を導入している。	The majority of big banks are introducing this system.
入り組む	イリクン	市の最北部の路地は、迷路のように入り組んでいる。	The northernmost part of the city is a maze of alleys.
迷路	メイロ	市の最北部の路地は、迷路のように入り組んでいる。	The northernmost part of the city is a maze of alleys.
限定	ゲンテイ	このクラスの生徒は１５人に限定されている。	The number of students in this class is limited to 15.
病後	ビョウゴ	その老婦人は病後かなり体力が弱っている。	The old lady has been rather feeble since her illness.
オペレーター	オペレーター	オペレーターは電話を切って少し待つよう私に言った。	The operator told me to hang up and wait for a moment.
交換手	コウカンシュ	交換手は私に電話を切って少し待つように言った。	The operator told me to hang up and wait for a moment.
監禁	カンキン	王子はその城に３年間監禁された。	The prince was confined in the castle for three years.
引き離す	ヒキハナス	警官はもめていた男性二人を引き離した。	The policeman separated the two men who were fighting.
落葉樹	ラクヨウジュ	丘の日が当っている部分は落葉樹でいっぱいだ。	The sunny side of the hill is full of deciduous trees.
市場調査	シジョウチョウサ	彼に与えられた職務は市場調査だった。	The task assigned to him was to do marketing research.
保安官	ホアンカン	保安官は容疑者を相手が死んでしまうのではないかと思われるまで何回も殴りつけた。	The sheriff beat the suspect until he was almost dead.
殴り付ける	ナグリツケ	保安官は容疑者を相手が死んでしまうのではないかと思われるまで何回も殴りつけた。	The sheriff beat the suspect until he was almost dead.
繁栄	ハンエイ	国家の繁栄は市民の手にかかっている。	The prosperity of a country depends upon its citizens.
新雪	シンセツ	山の頂上は新雪でおおわれている。	The summit of the mountain is covered with fresh snow.
議席	ギセキ	与党は５時現在で５０議席確保している。	The ruling party has secured 50 seats as of 5 o'clock.
与党	ヨトウ	今度の選挙では与党が勝ちそうだね。	It looks like the party in power will win the upcoming election.
確保	カクホ	与党は５時現在で５０議席確保している。	The ruling party has secured 50 seats as of 5 o'clock.
321	サンニイチ	その塔は３２１メートルの高さだ。	The tower is three hundred and twenty-one meters high.
核実験	カクジッケン	条約は地下での核実験を禁止していなかった。	The treaty did not ban nuclear tests under the ground.
訃報	フホウ	全国民が王の訃報を聞き悲しんだ。	The whole nation was sad to hear that their king died.
英文	エイブン	その教師は黒板に英文を書いた。	The teacher wrote English sentences on the blackboard.
自動車ディーラー	ジドウシャディーラー	地元の自動車ディーラーから、優勝者に新車が贈られました。	The winner received a new car from a local car dealer.
カーディーラー	カーディーラー	優勝者には、地元のカーディーラーから新車が贈呈されました。	The winner received a new car from a local car dealer.
面通し	メントオシ	目撃者は警察の面通しで窃盗犯を特定した。	The witness identified the thief in the police lineup.
助け出す	タスケダシ	その若い男性は、少女を不良の集団から助け出した。	The young man saved the girl from a bunch of hoodlums.
不良	フリョウ	彼は素行不良で１週間の停学を受けた。	He was suspended from school for a week for bad conduct.
支店	シテン	彼らの同僚は海外の支店に転勤になった。	Their colleague was transferred to an overseas branch.
禁じる	キンズル	ベッドでの煙草を禁ずる厳しい規則がある。	There is a very strict rule forbidding smoking in bed.
総	ソウ	旅行の総費用を計算してくれますか。	Can you work out the total cost of the trip?
綿製品	メンセイヒン	安い輸入品で綿製品が供給過剰になった。	There was a glut of cotton goods due to cheap imports.
暗黙	アンモク	二人の間には暗黙の了解があったに違いない。	There must've been a tacit understanding between them.
高品質	コウヒンシツ	彼らは高品質の商品を提供する事によって顧客を引き付けている。	They attract customers by offering high-quality goods.
引き付ける	ヒキツケル	彼らは高品質の商品を提供する事によって顧客を引き付けている。	They attract customers by offering high-quality goods.
捜し求める	サガシモトメ	彼らは戦争を回避しようと、あらゆる手段を探し求めた。	They explored every avenue in an attempt to avoid war.
モンロー	モンロー	彼らは彼を捕え、バージニアのモンロー砦に連行した。	They seized him and took him to Fort Monroe, Virginia.
バージニア	バージニア	彼らは彼を捕え、バージニアのモンロー砦に連行した。	They seized him and took him to Fort Monroe, Virginia.
補給	ホキュウ	彼等は兵士たちに十分な食料と水を補給した。	They supplied the soldiers with enough food and water.
事柄	コトガラ	これは重大な事柄だと考えられている。	This is considered to be a matter of great importance.
歴史書	レキシショ	この歴史書は高校生を対象に書かれている。	This history book is written for high school students.
飛び切り	トビキリ	これ、彼の小説の中でとびきり面白いよ。	This is by far the most interesting of all his novels.
乾	カン	今年その地方は厳しいかんばつに見舞われた。	This year the region has been hit by a severe drought.
宣教師	センキョウシ	三人の宣教師が人食い部族に殺され、食べられた。	Three missionaries were killed and eaten by cannibals.
人食い	ヒトクイ	三人の宣教師が人食い部族に殺され、食べられた。	Three missionaries were killed and eaten by cannibals.
部族	ブゾク	三人の宣教師が人食い部族に殺され、食べられた。	Three missionaries were killed and eaten by cannibals.
閑静	カンセイ	トムとメアリーは閑静な住宅街に住んでいる。	Tom and Mary live in a quiet residential neighborhood.
田舎道	イナカミチ	トムとメアリーは田舎道を長時間散歩した。	Tom and Mary took a long walk through the countryside.
忍び足	シノビアシ	トムは静かにドアを閉め、忍び足で部屋に入った。	Tom closed the door quietly and tiptoed into the room.
ジグ	ジグ	メアリーがジグを踊っているのを見て、トムは思わず噴き出した。	Tom burst out laughing when he saw Mary dancing a jig.
剤	ザイ	トムはビタミン剤を飲む必要はないと判断した。	Tom decided that it wasn't necessary to take vitamins.
イラン	イラン	トムはイラクとイランの違いを知らない。	Tom doesn't know the difference between Iraq and Iran.
イラク	イラク	トムはイラクとイランの違いを知らない。	Tom doesn't know the difference between Iraq and Iran.
空き缶	アキカン	トムは娘の部屋でビールの空き缶を見つけた。	Tom found an empty beer can in his daughter's bedroom.
隠し場所	カクシバショ	トムは宝物の隠し場所をついに探し当てた。	Tom finally figured out where the treasure was hidden.
捜し当てる	サガシアテ	トムは宝物の隠し場所をついに探し当てた。	Tom finally figured out where the treasure was hidden.
期日	キジツ	トムが家賃を期日までに払わないのには、それなりの理由があった。	Tom had a good reason for not paying his rent on time.
手柄	テガラ	人の手柄を横取りするような真似はしたくない。	I don't want it to look like I'm taking credit for someone else's work.
ばち	バチ	トムはいちかばちかで、メアリーをデートに誘う電話をした。	Tom just took a chance and called Mary to ask her out.
ちか	チカ	トムはいちかばちかで、メアリーをデートに誘う電話をした。	Tom just took a chance and called Mary to ask her out.
どぎまぎ	ドギマギ	トムは自分の意見を言うのにいつでもどぎまぎしてしまう。	Tom never felt comfortable expressing his own opinion.
ミネラル	ミネラル	トムはビタミンとミネラルの錠剤を毎日飲んでいる。	Tom takes a pill with vitamins and minerals every day.
提議	テイギ	トムは委員会が彼の提議を承認することを望んでいた。	Tom was hoping the committee would adopt his proposal.
忍び込む	シノビコン	メアリーが部屋に忍び込んだのを見たのは、トムただ一人だった。	Tom was the only one who saw Mary sneak into the room.
プレスリー	プレスリー	トムが一番気に入っているエルビス・プレスリーの曲は「ジェイルハウス・ロック」だ。	Tom's favorite Elvis Presley song is "Jailhouse Rock."
エルビス	エルビス	トムが一番気に入っているエルビス・プレスリーの曲は「ジェイルハウス・ロック」だ。	Tom's favorite Elvis Presley song is "Jailhouse Rock."
ジェイルハウス	ジェイルハウス	トムが一番気に入っているエルビス・プレスリーの曲は「ジェイルハウス・ロック」だ。	Tom's favorite Elvis Presley song is "Jailhouse Rock."
高祖母	コウソボ	トムの高祖母の母はスコットランドに住んでいた。	Tom's great-great-great grandmother lived in Scotland.
郵便箱	ユウビンバコ	彼が帰宅すると郵便箱に手紙が入っていた。	Upon returning home, he found a letter in the mailbox.
遺伝	イデン	我々は環境と遺伝の両方の影響を受けている。	We are influenced both by environment and by heredity.
反物質	ハンブッシツ	反物質よりも物質が多く存在する理由は不明です。	We don't know why there's more matter than antimatter.
業務	ギョウム	我々は業務を拡大し、食料品を販売することを決定した。	We decided to branch out into selling some foodstuffs.
周年	シュウネン	昨日私たちは結婚１０周年のお祝いをした。	We celebrated our tenth wedding anniversary yesterday.
探る	サグル	我々は支出を削減するあらゆる可能な方法を探った。	We explored all possible ways of cutting expenditures.
ピアリー	ピアリー	北極を発見した人はピアリーだと私たちは思っている。	We credit Peary with having discovered the North Pole.
審議会	シンギカイ	審議会の新しいメンバーを任命する必要がある。	We have to appoint new members of the examining board.
同調	ドウチョウ	私たちはやっと彼を説得して私たちの考えに同調させた。	We managed to bring him around to our way of thinking.
目まぐるしい	メマグルシク	ここ数日天気がめまぐるしく変わっている。	We've had all kinds of weather over the past few days.
目まぐるしい	メマグルシイ	この数日、天気の変化がめまぐるしい。	We've had all kinds of weather over the past few days.
備品	ビヒン	教室にはどんな備品が取り付けられたのですか。	What kind of equipment is installed in the classrooms?
搬入	ハンニュウ	椅子とかテーブルとかの搬入はどうするの？	What will we do about getting tables, chairs and such?
占星	センセイ	天文学と占星学とは何が違うでしょう？	What's the difference between astronomy and astrology?
学	ガク	天文学と占星学とは何が違うでしょう？	What's the difference between astronomy and astrology?
思い返す	オモイカエス	自分のしたことを思い返すと、バカだったなあとつくづく思うよ。	When I think back on what I did, I feel pretty stupid.
所長	ショチョウ	所長が出かけている間、事務所の責任者は誰になるのですか。	Who is in charge of the office while the boss is away?
むっと	ムット	このムッとする部屋の窓を開けて、空気の入れ替えをしてくれませんか。	Will you open the window and air out this stuffy room?
入れ替え	イレカエ	このムッとする部屋の窓を開けて、空気の入れ替えをしてくれませんか。	Will you open the window and air out this stuffy room?
文末	ブンマツ	文末のピリオド、付け忘れてるよ。	You forgot to put a period at the end of the sentence.
ピリオド	ピリオド	文末のピリオド、付け忘れてるよ。	You forgot to put a period at the end of the sentence.
薬箱	クスリバコ	薬箱は子供の手の届かない所に置いとく方がいいよ。	You should keep the medicine box away from your child.
公私	コウシ	公私を混同してはいけない。	You should not confuse business with personal affairs.
仕事量	シゴトリョウ	仕事量に応じて報酬が支払われます。	You'll be paid according to the amount of work you do.
ホチキス	ホチキス	紙を綴じるのにホチキスはとても便利です。	A stapler is very useful for attaching papers together.
綴じる	トジル	紙を綴じるのにホチキスはとても便利です。	A stapler is very useful for attaching papers together.
鉄橋	テッキョウ	その川には鉄橋がすでに建設中だ。	A railway bridge is already being built over the river.
大火災	ダイカサイ	新聞によると、ボストンで大火災があったそうだ。	According to the paper, there was a big fire in Boston.
キャンセル料	キャンセルリョウ	キャンセル料３割もとられるんだって。	Apparently there's a cancellation charge of 30 percent.
中性子	チュウセイシ	原子は陽子・中性子・電子で構成されている。	Atoms are composed of protons, neutrons, and electrons.
電子	デンシ	原子は陽子・中性子・電子で構成されている。	Atoms are composed of protons, neutrons, and electrons.
陽子	ヨウコ	原子は陽子・中性子・電子で構成されている。	Atoms are composed of protons, neutrons, and electrons.
要素	ヨウソ	教育は生活において最も必要不可欠な要素の一つ。	Education is one of the most essential aspects of life.
油田	ユデン	彼は新しい油田に全財産を賭けた。	He risked his whole fortune to discover new oil fields.
無試験	ムシケン	彼は無試験でその学校の入学が認められた。	He was admitted to that school without taking the exam.
通す	トオス	私はいつも朝食前に新聞に目を通す。	I always have a look at the newspaper before breakfast.
一善	カズヨシ	一日一善。良いことをした後は、気持ちがいいね。	I always feel good after I do my good deed for the day.
激安	ゲキヤス	激安の玉子を買うために行列に並ぶことにした。	I decided to wait in line to buy some super cheap eggs.
エチオピア	エチオピア	今夜はエチオピア料理を食べる気分じゃないんだよなあ。	I don't really feel like eating Ethiopian food tonight.
流出	リュウシュツ	最近の石油流出事故が起きてからというもの、魚介類は一切食べてないんです。	I haven't eaten any seafood since the recent oil spill.
無我夢中	ムガムチュウ	私は無我夢中で部屋を飛び出した。	I ran out of the room without knowing what I was doing.
一掃	イッソウ	これがゴキブリを一掃する唯一の方法だと思います。	I think this is the only way to get rid of cockroaches.
間貸し	マガシ	この間貸した本を返してもらいたい。	I want you to return the book I lent you the other day.
体力的	タイリョクテキ	体力的にも精神的にももっと強くなりたい。	I want to become both physically and mentally stronger.
212	ニイチ	２１２ー８３６ー１７２５に指名通話をかけたいんだけど。	I want to make a person-to person call to 212-836-1725.
1725	イチナナニゴ	２１２ー８３６ー１７２５に指名通話をかけたいんだけど。	I want to make a person-to person call to 212-836-1725.
836	836	２１２ー８３６ー１７２５に指名通話をかけたいんだけど。	I want to make a person-to person call to 212-836-1725.
居酒屋	イザカヤ	居酒屋で変なおっさんにからまれた。	I was given a hard time by a strange guy at the tavern.
おっ	オッ	居酒屋で変なおっさんにからまれた。	I was given a hard time by a strange guy at the tavern.
拍子	ヒョウシ	君が来れないと聞いたときは、拍子抜けしてしまったよ。	I was disappointed when I heard that you couldn't come.
華道	カドウ	私は茶道にも華道にも興味はありません。	I'm not interested in tea ceremony or flower arranging.
茶道	サドウ	私は茶道にも華道にも興味はありません。	I'm not interested in tea ceremony or flower arranging.
マニキュア	マニキュア	このマニキュアに合う色の口紅を探しているんですけれど。	I'm looking for a lipstick to go with this nail polish.
犬猫	イヌネコ	お願いですから犬猫扱いするのやめて貰えますか。	I'm begging you, could you stop treating me like a pet?
消滅	ショウメツ	もし太陽が消滅したら、あらゆる生き物が死ぬだろう。	If the sun were to go out, all living things would die.
門戸	モンコ	１８５３年、ペリーは、日本にアメリカへの門戸を開くように要求した。	In 1853, Perry asked Japan to open the door to America.
往々	オウオウ	産業化は往々にして公害を伴うものだ。	Industrialization often goes hand in hand with pollution.
工業地帯	コウギョウチタイ	工業地帯は、往々にして都市郊外にあります。	Industrial areas tend to be on the outskirts of cities.
零	レイ	今朝は零度以下でしたが、自転車で学校へ行きました。	It was below zero this morning, but I cycled to school.
陛下	ヘイカ	国王陛下が私達の市を訪れて下さったことを大変光栄に思います。	It's a great honor to have had the king visit our city.
鯖	サバ	鯖は煮ても焼いても美味しい。	Mackerel tastes good whether you simmer it or grill it.
麻疹	ハシカ	恋愛は、はしかのようなものだ。みんな一度はかからなければならない。	Love is like the measles. We all have to go through it.
休業	キュウギョウ	今では学校の近くにあるほとんどの店が土曜休業だ。	Most shops near the school are closed on Saturdays now.
小切手帳	コギッテチョウ	メアリーはハンドバッグに手を入れ、小切手帳を取り出した。	Mary reached in her purse and pulled out her checkbook.
重要人物	ジュウヨウジンブツ	弟は超重要人物だ。すくなくとも奴はそう思っている。	My brother is very important. At least he thinks he is.
実父	ジップ	継父は、実父より良くしてくれます。	My stepfather treats me better than my real father did.
継父	ケイフ	継父は、実父より良くしてくれます。	My stepfather treats me better than my real father did.
最年少	サイネンショウ	３人のうちで最年少の少年が一番魅力的だ。	Of the three boys, the youngest is the most attractive.
下記	カキ	バグ報告を下記のメールアドレスに送ってください。	Please send bug reports to the following email address.
記入方法	キニュウホウホウ	入国カードの記入方法を教えてください。	Please tell me how to fill out the disembarkation card.
@	アット	info@example.com に空メールを送ってください。	Please send an empty email message to info@example.com.
インフォ	インフォ	info@example.com に空メールを送ってください。	Please send an empty email message to info@example.com.
エグザンプル	エグザンプル	info@example.com に空メールを送ってください。	Please send an empty email message to info@example.com.
売り子	ウリコ	彼女は売り子だったことを秘密にしていた。	She concealed the fact that she used to be a salesgirl.
不誠実	フセイジツ	彼女は不誠実であったことで夫を責めた。	She accused her husband of having been disloyal to her.
零細	レイサイ	零細企業はインフレで苦境に陥っています。	Small enterprises are feeling the squeeze of inflation.
苦境	クキョウ	零細企業はインフレで苦境に陥っています。	Small enterprises are feeling the squeeze of inflation.
アフガニスタン	アフガニスタン	ソ連軍はアフガニスタンからの撤退を開始した。	The Soviet troops started to withdraw from Afghanistan.
ソ連	ソレン	ソ連軍はアフガニスタンからの撤退を開始した。	The Soviet troops started to withdraw from Afghanistan.
撤退	テッタイ	ソ連軍はアフガニスタンからの撤退を開始した。	The Soviet troops started to withdraw from Afghanistan.
オーバーコート	オーバーコート	とても寒かったのにもかかわらず、その子供はオーバーコートを身につけていなかった。	The child had no overcoat on although it was very cold.
挿し絵	サシエ	著者は自分の本に多くの挿し絵を入れた。	The author illustrated his book with a lot of pictures.
聴診器	チョウシンキ	医者は患者の胸に聴診器を当てた。	The doctor placed a stethoscope on the patient's chest.
用例	ヨウレイ	この辞書の用例はわかりやすい。	The examples in this dictionary are easy to understand.
損傷	ソンショウ	列車の後部３両はひどい損傷を受けた。	The last three coaches of the train were badly damaged.
阻害	ソガイ	報道の自由は阻害されてはならない。	The freedom of the press should not be interfered with.
共生	キョウセイ	この村の住人は自然と共生している。	The people of this village live in harmony with nature.
策略	サクリャク	電話は彼を家から出すための策略だった。	The phone call was a trick to get him out of the house.
鰻上り	ウナギノボリ	市中心部の地価はうなぎのぼりです。	The price of land in the center of the city is soaring.
外観	ガイカン	問題は、その本質よりもむしろ外観である。	The question is not so much what it is as how it looks.
本質	ホンシツ	問題は、その本質よりもむしろ外観である。	The question is not so much what it is as how it looks.
12.8	イチニ．ハチ	自由の女神の右腕の長さは12.8mである。	The right arm of the Statue of Liberty is 42 feet long.
拘置所	コウチショ	ついに反逆者は捕らえられ、拘置所に入れられた。	The rebel was ultimately captured and confined to jail.
幹部	カンブ	労働組合の幹部は賃上げの凍結に反対して、闘っています。	The union bosses are fighting the freeze on wage hikes.
諸島	ショトウ	世界一大きな望遠鏡はカナリア諸島にある。	The world's largest telescope is in the Canary Islands.
向上	コウジョウ	生活水準の向上が急務である。	There is an urgent need for improved living conditions.
水準	スイジュン	生活水準の向上が急務である。	There is an urgent need for improved living conditions.
国立	コクリツ	老人のための国立の病院がもっとあってしかるべきだ。	There should be more national hospitals for old people.
著作物	チョサクブツ	この著作物は、米国ではパブリックドメインです。	This work is in the public domain in the United States.
批評家	ヒヒョウカ	率直に言うと、彼は作家というよりはむしろ批評家だ。	To put it frankly, he is a critic rather than a writer.
s	s	トムは名前が s で終わる女の子とは付き合ったことがない。	Tom has never dated a girl whose name ends with an "s."
締め上げる	シメアゲ	トムはメアリーの喉元をつかみ、締め上げた。	Tom grabbed Mary by the throat and started choking her.
踏み出す	フミダシ	両者は解決に向かって一歩踏み出した。	Both parties took a step towards a solution.
手帳	テチョウ	トムはメアリーの電話番号を彼の秘密の手帳に書き留めた。	Tom wrote Mary's phone number in his little black book.
厳しさ	キビシサ	母親の怒りの厳しさにびっくりした。	We were shocked by the intensity of our mother's anger.
バイオテクノロジー	バイオテクノロジー	「バイオテクノロジー」という言葉が普通に使われるようになったのは、いつ頃ですか。	When did the word "biotechnology" come into common use?
論じ合う	ロンジアウ	宗教と政治について論じ合うことは避けたほうがよい。	You'd better avoid discussion of religion and politics.
装飾	ソウショク	すてきな室内装飾になりましたよ。	You've done a wonderful job on the interior decoration.
パイプライン	パイプライン	４０万ガロンの石油がパイプラインから溢れ出た。	400,000 gallons of oil have spilled out of the pipeline.
ガロン	ガロン	４０万ガロンの石油がパイプラインから溢れ出た。	400,000 gallons of oil have spilled out of the pipeline.
溢れ出る	アフレデ	４０万ガロンの石油がパイプラインから溢れ出た。	400,000 gallons of oil have spilled out of the pipeline.
400000	ヨンレイマン	４０万ガロンの石油がパイプラインから溢れ出た。	400,000 gallons of oil have spilled out of the pipeline.
文頭	ブントウ	文頭には大文字が使われる。	A capital letter is used at the beginning of a sentence.
ハイウエー	ハイウェイ	昼も夜も、たくさんの車がこのハイウェーを高速で通過する。	A lot of cars speed by on this expressway day and night.
高速	コウソク	昼も夜も、たくさんの車がこのハイウェーを高速で通過する。	A lot of cars speed by on this expressway day and night.
ペルー	ペルー	新聞によればペルーで地震があったそうだ。	According to the paper, there was an earthquake in Peru.
欲張り	ヨクバリ	彼はおもちゃをたくさん持っているけれども、欲張りであったため、もっと欲しがった。	Although he had many toys, his greed made him want more.
割高	ワリダカ	コンビニって、スーパーより割高だよね。	Convenience stores are more expensive than supermarkets.
ペーズリー	ペーズリー	このペーズリー柄のネクタイ、あなたに似合うんじゃない？	Don't you think this paisley tie would look good on you?
Uターン	ユーターン	Uターン禁止の標識があったんだけど、Uターンしちゃった。	Even though there was a no U-turn sign, I made a U-turn.
期限内	キゲンナイ	彼はそれを期限内に仕上げるのが精いっぱいだった。	He had to work as hard as he could to finish it in time.
いざ	イザ	昔ならいざ知らず、今はＦＡＸも、メールもある。	I don't know about the past, but now we have faxes and emails.
託ける	カコツケ	あいつは何やかやにかこつけて、いつも文句ばかり言っている。	He is complaining about something or other all the time.
かや	カヤ	あいつは何やかやにかこつけて、いつも文句ばかり言っている。	He is complaining about something or other all the time.
渋谷	シブヤ	彼は渋谷に買い物に行くと私に言いました。	He mentioned to me that he would go shopping in Shibuya.
素行	ソコウ	彼は素行不良で１週間の停学を受けた。	He was suspended from school for a week for bad conduct.
遣らす	ヤラサ	自分がやりたくないことをやらされるのは嫌なんだよ。	I don't like being made to do things I don't want to do.
紡ぐ	ツムグ	おばあちゃんのやり方を見ながら、羊毛の紡ぎ方を覚えました。	I learned how to spin wool from watching my grandmother.
300000	サンジュウマン	三十万ドルほど貸していただけませんか。	I'd like to borrow about three hundred thousand dollars.
悪書	アクショ	良書と悪書を見分けるのは必ずしも容易ではない。	It isn't always easy to know a good book from a bad one.
取り乱す	トリミダシ	あんな冷静な人が取り乱したなんて考えられない。	It is unlikely that such a cool headed person got upset.
甚だしい	ハナハダシイ	あんなことを彼女に言うなんて非常識も甚だしい。	It's quite absurd of you to tell her that sort of thing.
シーン	シーン	多くの親が、テレビには暴力シーンが多すぎると思っている。	Many parents think that there's too much violence on TV.
裡	リ	和平交渉がすでに秘密裡に開始されたとのことです。	It's rumored that secret peace talks have already begun.
松茸	マツタケ	今は松茸が旬でお安いですよ。	Matsutake mushrooms are in season now so they are cheap.
思考力	シコウリョク	ほとんどの人が、コンピューターは決して思考力を持つようにならないだろうと考えている。	Most people think computers will never be able to think.
作曲	サッキョク	モーツァルトが初めて作曲したのは、5歳の時だった。	Mozart was five years old when he wrote his first piece.
風車	カザグルマ	オランダでは、どこへ行っても風車が見られる。	No matter where you go in Holland, you'll see windmills.
もりもり	モリモリ	五歳の娘はいつも元気モリモリで幼稚園に通っている。	My five year old daughter always goes to kindergarten happy and full of energy.
勢力範囲	セイリョクハンイ	それ以来我々の勢力範囲は拡大してきた。	Our sphere of influence has expanded so much since then.
91	キュウイチ	ピカソは９１歳まで絵を描き続けた。	Picasso kept drawing pictures until he was 91 years old.
付箋	フセン	修正が必要な箇所には、付箋を貼っておいてください。	Please put sticky notes on any parts that need revision.
イントネーション	イントネーション	英語を話す時は、もっとイントネーションに注意しなさい。	Pay more attention to intonation when you speak English.
離着陸	リチャクリク	離着陸の際にはシートベルトをしめて下さい。	Please secure your seat belt during takeoff and landing.
沖合い	オキアイ	数艘のヨットが、はるか沖合を並んで航行していた。	Several yachts were sailing side by side far out at sea.
航行	コウコウ	数艘のヨットが、はるか沖合を並んで航行していた。	Several yachts were sailing side by side far out at sea.
旨	ムネ	彼女はまた近いうちに便りを出す旨を手紙に付け加えた。	She added in her letter that she would write again soon.
見出だす	ミイダス	ホラー映画を見ることに楽しみを見いだす人もいる。	Some people derive pleasure from watching horror movies.
干潟	ヒガタ	有明海は日本のもっとも広い干潟の一つです。	The Ariake Sea is one of the biggest tidelands in Japan.
有明海	アリアケカイ	有明海は日本のもっとも広い干潟の一つです。	The Ariake Sea is one of the biggest tidelands in Japan.
前列	ゼンレツ	最前列で絵を描いている女の子は私の姪です。	The girl drawing a picture in the first row is my niece.
孤立	コリツ	意地を張れば張るほど、孤立するよ。	The more stubborn you are, the more isolated you become.
LDK	エルディーケー	老婦人は３LDKの集合住宅に独りで住んでいた。	The old lady lived in a three-room apartment by herself.
潜望鏡	センボウキョウ	潜水艦の潜望鏡が水面から突き出ていた。	The submarine's periscope was sticking out of the water.
腐敗	フハイ	講演者は政界の腐敗をほのめかした。	The speaker hinted at corruption in the political world.
当直	トウチョク	暴動が起こったとき、当直の監視員はたった１人だった。	There was only one warden on duty when the riot started.
監視員	カンシイン	暴動が起こったとき、当直の監視員はたった１人だった。	There was only one warden on duty when the riot started.
招く	マネク	あなたのその話し方は、いつかトラブルを招くことになりますよ。	The way you talk is going to get you in trouble someday.
魚雷	ギョライ	トムの祖父が乗っていた船は、魚雷により沈没した。	The ship Tom's grandfather was on was sunk by a torpedo.
取り合い	トリアイ	トムとメアリーって、運転手の取り合いしてるんだよ。	Tom and Mary are fighting over who should be the driver.
美味しさ	オイシサ	このレストラン、評判通りのおいしさだね。	This restaurant lives up to all the rave reviews it got.
送り合う	オクリアッ	毎年、トムとメアリーはクリスマスカードを送り合っています。	Tom and Mary send each other Christmas cards every year.
摘み食い	ツマミグイ	トムったら私が食卓から離れてる隙に、私のご飯つまみ食いしたのよ。	Tom ate some of my rice while I was away from the table.
隙	スキ	トムが少し席を離れた隙に、メアリーは彼の教科書に落書きをした。	In the short time Tom was away from his desk, Mary scribbled something in his textbook.
盗み食い	ヌスミグイ	トムがさぁ、俺が席外してる間に、俺のメシ盗み食いしやがった。	Tom ate some of my rice while I was away from the table.
別れ話	ワカレバナシ	トムは彼女に別れ話を切り出した。	Tom started talking to his girlfriend about breaking up.
切り出す	キリダシ	トムは彼女に別れ話を切り出した。	Tom started talking to his girlfriend about breaking up.
塗り替える	ヌリカエル	トムはメアリーが記録を塗りかえるなんてあり得ないと思っている。	Tom thinks it's impossible for Mary to break the record.
リビングルーム	リビングルーム	トム、メアリー、ジョンがリビングルームでトランプをしている。	Tom, Mary and John are playing cards in the living room.
大中小	ダイチュウショウ	大中小ありますがどれにしますか。	We have large, medium, and small. What size do you want?
竹籠	タケカゴ	私たちは竹かごの作り方を教わった。	We received instructions on how to make a bamboo basket.
野宿	ノジュク	宿が見つからなかったら、野宿しかないね。	We'll have to camp out if we can't find a place to stay.
措置	ソチ	手後れにならないうちに、必要な措置を取るべきです。	We should take the necessary steps before it's too late.
レベル	レベル	謝罪で済まされるレベル超えてる。	We're beyond the point where just apologizing is enough.
のめり込む	ノメリコム	彼は何か始めるとそれにのめり込む性質です。	When he begins to do anything, he devotes himself to it.
秋田	アキタ	９時半の電車に乗れば、何時に秋田につきますか。	What time will we reach Akita if we take the 9:30 train?
女子高生	ジョシコウセイ	今時の女子高生って、学校でどんな話してるのかな？	What do high school girls talk about in school nowadays?
アイススケート	アイススケート	ローラースケートとアイススケートだったら、どっちが好き？	Which do you like better, roller skating or ice skating?
かっぱ	カッパ	なんでカッパ着てんの？ 雨降ってないじゃん。	Why are you wearing a raincoat? It's not raining, is it?
耕す	タガヤス	春が来ると、彼らは畑を耕し種を蒔く。	When spring comes, they plow the fields and plant seeds.
隠喩	インユ	「怒ると彼はトラになる」というのは隠喩の例である。	"He's a tiger when he's angry" is an example of metaphor.
時限	ジゲン	空港で時限爆弾が爆発し１３名もの命を奪った。	A time bomb went off in the airport killing thirteen people.
作り出す	ツクリダス	過ちのない者は何も作り出せない。	A man who never makes mistakes is a man who does nothing.
途上国	トジョウコク	先進国は発展途上国を援助しなければならない。	Advanced countries must give aid to developing countries.
先進国	センシンコク	先進国は発展途上国を援助しなければならない。	Advanced countries must give aid to developing countries.
運転士	ウンテンシ	電車が通り過ぎる時、運転士の姿がちらりとトムの目に入った。	As the train went by, Tom caught a glimpse of the driver.
薬指	クスリユビ	薬指を曲げずに、小指だけを曲げれる？	Can you bend your pinky without bending your ring finger?
フランクリン	フランクリン	ベンジャミン・フランクリンはアメリカの政治家であり発明家であった。	Benjamin Franklin was an American statesman and inventor.
ベンジャミン	ベンジャミン	ベンジャミン・フランクリンはアメリカの政治家であり発明家であった。	Benjamin Franklin was an American statesman and inventor.
対抗	タイコウ	彼は驚くべき提案によって彼らの申し出に対抗した。	He countered their proposal with a surprising suggestion.
ガリレオ	ガリレオ	ガリレオは二つの鉄の玉を塔のてっぺんから落とした。	Galileo dropped two iron balls from the top of the tower.
海峡	カイキョウ	彼はイギリス海峡を泳ぎ渡った唯一のアメリカ人だ。	He is the only American who has swum the English Channel.
へこたれる	ヘコタレ	彼はタフだから少しのことではへこたれない。	He won't be easily discouraged, because he's a tough guy.
プライベート	プライベート	彼はプライベートには誰も立ち入らせなかった。	He wouldn't let anybody interfere with his private affairs.
ウトッ	ウトッ	電車に乗ってウトッとしてたら、駅を寝過ごしてしまった。	I dozed off in the train and slept right past my station.
いざこざ	イザコザ	いざこざも全部片付いて、やれやれです。	I felt relieved when all the troubles were taken care of.
揉め事	モメゴト	もめ事が片付いてホッとしました。	I felt relieved when all the troubles were taken care of.
password	パスワード	パスワードを "password" なんかにするんじゃなかった。	I shouldn't have used the word "password" as my password.
1994	イチキュウキュウヨン	１９９４年、日本は水と米不足だった。	In 1994, there was a shortage of water and rice in Japan.
不審者	フシンシャ	不審者を見かけたら警察に通報してください。	If you see a suspicious person, please inform the police.
英和	エイワ	本棚に英和辞典がありますか。	Is there an English-Japanese dictionary on the bookshelf?
公害	コウガイ	産業化は往々にして公害を伴うものだ。	Industrialization often goes hand in hand with pollution.
将来的	ショウライテキ	将来的には、ここに地下鉄の駅ができると思うんだ。	In the future, I think there'll be a subway station here.
空費	クウヒ	そんなつまらないものに金を空費するなんて彼はばかだった。	It was foolish of him to waste his money on such trifles.
帰国子女	キコクシジョ	帰国子女があの組の中に溶け込むのは難しいよ。	It's difficult for returnees to blend in with that class.
溶け込む	トケコム	家族はまもなく新しい環境に溶け込んだ。	The family assimilated quickly into their new environment.
持ち運び	モチハコビ	バッグに入る大きさなので持ち運びは楽ですね。	It's small enough to fit in a bag, so it's easy to carry.
御参り	オマイリ	１月１日は多くの日本人が神社にお参りする日です。	January 1st is a day when many Japanese go to the shrine.
マハラシュトラ	マハラシュトラ	ムンバイはインド・マハラシュトラ州の州都である。	Mumbai is the capital of the Indian state of Maharashtra.
ムンバイ	ムンバイ	ムンバイはインド・マハラシュトラ州の州都である。	Mumbai is the capital of the Indian state of Maharashtra.
デジタル	デジタル	父は誕生日のお祝いに、デジタル時計を買ってくれました。	My father bought me a digital watch for birthday present.
背後	ハイゴ	背後で糸を引いている人物がいると警察は言っている。	The police say there's someone pulling string behind the scenes.
黙然	モクゼン	彼女はちょっと首をかしげて、黙然と立っていた。	She stood silently, her head tilted slightly to one side.
傾げる	カシゲル	彼女はちょっと首をかしげて、黙然と立っていた。	She stood silently, her head tilted slightly to one side.
率いる	ヒキイル	指揮官は軍を率いて敵地に入った。	The commanding officer led his army into enemy territory.
敵地	テキチ	指揮官は軍を率いて敵地に入った。	The commanding officer led his army into enemy territory.
通り抜ける	トオリヌケル	門はすごく狭いので、その車が通り抜けるのは無理ですよ。	The gate is so narrow that the car can't pass through it.
廃棄物	ハイキブツ	その川は家庭や工場からの廃棄物によって汚染されている。	The river is polluted by waste from houses and factories.
飛び立つ	トビタテ	嵐のせいで、多くの飛行機が飛行場を飛びたてなかった。	The storm prevented many planes from leaving the airport.
みしみし	ミシミシ	小屋の屋根は雪の重みでミシミシと音を立てた。	The roof of the hut groaned under the weight of the snow.
臓器	ゾウキ	外科医に説得されて、彼は臓器移植手術を受けることにした。	The surgeon persuaded him to undergo an organ transplant.
市場シェア	シジョウシェア	これは、市場シェアを拡大するすばらしいチャンスです。	This is a great opportunity to increase our market share.
果肉	カニク	このイチゴジュースって、果肉も入ってるんだよ。	This strawberry juice also contains bits of strawberries.
山奥	ヤマオク	トムは山奥にある人里離れた村で育ちました。	Tom grew up in an isolated village deep in the mountains.
人里	ヒトザト	トムは山奥にある人里離れた村で育ちました。	Tom grew up in an isolated village deep in the mountains.
町角	マチカド	トムは街角でギターを弾いてお金を稼いでいた。	Tom earned money by playing his guitar on street corners.
販売店	ハンバイテン	トムは中古車販売店を探すため、職業別電話帳を見た。	Tom looked in the yellow pages to find a used car dealer.
職業別	ショクギョウベツ	トムは中古車販売店を探すため、職業別電話帳を見た。	Tom looked in the yellow pages to find a used car dealer.
投げ捨てる	ナゲステ	トムは結婚指輪を外して池に投げ捨てた。	Tom took off his wedding ring and threw it into the pond.
押し流す	オシナガシ	津波が水田を押し流し、町は浸水しました。	Tsunamis swept through rice fields and flooded the towns.
浸水	シンスイ	津波が水田を押し流し、町は浸水しました。	Tsunamis swept through rice fields and flooded the towns.
水田	スイデン	津波が水田を押し流し、町は浸水しました。	Tsunamis swept through rice fields and flooded the towns.
音楽的	オンガクテキ	メアリーの音楽的才能を最初に見出したのはトムだった。	Tom was the first one to recognize Mary's musical talent.
エピデミック	エピデミック	エピデミックとパンデミックって、何が違うの？	What's the difference between an epidemic and a pandemic?
あー	アー	あーやっとパリだね。最初にどこへ行こうか。	Wow, we're finally in Paris. Where should we visit first?
出店	シュッテン	届け出なしに路上に出店してはならない。	You may not set up a roadside stall without prior notice.
届け出	トドケデ	届け出なしに路上に出店してはならない。	You may not set up a roadside stall without prior notice.
後頭部	コウトウブ	サッカーをしていて後頭部にボールが当たりました。	A ball hit the back of my head while I was playing soccer.
客室乗務員	キャクシツジョウムイン	乗客の一人が気を失ったが、客室乗務員が意識を回復させた。	A passenger fainted, but the stewardess brought him round.
何もの	ナニモノ	たとえいなくなってしまっても、私は何ものよりも彼女を愛している。	Although she is gone, I still love her more than anything.
人工甘味料	ジンコウカンミリョウ	ある種の人工甘味料には発癌性があることが知られている。	Certain artificial sweeteners are known to be carcinogens.
発癌性	ハツガンセイ	ある種の人工甘味料には発癌性があることが知られている。	Certain artificial sweeteners are known to be carcinogens.
機種	キシュ	古い機種に比べてこちらのほうがずっと扱いやすい。	Compared with the old model, this is far easier to handle.
膨大	ボウダイ	辞書の編纂には膨大な時間がかかる。	Compiling a dictionary demands an enormous amount of time.
編纂	ヘンサン	辞書の編纂には膨大な時間がかかる。	Compiling a dictionary demands an enormous amount of time.
共用	キョウヨウ	当分の間、私は友人とこの部屋を共用しなければならない。	For the time being, I must share this room with my friend.
悪しい	アシカレ	良かれ悪しかれ、テレビは世の中を変えた。	For better or for worse, television has changed the world.
団	ダン	翌朝早くサーカス団は次の町へ出発した。	Early the next morning, the circus left for the next town.
抱え込む	カカエコン	その問題の処理に彼は頭を抱え込んでいる。	He's racking his brains about how to deal with the matter.
ビーフストロガノフ	ビーフストロガノフ	料理本でビーフストロガノフの作り方を読んだんだ。	I read about how to make beef stroganoff in a recipe book.
作曲家	サッキョクカ	歴史上最も偉大な作曲家はベートーヴェンだと思っています。	I think Beethoven is the greatest composer who ever lived.
ローラー	ローラー	スケートボードはたいていローラーブレードより安いと思う。	I think skateboards are usually cheaper than rollerblades.
スケートボード	スケートボード	スケートボードはたいていローラーブレードより安いと思う。	I think skateboards are usually cheaper than rollerblades.
ブレード	ブレード	スケートボードはたいていローラーブレードより安いと思う。	I think skateboards are usually cheaper than rollerblades.
荷台	ニダイ	僕のピックアップトラックの荷台に乗せて、トムを病院まで連れってたんだ。	I took Tom to the hospital in the back of my pickup truck.
ポーター	ポーター	ポーターに荷物を運んでもらったら、チップを渡すのを忘れちゃだめだよ。	If a porter carries your luggage, don't forget to tip him.
鞭打ち	ムチウチ	シンガポールでは、刑罰の一つに鞭打ちがある。	In Singapore, one way to punish criminals is to whip them.
刑罰	ケイバツ	シンガポールでは、刑罰の一つに鞭打ちがある。	In Singapore, one way to punish criminals is to whip them.
根っ子	ネッコ	雑草を抜くなら、根っこから。	If you're going to pull weeds, pull them out by the roots.
サイクル	サイクル	ここら辺にレンタルサイクルができる場所ってありますか？	Is there any place around here where I can rent a bicycle?
平和公園	ヘイワコウエン	１９５８年、その記念碑は広島平和公園に建てられた。	In 1958, the statue was built in the Hiroshima Peace Park.
期	キ	大統領はほぼ間違いなく2期目を務めるだろうね。	In all likelihood, the president will serve a second term.
プレゼンテーション	プレゼンテーション	プレゼンテーションの前に資料に目を通しておくのが一番いい。	It is best to review the material before the presentation.
餓える	ウエ	村人たちがおそれていたのは餓えた熊だった。	It was the hungry bears that the villagers were afraid of.
77800000000	ナナナナハチオク	１９９８年日本の輸出が輸入を７７８億ドル上回った。	Japan's exports exceeded imports by $77.8 billion in 1998.
1998	イチキュウキュウハチ	１９９８年日本の輸出が輸入を７７８億ドル上回った。	Japan's exports exceeded imports by $77.8 billion in 1998.
今世紀	コンセイキ	今世紀が始まって以来、多くの進歩があった。	Many improvements have been made since this century began.
大国	タイコク	日本は世界有数の経済大国である。	Japan is one of the greatest economic powers in the world.
生成	セイセイ	毎日大量の二酸化炭素が生成されている。	Massive amounts of carbon dioxide are generated every day.
父方	チチカタ	父方の祖母は百歳になった。	My grandmother on my father's side has turned one hundred.
24	ニシ	最近一日24時間じゃ足りないって思うようになってきた。	Recently, 24 hours per day hasn't really felt like enough.
高度	コウド	日本では稲作が高度に発達している。	Rice farming has been developed to a high degree in Japan.
アカデミー	アカデミー	アカデミー授賞式は、ハリウッド最大の華やかな催しだ。	The Oscar ceremonies are Hollywood's biggest extravaganza.
ニャン	ニャン	ニャンちゃん、魚は好きなんだけど、足が濡れるのは嫌なのよ。	The cat likes fish, but doesn't like getting its paws wet.
凄まじい	スサマジイ	爆発がとてもすさまじかったので、屋根が吹っとんだ。	The explosion was so powerful that the roof was blown off.
重力	ジュウリョク	月の重力は地球の６分の１である。	The gravity of the moon is one-sixth of that of the earth.
甘美	カンビ	恋の苦悩は他のあらゆる喜びよりも遥かに甘美である。	The pain caused by love is much sweeter than any pleasure.
テスト結果	テストケッカ	今回の英語のテスト結果、めっちゃ良かったんだ。	The results for the English exam this time were very good.
シャンデリア	シャンデリア	天井から美しいシャンデリアが下がっていた。	There was a beautiful chandelier hanging from the ceiling.
呆然	ボウゼン	彼の辞任を知って、彼らは呆然とした。	They were stunned after finding out about his resignation.
調べ	シラベ	この文は俳句の調べ持つ文よ。	This is a sentence that has the syllable count of a haiku.
俳句	ハイク	この文は俳句の調べ持つ文よ。	This is a sentence that has the syllable count of a haiku.
固形物	コケイブツ	事故以来トムは固形物を食べられずにいる。	Tom hasn't been able to eat solid food since his accident.
3000000	サンヒャクマン	トムにはあの銀行に預けた３百万ドルを超える金がある。	Tom has over three million dollars deposited in that bank.
オーボエ	オーボエ	トムはオーボエを演奏し、メアリーはピアノで伴奏した。	Tom played the oboe and Mary accompanied him on the piano.
固め	カタメ	トムは少し固めのスパゲッティが好きだ。	Tom likes his spaghetti noodles a little on the hard side.
入れ上げる	イレアゲル	メアリーに入れ揚げるなんて、トムも馬鹿だよな。	Tom should've known better than to get involved with Mary.
知らす	シラサ	トムは突然知らされて、そこからそんな短期間でベビーシッターなど見つけられなかった。	Tom wasn't able to find a babysitter on such short notice.
目線	メセン	子供の目線で問題を考えたほうがいいですね。	We should consider the problem from a child's perspective.
ごと	ゴト	私たちはバーベキューパーティーでその炭を袋ごと使った。	We used that whole bag of charcoal for our barbecue party.
炭	スミ	私たちはバーベキューパーティーでその炭を袋ごと使った。	We used that whole bag of charcoal for our barbecue party.
他国	タコク	我が国を他国の侵略から守らねばならない。	We have to defend our country from the foreign aggression.
全従業員	ゼンジュウギョウイン	この会社の全従業員の3分の2は技術者です。	Two thirds of the employees of this company are engineers.
激励	ゲキレイ	あなたの激励がなかったら、この計画は諦めていたでしょうね。	Without your encouragement, I would've given up this plan.
逝く	イッ	祖父は祖母がぽっくり逝ってから急に老け込みました。	After Grandma's sudden death, Grandpa began to age rapidly.
老け込む	フケコミ	祖父は祖母がぽっくり逝ってから急に老け込みました。	After Grandma's sudden death, Grandpa began to age rapidly.
ぽっくり	ポックリ	祖父は祖母がぽっくり逝ってから急に老け込みました。	After Grandma's sudden death, Grandpa began to age rapidly.
地名	チメイ	最初、北海道の地名かと思った。	At first, I thought it was the name of a place in Hokkaido.
け	ケ	そんなの心配しなくていいよって、私、言わなかったけ？	Didn't I tell you that you didn't need to worry about that?
修める	オサメル	彼はすべての科目で、とりわけ数学で、良い成績を修めた。	He did well in all subjects and, above all, in mathematics.
出回る	デマワッ	外国製品がどかっと市場に出回った。	Foreign products arrived on the market in large quantities.
どか	ドカッ	外国製品がどかっと市場に出回った。	Foreign products arrived on the market in large quantities.
愛国者	アイコクシャ	率直に言えば、彼は愛国者というよりはむしろ偽善者だ。	Frankly speaking, he is more of a hypocrite than a patriot.
ころん	コロン	ころんでこえだめに落ち、頭からどっぷりと浸かってしまった。	He fell into the cesspool and got covered from head to toe.
どっぷり	ドップリ	ころんでこえだめに落ち、頭からどっぷりと浸かってしまった。	He fell into the cesspool and got covered from head to toe.
立ち入る	タチイラ	彼は私生活には誰も立ち入らせなかった。	He wouldn't let anybody interfere with his private affairs.
帰する	キスル	彼の成功は天才よりも努力に帰する。	His success is attributed more to hard work than to genius.
居候	イソウロウ	彼はいつもどこかの家に居候しているようだ。	He always seems to be living rent-free in somebody's house.
すか	スカッ	言いたかった事を全部言ったら胸がすかっとした。	I felt quite relieved after I had said all I wanted to say.
一通り	ヒトトオリ	私は生け花を一通りは習いました。	I have learned the basics of the art of flower arrangement.
書き置き	カキオキ	私は机に書き置きを見つけたが、誰が書いたものか判らない。	I noticed a note on my desk, but I don't know who wrote it.
電気剃刀	デンキカミソリ	この電気かみそりは買う前に試してみるべきだった。	I should've tried out this electric razor before buying it.
信心	シンジン	私は信心深い男で、死後の生命の存在を信じています。	I'm a deeply religious man and believe in life after death.
仕返し	シカエシ	一生かかっても、仕返ししてやるからな。	I'll get even with you, if it takes me the rest of my life.
ぴい	ピーッ	ただいま留守にしております。ピーッという音が鳴りましたら、ご用件をお話しください。	I'm not at home now. Please leave a message after the beep.
左団扇	ヒダリウチワ	宝くじでも当たれば、左うちわで暮らせるだろうに。	If I win the lottery, I'll be able to live high on the hog.
増大	ゾウダイ	１９世紀には移民の数が急激に増大した。	In the 19th century, the number of immigrants grew rapidly.
励む	ハゲム	彼は休養するどころか、かえっていつもより仕事に励んだ。	Instead of taking a rest, he worked much harder than usual.
発端	ホッタン	すべての発端は、１９５５年１２月１日、アラバマ州モントゴメリーで起こった事件であった。	It all started in Montgomery, Alabama, on December 1, 1955.
モントゴメリー	モントゴメリー	すべての発端は、１９５５年１２月１日、アラバマ州モントゴメリーで起こった事件であった。	It all started in Montgomery, Alabama, on December 1, 1955.
アラバマ州	アラバマシュウ	すべての発端は、１９５５年１２月１日、アラバマ州モントゴメリーで起こった事件であった。	It all started in Montgomery, Alabama, on December 1, 1955.
損ない	ソコナイ	自分ができそこないであると気が付いたまま生きていくのは辛いことだ。	It's hard to live with the knowledge that you're a failure.
レッテル	レッテル	自分に「できそこない」のレッテルを貼って生きていくのは辛いことだ。	It's hard to live with the knowledge that you're a failure.
1912	イチキュウイチニ	1912年、タイタニック号は処女航海中に沈没した。	It was in 1912 that the Titanic sank during her first voyage.
弁護	ベンゴ	良い弁護士なら依頼人の弁護のためにあらゆる手を尽くすだろう。	A good lawyer would leave no stone unturned in his efforts to defend his client.
減退	ゲンタイ	食欲が急に減退するのは病気の兆候である事がある。	Sudden decrease in appetite is sometimes a sign of illness.
滞り	トドコオリ	滞りのない、優雅な仕草でグラスに水を注ぎ込んだ。	She smoothly and elegantly poured the water into the glass.
優雅	ユウガ	滞りのない、優雅な仕草でグラスに水を注ぎ込んだ。	She smoothly and elegantly poured the water into the glass.
仕草	シグサ	滞りのない、優雅な仕草でグラスに水を注ぎ込んだ。	She smoothly and elegantly poured the water into the glass.
ユーザー	ユーザー	いくつかのクッキーは無期限にユーザーのハードディスクに保存される。	Some cookies are stored indefinitely on users' hard drives.
御伽話	オトギバナシ	その作家がそのおとぎ話を私達の母語に翻訳した。	That author translated those fairy tales into our language.
ラテンアメリカ	ラテンアメリカ	メキシコの首都は、ラテンアメリカ最大の都市です。	The capital of Mexico is the largest city in Latin America.
国民投票	コクミントウヒョウ	合衆国大統領は国民投票によって選ばれる。	The President of the U.S. is chosen in a national election.
著名	チョメイ	その著名な詩人は自分の書斎で自殺を図ろうとした。	The famous poet attempted to commit suicide in his library.
有意義	ユウイギ	有意義な回答とは、新たな疑問を生むようなそれである。	The only useful answers are those that raise new questions.
卒業証書	ソツギョウショウショ	校長は卒業生ひとりひとりに卒業証書を授与した。	The principal presented each of the graduates with diploma.
汽笛	キテキ	船は汽笛を鳴らして、埠頭を離れました。	The ship sounded its whistle and pulled away from the pier.
競技会	キョウギカイ	陸上競技会は大雨のため中止になった。	The track meet was called off on account of the heavy rain.
180	イチハチレイ	３角形のすべての角の和は１８０度に等しい。	The sum of all the angles in a triangle equals 180 degrees.
道中	ドウチュウ	私達はニュージーランドへの道中、ロサンゼルスに２泊した。	We stopped over in Los Angeles for two nights on the way to New Zealand.
飛び立つ	トビタッ	私が空港に着いたときには飛行機は既に飛び立っていた。	The plane had already taken off when I reached the airport.
誤植	ゴショク	誤植はいくつかあるが、全体としてはいい本だ。	There are some misprints, but all in all, it's a good book.
全国的	ゼンコクテキ	日本の１１月は全国的によい天気です。	There is usually good weather in November throughout Japan.
すかすか	スカスカ	このメロン、スカスカじゃないの。だから安かったのか。	This melon sounds hollow. Maybe that's why it was so cheap.
ニューヨーカー	ニューヨーカー	トムはニューヨーカーだが、ニューヨーク訛りはない。	Tom is a New Yorker, but he doesn't have a New York accent.
平方根	ヘイホウコン	僕らは９の平方根は３だと学校で習った。	We learned at school that the square root of nine is three.
隷属	レイゾク	我々は抵抗か隷属かの二者択一を迫られている。	We're faced with the choice between resistance and slavery.
イギリス英語	イギリスエイゴ	アメリカ英語とイギリス英語って何が違いますか？	What's the difference between American and British English?
アメリカ英語	アメリカエイゴ	アメリカ英語とイギリス英語って何が違いますか？	What's the difference between American and British English?
マイクロミニ	マイクロミニ	ミニとマイクロミニの違いって何？	What's the difference between a miniskirt and a microskirt?
ミニ	ミニ	ミニとマイクロミニの違いって何？	What's the difference between a miniskirt and a microskirt?
マイクロ	マイクロ	ミニスカートとマイクロミニスカートの違いは何ですか。	What's the difference between a miniskirt and a microskirt?
専門性	センモンセイ	その会社では高い専門性が要求される。	A high degree of specialization is required in that company.
番犬	バンケン	始終ほえてばかりいる犬は、いい番犬にはならない。	A dog that barks all the time doesn't make a good watch dog.
旧型	キュウガタ	新型だからといって旧型より良いとは限らない。	A new model isn't necessarily any better than the older one.
小降り	コブリ	雨が小降りになってから、私達は車に向って全速力で走った。	After the rain had let up a bit, we made a dash for the car.
分子	ブンシ	水分子は、２個の水素原子と１個の酸素原子からなる。	A water molecule has two hydrogen atoms and one oxygen atom.
技	ワザ	職人の技は一朝一夕に習得できるものではない。	Craftsmanship isn't something that can be learned overnight.
司法	シホウ	長年にわたる努力が実を結び、トムは司法試験に合格することができました。	After years of hard work, Tom was able to pass the bar exam.
ブッシュ	ブッシュ	ジョージ・W・ブッシュは1946年にコネチカット州で生まれた。	George W. Bush was born in the state of Connecticut in 1946.
w	w	ジョージ・W・ブッシュは1946年にコネチカット州で生まれた。	George W. Bush was born in the state of Connecticut in 1946.
コネチカット州	コネチカットシュウ	ジョージ・W・ブッシュは1946年にコネチカット州で生まれた。	George W. Bush was born in the state of Connecticut in 1946.
作戦	サクセン	「この作戦はうまくいくだろうか」彼はひとりごちた。	He said to himself, "Will this operation result in success?"
相続税	ソウゾクゼイ	いったいどれくらいの相続税を払うことになるんだろう。	I really wonder how much the inheritance tax will amount to.
デジカメ	デジカメ	新しいデジカメを早く使いこなせるようになりたい。	I want to learn how to use my new digital camera right away.
マスメディア	マスメディア	新聞・テレビ・ラジオは、マス・メディアと呼ばれる。	Newspapers, television, and radio are called the mass media.
乗り心地	ノリゴコチ	乗客の乗り心地にはあまり注意が払われていなかった。	Little attention was paid to the comfort for the passengers.
効率性	コウリツセイ	仕事場の管理者は、正確さ、効率性、献身を期待する。	Office managers expect accuracy, efficiency, and dedication.
管理者	カンリシャ	仕事場の管理者は、正確さ、効率性、献身を期待する。	Office managers expect accuracy, efficiency, and dedication.
献身	ケンシン	仕事場の管理者は、正確さ、効率性、献身を期待する。	Office managers expect accuracy, efficiency, and dedication.
下駄箱	ゲタバコ	脱いだ靴は下駄箱にお入れください。	Please put your shoes in the shoebox when you take them off.
折り畳み傘	オリタタミガサ	この折りたたみ傘を持って行ってよ。役に立つんじゃないかな。	Take this folding umbrella with you. It might come in handy.
無益	ムエキ	テレビは有害無益だと言う人もいる。	Some people insist that television does more harm than good.
訪日	ホウニチ	来月フランス大統領が訪日する予定だ。	The French president is scheduled to visit Japan next month.
探検	タンケン	探検隊は南極への出発を延期した。	The expedition has postponed its departure to the Antarctic.
使用料	シヨウリョウ	私のピアノレッスンの値段は、ピアノの使用料を含んでいます。	The price of my piano lessons includes the use of the piano.
自然死	シゼンシ	警察は、トムが自然死ではなかったと確信している。	The police are convinced Tom didn't die from natural causes.
潜伏	センプク	容疑者は三週間山に潜伏していた。	The suspect was hiding out in the mountains for three weeks.
サマーリゾート	サマーリゾート	このサマーリゾートは昔ほど人気でない。	This summer resort is no longer as popular as it used to be.
発信元	ハッシンモト	トムは電話を取る前にいつも発信元の番号を確認する。	Tom always checks the caller ID before he answers the phone.
遣り取り	ヤリトリ	トムとメアリーは毎日200通以上の携帯メールをやり取りしている。	Tom and Mary exchange more than 200 text messages every day.
死骸	シガイ	何千という魚の死骸が湖に浮いているのが見つかった。	Thousands of dead fish have been found floating in the lake.
折り畳む	オリタタミ	トムは地図を折り畳み、グローブボックスに戻した。	Tom folded the map and put it back in the glove compartment.
ビキニ	ビキニ	トムって、寝室の壁にビキニ姿の女の子の写真を飾ってるんだよ。	Tom has a picture of a girl in a bikini on his bedroom wall.
ティーバッグ	ティーバッグ	トムはいつも１つのティーバッグで２・３杯分のお茶を作ります。	Tom usually makes two or three cups of tea with one tea bag.
路上駐車	ロジョウチュウシャ	警察はたいてい路上駐車の車に目をつむる。	The police usually close their eyes to cars parked on the street.
回想	カイソウ	その当時を回想すれば夢のようだ。	When I look back upon those days, it all seems like a dream.
ソビエト社会主義共和国連邦	ソビエトシャカイシュギキョウワコクレンポウ	ＵＳＳＲはソビエト社会主義共和国連邦を表しています。	U.S.S.R. stands for the Union of Soviet Socialist Republics.
水球	スイキュウ	私は高校生の頃、体育の授業で水球をした。	When I was in high school, I played water polo in gym class.
専心	センシン	一つの事に専心して、それがうまくできるようにするべきだ。	You should concentrate on one thing and learn to do it well.
弛む	タユム	何か偉大なことを達成するためにはたゆまず努力しなければならない。	You must persevere before you can accomplish anything great.
結成	ケッセイ	ボート競技に参加する為に新チームが結成された。	A new team was formed in order to take part in the boat race.
味噌	ミソ	味噌、納豆などの発酵食品は健康にいい。	Fermented foods like miso and natto are good for your health.
ボー	ボー	そんな風にボーと立ってないで、こっちに来て手伝ってよ。	Don't just stand there like that. Come over here and help me.
オフ	オフ	あのお店の商品は全部１０％オフになってるよ。	Everything at that store is 10 percent off the regular price.
組み替え	クミカエ	遺伝子組み換え食品を食べるのは危険だと思いますか？	Do you think it's dangerous to eat genetically modified food?
遺伝子	イデンシ	遺伝子組み換え食品を食べるのは危険だと思いますか？	Do you think it's dangerous to eat genetically modified food?
語り合う	カタリアウ	私にとって、トムと語り合うことほど楽しいことはないんだよ。	For me, there's nothing more fun to do than to talk with Tom.
マンハッタン	マンハッタン	午後5時にマンハッタンでタクシーを捕まえるのは、ほぼ不可能です。	Hailing a cab in Manhattan at 5:00 p.m. is nearly impossible.
呼び方	ヨビカタ	「その呼び方は止めて」って、何回言わせるつもり？	How many times do I have to tell you to stop calling me that?
健脚	ケンキャク	そんなに長い距離を歩いたなんて彼は健脚にちがいない。	He must be a good walker to have walked such a long distance.
専門知識	センモンチシキ	彼の専門知識の欠落が彼の昇進を阻んだ。	His lack of technical knowledge kept him from being promoted.
銀貨	ギンカ	屋根裏のさぁ、古い木箱の中から３枚の銀貨が出てきたんだ。	I found three silver coins in an old wooden box in the attic.
万馬券	マンバケン	競馬で万馬券を当ててウハウハなんだ。	I'm really happy because I won 10,000 yen at the horse races.
うはうは	ウハウハ	競馬で万馬券を当ててウハウハなんだ。	I'm really happy because I won 10,000 yen at the horse races.
ラッフルズ	ラッフルズ	ラッフルズで食事したければ、数週間前に予約しなければならない。	If you want to eat at Raffle's, you must reserve weeks ahead.
1978	イチキュウナナハチ	１９７８年に日本と中国との間に平和条約が結ばれた。	In 1978 a peace treaty was concluded between Japan and China.
裁判	サイバン	この裁判の判決が下るまで、少なくとも１年はかかります。	It'll take at least a year for the court to reach a decision.
寝苦しい	ネグルシイ	昨日の夜はとても蒸し暑くて、寝苦しかったね。	Last night was very hot and muggy, so I didn't sleep so well.
リンカーン	リンカン	リンカンの伝記は世界中の子供に読まれている。	Lincoln's biography is read by children all around the world.
沿岸	エンガン	世界人口の三分の一が、沿岸部に住んでいる。	More than a third of the world population lives near a coast.
753	ナナゴサン	今年は娘の七五三だ。	Our daughter will be in the Shichi-Go-San festival this year.
ローザ	ローザ	ローザ・パークスは白人乗客に席を譲ることを拒否した。	Rosa Parks refused to give up her seat for a white passenger.
パークス	パークス	ローザ・パークスは白人乗客に席を譲ることを拒否した。	Rosa Parks refused to give up her seat for a white passenger.
おろおろ	オロオロ	あんなにおろおろしちゃって恥ずかしいったらありゃしない。馬鹿みたいだったわよ。	Shame on you for getting so flustered. You looked ridiculous.
高温	コウオン	直射日光・高温多湿を避けて保存してください。	Please store in a cool and dry place, out of direct sunlight.
多湿	タシツ	直射日光・高温多湿を避けて保存してください。	Please store in a cool and dry place, out of direct sunlight.
ヨルダン	ヨルダン	ヨルダン川は死海に注ぐ唯一の川である。	The Jordan River is the only river flowing into the Dead Sea.
大洪水	ダイコウズイ	世界神話の中でも、大洪水の話はとても有名だ。	The story of a great flood is very common in world mythology.
かちん	カチン	あんまり無礼に扱われたので、カチンときた。	They were treating me so rudely that I suddenly just lost it.
鮪	マグロ	サメの皮はマグロの皮よりはるかにざらざらしている。	The skin of a shark is much rougher than that of a tuna fish.
ベストセラー	ベストセラー	この本はかつてはベストセラーだったが、今は絶版になっている。	This book, which was once a best seller, is now out of print.
絶版	ゼッパン	この本はかつてはベストセラーだったが、今は絶版になっている。	This book, which was once a best seller, is now out of print.
乗り捨てる	ノリステ	これが事件現場に乗り捨てられていたものと同じ車です。	This is the same car that was left at the scene of the crime.
難儀	ナンギ	トムはパーティーに何を着ていくか決めるのに難儀している。	Tom is having a hard time deciding what to wear to the party.
反	ハン	トムは反原発運動に生涯を捧げた。	Tom has devoted his life to the anti-nuclear-energy movement.
原発	ゲンパツ	トムは反原発運動に生涯を捧げた。	Tom has devoted his life to the anti-nuclear-energy movement.
作業員	サギョウイン	トラックに乗っていた３人の作業員がその事故で死んだ。	Three workers on board the truck were killed in the accident.
巻き付ける	マキツケ	トムはベッドから毛布を取り、自分の体に巻き付けた。	Tom took a blanket off the bed and wrapped it around himself.
摩擦	マサツ	今にも両国間に貿易摩擦が生じそうだ。	Trade friction might arise between the two nations at any moment.
余程	ヨッポド	よっぽど印象に残る事じゃないと覚えてないんだよね。	Unless it's something fairly impressive, I won't remember it.
床下	ユカシタ	私たちは床下の虫を駆除するため業者を雇いました。	We hired a company to get rid of the insects under our house.
業者	ギョウシャ	私たちは床下の虫を駆除するため業者を雇いました。	We hired a company to get rid of the insects under our house.
カリフォルニア州	カリフォルニアシュウ	カリフォルニア州のモーニングタイムは日本の深夜です。	When it's morning in California, it's late at night in Japan.
モーニング	モーニング	カリフォルニア州のモーニングタイムは日本の深夜です。	When it's morning in California, it's late at night in Japan.
安置	アンチ	指導者が死んだ時、人々は彼の死体を大きな墓に安置した。	When their leader died, they placed his body in a large tomb.
出国	シュッコク	パスポートがなければ、出国など論外だ。	Without a passport, leaving a country is out of the question.
市長選挙	シチョウセンキョ	「市長選挙をどう思いますか」「わかりません」	"What do you think of the election for mayor?" "I don't know."
数学者	スウガクシャ	若いけれども彼はこれまでに例のないほどの偉大な数学者である。	Young as he is, he is as great a mathematician as ever lived.
復習	フクシュウ	毎日少しの時間を使って語彙の復習をするべきです。	You should spend a little time each day reviewing vocabulary.
初回	ショカイ	この授業の履修を希望する人は、必ず初回の授業に出席してください。	Anyone wishing to take this class must attend the first class.
汚職	オショク	彼は汚職と何らかの関係があるといわれています。	He is said to have something to do with the political scandal.
棒切れ	ボウキレ	彼はその棒切れを狩猟ナイフで削り尖らせた。	He whittled the stick to a sharp point with his hunting knife.
尖る	トガル	彼はその棒切れを狩猟ナイフで削り尖らせた。	He whittled the stick to a sharp point with his hunting knife.
聞き漏らす	キキモラス	彼は一言も聞きもらすまいとたいへん注意して聞いた。	He listened very carefully in order not to miss a single word.
フェラーリ	フェラーリ	自分の家を売ってまでフェラーリは欲しくないよ。	I don't want a Ferrari bad enough to sell my house to get one.
峻別	シュンベツ	「事実」と「意見」を峻別するということは重要なことだと思います。	I think to clearly distinguish opinion from fact is important.
細心	サイシン	私たちはトムの気持ちを傷つけないよう、細心の注意を払う必要があると思う。	I think we need to be very careful not to hurt Tom's feelings.
鳥皮	トリカワ	急激にかりかりした鳥皮が食べたくなった。	I suddenly got a craving to eat some crisp roast chicken skin.
安全ベルト	アンゼンベルト	もし安全ベルトがなかったら、私は今日生きていないだろう。	If it hadn't been for the seatbelt, I wouldn't be alive today.
切り替わる	キリカワラ	画面が自動で切り替わらない場合は、こちらをクリックしてください。	If the screen doesn't change automatically, please click here.
アングロサクソン	アングロサクソン	６世紀にアングロ・サクソン族はローマ文字を採用した。	In the 6th century, the Anglo-Saxons adopted Roman characters.
族	ゾク	６世紀にアングロ・サクソン族はローマ文字を採用した。	In the 6th century, the Anglo-Saxons adopted Roman characters.
縄	ナワ	泥棒を見て縄をなう。	It's too late to shut the barn door after the horse is stolen.
綯う	ナウ	泥棒を見て縄をなう。	It's too late to shut the barn door after the horse is stolen.
エントリー	エントリー	１２歳から１８歳にわたる多くの少年少女がコンテストにエントリーした。	Many boys and girls ranging from 12 to 18 entered the contest.
3776	サンナナナナロク	日本の最高峰、富士山は高さ３７７６メートルである。	Mt. Fuji, the highest mountain in Japan, is 3,776 meters high.
散漫	サンマン	自動車事故の多くが、ドライバーの注意散漫が原因で起きている。	Most car accidents occur due to the inattention of the driver.
人権	ジンケン	論じるまでもなく基本的人権は尊重されなければならない。	Needless to say, fundamental human rights should be respected.
芋虫	イモムシ	いつの日かこの芋虫は美しい蝶へと変化することでしょう。	One day this caterpillar will turn into a beautiful butterfly.
エストニア	エストニア	天気の好い日は、ヘルシンキからエストニアの海岸が見える。	On a good day, you can see the coast of Estonia from Helsinki.
ヘルシンキ	ヘルシンキ	天気の好い日は、ヘルシンキからエストニアの海岸が見える。	On a good day, you can see the coast of Estonia from Helsinki.
引っ繰り返す	ヒックリカエス	ネコがひっくり返すといけないから、ビンに栓をしなさい。	Put the cap back on the bottle in case the cat knocks it over.
震災	シンサイ	うちのキャンパスでは、少なくとも年に一度は震災訓練があるよ。	On our campus, we have earthquake drills at least once a year.
切れ目	キレメ	金の切れ目が縁の切れ目。	Relationships built on money will end when the money runs out.
じゃんけん	ジャンケン	じゃんけんで係を決めることになった。	Rock Paper Scissors was used to decide who would be in charge.
グランドキャニオン	グランド・キャニオン	グランド・キャニオンはアメリカ有数の人気スポットだ。	The Grand Canyon is one of the most popular places in the USA.
金閣	キンカク	京都と言えば、金閣寺に行ったことがありますか。	Speaking of Kyoto, have you ever visited the Kinkakuji Temple?
身の上	ミノウエ	彼女は深呼吸してから、身の上を語り始めた。	She took a deep breath and then started to talk about herself.
初期症状	ショキショウジョウ	その病気の初期症状は高熱とのどの痛みです。	The initial symptoms of the disease are fever and sore throat.
高熱	コウネツ	その病気の初期症状は高熱とのどの痛みです。	The initial symptoms of the disease are fever and sore throat.
マウンテンバイク	マウンテンバイク	母親の援助のおかげで、私はマウンテンバイクを買うことができた。	Thanks to my mother's help, I was able to buy a mountain bike.
脱水	ダッスイ	赤ちゃんは高熱で脱水症状になりがちだから、入院した方がいいって言われた。	Babies can become dehydrated from a high fever, so I was told that it would be better to send him to the hospital.
豪雪	ゴウセツ	列車は豪雪のために２時間遅れた。	The train was delayed for two hours because of the heavy snow.
チタン	チタン	この手作りのイタリア製チタン自転車は、恐ろしく軽い。	This handmade Italian-made titanium bicycle is terribly light.
純粋	ジュンスイ	近頃では、結婚の動機は必ずしも純粋とは限らない。	These days, the motives for marriage are not necessarily pure.
炎天下	エンテンカ	彼らはバスを降り、炎天下を二キロ歩きました。	They got off the bus and walked two kilometers in the hot sun.
修理工	シュウリコウ	あの修理工たちは時給一万円ももらっている。	Those mechanics are paid as much as ten thousand yen per hour.
武力	ブリョク	反対派と警察の間で武力衝突が生じた。	Violent clashes broke out between the protesters and the police.
東京国際空港	トウキョウコクサイクウコウ	当機はまもなく東京国際空港に到着いたします。	We will be landing at Tokyo International Airport momentarily.
担保	タンポ	家を担保にお金を借りよう。	We'll use the house as collateral so we can borrow some money.
ほろ苦い	ホロニガイ	トムは、ほろ苦いコーヒーとチョコレートを好みます。	Tom prefers coffee and chocolate with a slightly bitter taste.
ハヤシライス	ハヤシライス	ハヤシライス食べてるの見ると、自分も食べたくなる。	When I see someone eating hayashi rice, I want to eat it, too.
ファミコン	ファミコン	たとえいつ訪問しても、彼はファミコンをやっているだろう。	Whenever you visit him, you will find him playing video games.
超高層	チョウコウソウ	３０階建の超高層ビルが突然爆発炎上した。	All of a sudden, the thirty-story skyscraper went up in flames.
潜入	センニュウ	彼は農夫に身をやつして城下町に潜入した。	Disguising himself as a peasant, he crept into the castle town.
窶す	ヤツシ	彼は農夫に身をやつして城下町に潜入した。	Disguising himself as a peasant, he crept into the castle town.
飛躍的	ヒヤクテキ	1年間の留学でトムのフランス語力は飛躍的に向上した。	During his year of study abroad, Tom's French improved rapidly.
一長	イッチョウ	どのプログラミング言語も一長一短だ。	Each programming language has its advantages and disadvantages.
一短	イッタン	どのプログラミング言語も一長一短だ。	Each programming language has its advantages and disadvantages.
気象	キショウ	環境汚染は、異常な気象状況を引き起こしている。	Environmental pollution is causing abnormal weather conditions.
立ち向かう	タチムカワ	この世界にいる誰もが、多くの困難に立ち向かわなければならない。	Everybody in this world has to cope with a lot of difficulties.
誘発	ユウハツ	環境汚染は、異常気象を誘発している。	Environmental pollution is causing abnormal weather conditions.
人脈	ジンミャク	彼は社外で人脈を築いている。	He's building up a network of acquaintances outside his office.
社外	シャガイ	彼は社外で人脈を築いている。	He's building up a network of acquaintances outside his office.
JR	ジェイアール	ＪＲの駅まで歩いて何分くらいかかりますか。	How many minutes does it take to get to the JR station on foot?
思春期	シシュンキ	自分の思春期を振り返ると、いつも憂うつな気分になる。	I cannot look back on my adolescence without feeling depressed.
産休	サンキュウ	９月３０日から１０月１４日まで産休を取ります。	I'm taking maternity leave from September 30th to October 14th.
千	セン	千に百を加えると千百になる。	If you add one hundred to one thousand, you get eleven hundred.
1100	センヒャク	千に百を加えると千百になる。	If you add one hundred to one thousand, you get eleven hundred.
水辺	ミズベ	もし水辺にすむのなら子供たちに泳ぎを教えられるよ。	If you live near water, you should teach your children to swim.
整備	セイビ	地方の道路整備のための財源確保が必要です。	It is necessary to secure financing for local road maintenance.
財源	ザイゲン	地方の道路整備のための財源確保が必要です。	It is necessary to secure financing for local road maintenance.
1997	イチキュウキュウナナ	１９９７年にマザー・テレサが死んだとき、世界の人々は再び驚いた。	In 1997, the world was surprised again when Mother Teresa died.
お下がり	オサガリ	古びたお下がりのダイヤモンドでも全くないよりはいいよ。	It is better to have old second-hand diamonds than none at all.
御古	オフル	くすんだお古のダイヤだろうが、ないよりはあった方がいい。	It is better to have old second-hand diamonds than none at all.
くすむ	クスン	くすんだお古のダイヤだろうが、ないよりはあった方がいい。	It is better to have old second-hand diamonds than none at all.
見開く	ミヒラキ	結婚前は両目を見開き、結婚したら片目をつぶれ。	Keep your eyes wide open before marriage, half shut afterwards.
両目	リョウメ	結婚前は両目を見開き、結婚したら片目をつぶれ。	Keep your eyes wide open before marriage, half shut afterwards.
使い熟す	ツカイコナセ	母語を正しく使いこなせない人も多いです。	Many people are not able to use their first language correctly.
名代	ナシロ	私の一番上の兄が父の名代としてその会合に出席した。	My oldest brother attended the meeting on behalf of our father.
マングース	マングース	マングースを見たことがないので、どんなものかわからない。	Never having seen a mongoose, I do not know what they are like.
賄う	マカナウ	１０００ドルあればパーティーの費用全部をまかなえるだろう。	One thousand dollars will cover all the expenses for the party.
ロミオ	ロメオ	ロメオはジュリエットが死んだと信じ、自殺しよう決心した。	Romeo, believing that Juliet was dead, decided to kill himself.
子会社	コガイシャ	同社は赤字の子会社のいくつかを売却することにした。	The company has decided to sell some of its money-losing units.
一同	イチドウ	おばあちゃんが突然死んで家族一同驚いた。	The family was shook up when the grandmother died unexpectedly.
マスコミ	マスコミ	マスコミは選挙の結果に大きな影響力を持つ。	The media has a lot of influence on the outcome of an election.
拉げる	ヒシゲ	輸送中に箱が拉げて中身がとび出した。	The box was crushed during transport and the contents flew out.
下り坂	クダリザカ	午後から天気は下り坂になります。	The weather is supposed to go downhill starting this afternoon.
協定	キョウテイ	協定が結ばれる可能性は極めて少ない。	There is very little probability of an agreement being reached.
責め立てる	セメタテ	彼らは子供たちに厳しすぎるという理由で先生を責め立てた。	They accused the teacher of being too strict with the children.
主に	オモニ	この辞書は主に高校生を対象としたものです。	This dictionary is primarily intended for high school students.
もこもこ	モコモコ	トムはパジャマ姿にモコモコのスリッパを履いて、寝室から出てきた。	Tom came out of his bedroom wearing pajamas and fuzzy slippers.
毎時	マイジ	台風１１号は、毎時２０キロメートルの速さで北上中です。	Typhoon No.11 is moving up north at twenty kilometers per hour.
北上	ホクジョウ	台風１１号は、毎時２０キロメートルの速さで北上中です。	Typhoon No.11 is moving up north at twenty kilometers per hour.
蒸気機関車	ジョウキキカンシャ	明け方、私たちは蒸気機関車の汽笛で目を覚ました。	We were wakened by the whistle of the steam locomotive at dawn.
分煙	ブンエン	ウチも分煙しなきゃいけないよねぇ。	We'll also have to create a separate smoking section, won't we?
吟味	ギンミ	モノを買う時は、よく吟味してから買いなさい。	When you buy something, examine it carefully before you buy it.
がさがさ	ガサガサ	誰もいないはずの二階からガサガサと音がする。	A rustling sound came from upstairs where nobody should've been.
衣食住	イショクジュウ	子供は衣食住を親に依存している。	Children depend on their parents for food, clothing and shelter.
遂行能力	スイコウノウリョク	応募者にふさわしい職務遂行能力があるか？	Does the applicant have suitable abilities to carry out the job?
今日日	キョウビ	今日日、いい仕事はなかなか来ないってことを忘れるなよ。	Don't forget that good jobs are very hard to come by these days.
ユニオン	ユニオン	１５分までにユニオン駅にいてもらえるかしら。	Do you think you can get me to Union Station by a quarter after?
弓	ユミ	７歳の時、すでに自ら弓と矢を作った。	By the age of seven, he had already made his own bow and arrows.
目の当たり	マノアタリ	見渡す限り、地震による被害を目の当たりにすることができる。	Everywhere you look you can see damage caused by the earthquake.
日米	ニチベイ	日米間の摩擦は緩和の方向に向かっています。	Frictions between Japan and the U.S. are easing up for a change.
きく	キコウ	私は彼に禁煙するように勧めたのですが、彼はどうしても私の言うことをきこうとはしませんでした。	I advised him to give up smoking, but he would not listen to me.
松島	マツシマ	松島を訪れる以前、私は仙台に１０年住んでいた。	I had lived in Sendai for ten years before I visited Matsushima.
仙台	センダイ	松島を訪れる以前、私は仙台に１０年住んでいた。	I had lived in Sendai for ten years before I visited Matsushima.
314000000000	サンイチヨンレイオク	日本の１９９８年の全世界向け輸出は３１４０億ドルを超えた。	Japan's exports to the entire world topped $314 billion in 1998.
多	サワ	日本人はアメリカが多民族国家であることを忘れてはいけない。	Japanese should not forget that America is a multiracial nation.
応対	オウタイ	店の人は私のことを知るようになり、私はいつも同じウェイトレスに応対してもらっていた。	People got to know me, and I had the same waitress all the time.
ギリシャ人	ギリシャジン	古代ギリシャ人は太陽系について私たちと同じ位よく知っていた。	The ancient Greeks knew as much about the solar system as we do.
園児	エンジ	園児たちが公園で手をつないで歩いていた。	The kindergarten children were walking hand in hand in the park.
幼稚	ヨウチ	幼稚園児たちは手をつないで公園の中を歩いていた。	The kindergarten children were walking hand in hand in the park.
観点	カンテン	今日は道徳の観点からこの問題について討論しようと思います。	Today we are going to discuss this problem in terms of morality.
ブースター	ブースター	トムはいつも車のトランクにブースターケーブルを積んでいる。	Tom always keeps a set of jumper cables in the trunk of his car.
ケーブル	ケーブル	トムはいつも車のトランクにブースターケーブルを積んでいる。	Tom always keeps a set of jumper cables in the trunk of his car.
和菓子	ワガシ	和菓子にはやっぱり日本茶が合う。	Traditional Japanese sweets really do go well with Japanese tea.
日本茶	ニホンチャ	和菓子にはやっぱり日本茶が合う。	Traditional Japanese sweets really do go well with Japanese tea.
初日の出	ハツヒノデ	トムとメアリーは初日の出を見るため早く起きた。	Tom and Mary woke up early to see the first sunrise of the year.
反対派	ハンタイハ	反対派と警察の間で武力衝突が生じた。	Violent clashes broke out between the protesters and the police.
異状	イジョウ	その事故によって私たちは異状事態に陥った。	We were faced with an unusual situation because of the accident.
今来	コンライ	ただ今来客中です。しばらくお待ちいただけますか。	We have a visitor right now. Would you mind waiting for a while?
突き進む	ツキススム	機が熟したら、大胆に突き進むべきだ。僕が側にいる。	When the time is ripe, be bold and go for it! I'll stand by you.
タンジェリン	タンジェリン	タンジェリンとミカンって何が違うの？	What's the difference between a tangerine and a mandarin orange?
便座	ベンザ	「トイレの便座からエイズが感染することってあるの？」「いいえ、ありません」	"Is it possible to catch AIDS from toilet seats?" "No, it isn't."
隊商	タイショウ	５０頭の駱駝から成る隊商が砂漠の中をゆっくりと進んでいた。	A caravan of fifty camels slowly made its way through the desert.
同月	ドウゲツ	１月の輸出は昨年の同月に比べ２０％の増加だった。	Exports in January were up 20% over the same period of last year.
闘牛	トウギュウ	彼は闘牛を見たかったが、父はどうしても彼を行かせようとはしなかった。	He wanted to see a bullfight, but his father wouldn't let him go.
明言	メイゲン	彼の秘書は、機密情報は一切漏らしていないと明言した。	His secretary flatly denied leaking any confidential information.
機密情報	キミツジョウホウ	彼の秘書は、機密情報は一切漏らしていないと明言した。	His secretary flatly denied leaking any confidential information.
長官	チョウカン	彼の公式の肩書きは環境庁長官です。	His official title is Director-General of the Environment Agency.
環境庁	カンキョウチョウ	彼の公式の肩書きは環境庁長官です。	His official title is Director-General of the Environment Agency.
速歩き	ハヤアルキ	すごい早歩きしたから、終電に間に合うことができたんだ。	I was able to catch the last train because I walked very quickly.
リース	リース	この松ぼっくりで、クリスマスのリースを作ろうと思ってるんだ。	I'm thinking of making a Christmas wreath out of these pinecones.
毅然	キゼン	子供たちに毅然とした態度を取らなければ、手が付けられなくなるでしょう。	If you are not firm with the children, they will get out of hand.
温め	ヌルメ	メアリーは熱々のコーヒーが好きだけど、トムはぬるめが好きなんだ。	Mary likes her coffee steaming hot, while Tom likes his lukewarm.
埼玉銀行	サイタマギンコウ	１０年前に協和銀行と埼玉銀行は合併してあさひ銀行になった。	Kyowa Bank and Saitama Bank merged into Asahi Bank ten years ago.
あさひ	アサヒ	１０年前に協和銀行と埼玉銀行は合併してあさひ銀行になった。	Kyowa Bank and Saitama Bank merged into Asahi Bank ten years ago.
協和	キョウワ	１０年前に協和銀行と埼玉銀行は合併してあさひ銀行になった。	Kyowa Bank and Saitama Bank merged into Asahi Bank ten years ago.
身籠もる	ミゴモッ	妻が初めて身ごもった時は、つわりがひどかった。	My wife had terrible morning sickness during her first pregnancy.
悪阻	オソ	妻が初めて妊娠した時は、つわりがひどかった。	My wife had terrible morning sickness during her first pregnancy.
サンジャシント	サンジャシント	サンジャシントの戦いは午後4時に始まった。	The Battle of San Jacinto began at four o'clock in the afternoon.
疑問視	ギモンシ	彼の経営手腕を疑問視する役員もいた。	Some board members questioned his ability to run the corporation.
手腕	シュワン	彼の経営手腕を疑問視する役員もいた。	Some board members questioned his ability to run the corporation.
設ける	モウケル	政府は委員会を設けてその事故の解明にあたらせた。	The government appointed a committee to investigate the accident.
転換	テンカン	政府は外交政策の転換を余儀なくされた。	The government was obliged to make changes in its foreign policy.
外交	ガイコウ	政府は外交政策の転換を余儀なくされた。	The government was obliged to make changes in its foreign policy.
がやがや	ガヤガヤ	先生が教室から離れた途端、ガヤガヤと騒がしくなった。	The moment the teacher left the classroom, it became quite noisy.
盗品	トウヒン	警察は盗品を一ヶ月近く探し続けた。	The police kept looking for a stolen article for about one month.
行進	コウシン	315羽の桃色のうさぎが高速道路を行進した。	Three hundred and fifteen pink rabbits marched along the highway.
315	サンイチゴ	315羽の桃色のうさぎが高速道路を行進した。	Three hundred and fifteen pink rabbits marched along the highway.
ふくらし粉	フクラシコ	このケーキを作るためには膨らし粉と無塩バターが必要だ。	To make this cake, you'll need baking powder and unsalted butter.
無塩	ムエン	このケーキを作るためには膨らし粉と無塩バターが必要だ。	To make this cake, you'll need baking powder and unsalted butter.
ニーズ	ニーズ	彼らは高齢者特有のニーズを考慮に入れるのを怠った。	They failed to take into account the special needs of old people.
両国間	リョウコクカン	今にも両国間に貿易摩擦が生じそうだ。	Trade friction might arise between the two nations at any moment.
手直し	テナオシ	家を購入してからいろいろ手直しをしてきた。	We've made numerous improvements to our house since we bought it.
助け船	タスケブネ	私が質問に答えられないでいると、彼が助け舟を出してくれた。	When I didn't know how to answer the question, he gave me a hint.
テール	テール	いつもポニーテールばっかじゃん。たまにはツインテールにしてみたら？	You always wear a ponytail. Why not try pigtails once in a while?
ポニーテール	ポニーテール	いつもポニーテールばっかじゃん。たまにはツインテールにしてみたら？	You always wear a ponytail. Why not try pigtails once in a while?
ツイン	ツイン	いつもポニーテールばっかじゃん。たまにはツインテールにしてみたら？	You always wear a ponytail. Why not try pigtails once in a while?
当事者	トウジシャ	お前は当事者じゃないから、そんなのんきなこと言ってられるんだよ。	You wouldn't be so casual about it if you were directly involved.
立腹	リップク	たとえあなたが立腹していたとしていても、あんな事を言うべきではなかった。	You shouldn't have made such a remark even if you had been angry.
震災後	シンサイゴ	震災後このエリアの地価は大きく下がった。	After the earthquake, the land value in this area went down a lot.
ALS	エーエルエス	ＡＬＳは、体を動かすのに必要な神経と筋肉を徐々に破壊してしまう。	ALS slowly destroys the nerves and muscles needed for moving your body.
レバレッジド	レバレッジド	投資家グループは、レバレッジドバイアウトを企んでいる。	An investors' group is attempting a leveraged buy-out of the firm.
バイアウト	バイアウト	投資家グループは、レバレッジドバイアウトを企んでいる。	An investors' group is attempting a leveraged buy-out of the firm.
ぴしゃり	ピシャリ	彼の無礼な返事に彼女はかっとなって彼の顔をぴしゃりとたたいた。	Because of his impolite reply, she got angry and slapped his face.
ブローカー	ブローカー	利益追求に必死のブローカーは、必ずしもルールブックにのっとっているとは限らないのです。	Brokers struggling to make a profit don't always play by the book.
追求	ツイキュウ	人間は、自分でそれを意識しているといないとにかかわらず、幸福を追求し続けています。	Human beings, whether they realize it or not, continually seek happiness.
のっとる	ノットッ	利益追求に必死のブローカーは、必ずしもルールブックにのっとっているとは限らないのです。	Brokers struggling to make a profit don't always play by the book.
lbo	lbo	投資家グループは、LBOを企てています。	An investors' group is attempting a leveraged buy-out of the firm.
顔文字	カオモジ	顔文字と絵文字の違いを知ってる？	Do you know what the differences between emoticons and emojis are?
濯ぐ	ススイ	歯を磨いた後、すぐに口をすすいでますか？	Do you rinse out your mouth immediately after brushing your teeth?
若しくは	モシクワ	過去３週間で、オーストラリアもしくはニュージーランドに行ったことがありますか？	Have you been to Australia or New Zealand in the past three weeks?
400000000	ヨンオク	４億人の人が英語を第一言語として話します。	Four hundred million people speak English as their first language.
ちょっくら	チョックラ	そんなの忘れてちょっくら晩飯でも食いにこいや。	Forget your troubles for a while and come and have dinner with us.
育児	イクジ	育児のために仕事を辞めようと考えたことはありますか？	Have you ever considered quitting your job to raise your children?
諍い	イサカイ	彼は僕と父さんとの諍いを知らないみたいだ。	He seems not to be aware of the conflict between my father and me.
上げ底	アゲゾコ	よく見てごらん。その箱は上げ底になってるから。	If you look carefully, you'll see that the box has a false bottom.
加算	カサン	家賃の支払いが5日を過ぎると、延滞料金が加算されます。	If your rent comes in past the fifth, a late charge will be added.
延滞料金	エンタイリョウキン	家賃の支払いが5日を過ぎると、延滞料金が加算されます。	If your rent comes in past the fifth, a late charge will be added.
プロセッサー	プロセッサー	今日のコンピュータには大抵マルチコアプロセッサが装備されている。	Most computers made today are equipped with multi-core processors.
装備	ソウビ	今日のコンピュータには大抵マルチコアプロセッサが装備されている。	Most computers made today are equipped with multi-core processors.
マルチコア	マルチコア	今日のコンピュータには大抵マルチコアプロセッサが装備されている。	Most computers made today are equipped with multi-core processors.
起因	キイン	自動車事故の大部分が運転者の不注意に起因する。	Most car accidents happen because drivers aren't paying attention.
エピソード	エピソード	でもほんとに、エピソード21には涙が出るほど笑ったよ。	Seriously though, episode 21 made me laugh so hard I almost cried.
損害賠償	ソンガイバイショウ	裁判所は、私に損害賠償として10万ドルの支払いを命じた。	The court ordered me to pay a hundred thousand dollars in damages.
預言者	ヨゲンシャ	預言者は何世紀もの間、この世の終わりを予言し続けてきた。	Prophets have been forecasting the end of the world for centuries.
有難み	アリガタミ	健康を失って初めて健康のありがたみがわかる。	People do not know the blessing of good health until they lose it.
幹線	カンセン	この前、混雑した幹線道路の真ん中でガス欠してしまったんです。	The other day I ran out of gas in the middle of a busy Interstate.
敵陣	テキジン	大将は敵陣に攻撃をかける決断を下した。	The general decided to launch an offensive against the enemy camp.
大将	タイショウ	大将は敵陣に攻撃をかける決断を下した。	The general decided to launch an offensive against the enemy camp.
見積もる	ミツモラ	今年の鉄鋼生産は１億トンに達するものと見積もられている。	Steel production is estimated to reach 100 million tons this year.
鉄鋼	テッコウ	今年の鉄鋼生産は１億トンに達するものと見積もられている。	Steel production is estimated to reach 100 million tons this year.
襲撃	シュウゲキ	同盟軍はバグダッドの検問所で彼女の車を襲撃した。	The coalition force fired at her car at the checkpoint in Baghdad.
検問所	ケンモンショ	同盟軍はバグダッドの検問所で彼女の車を襲撃した。	The coalition force fired at her car at the checkpoint in Baghdad.
バグダッド	バグダッド	同盟軍はバグダッドの検問所で彼女の車を襲撃した。	The coalition force fired at her car at the checkpoint in Baghdad.
釜	カマ	きのう交差点でお釜を掘られちゃったよ。	Someone ploughed into me from behind at an intersection yesterday.
暴力的	ボウリョクテキ	マーティン・ルーサー・キングの非暴力的な活動は、多くの人々に影響を与えた。	The nonviolent actions of Martin Luther King inspired many people.
ルーサー	ルーサー	マーティン・ルーサー・キングの非暴力的な活動は、多くの人々に影響を与えた。	The nonviolent actions of Martin Luther King inspired many people.
マーティン	マーティン	マーティン・ルーサー・キングの非暴力的な活動は、多くの人々に影響を与えた。	The nonviolent actions of Martin Luther King inspired many people.
労使	ロウシ	労使間の話し合いはうやむやに終わった。	The talk between labor and management yielded no definite results.
有耶無耶	ウヤムヤ	労使間の話し合いはうやむやに終わった。	The talk between labor and management yielded no definite results.
1982	イチキュウハチニ	１９９２年には、大学志願者の数は１９８２年の２倍となった。	There were twice as many university applicants in 1992 as in 1982.
志願者	シガンシャ	１９９２年には、大学志願者の数は１９８２年の２倍となった。	There were twice as many university applicants in 1992 as in 1982.
1992	イチキュウキュウニ	１９９２年には、大学志願者の数は１９８２年の２倍となった。	There were twice as many university applicants in 1992 as in 1982.
殺し	コロシ	彼らは彼を殺しはしなかった。ただ警告の意味で殴ったり蹴ったりした。	They didn't kill him. They just roughed him up a bit as a warning.
続行	ゾッコウ	その計画は強い反対にもかかわらず続行された。	They carried on with the plan in spite of strong objections to it.
代々	ダイダイ	この伝統は代々受け継がれている。	This tradition has been passed down from generation to generation.
出願	シュツガン	１つ１つの出願を１件ずつ考慮しなければならないだろう。	We will have to consider each application on a case-by-case basis.
コ	コ	トムは高校の2コ下の後輩です。	Tom and I went to the same high school. He was two years below me.
ネットカフェ	ネットカフェ	トムは終電を逃し、ネットカフェで一夜を過ごした。	Tom missed the last train and spent the night at an Internet cafe.
悪ふざけ	ワルフザケ	悪ふざけをすると女の子に嫌われるよ。	You will be disliked by girls if you play practical jokes on them.
月初	ツキハジメ	家賃は常に月初に払うことになっています。	You're supposed to always pay your rent on the first of the month.
地味	ジミ	就職の面接には派手なネクタイよりも地味なネクタイの方が好ましい。	A conservative tie is preferable to a loud one for a job interview.
好ましい	コノマシイ	就職の面接には派手なネクタイよりも地味なネクタイの方が好ましい。	A conservative tie is preferable to a loud one for a job interview.
屏風	ビョウブ	坊主が屏風に上手に坊主の絵を描いた。	A priest skillfully drew a picture of a priest on a folding screen.
本番	ホンバン	本番は、緊張して足がガタガタ震えてました。	During the performance, I was so nervous that my legs were shaking.
飛行艇	ヒコウテイ	ボーイング社は海上自衛隊用の飛行艇を開発しました。	Boeing developed a flying boat for the Maritime Self-Defense Force.
海上自衛隊	カイジョウジエイタイ	ボーイング社は海上自衛隊用の飛行艇を開発しました。	Boeing developed a flying boat for the Maritime Self-Defense Force.
ボーイング	ボーイング	ボーイング社は海上自衛隊用の飛行艇を開発しました。	Boeing developed a flying boat for the Maritime Self-Defense Force.
人間性	ニンゲンセイ	人の幸福は財産よりも人間性で決まる。	A man's happiness depends on what he is rather than on what he has.
多様性	タヨウセイ	現行法は人種の多様性を考慮に入れていない。	Existing legislation does not take diversity of races into account.
現行法	ゲンコウホウ	現行法は人種の多様性を考慮に入れていない。	Existing legislation does not take diversity of races into account.
FTP	エフティーピー	私どものファイルにアクセスするためのＦＴＰの使い方を添付します。	I have attached instructions on how to use FTP to access our files.
メーク	メイク	彼女のファッションセンスが好きだ。服装やメイクがいつもキマっている。	I like her sense of style. Her clothes and makeup always look good.
成人の日	セイジンノヒ	成人の日は、みんなが着てる色鮮やかな着物を眺めるのが大好きなんです。	I love looking at everyone's colorful kimonos on Coming of Age Day.
展	テン	私は、昨年東京で催された現代美術展には、すべて出かけました。	I went to every modern art show that took place in Tokyo last year.
多め	オオメ	お茶の葉はもう少し多めに入れたほうがおいしいですよ。	If you put more tea leaves into the pot, the tea will taste better.
1956	イチキュウゴロク	１９５５年にガンが再発し、彼女は１９５６年に４２歳で亡くなった。	In 1955, the cancer returned and she died in 1956 at the age of 42.
婚姻	コンイン	我々の文化においては、あなたは同時に二人の女性と婚姻することはできない。	In our culture, you can't be married to two women at the same time.
生き写し	イキウツシ	トムは外見も性格も父親に生き写しだ。	In both appearance and personality, Tom is exactly like his father.
担当医	タントウイ	担当医は私に1日3回、目薬をさすように言った。	My doctor told me to put the eyedrops in my eyes three times a day.
裏返る	ウラガエッ	あの日は風が強くてさ、風で傘が裏返っちゃったんだ。	It was very windy that day, and I had my umbrella blown inside out.
高レベル	コウレベル	それは高レベルの集中力を必要とする種類の仕事だ。	It's the sort of work that calls for a high level of concentration.
梃入れ	テコイレ	その会社にてこ入れするために数百万ドルが使われた。	Millions of dollars have been spent trying to shore up the company.
風邪薬	カゼグスリ	喉が痛くて、熱があります。風邪薬はありますか。	My throat hurts, and I have a fever. Can I have some cold medicine?
フロイト	フロイト	フロイトほど夢の理解に貢献した人はいない。	Nobody contributed to the understanding of dreams as much as Freud.
食する	ショクシ	人類は太古の昔から指を用いて食べ物を食してきたのである。	People have eaten with their fingers from the beginning of history.
籠の鳥	カゴノトリ	籠の鳥に水とえさをまいにちやるようにしてください。	Please see that the birds in the cage get water and food every day.
瑞	ズイ	瑞は仏・伊・墺・独に取り囲まれている。	Switzerland is situated between France, Italy, Austria and Germany.
伊	イ	瑞は仏・伊・墺・独に取り囲まれている。	Switzerland is situated between France, Italy, Austria and Germany.
墺	オウ	瑞は仏・伊・墺・独に取り囲まれている。	Switzerland is situated between France, Italy, Austria and Germany.
独	ドク	瑞は仏・伊・墺・独に取り囲まれている。	Switzerland is situated between France, Italy, Austria and Germany.
太利	フトリ	瑞西は仏蘭西・伊太利・墺太利・独逸に囲まれている。	Switzerland is situated between France, Italy, Austria and Germany.
煽る	アオル	その火は東風にあおられて市の中心部を焼き尽くした。	The fire, driven by an east wind, destroyed the center of the city.
東風	トウフウ	その火は東風にあおられて市の中心部を焼き尽くした。	The fire, driven by an east wind, destroyed the center of the city.
強力	キョウリョク	敵の防御は強力だったが我々は突破しようと試みた。	Though the enemy's defenses were strong, we tried to break through.
歓喜	カンキ	遠くに灯りを見つけ、旅人は歓喜した。	The traveler was delighted at the sight of a light in the distance.
英作文	エイサクブン	先生は私の英作文の誤りをいくつか指摘した。	The teacher pointed out several mistakes in my English composition.
適者	テキシャ	これはいわゆる適者生存の例である。	This is an example of the survival of the fittest, as it is called.
兵役	ヘイエキ	彼は兵役中は軍隊の厳しい規則に従っていた。	When he was in the military, he conformed to the strict army rules.
踵	カカト	シューズに名前を書くときは、かかとに書いてください。	When writing your name on your shoes, please write it on the heels.
双眼鏡	ソウガンキョウ	トムは車のグローブボックスに双眼鏡を入れている。	Tom keeps a pair of binoculars in the glove compartment of his car.
潜む	ヒソム	日常に潜む美を見つけるのに芸術家である必要はない。	You don't have to be an artist to find the beauty in everyday life.
武士	ブシ	武士は食わねど高楊枝。	A samurai, even when he has not eaten, uses a toothpick like a lord.
高楊枝	タカヨウジ	武士は食わねど高楊枝。	A samurai, even when he has not eaten, uses a toothpick like a lord.
村民	ソンミン	いなくなった猫を捜しに、村民総出で山に行きました。	All the villagers went out into the hills to look for a missing cat.
金市場	キンシジョウ	チューリッヒはロンドンに次ぐ世界第二位の金市場である。	Zurich is the second largest gold market in the world after London.
チューリッヒ	チューリッヒ	チューリッヒはロンドンに次ぐ世界第二位の金市場である。	Zurich is the second largest gold market in the world after London.
逃走中	トウソウチュウ	５人の囚人は捕まったが、残り３人は今も逃走中だ。	Five prisoners were recaptured, but three others are still at large.
設定	セッテイ	サーバーへの接続に失敗しました。ネットワーク設定を確認してください。	Connection to the server failed. Please check your network settings.
ネットワーク	ネットワーク	サーバーへの接続に失敗しました。ネットワーク設定を確認してください。	Connection to the server failed. Please check your network settings.
ワルツ	ワルツ	リストの「忘れられたワルツ第3番」は隠れた名曲だと思う。	I think that Liszt's "Forgotten Waltz No.3" is a hidden masterpiece.
名曲	メイキョク	リストの「忘れられたワルツ第3番」は隠れた名曲だと思う。	I think that Liszt's "Forgotten Waltz No.3" is a hidden masterpiece.
埋蔵	マイゾウ	宝の埋蔵場所をトムに話したのは間違いだと思った。	I thought it was a mistake to tell Tom where we buried the treasure.
滑り下りる	スベリオリル	冬に家のそばの小さな丘を滑り降りるのが好きです。	In the winter, I like to sled down the small hill close to our home.
反逆罪	ハンギャクザイ	国によっては、国家反逆罪の刑罰が終身刑ということもあり得る。	In some countries, the punishment for treason can be life in prison.
立ち読み	タチヨミ	本屋でブラブラと立ち読みしている高校生も多いです。	Many high school students hang around at book stores reading comics.
彷徨く	ウロツク	本屋をうろつきながら立ち読みをしている高校生も少なくありません。	Many high school students hang around at book stores reading comics.
ブランデンブルク	ブランデンブルク	世界一の大きさを誇る室内ビーチは、ドイツのブランデンブルクにあります。	The world's largest indoor beach is located in Brandenburg, Germany.
3.4	サン．ヨン	2015年9月の日本の失業率は3.4パーセントだった。	The unemployment rate in Japan was 3.4 percent in September of 2015.
2015	ニレイイチゴ	2015年9月の日本の失業率は3.4パーセントだった。	The unemployment rate in Japan was 3.4 percent in September of 2015.
転校生	テンコウセイ	隣のクラスの転校生、超イケメンだって。	The transfer student in the other class is a super good-looking guy.
乗り気	ノリキ	トムは、メアリーほどそれについて乗り気ではないようだ。	Tom doesn't seem to be as passionate about that as Mary seems to be.
初婚	ショコン	トムの新しい奥様ってね、初婚の時の娘さんよりも若いのよ。	Tom's new wife is younger than his daughter from his first marriage.
密集	ミッシュウ	世界で一番人口が密集している国はどこですか？	What's the country with the highest population density in the world?
余生	ヨセイ	引退したら余生を田舎で過ごしたいんだ。	When I retire, I'd like to spend the rest of my life in the country.
留置場	リュウチジョウ	抗議することもできないうちに、僕は手錠をかけられ、留置場に送られていた。	Before I could protest, I was handcuffed and was on my way to prison.
比例	ヒレイ	労働者には、その年齢にではなく、その持っている技術に比例して、給料が支払われるべきだ。	A working man should be paid in proportion to his skill, not his age.
取扱説明書	トリアツカイセツメイショ	あなたは熱交換器の取扱説明書をこちらでダウンロードできます。	You can download the instruction manual for the heat exchanger here.
代わる	カワラ	カセットテープは人気の点でＣＤにとって代わられたようだ。	Cassette tapes seem to have given way to compact disks in popularity.
カセットテープ	カセットテープ	カセットテープは人気の点でＣＤにとって代わられたようだ。	Cassette tapes seem to have given way to compact disks in popularity.
手軽	テガル	たまごサンドは安くて手軽に作れてよく食べます。	Egg salad sandwiches are cheap and easy to make, so I often eat them.
タイプライター	タイプライター	もし一ヶ月でこのタイプライターを完全に使いこなせたら、きみのものにしておいてもよい。	If you can use this typewriter perfectly in a month, you may keep it.
人一倍	ヒトイチバイ	レギュラーになるなら、人一倍頑張らなくっちゃ。	If I'm to become a regular, I have to work twice as hard as the rest.
書き移す	カキウツシ	彼女は本の絵をノートに書き移した。	In her notebook, she drew a copy of the picture that was in the book.
中年	チュウネン	最近、お腹の周りに肉がついてきたみたい。中年太りかな。	My waist size has recently increased. I guess it's middle-age spread.
太り	フトリ	最近、お腹の周りに肉がついてきたみたい。中年太りかな。	My waist size has recently increased. I guess it's middle-age spread.
車内	シャナイ	混んでいるバスの車内では、若者はお年寄りに席を譲るべきだ。	On crowded buses, young people should give their seats to old people.
立件	リッケン	警察が医療事故の立件に消極的だ。	The police are reluctant to pursue criminal charges in medical cases.
遺留品	イリュウヒン	強盗は遺留品の一つから足がついた。	The burglar was traced by one of the things he had left on the scene.
行き付け	イキツケ	近所に行きつけの店があるから、今日はそこでランチを食べよう。	There's a restaurant I frequent nearby. Let's have lunch there today.
役員会	ヤクインカイ	来週の火曜日に役員会がその提案を検討することになっている。	The board of directors is going to discuss the proposal next Tuesday.
企み	タクラミ	私の知る限り、彼はその詐欺の企みには関与していません。	To the best of my knowledge, he wasn't involved in that fraud scheme.
英検	エイケン	君の成功は英検の試験に合格するかどうかにかかっている。	Your success depends on whether you pass the STEP examination or not.
ドクター	ドクター	ここに座って、ドクターの質問に答えるだけでいいんですよ。	All you have to do is sit down here and answer the doctor's questions.
特殊効果	トクシュコウカ	私は特殊効果がすばらしいので「ターミネーター」が好きです。	I like the Terminator films because the special effects are fantastic.
ターミネーター	ターミネーター	私は特殊効果がすばらしいので「ターミネーター」が好きです。	I like the Terminator films because the special effects are fantastic.
失業者	シツギョウシャ	失業者の数が最近、増加しているそうだ。	I hear that the number of the unemployed has been increasing recently.
就任	シュウニン	専務取締役ご就任と聞き、大変喜ばしく思いました。	I was delighted to hear of your promotion to Senior Managing Director.
喜ばしい	ヨロコバシイ	専務取締役ご就任と聞き、大変喜ばしく思いました。	I was delighted to hear of your promotion to Senior Managing Director.
専務	センム	専務取締役ご就任と聞き、大変喜ばしく思いました。	I was delighted to hear of your promotion to Senior Managing Director.
取締役	トリシマリヤク	専務取締役ご就任と聞き、大変喜ばしく思いました。	I was delighted to hear of your promotion to Senior Managing Director.
同封	ドウフウ	返信が必要な場合は、返信用封筒に切手を貼って同封してください。	If you need a reply, please enclose a stamped self-addressed envelope.
返信用封筒	ヘンシンヨウフウトウ	返信が必要な場合は、返信用封筒に切手を貼って同封してください。	If you need a reply, please enclose a stamped self-addressed envelope.
金融	キンユウ	現代の金融は一段と複雑かつ高度になってきている。	Modern finance is becoming increasingly complicated and sophisticated.
新幹線	シンカンセン	新幹線なら、名古屋から東京もそんなに遠く感じないよ。	If you travel by Shinkansen, it doesn't seem far from Nagoya to Tokyo.
工業化	コウギョウカ	日本は工業化の結果急激な変貌を遂げた。	Japan has undergone a drastic change as a result of industrialization.
変貌	ヘンボウ	日本は工業化の結果急激な変貌を遂げた。	Japan has undergone a drastic change as a result of industrialization.
同日	ドウジツ	同日にアポロ１１号が月面着陸に成功した。	On the same day, Apollo 11 succeeded in landing on the moon's surface.
アポロン	アポロ	同日にアポロ１１号が月面着陸に成功した。	On the same day, Apollo 11 succeeded in landing on the moon's surface.
ヘクタール	ヘクタール	何千ヘクタールもの熱帯雨林が毎日失われている。	Thousands of hectares of tropical rainforest are being lost every day.
熱帯雨林	ネッタイウリン	何千ヘクタールもの熱帯雨林が毎日失われている。	Thousands of hectares of tropical rainforest are being lost every day.
歳入	サイニュウ	政府は他の歳入源を考え出すほかない。	The administration cannot but look for alternative sources of revenue.
考え出す	カンガエダス	政府は他の歳入源を考え出すほかない。	The administration cannot but look for alternative sources of revenue.
論点	ロンテン	「結論」の目的は論文の主要な論点を要約することだ。	The purpose of a conclusion is to sum up the main points of the essay.
指し示す	サシシメス	老人に教会の場所を聞かれて、私はそれを指し示した。	When I was asked by an old man where the church was, I pointed it out.
コンパクトカー	コンパクトカー	通常、4WDはコンパクトカーより燃費がかなり悪くなるでしょう。	A four-by-four will usually have much worse gas mileage than a compact.
WD	ダブリューディー	通常、4WDはコンパクトカーより燃費がかなり悪くなるでしょう。	A four-by-four will usually have much worse gas mileage than a compact.
四駆	ヨンク	普通、4駆は小型車よりかなり燃費が落ちるでしょう。	A four-by-four will usually have much worse gas mileage than a compact.
瞬時	シュンジ	コンピューターは、非常に複雑な仕事を瞬時にすることができる。	Computers are capable of doing very complicated work in a split second.
さく	サイ	すみませんが、２～３分時間をさいていただけませんか。お願いがあるんです。	Excuse me, could you spare me a few minutes? I have a favor to ask you.
更なる	サラナル	更なるリサーチが計画されていましたが、資金不足のため、できませんでした。	Further research was planned but not completed, due to lack of funding.
リサーチ	リサーチ	更なるリサーチが計画されていましたが、資金不足のため、できませんでした。	Further research was planned but not completed, due to lack of funding.
事故る	ジコル	あんな運転ばかりしてたら、あいつ、そのうち事故るぞ。	He'll have an accident one of these days if he keeps driving like that.
長野	ナガノ	彼って長野に住んでいるはずなのに、なんで東京駅にいる？	He's supposed to be living in Nagano. What's he doing at Tokyo station?
横取り	ヨコドリ	人の手柄を横取りするような真似はしたくない。	I don't want it to look like I'm taking credit for someone else's work.
ホットコーヒー	ホットコーヒー	私はホットコーヒーに氷を入れるのが好きです。大抵熱すぎるので。	I like to put an ice cube into my coffee, because it's usually too hot.
へま	ヘマ	こんなへまをして、穴があったら入りたいよ。	I've botched things up so bad I wish I could find a hole to climb into.
都	ト	間取りも狭いし、周りもうるさいけど、住めば都なんだよ、この部屋。	It's a small noisy apartment, but it's where I live and I call it home.
間取り	マドリ	間取りも狭いし、周りもうるさいけど、住めば都なんだよ、この部屋。	It's a small noisy apartment, but it's where I live and I call it home.
エリート	エリート	概して、このエリート組には男性が３、４人だけ含まれていた。	In general, this elite group included only three to four men at a time.
不振	フシン	自動車産業の不振で多くの人が職を失うだろう。	Many people will lose their jobs due to the slump in the auto industry.
ジェームズ	ジェームズ	１６０３年、ジェームズ一世が政権の座についたとき、フットボールは再び許可されたのです。	In 1603, when King James I came into power, football was allowed again.
一世	カズヨ	１６０３年、ジェームズ一世が政権の座についたとき、フットボールは再び許可されたのです。	In 1603, when King James I came into power, football was allowed again.
価値観	カチカン	価値観の違う人とうまくやっていくのは難しい。	It is difficult to relate to someone who has different values from you.
支社	シシャ	彼女は、先月本社から支社に飛ばされたわ。	She was transferred from the head office to a branch office last month.
給水池	キュウスイチ	同ダムは、当時世界最大の給水池を創った。	The dam created the world's largest water supply reservoir at the time.
ツール	ツール	翻訳ツールのおかげで外国のサイトもよく見るようになった。	Thanks to translation tools, I often visit websites in other countries.
欠如	ケツジョ	問題の原因は部署間のコミュニケーションの欠如にある。	The root of the problem is a lack of communication between departments.
照合	ショウゴウ	警察は、銃の指紋とドアに付着した指紋を照合した。	The police compared the fingerprints on the gun with those on the door.
足留め	アシドメ	渋滞で３０分の足止めを食らっちゃって、それで到着が遅れたんだ。	We were held up for half an hour in the traffic and so we arrived late.
チキンパイ	チキンパイ	トムはシャンパンとチキンパイの残りをがつがつと平らげた。	Tom eagerly finished up what was left of the champagne and chicken pie.
スコッチ	スコッチ	トムは自分の書類カバンからスコッチのボトルを取り出し、メアリーに手渡した。	Tom took the bottle of Scotch from his briefcase and handed it to Mary.
埋め合わす	ウメアワス	列車の代わりに飛行機に乗ることによって失った時間を埋め合わすことができる。	You can make up for lost time by taking an airplane instead of a train.
結婚後	ケッコンゴ	結婚後、わたしの日本語は上達し、より理解できるようになった。	After I got married, my Japanese got better and I could understand more.
レーシングドライバイー	レーシングドライバイー	レーシングドライバイーの道に進むこと、真剣に考えているの？	Are you seriously thinking about pursuing a career as a race car driver?
メイン	メイン	データは、メインコンピューターから自分のものに転送できるし、またその逆もできる。	Data can be transmitted from the main computer to yours, and vice versa.
物見	モノミ	もっとしっかり仕事をしてよ。今回は物見遊山の旅じゃないんだから。	Buckle down and get to work. Do you think we're on a Sunday picnic here?
遊山	ユサン	もっとしっかり仕事をしてよ。今回は物見遊山の旅じゃないんだから。	Buckle down and get to work. Do you think we're on a Sunday picnic here?
症例	ショウレイ	ヨーロッパには今ではこの病気の新たな症例は全くないと報道されている。	Europe is now reported to be entirely free of new cases of this disease.
禎子	サダコ	先生は禎子の手からそっと折り紙を取り、「もう休みなさい」と言った。	He gently took the paper out of her hands and said, "It's time to rest."
掌	テノヒラ	私はひざを曲げずに両方の手のひらを床に付けることができる。	I can place the palms of my hands on the floor without bending my knees.
フレデリック	フレデリック	フレデリック・ショパンは7歳で最初の作品を書いた。	Frederic Chopin wrote his first composition when he was seven years old.
割り出す	ワリダス	私たちのシステムにハッキングしたのが誰かを割り出すのは、たいして難しいことではないよ。	I'm sure it wouldn't be too hard to find out who hacked into our system.
ハッキング	ハッキング	私たちのシステムにハッキングしたのが誰かを割り出すのは、たいして難しいことではないよ。	I'm sure it wouldn't be too hard to find out who hacked into our system.
ユニット	ユニット	２０ユニット以上注文したら、値引きしていただけますか。	If we place an order for more than 20 units, would you reduce the price?
子息	シソク	ご子息のご結婚を心よりお祝い申し上げます。	Please accept our heartiest congratulations on the marriage of your son.
ミキサー	ミキサー	彼は野菜を食べる代わりに、ミキサーにかけて飲む。	Instead of eating vegetables, he puts them in a blender and drinks them.
しゃしゃり出る	シャシャリデ	お前には関係ない事なんだから、しゃしゃり出て事態をややこしくするなよ。	It's none of your business, so don't mess up things by getting involved.
四半期	シハンキ	同社は第一四半期に４億ドルの欠損を出した。	The company incurred a deficit of $400 million during the first quarter.
欠損	ケッソン	同社は第一四半期に４億ドルの欠損を出した。	The company incurred a deficit of $400 million during the first quarter.
灌漑	カンガイ	ワイン畑の中には、未だ地下水を使用した灌漑を選択するところもある。	Some vineyards still choose to irrigate using underground water sources.
地下水	チカスイ	ワイン畑の中には、未だ地下水を使用した灌漑を選択するところもある。	Some vineyards still choose to irrigate using underground water sources.
年数	ネンスウ	トムがさ、うちの親が離婚する前の結婚年数を聞いてきたんだ。	Tom asked me how long my parents had been married before they separated.
遭難	ソウナン	船長は無線通信士に遭難信号を打つように命令した。	The ship's captain ordered the radio operator to send a distress signal.
通信士	ツウシンシ	船長は無線通信士に遭難信号を打つように命令した。	The ship's captain ordered the radio operator to send a distress signal.
隔離	カクリ	病院は院内感染を防ぐため、感染患者を隔離した。	The hospital quarantined the infected patients to avoid cross infection.
院内	インナイ	病院は院内感染を防ぐため、感染患者を隔離した。	The hospital quarantined the infected patients to avoid cross infection.
クリスマスパーティー	クリスマスパーティー	トムはクリスマスイブに自分の家でクリスマスパーティーを開く予定だ。	Tom is planning to have a Christmas party at his house on Christmas Eve.
噛み合う	カミアッ	なんか、話が噛み合ってないよね？	We aren't really on the same page with what we're talking about, are we?
一夜漬け	イチヤヅケ	学生時代のテストはいつも一夜漬けでした。	When I was a college student, I always pulled all-nighters before tests.
川添	カワゾエ	会議で川添さんの追及を受けて、冷や汗ものだったよ。	When Kawazoe pinned me down at the meeting, I broke out in a cold sweat.
追及	ツイキュウ	会議で川添さんの追及を受けて、冷や汗ものだったよ。	When Kawazoe pinned me down at the meeting, I broke out in a cold sweat.
易者	エキシャ	昨日の易者の占いなんか気にすることないよ。	What that fortuneteller said yesterday is nothing to be concerned about.
占い	ウラナイ	昨日の易者の占いなんか気にすることないよ。	What that fortuneteller said yesterday is nothing to be concerned about.
発泡酒	ハッポウシュ	ビールは麦芽の含有量によって課税されるから、発泡酒の方が安いんだよ。	Beer is taxed according to its malt content, so low-malt beer is cheaper.
ガール	ガール	良いボールボーイやボールガールは精神を集中することができ、また、速く走ることができなければならない。	A good ballboy or ballgirl must be able to concentrate hard and run fast.
ボールボーイ	ボールボーイ	良いボールボーイやボールガールは精神を集中することができ、また、速く走ることができなければならない。	A good ballboy or ballgirl must be able to concentrate hard and run fast.
二卵性	ニランセイ	「似てないわよね」「二卵性だからね」	"You don't look like each other." "That's because we're fraternal twins."
偏る	カタヨル	ハンバーガーばかり食べていると、栄養が偏るよ。	Your diet is going to be really unbalanced if all you eat is hamburgers.
冥王星	メイオウセイ	昔々、冥王星がまだ惑星だったころ、トムという男の子がいました。	A long time ago when Pluto was still a planet, there was a boy named Tom.
穣崇	シゲタカ	絵文字は、１９９９年に日本の芸術家である栗田穣崇さんによって紹介されたのが始まりです。	Emojis were first introduced in 1999 by Japanese artist Shigetaka Kurita.
栗田	クリタ	絵文字は、１９９９年に日本の芸術家である栗田穣崇さんによって紹介されたのが始まりです。	Emojis were first introduced in 1999 by Japanese artist Shigetaka Kurita.
寝転ぶ	ネコロブ	僕は少年の頃よく草の上に寝転んで白い雲を眺めたものだった。	As a boy, I used to lie on my back on the grass and look at white clouds.
許可証	キョカショウ	ちょっとまて、君。許可証がなければここへは入れないよ。	Hold your horses, young man. You can't enter here unless you have a pass.
一時停止	イチジテイシ	彼は一時停止の標識を見ていなかったので、通りを渡ろうとしていた子供をもう少しではねてしまうところだった。	He didn't see the stop sign and almost hit the child crossing the street.
メット	メット	トムがメットつけてたら、あんなひどい怪我してなかったよ。	If Tom had been wearing a helmet, he wouldn't have been injured so badly.
セーフティー	セイフティ	もしあればセイフティボックスに貴重品を保管したいのですが。	I'd like to put my valuables in a safe deposit box, if any are available.
適正	テキセイ	従業員を満足させたいのであれば、彼らに適正賃金を支払わなければならない。	If you want your workers to be happy, you need to pay them a decent wage.
証明書	ショウメイショ	もし予防接種証明書があったらお持ちください。	If you have a certificate of immunization, please bring it when you come.
曇天	ドンテン	曇天の日は晴天のときより音がよく聞こえるのです。	On cloudy days, you can hear distant sounds better than in clear weather.
修道女	シュウドウジョ	マザー・テレサはインドのカルカッタに住んで働いていたカトリックの修道女であった。	Mother Teresa was a Catholic nun who lived and worked in Calcutta, India.
カルカッタ	カルカッタ	マザー・テレサはインドのカルカッタに住んで働いていたカトリックの修道女であった。	Mother Teresa was a Catholic nun who lived and worked in Calcutta, India.
スプートニク	スプートニク	世界初の人工衛星はスプートニク1号で、ロシアにより1957年に打ち上げられた。	The first artificial satellite was Sputnik 1, launched by Russia in 1957.
1957	イチキュウゴナナ	世界初の人工衛星はスプートニク1号で、ロシアにより1957年に打ち上げられた。	The first artificial satellite was Sputnik 1, launched by Russia in 1957.
人工衛星	ジンコウエイセイ	世界初の人工衛星はスプートニク1号で、ロシアにより1957年に打ち上げられた。	The first artificial satellite was Sputnik 1, launched by Russia in 1957.
自衛隊	ジエイタイ	政府が自衛隊に沖縄への災害派遣を要請した。	The government asked the SDF for a disaster relief deployment to Okinawa.
要請	ヨウセイ	政府が自衛隊に沖縄への災害派遣を要請した。	The government asked the SDF for a disaster relief deployment to Okinawa.
落ち込み	オチコミ	市長は税収入の落ち込みについて調査すべきだと思った。	The mayor thought that he should investigate the decline in tax revenues.
不一致	フイッチ	労働側と経営側の意見不一致はストライキに行きつくかもしれない。	The disagreement between the union and management could lead to a strike.
首脳	シュノウ	首脳会談は世界中で同時に放送される予定だ。	The summit talks are to be broadcast simultaneously throughout the world.
ごそごそ	ゴソゴソ	隣の部屋では、夜遅くまで起きてごそごそしている音がする。	The people in the next room stay up until all hours doing God knows what.
皺寄せ	シワヨセ	深刻な就職難のしわ寄せが、そういった不法就労の外国人労働者にまで及んでいる。	The serious job shortage is also affecting those illegal foreign workers.
就労	シュウロウ	深刻な就職難のしわ寄せが、そういった不法就労の外国人労働者にまで及んでいる。	The serious job shortage is also affecting those illegal foreign workers.
FLASH	フラッシュ	トムはiPadは欲しくない。彼が欲しいのはFlashをサポートした携帯デバイスだ。	Tom doesn't want an iPad. He wants a portable device that supports Flash.
排する	ハイシ	少年たちは「万難を排して決行しましょう」と言った。	The young men said that they would do it despite all of the difficulties.
万難	バンナン	少年たちは「万難を排して決行しましょう」と言った。	The young men said that they would do it despite all of the difficulties.
外来	ガイライ	君は外来思想に偏見を抱いているようだ。	You seem to be prejudiced against ideas that come from foreign countries.
言い分	イイブン	双方の言い分を聞かないと真相は分からない。	You cannot learn the truth unless you hear what both parties have to say.
張り付ける	ハリツケル	あなたのページに、私どもの会社のウェブリンクを貼り付けていただけませんか。	Would you mind putting a link on your web page to our company's web site?
圧倒的	アットウテキ	世論調査の結果から、圧倒的多数の人がその法律を支持していることがわかる。	A poll shows that an overwhelming majority is in favor of the legislation.
付け合う	ツケアウ	引力とは、物体が相互に引き付け合う自然界の力のことである。	Gravity is the natural force by which objects are attracted to each other.
自然界	シゼンカイ	引力とは、物体が相互に引き付け合う自然界の力のことである。	Gravity is the natural force by which objects are attracted to each other.
物体	ブッタイ	引力とは、物体が相互に引き付け合う自然界の力のことである。	Gravity is the natural force by which objects are attracted to each other.
県	ケン	私はきっと彼と気が合うと思います。私たちは同じ県の出身だから。	I am sure I'll get along with him because we are from the same prefecture.
弾き語り	ヒキガタリ	噴水の前では若い女性がギターの弾き語りをしていた。	A young woman was singing and playing the guitar in front of the fountain.
遅め	オソメ	いつもより遅めに家を出たのだが、運よく電車には間に合った。	I left home later than usual, but fortunately I was in time for the train.
ぷんぷん	プンプン	隣に座った男の人がウイスキーのにおいをプンプンとさせて、がまんできなかった。	I just couldn't put up with the man smelling of whisky sitting next to me.
東大	トウダイ	東大をめざして頑張ってきましたが、考えを変えました。	I was going to try to get into Tokyo University, but I've changed my mind.
こちこち	コチコチ	静まり返った部屋の中では、古い時計のコチコチいう音だけが響いていた。	In the quiet room, only the sound of the old clock ticking could be heard.
理屈	リクツ	幼い子供が警官より走るのが速いと信じるのは理屈に合わない。	It is absurd to believe that young children can run faster than policemen.
うつす	ウツス	風邪って人にうつすと治るってほんと？	Is it true that you recover from colds when you give them to someone else?
会議場	カイギジョウ	もっと会議場に近い場所の部屋の方がよろしければ、ご連絡下さい。	If you'd prefer a room closer to the Convention Center, please contact us.
採寸	サイスン	スーツを仕立てるときは、正確な採寸が必要となります。	It's necessary to take correct measurements when you are tailoring a suit.
艶やか	ツヤヤカ	最後に出て行ったのは背の高い男で、顔は青白く、つややかな黒い髪をしていた。	The last to leave was a tall man, with a pale face and smooth, black hair.
聞き込み	キキコミ	刑事は文字通り何千人もの人に事件についての聞き込みを行った。	The detective questioned literally thousands of people about the incident.
物資	ブッシ	救急隊が地震の被災者に物資を配る予定です。	The rescue workers are going to hand out supplies to the victims of the earthquake.
へたばる	ヘタバッ	頂上までまだ半分以上あるのに、もうへたばったの？	We're less than halfway to the top of the mountain. Are you already tired?
細か	コマカ	教師があまり厳しいと、学生は細かな点で気をつけなければならない。	When the teacher is very strict, the students must mind their P's and Q's.
顔写真	カオシャシン	自分の顔が、パスポートの顔写真のようになってきたら、旅に出た方がいい。	When you start looking like your passport photo you should go on vacation.
ビアガーデン	ビアガーデン	ビアガーデンに客がたくさんいるかどうかは天気次第だ。	Whether or not beer gardens get a lot of customers depends on the weather.
陰る	カゲッ	「散歩に行かない？」「もう少し日が陰ってからにしようよ」	"Do you want to go for a walk?" "Let's wait until the sun goes down a bit."
海洋	カイヨウ	空気中の水分の内90%は海洋、湖沼、河川から蒸発したものだ。	Evaporation from oceans, lakes, and rivers creates 90% of the water in air.
湖沼	コショウ	空気中の水分の内90%は海洋、湖沼、河川から蒸発したものだ。	Evaporation from oceans, lakes, and rivers creates 90% of the water in air.
一貫校	イッカンコウ	その学校は、中・高一貫校だということを頭の片隅にでも入れておいて下さい。	Bear in mind that that school is an integrated junior high and high school.
片隅	カタスミ	その学校は、中・高一貫校だということを頭の片隅にでも入れておいて下さい。	Bear in mind that that school is an integrated junior high and high school.
取り調べる	トリシラベル	事件の原因を取り調べるために実情調査委員会が作られた。	A fact-finding committee was set up to determine the cause of the incident.
実情	ジツジョウ	事件の原因を取り調べるために実情調査委員会が作られた。	A fact-finding committee was set up to determine the cause of the incident.
二手	フタテ	決めること決めちゃって、その後は二手に分かれるよ？	Let's decide what needs to be decided, then let's split into two teams, OK?
生前	セイゼン	生前に無名であった多くの偉大な思想家は、死後に名声を得た。	Many great thinkers who were unknown while alive became famous after death.
無名	ムメイ	生前に無名であった多くの偉大な思想家は、死後に名声を得た。	Many great thinkers who were unknown while alive became famous after death.
思想家	シソウカ	生前に無名であった多くの偉大な思想家は、死後に名声を得た。	Many great thinkers who were unknown while alive became famous after death.
議決	ギケツ	理事会は海外の持ち株を放棄することを議決しました。	The Board of Trustees voted to divest the organization's overseas holdings.
理事会	リジカイ	理事会は海外の持ち株を放棄することを議決しました。	The Board of Trustees voted to divest the organization's overseas holdings.
持ち株	モチカブ	理事会は海外の持ち株を放棄することを議決しました。	The Board of Trustees voted to divest the organization's overseas holdings.
関税	カンゼイ	日本が不当な関税を撤廃しない限り、合衆国は制裁を科すだろう。	Unless Japan eliminates its unfair tariffs, the U.S. will impose sanctions.
制裁	セイサイ	日本が不当な関税を撤廃しない限り、合衆国は制裁を科すだろう。	Unless Japan eliminates its unfair tariffs, the U.S. will impose sanctions.
盆踊り	ボンオドリ	トムに「一緒に盆踊りに行こう」って誘われちゃった。	Tom asked me whether I would like to go to the Bon Festival dance with him.
意味深	イミシン	あのドラマ、最後にいつも意味深な言葉を言って終わるよね。	Each episode of that TV drama ends with somebody delivering a profound line.
立ち通し	タチドオシ	列車が混んでいたので、我々は大阪までずっと立ち通しだった。	The train was so crowded that we were obliged to stand all the way to Osaka.
余命	ヨメイ	もしも余命1週間だとしたら、あなたは何をして過ごしますか？	If you only had one more week to live, what would you spend your time doing?
ハムサンド	ハムサンド	ピーナッツバターサンドを持ってきた子もいれば、ハムサンドやチーズサンドを持ってきた子もいた。	Some children brought peanut butter sandwiches, some ham, and others cheese.
引き抜き	ヒキヌキ	社長は新しいセールスマネージャーを入れるため、引き抜き専門の人物を雇った。	The company president has hired a headhunter to find us a new sales manager.
セールス	セールス	社長は新しいセールスマネージャーを入れるため、引き抜き専門の人物を雇った。	The company president has hired a headhunter to find us a new sales manager.
渋谷駅	シブヤエキ	忠犬ハチ公の像は渋谷駅前に立っている。	The statue of Hachiko, the faithful dog, stands in front of Shibuya Station.
忠犬	チュウケン	忠犬ハチ公の像は渋谷駅前に立っている。	The statue of Hachiko, the faithful dog, stands in front of Shibuya Station.
ハチ公	ハチコウ	忠犬ハチ公の像は渋谷駅前に立っている。	The statue of Hachiko, the faithful dog, stands in front of Shibuya Station.
指令	シレイ	消防隊は指令を受けてから５分以内で現場に来ていた。	The fire brigade was on the scene within five minutes of receiving the call.
消防	ショウボウ	消防隊は指令を受けてから５分以内で現場に来ていた。	The fire brigade was on the scene within five minutes of receiving the call.
製本	セイホン	その女の子は、数冊の本を抱えていた。教科書じゃなく、分厚い上製本。	The girl was carrying several books, not textbooks but thick hardback books.
他方	タホウ	その双子はよく似ているので一方を他方と区別するのはほとんど不可能だ。	The twins look so much alike that it's almost impossible to tell them apart.
ぎざぎざ	ギザギザ	刃にぎざぎざが付いているので、このナイフはパンのようなものを切り分けるのに最適だ。	The knife's serrated edge makes it perfect for cutting such things as bread.
刃	ハ	刃にぎざぎざが付いているので、このナイフはパンのようなものを切り分けるのに最適だ。	The knife's serrated edge makes it perfect for cutting such things as bread.
ミスプリント	ミスプリント	この教科書は、急いで印刷したためにミスプリントがたくさんある。	This textbook, having been printed in haste, has a lot of printing mistakes.
真意	シンイ	著者の真意を知るためには、行間を読まなければいけません。	You have to read between the lines to know the true intention of the author.
ガンメーカー	ガンメーカー	通常、これらの職人はガンメーカーの職人の下で長期間の実習をします。	Generally, these craftsmen serve long apprenticeships under master gunmakers.
上げ足	アゲアシ	人の揚げ足を取るばかりじゃなく、もっと建設的な意見を言ってくれないかな。	All you ever do is nitpick. I wish you could say something more constructive.
趣旨	シュシ	私の申し出に応じられないという趣旨の手紙を彼から受け取った。	I received a letter from him to the effect that he could not accept my offer.
ギブアップ	ギブアップ	苦しかったらギブアップして、お姉さんのお願いを聞きなさいっ。	If you can't take it, give up and do what I, your older sister, asked of you.
聞き做す	キキナサ	苦しかったらギブアップして、お姉さんのお願いを聞きなさいっ。	If you can't take it, give up and do what I, your older sister, asked of you.
合羽	カッパ	お前の合羽がなかったら、俺もびしょびしょになってたろうな。	If it had not been for your raincoat, I would have been drenched to the skin.
捌ける	ハケ	日本ではね、調理師は特別な試験を受けないとフグを捌けないんだ。	In Japan, chefs must take a special exam to be allowed to prepare pufferfish.
調理師	チョウリシ	日本ではね、調理師は特別な試験を受けないとフグを捌けないんだ。	In Japan, chefs must take a special exam to be allowed to prepare pufferfish.
ニート	ニート	トム、３０にもなってまだニートやってるんだぜ。	In spite of the fact that Tom is thirty, he's still dependent on his parents.
捌く	サバク	日本では、料理人がフグを捌くためには、特別な試験を受けなければならない。	In Japan, chefs must take a special exam to be allowed to prepare pufferfish.
米寿	ベイジュ	父方の祖父は明日米寿を迎える。	My grandfather on my father's side is celebrating his 88th birthday tomorrow.
焼け石	ヤケイシ	ローン地獄で、ボーナスもらっても焼け石に水だよ。	My bonus doesn't come close to covering all the loan payments I have to make.
但し	タダシ	配偶者を殺すのは、婚姻関係を終わらせる一つの方法です。ただし、良しとされることではありません。	Killing your spouse is one way to end a marriage. However, it's frowned upon.
婚姻関係	コンインカンケイ	配偶者を殺すのは、婚姻関係を終わらせる一つの方法です。ただし、良しとされることではありません。	Killing your spouse is one way to end a marriage. However, it's frowned upon.
配偶者	ハイグウシャ	配偶者を殺すのは、婚姻関係を終わらせる一つの方法です。ただし、良しとされることではありません。	Killing your spouse is one way to end a marriage. However, it's frowned upon.
還暦	カンレキ	母方の祖父は明日還暦を迎える。	My grandfather on my mother's side is celebrating his 60th birthday tomorrow.
粉砂糖	コナザトウ	ふつうホットケーキは粉砂糖、バター、時にはシロップとともに出されます。	Pancakes are served with powdered sugar and butter, and sometimes with syrup.
シロップ	シロップ	ふつうホットケーキは粉砂糖、バター、時にはシロップとともに出されます。	Pancakes are served with powdered sugar and butter, and sometimes with syrup.
断絶	ダンゼツ	それ以来カナダとイランの国交は断絶している。	Since then, diplomatic relations between Canada and Iran have been suspended.
国交	コッコウ	それ以来カナダとイランの国交は断絶している。	Since then, diplomatic relations between Canada and Iran have been suspended.
長野県	ナガノケン	去年の夏に私が訪れた村は長野県の小さな村だった。	The village which I visited last summer was a small one in Nagano Prefecture.
取り返し	トリカエシ	あんな人種差別の発言をするなんて、あの政治家も取り返しのつかないことを口にしたものだ。	That politician put his foot in his mouth when he made those racist comments.
便宜	ベンギ	旅行者の便宜をはかって高速道路沿いに多くの休憩場所がある。	There are many rest stops along the freeway for the convenience of travelers.
親元	オヤモト	トムはこの春から親元を離れて一人暮らしをしている。	Tom left his parents' house this spring and has been living alone since then.
小動物	ショウドウブツ	この森には、キツネ、リス、ハリネズミといったたくさんの小動物が住んでるんだ。	Foxes, squirrels, hedgehogs, and many other small animals live in this forest.
いがらっぽい	イガラッポイ	朝から喉がいがらっぽいんだ。風邪でも引いたかな。	I've had a scratchy throat since this morning. I wonder if I've caught a cold.
症	ショウ	私はあがり症なので、人前で話すのが苦手です。	I'm the type who gets nervous in front of people, so I'm bad at speech making.
こたえる	コタエル	両親の期待にこたえることは、息子にとってはつねに難しいことです。	It's always difficult for a son to live up to the expectations of his parents.
リンドバーグ	リンドバーグ	リンドバーグの大西洋横断無着陸単独飛行はめざましい偉業であった。	Lindbergh's solo nonstop transatlantic flight was a remarkable accomplishment.
大西洋	タイセイヨウ	リンドバーグの大西洋横断無着陸単独飛行はめざましい偉業であった。	Lindbergh's solo nonstop transatlantic flight was a remarkable accomplishment.
偉業	イギョウ	リンドバーグの大西洋横断無着陸単独飛行はめざましい偉業であった。	Lindbergh's solo nonstop transatlantic flight was a remarkable accomplishment.
単独	タンドク	リンドバーグの大西洋横断無着陸単独飛行はめざましい偉業であった。	Lindbergh's solo nonstop transatlantic flight was a remarkable accomplishment.
閉口	ヘイコウ	隣の家の人々は我々が昨夜大騒ぎをしたので閉口した。	The people next door were annoyed with us for making so much noise last night.
アルベルト	アルベルト	アルベルト・アインシュタインの相対性理論は、世界で最も有名な法則である。	Albert Einstein's theory of relativity is the most famous formula in the world.
相対性理論	ソウタイセイリロン	アルベルト・アインシュタインの相対性理論は、世界で最も有名な法則である。	Albert Einstein's theory of relativity is the most famous formula in the world.
修得	シュウトク	多くの技術を修得すればするほど、社会に対して大きな貢献をすることができる。	The more skills one masters, the greater contribution one can make to society.
事象	ジショウ	事象として簡単なことを、いかにも難しそうに表現する人は、あまり頭がよさそうではない。	A person who makes an easy matter sound difficult does not seem to be so smart.
オーケストラ	オーケストラ	彼らはコンサートホールの最前列に座ってオーケストラを聞いた。	They sat in the front row of the concert hall and heard the orchestra clearly.
映画界	エイガカイ	トムは映画界にデビューするとすぐに１０代の若者の間で人気が出た。	Tom became popular among teenagers as soon as he made his debut on the screen.
デビュー	デビュー	トムは映画界にデビューするとすぐに１０代の若者の間で人気が出た。	Tom became popular among teenagers as soon as he made his debut on the screen.
カタルーニャ州	カタルーニャシュウ	バルセロナはカタルーニャ州の州都であり、スペイン第2の都市です。	Barcelona is the capital of Catalonia, and is the second biggest city in Spain.
バルセロナ	バルセロナ	バルセロナはカタルーニャ州の州都であり、スペイン第2の都市です。	Barcelona is the capital of Catalonia, and is the second biggest city in Spain.
チャールズ	チャールズ	チャールズ・リンドバーグは１９２７年にはじめて大西洋単独横断飛行に成功した。	Charles Lindbergh made the first solo flight across the Atlantic Ocean in 1927.
1927	イチキュウニナナ	チャールズ・リンドバーグは１９２７年にはじめて大西洋単独横断飛行に成功した。	Charles Lindbergh made the first solo flight across the Atlantic Ocean in 1927.
毛頭	モウトウ	私は誰にもこの時計を貸すつもりはありません。ましてや手放すつもりなど毛頭ありません。	I have no intention of lending this watch to anyone, much less parting with it.
支援者	シエンシャ	彼は、翌日ほとんどホテルにいて、友人や支援者と話をした。	He stayed in his hotel most of the next day, talking to friends and supporters.
示威	ジイ	１９６０年代に日本の大学生は政府に対して示威運動を起こした。	In the 1960's, Japanese college students demonstrated against their government.
排出	ハイシュツ	地球温暖化は二酸化炭素の排出と直接関係があると言われている。	It is said that global warming is directly related to carbon dioxide emissions.
シチュエーション	シチュエーション	なんとまあ！こんなシチュエーションで君に会うなんて思ってもいなかったよ。	Oh my gosh! You're the last person I expected to meet in a situation like this.
臍	ヘソ	彼女は姑の気にさわるようなことを言わなければよかったと臍を噛んだ。	She bitterly regretted having said something that displeased her mother-in-law.
闘病	トウビョウ	長い闘病生活の末、夫が亡くなりました。	My husband passed away after having fought against his illness for a long time.
たえる	タエ	新聞は世界の出来事をたえず知らせてくれる。	The newspaper always keeps us informed of the events taking place in the world.
27000000	ニナナレイレイマン	毎年、２７００万エーカーの熱帯雨林が破壊されているのである。	Each year, twenty-seven million acres of the tropical rainforests are destroyed.
代わる	カワル	今日、自動車は、馬に代わる主要な交通手段となっています。	Today, automobiles have replaced horses as the primary means of transportation.
交通手段	コウツウシュダン	今日、自動車は、馬に代わる主要な交通手段となっています。	Today, automobiles have replaced horses as the primary means of transportation.
古池	フルイケ	古池やかわずとびこむ水の音	There is an old pond. There was a frog that jumped in. I could hear the splash.
惑わす	マドワス	流言飛語に惑わされるべからず、とはいうものの、言うは易く行うは難し、と思わない？	They say you shouldn't take rumors seriously, but that's easier said than done.
飛語	ヒゴ	流言飛語に惑わされるべからず、とはいうものの、言うは易く行うは難し、と思わない？	They say you shouldn't take rumors seriously, but that's easier said than done.
流言	リュウゲン	流言飛語に惑わされるべからず、とはいうものの、言うは易く行うは難し、と思わない？	They say you shouldn't take rumors seriously, but that's easier said than done.
取り外す	トリハズス	パンクしたタイヤを取り外してスペアタイヤを取付けられるように、トムは車をジャッキアップした。	Tom jacked up the car, so he could take off the flat tire and put on the spare.
どっこいどっこい	ドッコイドッコイ	「トムとジョンなら、どっちが野球上手いの？」「まあ、どっこいどっこいだな」	"Who's better at baseball, Tom or John?" "Well, I think they're about the same."
ガーターヘビ	ガーターヘビ	その家にガーターヘビが出ることが分かった。あいつらはどこにでもいるぞ！	We found out that the house is infested with garter snakes. They're everywhere.
0120	レイイチニレイ	さらに質問がございましたら、どうぞご遠慮なくフリーダイヤル０１２０—００—００００までお電話下さい。	For further inquiries, please feel free to contact us toll-free at 0120-00-0000.
00	レイレイ	さらに質問がございましたら、どうぞご遠慮なくフリーダイヤル０１２０—００—００００までお電話下さい。	For further inquiries, please feel free to contact us toll-free at 0120-00-0000.
0000	レイレイレイレイ	さらに質問がございましたら、どうぞご遠慮なくフリーダイヤル０１２０—００—００００までお電話下さい。	For further inquiries, please feel free to contact us toll-free at 0120-00-0000.
俯瞰	フカン	経営者には企業全体を俯瞰する目が欠かせない。	For a business owner, having a clear overview of one's entire business is vital.
勉	ツトム	休み中に置き勉してると没収されるんだよな。	If you leave your textbooks at school during the break, they'll get confiscated.
没収	ボッシュウ	休み中に置き勉してると没収されるんだよな。	If you leave your textbooks at school during the break, they'll get confiscated.
勝ち取る	カチトレル	彼は、黒人たちが暴力に頼らずとも平等な権利を勝ち取れると信じていた。	He believed that blacks could win their fight for equal rights without violence.
黒人	コクジン	彼は、黒人たちが暴力に頼らずとも平等な権利を勝ち取れると信じていた。	He believed that blacks could win their fight for equal rights without violence.
有り合わせ	アリアワセ	夕飯は、ありあわせのもので間に合わせます。	Instead of going out shopping, I'll make dinner using food that we already have.
適任者	テキニンシャ	私はその仕事の適任者に選ばれたことを大変喜んでいる。	I'm very glad that I've been singled out as being a suitable person for the job.
慇懃	インギン	あいつの慇懃無礼なものの言い方、思い出すだけで不愉快になるよ。	I find just the memory of his overly polite patronizing manner really offensive.
subway	サブウェイ	イギリスでは地下鉄のことを subway ではなく underground という。	In England, the subway isn't called "the subway", it's called "the underground."
アンダーグラウンド	アンダーグラウンド	イギリスでは地下鉄のことを subway ではなく underground という。	In England, the subway isn't called "the subway", it's called "the underground."
マネ	マネ	イギリス人が本物のアメリカなまりをマネするのはすごく難しいと思います。	I think it's very difficult for an Englishman to imitate a real American accent.
学力	ガクリョク	彼女は語学力を活かせる仕事を探している。	She is looking for a job where she can make use of her foreign language ability.
惨事	サンジ	その惨事を引き起こした火事は、病院の２階から出火した。	The fire that caused the disaster broke out on the second floor of the hospital.
ABC	エービーシー	今日のＡＢＣ交響楽団の演奏は期待はずれだった。	Today's performance of the ABC Symphony Orchestra fell short of my expectations.
壁画	ヘキガ	この壁画からは古代人の生活の片鱗をうかがうことができる。	We can get a glimpse of the lifestyle of ancient people from this wall painting.
片鱗	ヘンリン	この壁画からは古代人の生活の片鱗をうかがうことができる。	We can get a glimpse of the lifestyle of ancient people from this wall painting.
うかがう	ウカガウ	この壁画からは古代人の生活の片鱗をうかがうことができる。	We can get a glimpse of the lifestyle of ancient people from this wall painting.
日朝	ニッチョウ	日朝間にはまだ外交関係が樹立されていない。	Diplomatic relations have not yet been established between Japan and North Korea.
250	ニゴレイ	２５０キロというのは相撲取りとしても並外れた体重だ。	Two hundred fifty kilograms is an extraordinary weight even for a sumo wrestler.
相撲取り	スモウトリ	２５０キロというのは相撲取りとしても並外れた体重だ。	Two hundred fifty kilograms is an extraordinary weight even for a sumo wrestler.
並外れる	ナミハズレ	２５０キロというのは相撲取りとしても並外れた体重だ。	Two hundred fifty kilograms is an extraordinary weight even for a sumo wrestler.
近東	キントウ	フォークは、ヨーロッパや近東地域で長年にわたって使われていたが、それはもっぱら調理用にのみであった。	Forks were used for many years in Europe and the Near East, but only for cooking.
そる	ソッ	彼は素早く起きて、冷たい水で顔を洗い、歯をみがいて、ひげをそった。	He got up quickly, splashed cold water on his face, brushed his teeth and shaved.
余程	ヨホド	よほど重要な用向きでやってきたことが、彼の顔色で分かった。	I could tell by the look on his face that he had come on very important business.
用向き	ヨウムキ	よほど重要な用向きでやってきたことが、彼の顔色で分かった。	I could tell by the look on his face that he had come on very important business.
雪男	ユキオトコ	ヒマラヤ山中で雪男の足跡が発見されたらしい。	I heard that they found the footprints of an abominable snowman in the Himalayas.
断熱	ダンネツ	断熱が悪いと、いくら暖房してもちっとも暖かくならない。	If it's badly insulated, it won't warm up regardless of how much heating you use.
1906	イチキュウレイロク	１９０６年のある日、タッド・ドーガンという名の新聞漫画家が野球の試合を見に行った。	One day in 1906, a newspaper cartoonist named Tad Dorgan went to a baseball game.
ドーガン	ドーガン	１９０６年のある日、タッド・ドーガンという名の新聞漫画家が野球の試合を見に行った。	One day in 1906, a newspaper cartoonist named Tad Dorgan went to a baseball game.
タッド	タッド	１９０６年のある日、タッド・ドーガンという名の新聞漫画家が野球の試合を見に行った。	One day in 1906, a newspaper cartoonist named Tad Dorgan went to a baseball game.
健康保険	ケンコウホケン	その会社は全社員に対して健康保険と生命保険をかけている。	The company provides health and life insurance benefits for all of its employees.
全社員	ゼンシャイン	その会社は全社員に対して健康保険と生命保険をかけている。	The company provides health and life insurance benefits for all of its employees.
死傷	シショウ	列車が脱線して、約30名の乗客が死傷した。	The train was derailed and about thirty passengers were either killed or injured.
経験者	ケイケンシャ	現在私どもは、カスタマーサービスの経験者を探しています。	We are currently looking for individuals who have experience in customer service.
渡米	トベイ	今日の新聞によると、首相は渡米を断念したそうだ。	Today's paper reports that the premier has given up the idea of visiting America.
安	アン	「これいくらで買ったの？」「20ユーロくらい」「安っ！ 嘘でしょ？」	"How much did you pay for this?" "About 20 euros." "Wow! That's incredibly cheap."
大富豪	ダイフゴウ	たとえいくらかかろうともその傑作は手に入れると、その大富豪は言い張った。	The millionaire insisted on acquiring the masterpiece no matter how much it cost.
無頓着	ムトンチャク	若い男性にはありがちだが、彼は健康に無頓着だ。	As is often the case with young men, he does not pay much attention to his health.
王座	オウザ	現在のチャンピオンは彼であり、その王座を奪える新人挑戦者はいないだろう。	He's reigning champion, and no young challenger is going to take it away from him.
挑戦者	チョウセンシャ	現在のチャンピオンは彼であり、その王座を奪える新人挑戦者はいないだろう。	He's reigning champion, and no young challenger is going to take it away from him.
苦学生	クガクセイ	あおいは、苦学生だから、そんな高級なもの、持てないです。	I'm putting myself through school, so I can't have things that are that expensive.
葵	アオイ	あおいは、苦学生だから、そんな高級なもの、持てないです。	I'm putting myself through school, so I can't have things that are that expensive.
1973	イチキュウナナサン	１８２０年から１９７３年の間に合衆国は、４６００万以上の移民を受け入れた。	Between 1820 and 1973, the United States admitted more than 46 million immigrants.
46000000	ヨンロクレイレイマン	１８２０年から１９７３年の間に合衆国は、４６００万以上の移民を受け入れた。	Between 1820 and 1973, the United States admitted more than 46 million immigrants.
1820	イチハチニレイ	１８２０年から１９７３年の間に合衆国は、４６００万以上の移民を受け入れた。	Between 1820 and 1973, the United States admitted more than 46 million immigrants.
グラタン	グラタン	このグラタンはきのうの残り物を利用して作ったんだ。なかなかおいしいでしょ。	I made this gratin using yesterday's leftovers. It tastes pretty good, doesn't it?
クレオパトラ	クレオパトラ	もしもクレオパトラの鼻がもっと低かったら、世界の歴史は変わっていただろう。	If Cleopatra's nose had been shorter, the history of the world would be different.
一利	イチリ	どの宗教も、人と同じように一利あれば一害ありさ。	Every religion, like every person, has brought good and bad things into the world.
練習中	レンシュウチュウ	トムは練習中に左のひざを痛めてしまったので、ジョンがかわりに試合に出なければならなかった。	Tom hurt his left knee during practice, so John had to play the game in his place.
生態学者	セイタイガクシャ	石油は天の恵みであるだけでなく災いのもとでもある、とその生態学者は私たちに警告した。	The ecologist warned us that petroleum was not merely a blessing but also a curse.
災い	ワザワイ	石油は天の恵みであるだけでなく災いのもとでもある、とその生態学者は私たちに警告した。	The ecologist warned us that petroleum was not merely a blessing but also a curse.
テレビドラマ	テレビドラマ	そのテレビドラマは大変人気が高かったので、その時代に対する人々の関心が高まった。	The drama on TV was so popular that it stirred up people's interest in the period.
語調	ゴチョウ	トムは激怒していたが語調を抑えた。子供がその場にいたからだ。	Tom was furious, but he tempered his language because there were children present.
キウイ	キウイ	トムはキウイを食わず嫌いしている。	Even though Tom has never even tried eating one, he says he doesn't like kiwifruit.
投稿	トウコウ	この間投稿した記事がやっと雑誌に載ったんだよ。頑張って出し続けた甲斐があったよ。	Sending manuscript after manuscript paid off. A magazine finally published my work.
ガソリン代	ガソリンダイ	ここ最近、原油価格が高騰していて、ガソリン代が鰻登りです。	Recently, the price of crude oil has shot up, and the cost of gasoline is going up.
関わり合い	カカワリアイ	登場人物の躍動的な関わり合いこそがこの小説をかくも偉大なものとしている。	It's the dynamic interaction between the characters that makes this novel so great.
躍動	ヤクドウ	登場人物の躍動的な関わり合いこそがこの小説をかくも偉大なものとしている。	It's the dynamic interaction between the characters that makes this novel so great.
そびれる	ソビレ	彼女はビートルズを聞くのに夢中で、彼とのデートに行きそびれた。	She got so carried away listening to the Beatles that she missed the date with him.
毎食	マイショク	毎食グレープフルーツを食べれば体重が減ると思っている人もいる。	Some people think that eating grapefruit with every meal will help you lose weight.
踏み入れる	フミイレヨウ	伝説によれば、その森には幽霊が出たので、誰も足を踏み入れようとしなかったそうだ。	According to legend, those woods used to be haunted, so people would avoid entering.
救急隊	キュウキュウタイ	救急隊が地震の被災者に物資を配る予定です。	The rescue workers are going to hand out supplies to the victims of the earthquake.
間接	カンセツ	ある研究の報告によれば、間接喫煙の結果、53,000人のアメリカ人が毎年死亡しているそうだ。	A study reports that 53,000 Americans die each year as a result of secondhand smoke.
53000	ゴサンレイレイレイ	ある研究の報告によれば、間接喫煙の結果、53,000人のアメリカ人が毎年死亡しているそうだ。	A study reports that 53,000 Americans die each year as a result of secondhand smoke.
クラッカー	クラッカー	家にあるものは食べつくしたかと思ったけど、クラッカーがもう一箱あったよ。	I thought we had eaten everything in the house, but I found another box of crackers.
削り	ケズリ	ペンしか使わないんだけど、なんとなくリュックの中にはまだ鉛筆削りをいれてます。	I only use pens, but I still have a pencil sharpener in my backpack for some reason.
edm	edm	今、高校生でEDM音楽と語学にハマってます。	I'm a high school student who's really into electronic music and learning languages.
1959	イチキュウゴキュウ	1959年9月26日に、日本観測史上最大の台風が名古屋を襲った。	On September 26, 1959, the strongest typhoon in Japan's recorded history hit Nagoya.
浸透	シントウ	日本からの輸入製品がアメリカの消費者市場に浸透するには長い時間がかかった。	It took a long time for Japanese imports to penetrate the American consumer markets.
国内	コクナイ	ただ今到着のバスは、国内線第1ターミナル経由、国際線ターミナル行きです。	The bus now arriving is going to the International Terminal via Domestic Terminal 1.
当て逃げ	アテニゲ	昨日、スーパーの駐車場で当て逃げされちゃったんだ。	My car was damaged in a hit-and-run accident in a supermarket parking lot yesterday.
侵害	シンガイ	ホームページをつくるのもいいけど、著作権の侵害になるようなことはしてはいません。	It's fine to set up a web page, just be sure you don't infringe anybody's copyright.
競争力	キョウソウリョク	ＳＥが辞め続けると会社の競争力が落ちる。	The company's competitive edge will be eroded if system engineers continue to leave.
厳粛	ゲンシュク	お坊さんが突然大声で笑い出し、厳粛な雰囲気を台無しにした。	All at once, the Buddhist priest burst into laughter, spoiling the solemn atmosphere.
ガッツ	ガッツ	あいつがガッツポーズするなんて、よっぽど嬉しかったんだろうな。	It must have been something really big for him to strike a triumphant pose like that.
資産	シサン	例外もあるが、その会社はたいていは資産をとてもうまく利用している。	The company, although with some exceptions, usually utilizes its resources very well.
教鞭	キョウベン	彼の推薦のおかげで、私は東京の大学で教鞭をとることが出来た。	Thanks to his recommendation, I was able to get a teaching job at a college in Tokyo.
様子見	ヨウスミ	一部の住民が様子見の態度を取る一方で他の者は大洪水に備えた。	Some residents took a wait-and-see attitude while others prepared for heavy flooding.
専門的	センモンテキ	料金には調査をするのに必要な専門的な仕事に対する支払いも含まれています。	The fee includes the payment for professional services needed to complete the survey.
印刷機	インサツキ	トムたちは毎月学校の印刷機を使って生徒会報を発行している。	Tom and his friends use the school printer every month to print the student bulletin.
報	ホウ	トムたちは毎月学校の印刷機を使って生徒会報を発行している。	Tom and his friends use the school printer every month to print the student bulletin.
生徒会	セイトカイ	トムたちは毎月学校の印刷機を使って生徒会報を発行している。	Tom and his friends use the school printer every month to print the student bulletin.
小国	ショウコク	その小国は他の発展途上国に遅れまいと大変な努力をしている。	The small country is making great efforts to keep up with other developing countries.
登下校	トウゲコウ	防犯のために登下校時は、名札を外してください。	For security reasons, please take off your name tag when commuting to and from school.
防犯	ボウハン	防犯のために登下校時は、名札を外してください。	For security reasons, please take off your name tag when commuting to and from school.
教養	キョウヨウ	多くの女性がより高い教養とキャリアを追求し、それ故に結婚と出産を先延ばしにしている。	Many women pursue higher education and careers, thus delaying marriage and childbirth.
キャリア	キャリア	多くの女性がより高い教養とキャリアを追求し、それ故に結婚と出産を先延ばしにしている。	Many women pursue higher education and careers, thus delaying marriage and childbirth.
積み上げる	ツミアゲ	一族が苦労して積み上げてきたものを、お前は一瞬で反故にするつもりか。	Do you intend to throw away in one instant what our family has painstakingly built up?
反故	ホゴ	一族が苦労して積み上げてきたものを、お前は一瞬で反故にするつもりか。	Do you intend to throw away in one instant what our family has painstakingly built up?
公的	コウテキ	英国では多くの人が王室への公的支出の廃止を望んでいる。	Many people in England would like to see the public subsidy of the monarchy abolished.
王室	オウシツ	英国では多くの人が王室への公的支出の廃止を望んでいる。	Many people in England would like to see the public subsidy of the monarchy abolished.
HE	エイチイー	英語に"he"や"she"に代わる性別中立的な代名詞があれば良いことではないですか？	Wouldn't it be great if a gender-neutral pronoun for "he" or "she" existed in English?
SHE	エスエイチイー	英語に"he"や"she"に代わる性別中立的な代名詞があれば良いことではないですか？	Wouldn't it be great if a gender-neutral pronoun for "he" or "she" existed in English?
代名詞	ダイメイシ	英語に"he"や"she"に代わる性別中立的な代名詞があれば良いことではないですか？	Wouldn't it be great if a gender-neutral pronoun for "he" or "she" existed in English?
中立的	チュウリツテキ	英語に"he"や"she"に代わる性別中立的な代名詞があれば良いことではないですか？	Wouldn't it be great if a gender-neutral pronoun for "he" or "she" existed in English?
性別	セイベツ	英語に"he"や"she"に代わる性別中立的な代名詞があれば良いことではないですか？	Wouldn't it be great if a gender-neutral pronoun for "he" or "she" existed in English?
ストラットフォード	ストラットフォード	ストラットフォード・オン・エイヴォンは、シェイクスピアの生まれたところですが、毎年多くの観光客が訪れます。	Stratford-on-Avon, where Shakespeare was born, is visited by many tourists every year.
エイボン	エイヴォン	ストラットフォード・オン・エイヴォンは、シェイクスピアの生まれたところですが、毎年多くの観光客が訪れます。	Stratford-on-Avon, where Shakespeare was born, is visited by many tourists every year.
オン	オン	ストラットフォード・オン・エイヴォンは、シェイクスピアの生まれたところですが、毎年多くの観光客が訪れます。	Stratford-on-Avon, where Shakespeare was born, is visited by many tourists every year.
読話	ドクワ	トムは読話がうまいから、手話で話さなくても大丈夫だよ。	You don't need to speak to Tom in sign language, because he can read lips really well.
手間取る	テマドッ	「おはようございます。今日は遅かったですね」「うん。ちょっと手間取っちゃって」	"Good morning. You're a bit late today, aren't you?" "Yes, I ran into a bit of trouble."
アムネスティー	アムネスティ	国際アムネスティは、政治囚への支援として一般市民による抗議活動を組織することがしばしばある。	Amnesty International often organizes public protests in support of political prisoners.
差し控える	サシヒカエル	患者さんが動揺する可能性が考えられる場合は、情報を差し控えることもあります。	Information is sometimes held back from patients when it is thought it might upset them.
シュレーダー	シュレーダー	ゲアハルト・シュレーダーは第二次世界大戦を経験していない初のドイツ首相です。	Gerhard Schroeder is the first German chancellor not to have lived through World War II.
ゲアハルト	ゲアハルト	ゲアハルト・シュレーダーは第二次世界大戦を経験していない初のドイツ首相です。	Gerhard Schroeder is the first German chancellor not to have lived through World War II.
歌謡曲	カヨウキョク	最近は老若男女が歌えるような歌謡曲を耳にすることもなくなった。	Nowadays you no longer hear popular songs that can be sung by men and women of all ages.
老若男女	ロウニャクナンニョ	最近は老若男女が歌えるような歌謡曲を耳にすることもなくなった。	Nowadays you no longer hear popular songs that can be sung by men and women of all ages.
回覧板	カイランバン	回覧板を見たらすぐに回してください。	As soon as you're finished looking at the "kairanban," please give it to the next person.
指南	シナン	代わりと言っては何ですが、・・・私が、いささか、ご指南いたしましょう。	It would be presumptuous to call myself his replacement, but I could offer some guidance.
話者	ワシャ	ネイティヴの英語話者にとって、最も簡単に学習できる外国語はどれだと思いますか？	Which foreign language do you think is the easiest for native English speakers to learn?
ネーティブ	ネイティヴ	ネイティヴの英語話者にとって、最も簡単に学習できる外国語はどれだと思いますか？	Which foreign language do you think is the easiest for native English speakers to learn?
るんるん	ルンルン	明日から５連休だから、みんなルンルン気分だね。	Everybody is in a good mood looking forward to the five-day holiday that starts tomorrow.
MIXI	ミクシィ	純粋に、ミクシィユーザーが言うところの「変な人」ってどんな人なのか、私にはいまいちわからないのだ。	It's simply that I don't really understand what an "oddball" is when said by a Mixi user.
遣り過ぎ	ヤリスギ	お願い、笑わせないで！昨日腹筋のやり過ぎでお腹が筋肉痛なの！	Please don't make me laugh. I did too many sit-ups yesterday and my stomach muscles hurt.
無利子	ムリシ	政府はその計画に参加する企業には無利子の融資を行う。	The government will provide interest-free loans to firms that participate in the program.
界	カイ	日本シンクロ界の悲願である金には、あと一歩で届かなかった。	The 'gold' yearned for by the Japanese synchronized swimming world was not quite reached.
悲願	ヒガン	日本シンクロ界の悲願である金には、あと一歩で届かなかった。	The 'gold' yearned for by the Japanese synchronized swimming world was not quite reached.
シンクロ	シンクロ	日本シンクロ界の悲願である金には、あと一歩で届かなかった。	The 'gold' yearned for by the Japanese synchronized swimming world was not quite reached.
濃厚接触	ノウコウセッショク	この２週間以内に、インフルエンザのような症状を持った方との濃厚接触はありましたか？	Within the last two weeks, have you had close contact with anyone with flu-like symptoms?
地方自治体	チホウジチタイ	地方自治体が中央政府に従うことが必ずしも正しいとは、私は思わない。	I don't think it's always right for local governments to submit to the central government.
ばあ	バア	トムのひいひいじいちゃんは、メアリーのひいひいばあちゃんと同じ町で育ちました。	Tom's great-great-grandfather grew up in the same town as Mary's great-great-grandmother.
美辞麗句	ビジレイク	そんなに美辞麗句を並べられると、かえって嘘に聞こえるよね。	When someone speaks with such rhetorical flourish, it starts to sound like they're lying.
今年中	コトシジュウ	今はアメリカのボストンに住んでいますが、今年中には日本に帰る予定です。	I now live in Boston in the US, but I plan to go back to Japan before the end of the year.
酒造	シュゾウ	うちが援助してる酒造さんがね、新しい甘酒を造ったから試飲してみてくださいって持ってきてくれたんだけど。	A brewery we finance has made a new sweet sake and brought some to us asking us to try it.
試飲	シイン	うちが援助してる酒造さんがね、新しい甘酒を造ったから試飲してみてくださいって持ってきてくれたんだけど。	A brewery we finance has made a new sweet sake and brought some to us asking us to try it.
甘酒	アマザケ	うちが援助してる酒造さんがね、新しい甘酒を造ったから試飲してみてくださいって持ってきてくれたんだけど。	A brewery we finance has made a new sweet sake and brought some to us asking us to try it.
養鶏	ヨウケイ	養鶏業は遅かれ早かれ破産するだろうという旨の手紙を彼は私によこした。	He sent me a letter to the effect that his poultry farm would go bankrupt sooner or later.
さくさく	サクサク	トムの会社にある食堂の「とんかつ」って、サクサクで美味しいんだよ。	The breaded pork cutlet they serve in Tom's company cafeteria is so crispy and delicious.
豚カツ	トンカツ	トムの会社にある食堂の「とんかつ」って、サクサクで美味しいんだよ。	The breaded pork cutlet they serve in Tom's company cafeteria is so crispy and delicious.
折角	セッカク	「週末にさ、映画、観に行かない？」「折角なんだけど、ダメなの。誘ってくれてありがとう」	"Would you like to go to a movie this weekend?" "I'm sorry I can't, but thanks for asking."
張り出す	ハリダス	試験に落ちた学生の名前は掲示板に張り出された。	The names of the students who failed in the examination were posted on the bulletin board.
掲示板	ケイジバン	試験に落ちた学生の名前は掲示板に張り出された。	The names of the students who failed in the examination were posted on the bulletin board.
光速	コウソク	雷の音より稲妻が先に見えるのは、光速が音速より速いからだ。	It's because light travels faster than sound that we see lightning before we hear thunder.
音速	オンソク	雷の音より稲妻が先に見えるのは、光速が音速より速いからだ。	It's because light travels faster than sound that we see lightning before we hear thunder.
綽々	シャクシャク	明日、大事なプレゼンがあるって言うのに、余裕綽々だね。	You're pretty calm, cool and collected for somebody who has a major presentation tomorrow.
特徴	トクチョウ	その起源ゆえに、カナダ英語にはアメリカ英語とイギリス英語の両方の特徴がある。	Because of its origins, Canadian English has features of both American and British English.
切り落とす	キリオトス	トムは私を脅したんだ。もし彼にお金を渡さなかったら、私の指を切り落とすと言ったんだ。	Tom threatened me. He said if I didn't give him the money, he'd cut off one of my fingers.
喜寿	キジュ	父は今年喜寿を迎えたが、わたしなんかよりよほどエネルギッシュだ。	My father celebrated his seventieth birthday this year, but he's more energetic than I am.
政敵	セイテキ	パーティーの席上にて政敵の一人が、大勢の招待客の前で彼を侮辱した。	At the party, one of his political opponents humiliated him in the presence of many guests.
席上	セキジョウ	パーティーの席上にて政敵の一人が、大勢の招待客の前で彼を侮辱した。	At the party, one of his political opponents humiliated him in the presence of many guests.
轢き逃げ	ヒキニゲ	ひき逃げの犯人は翌日父親に伴われて自首してきました。	The hit-and-run driver, accompanied by his father, came and turned himself in the next day.
判事	ハンジ	被告人が審理中に保安係りのピストルを掴み判事を撃った。	The defendant was about to stand trial when he grabbed the deputy's gun and shot the judge.
審理	シンリ	被告人が審理中に保安係りのピストルを掴み判事を撃った。	The defendant was about to stand trial when he grabbed the deputy's gun and shot the judge.
保安	ホアン	被告人が審理中に保安係りのピストルを掴み判事を撃った。	The defendant was about to stand trial when he grabbed the deputy's gun and shot the judge.
利	リ	あそこの食べ物はうまいし値段も安いが、地の利が悪いのが難点だね。	That place's food is delicious and their prices are low. However, their location isn't good.
難点	ナンテン	あそこの食べ物はうまいし値段も安いが、地の利が悪いのが難点だね。	That place's food is delicious and their prices are low. However, their location isn't good.
持ち出す	モチダス	西洋人は一般に相手が持ち出さない限りそうした話題を避けたがる。	Westerners, in general, prefer to avoid such topics unless the other person brings them up.
根本	コンポン	いじめの根本原因を究明しない限り、いじめは永遠になくならないだろう。	If we don't thoroughly examine the cause of bullying, bullying will probably never go away.
なくなる	ナクナラ	いじめの根本原因を究明しない限り、いじめは永遠になくならないだろう。	If we don't thoroughly examine the cause of bullying, bullying will probably never go away.
究明	キュウメイ	いじめの根本原因を究明しない限り、いじめは永遠になくならないだろう。	If we don't thoroughly examine the cause of bullying, bullying will probably never go away.
インパクト	インパクト	人の出会いなんて、なんだかんだで、最初のインパクトで５０％以上は決まってしまっている。	When people meet, first impressions determine more than 50 percent of whatever happens next.
ヴィラ	ヴィラ	今回はじめてプライベートヴィラに滞在しましたが、これがなかなか良いです。	This time I stayed for the first time in a private villa, and it was really quite something.
定職	テイショク	トムはここ数年定職にもつかず、その日暮らしをしている。	Tom has been without regular employment for several years, and is living from hand to mouth.
強める	ツヨメル	首都キガリで戦闘が続く中、ルワンダの反政府勢力は南に向かって攻勢を強めています。	Rwandan rebels are pushing their offensive south as fighting continues in the capital Kigali.
勢力	セイリョク	首都キガリで戦闘が続く中、ルワンダの反政府勢力は南に向かって攻勢を強めています。	Rwandan rebels are pushing their offensive south as fighting continues in the capital Kigali.
ルワンダ	ルワンダ	首都キガリで戦闘が続く中、ルワンダの反政府勢力は南に向かって攻勢を強めています。	Rwandan rebels are pushing their offensive south as fighting continues in the capital Kigali.
キガリ	キガリ	首都キガリで戦闘が続く中、ルワンダの反政府勢力は南に向かって攻勢を強めています。	Rwandan rebels are pushing their offensive south as fighting continues in the capital Kigali.
攻勢	コウセイ	首都キガリで戦闘が続く中、ルワンダの反政府勢力は南に向かって攻勢を強めています。	Rwandan rebels are pushing their offensive south as fighting continues in the capital Kigali.
レスリング	レスリング	喫茶店に入ったら、２人の青年がテレビでレスリングの試合を見ていた。	When I entered the coffee shop, two young men were watching a wrestling match on television.
アポストロフィ	アポストロフィ	「そこアポストロフィが抜けてる。it's と its は違うんだよ」「分かってる。打ち間違えただけ」	"There's an apostrophe missing. It's and its are different." "I know. It was a typing error."
ITS	アイティーエス	「そこアポストロフィが抜けてる。it's と its は違うんだよ」「分かってる。打ち間違えただけ」	"There's an apostrophe missing. It's and its are different." "I know. It was a typing error."
イッツ	イッツ	「そこアポストロフィが抜けてる。it's と its は違うんだよ」「分かってる。打ち間違えただけ」	"There's an apostrophe missing. It's and its are different." "I know. It was a typing error."
期間中	キカンチュウ	テスト期間中、図書館の1Fと2Fは24時間開けます。	During finals week, the first and second floors of the library will be open twenty-four seven.
大まか	オオマカ	大まかなやり方は私にも分かるんだが、いざ細かいところになるとにっちもさっちも行かなくなりそうだ。	I understand the general approach, but I'm afraid that I'm getting bogged down in the details.
ケンタッキー州	ケンタッキーシュウ	合衆国の第１６代大統領であるアブラハム・リンカーンは、ケンタッキー州の丸太小屋で生まれた。	Abraham Lincoln, the 16th president of the United States, was born in a log cabin in Kentucky.
農村	ノウソン	トムはインドの農村事情に詳しい。	Tom is well-informed about the circumstances present within the Indian agricultural community.
特別価格	トクベツカカク	２０以上の注文につきましては、見積りより１０％引きの特別価格でご提供します。	For quantities of 20 or more, we can allow you a special discount of 10% on the prices quoted.
ポケットナイフ	ポケットナイフ	そのナイフは切れ味が悪く、それを使って肉を切ることができなかったので、私は自分のポケットナイフに頼った。	That knife was so blunt I couldn't use it to cut the meat so I had to rely on my pocket knife.
英語力	エイゴリョク	ネイティブともっと話したら、私の英語力はすぐに向上すると思う。	I think if I talked more often with a native speaker, my English skills would improve quickly.
飛び込み	トビコミ	今日、プールでね、初めてトムが１０メートルの高さから飛び込みしたんだ。	Today, at the pool, Tom jumped into the water from the ten-meter platform for the first time.
宮廷	キュウテイ	シェークスピアの時代に、つまり１６世紀に、テニスはイギリスの宮廷でとても人気があった。	In Shakespeare's time, in the sixteenth century, tennis was very popular at the English court.
冬山	フユヤマ	私は前もって十分な準備もせずに冬山に登るようなばかではない。	I'm not the kind of idiot who would climb a mountain in the winter without proper preparations.
老人ホーム	ロウジンホーム	老人ホームの建築を計画している南フランスの丘に、小さな土地を買った。	I bought a small lot on the hillside in Southern France where I plan to build a retirement home.
不必要	フヒツヨウ	よく計画を練れば、あなたは不必要なことに取られる時間を少なくでき、仕事をより速く終わらせることができます。	If you plan well, you can spend less time doing unnecessary things and get the work done faster.
未経験者	ミケイケンシャ	言うまでもないことだが、未経験者よりも経験者の方がいい結果を出せる。	It is needless to say that an experienced person will do better than someone without experience.
並び	ナラビ	積み重ねられたトランプカードの並びの順番をしっかりと覚えることは、決して簡単なことではないが、しかしできないことでもない。	Memorizing the order of a deck of playing cards is definitely not easy, but it's not impossible.
電場	デンジョウ	この式によって電場を計算してやると、結果は次のようになる。	If you calculate the electric field using this equation, the result comes out like the following.
ゴミバケツ	ゴミバケツ	ゴミバケツをあさっていた子供は、4日間何も食べていないと言いました。	The boy I saw searching through the garbage can said that he had not eaten anything for four days.
今月中	コンゲツチュウ	今月中にウインドウズの次のバージョンが出る見込みはないと思う。	I think it's unlikely that the next version of Windows will come out before the end of this month.
Windows	ウインドウズ	今月中にウインドウズの次のバージョンが出る見込みはないと思う。	I think it's unlikely that the next version of Windows will come out before the end of this month.
冷淡	レイタン	日本人は知り合いには親切だが、そうでない人に対しては冷淡だと言われています。	It is said that Japanese people are kind to people they know, but rather cold to those they don't.
バブル経済	バブルケイザイ	日本のいわゆるバブル経済崩壊により、国際市場にまで衝撃波が及んだ。	The bursting of Japan's so-called bubble economy sent shock waves through international markets.
衝撃波	ショウゲキハ	日本のいわゆるバブル経済崩壊により、国際市場にまで衝撃波が及んだ。	The bursting of Japan's so-called bubble economy sent shock waves through international markets.
被災	ヒサイ	夜通しの豪雨は、被災したフェリーからの生存者の救出を妨げた。	Heavy rain throughout the night has hampered efforts to rescue survivors from the stricken ferry.
穀類	コクルイ	ビタミンＥを豊富に含む食物には、濃い緑色をした菜っ葉類・豆類・ナッツ類・全粒穀類がある。	Foods rich in vitamin E include dark-green, leafy vegetables, beans, nuts and whole-grain cereals.
全粒	ゼンリュウ	ビタミンＥを豊富に含む食物には、濃い緑色をした菜っ葉類・豆類・ナッツ類・全粒穀類がある。	Foods rich in vitamin E include dark-green, leafy vegetables, beans, nuts and whole-grain cereals.
菜っ葉	ナッパ	ビタミンＥを豊富に含む食物には、濃い緑色をした菜っ葉類・豆類・ナッツ類・全粒穀類がある。	Foods rich in vitamin E include dark-green, leafy vegetables, beans, nuts and whole-grain cereals.
八重洲	ヤエス	５月１０日月曜日の午後３時に東京駅八重洲中央口で待ち合わせをしていただけませんか。	Would you please meet me at Yaesu central gate of Tokyo Station on Monday, May 10th at 3:00 p.m.?
中央口	チュウオウグチ	５月１０日月曜日の午後３時に東京駅八重洲中央口で待ち合わせをしていただけませんか。	Would you please meet me at Yaesu central gate of Tokyo Station on Monday, May 10th at 3:00 p.m.?
総合的	ソウゴウテキ	総合的に見て、このたびの会議は有益で、目的を達したと言えると思います。	All things considered, I think we could say that the meeting was successful and met its objectives.
恐慌	キョウコウ	１９３０年代の恐慌の間、多くの金持ちが株式市場の崩壊で全てを失った。	During the Depression in the 1930's, many wealthy people lost everything in the stock market crash.
トライアウト	トライアウト	トムは自分の身長についてからかわれることを知ってたけど、バスケットチームにトライアウトすることに決めた。	Even though Tom knew he'd be teased about his height, he decided to try out for the basketball team.
語法	ゴホウ	英国人なので、彼はとりわけイギリス語法とアメリカ語法の違いに敏感である。	As an Englishman, he is particularly sensitive to the differences between English and American usage.
連ねる	ツラネル	この組織は幹部ばかりが名を連ね、果たして決断を下せるのか怪しいものだ。	Since in this organization they're all chiefs and no Indians, it's a wonder any decisions get made.
職場復帰	ショクバフッキ	トムが退院したんだって？じゃあ、職場復帰も近いね。	Did you say that Tom has left the hospital? That means he'll be coming back to work soon, doesn't it?
べちゃ	ベチャッ	私の作る天ぷらは冷めるとすぐにべちゃっとなってしまい、あまりおいしくない。	When the tempura I make cools down, it immediately loses its crispiness and doesn't taste very good.
お札	オサツ	ある朝僕が目覚めると、財布の中のお札が全部二千円札に変わっていた。	I woke up one morning to find that all the bills in my wallet had turned into two-thousand yen bills.
スリップ	スリップ	雪道で急ハンドルを切っちゃだめだよ。スリップしちゃうから。	If you whip the steering wheel around like that on a snowy road, the car is going to go into a slide.
種族	シュゾク	アメリカの太平洋北西海岸沿いに住む原住民は、おそらくアジアから移住した種族の子孫なのである。	The natives of the North-West Pacific Coast of America were probably descendants of tribes from Asia.
子孫	シソン	アメリカの太平洋北西海岸沿いに住む原住民は、おそらくアジアから移住した種族の子孫なのである。	The natives of the North-West Pacific Coast of America were probably descendants of tribes from Asia.
北西	ホクセイ	アメリカの太平洋北西海岸沿いに住む原住民は、おそらくアジアから移住した種族の子孫なのである。	The natives of the North-West Pacific Coast of America were probably descendants of tribes from Asia.
転がり出る	コロガリデル	トムは６時半にベッドから転がり出ると、もつれた足でキッチンへ行き、トースターに二枚パンを突っ込んだ。	Tom rolled out of bed at 6:30, shuffled into the kitchen and put two slices of bread into the toaster.
おちおち	オチオチ	子供の学費を考えると、おちおちビールも飲んでられないな。	Knowing how much school for my kids is costing, it's impossible to relax with a beer and take it easy.
抱負	ホウフ	連年、禁煙の誓いは、新年の抱負ランキングのトップ10にランクインしている。	The pledge to stop smoking cigarettes ranks among the top ten New Year's resolutions year after year.
連年	レンネン	連年、禁煙の誓いは、新年の抱負ランキングのトップ10にランクインしている。	The pledge to stop smoking cigarettes ranks among the top ten New Year's resolutions year after year.
誓い	チカイ	連年、禁煙の誓いは、新年の抱負ランキングのトップ10にランクインしている。	The pledge to stop smoking cigarettes ranks among the top ten New Year's resolutions year after year.
ランキング	ランキング	連年、禁煙の誓いは、新年の抱負ランキングのトップ10にランクインしている。	The pledge to stop smoking cigarettes ranks among the top ten New Year's resolutions year after year.
ランクイン	ランクイン	連年、禁煙の誓いは、新年の抱負ランキングのトップ10にランクインしている。	The pledge to stop smoking cigarettes ranks among the top ten New Year's resolutions year after year.
鉄梃	カナテコ	トムは15分もかけて引き出しをかなてこでこじ開けようとしたが、結局開けられなかった。	Tom spent fifteen minutes trying to pry open the drawer with a crowbar, but he couldn't get it opened.
抉じ開ける	コジアケヨウ	トムは15分もかけて引き出しをかなてこでこじ開けようとしたが、結局開けられなかった。	Tom spent fifteen minutes trying to pry open the drawer with a crowbar, but he couldn't get it opened.
揺らぐ	ユラグ	メアリーは過剰な自信と劣等感との間で揺らいでいる。	Mary fluctuates between having an exaggerated sense of her own importance and an inferiority complex.
没	ボツ	上司は私が提案した企画をいきなりボツにしてしまった。こうなるといつまでここで働いていたものかどうか確信がもてない。	After the hatchet job my boss did on my proposal, I'm not sure how long I want to keep on working here.
放射能	ホウシャノウ	もう一つの面白いエネルギー源は、放射能の廃棄物質から取り出せる熱である。	Another interesting source of energy is the heat that can be recovered from radioactive waste material.
被災地	ヒサイチ	いつでも被災地に送れるよう準備万端、古着が詰まったダンボール箱が300個あった。	There were three hundred cardboard boxes filled with old clothes ready to be sent to the disaster area.
適量	テキリョウ	病院で不愉快な思いをしている分を取り戻そうと思って、トムは自分の適量より少し多めにお酒を飲んだ。	To make up for his unpleasant experiences in the hospital, Tom drank a little more than he should have.
跳ね起きる	ハネオキ	トムはベッドから跳ね起き、適当な服をひっかけ、朝食を腹におさめると、10分後にはもう玄関の外にいた。	Tom sprang out of bed, threw on some clothes, ate breakfast and was out of the door within ten minutes.
おさめる	オサメル	トムはベッドから跳ね起き、適当な服をひっかけ、朝食を腹におさめると、10分後にはもう玄関の外にいた。	Tom sprang out of bed, threw on some clothes, ate breakfast and was out of the door within ten minutes.
好感	コウカン	あともう少し物事に前向きになることを学んだら、きっとトムももうちょっと人から好感をもたれるのだが。	If Tom would learn to be a little more positive about things, people would probably like him a bit more.
脂	アブラ	ホワイトニングなどの治療を行います。ヤニ取りなどのクリーニングも行っています。	We carry out treatments like whitening. We also do tobacco stain removal and other cleaning procedures.
ホワイトニング	ホワイトニング	ホワイトニングなどの治療を行います。ヤニ取りなどのクリーニングも行っています。	We carry out treatments like whitening. We also do tobacco stain removal and other cleaning procedures.
入湯	ニュウトウ	日本の温泉に入湯が許されるよう、トムは小さな蜘蛛の刺青の上にバンドエイドを貼った。	Tom put a Band-Aid over his small tattoo of a spider so he would be allowed into a Japanese hot spring.
けろけろ	ケロケロ	家の近くに田んぼがあるからさ、この時期になると一晩中カエルのケロケロ鳴く声が、よく聞こえてくるんだよ。	Since there are rice paddies near my house, I often hear frogs croaking all night long this time of year.
部内	ブナイ	明日の午後一で部内ミーティングしたいから、会議室とっておいてくれる？	I'd like to hold a staff meeting first thing tomorrow afternoon, so could you reserve the conference room?
持ち越す	モチコス	仕事は金曜日の１１時に終わらなかったので、次の月曜日に持ち越すことにした。	The work wasn't finished at 11:00 p.m. Friday, so they decided to carry it over to the following Monday.
冷房	レイボウ	ちなみに、この部屋には冷房設備なんて物は何も無い。あるのはうちわだけ。	Incidentally, this room doesn't have anything like an air conditioner. All it has is a hand-held paper fan.
うちわ	ウチワ	ちなみに、この部屋には冷房設備なんて物は何も無い。あるのはうちわだけ。	Incidentally, this room doesn't have anything like an air conditioner. All it has is a hand-held paper fan.
奥底	オクソコ	トムはその件のことはすっかり忘れたように見えるかもしれないが、心の奥底ではまだ深く傷ついている。	It may seem like Tom has forgotten all about the matter, but deep down inside, he's still torn up about it.
振り絞る	フリシボラ	自分がかつてテロ集団の一員であったことをメアリーに打ち明けるのに、トムはありったけの勇気を振り絞らなくてはならなかった。	It took Tom every ounce of courage he had to admit to Mary that he had once been part of a terrorist group.
自問	ジモン	エンジニアが自問すべき7つの質問とは・・・誰が、何を、いつ、どこで、どうして、どのように、どのくらい。	The seven questions that an engineer has to ask himself are: who, what, when, where, why, how and how much.
図鑑	ズカン	昔は、平気で昆虫触れたのに、今は、図鑑を見るだけでもだめ。	When I was a kid, touching bugs didn't bother me a bit. Now I can hardly stand looking at pictures of them.
新宿駅	シンジュクエキ	新宿駅近くの居酒屋を予約しました。2時間飲み放題で2500円です。	I've made a reservation at an izakaya near Shinjuku Station. It's all you can drink for 2 hours for 2,500 yen.
2500	ニゴレイレイ	新宿駅近くの居酒屋を予約しました。2時間飲み放題で2500円です。	I've made a reservation at an izakaya near Shinjuku Station. It's all you can drink for 2 hours for 2,500 yen.
スパナ	スパナ	「お前がさぁ、昨日使ってたスパナって、どこにある？」「さっきそこにあったけどな。メアリーに聞いてみた？メアリーが持ってるかも」	"Where's the wrench that you were using yesterday?" "It was there earlier. Have you asked Mary? Maybe she has it."
物種	モノダネ	事故で車は全損って嘆いているけどさ、怪我がなくてなにより、命あっての物種だよ。	I know you're upset about your car being totaled, but you weren't injured and you should be thankful to be alive.
切り替える	キリカエル	数分話してみたところ、トムはあまりフランス語が得意ではないと分かったので、メアリーは英語に切り替えた。	After talking to Tom for a few minutes, it became obvious his French wasn't very good, so Mary switched to English.
苛立つ	イラダツ	トムの絶え間ない口論に苛立つクラスメートもいたが、クラスの大半はただ彼を無視することを覚えた。	Tom's constant arguing irritates some of his classmates. However, most of the class has just learned to ignore him.
様式	ヨウシキ	大都市の魅力のひとつは、その建物の建築様式に見られる多様性にある。	Part of the charm of a big city lies in the variety of styles that can be seen in the architecture of its buildings.
られる	ラレレ	トムは「英国嫌悪症」という言葉の意味を知らなかったので、意味が調べられればと思い、ちょっとウェブ検索をかけてみた。	Tom didn't know the meaning of "anglophobia," so he did a quick web search to see if he could find out what it meant.
嫌悪	ケンオ	トムは「英国嫌悪症」という言葉の意味を知らなかったので、意味が調べられればと思い、ちょっとウェブ検索をかけてみた。	Tom didn't know the meaning of "anglophobia," so he did a quick web search to see if he could find out what it meant.
1825	イチハチニゴ	1日5語ずつ英単語を覚えれば、1年で1825語、100年で182620語覚えることができます。	If you memorize 5 English words a day, you'll be able to memorize 1,825 words in a year and 182,620 words in 100 years.
182620	イチハチニロクニレイ	1日5語ずつ英単語を覚えれば、1年で1825語、100年で182620語覚えることができます。	If you memorize 5 English words a day, you'll be able to memorize 1,825 words in a year and 182,620 words in 100 years.
会計士	カイケイシ	文書を訳すのに、フランス語を母国語としない人に頼むのは、会計士に家を建てるように頼むようなものだよ。	Asking a non-native French speaker to translate a document into French is like asking an accountant to build you a house.
不自然	フシゼン	自分の母語で自然な表現をするのはたやすいが、母語以外の言語ではとかく不自然な表現になりやすい。	It's very easy to sound natural in your own native language, and very easy to sound unnatural in your non-native language.
77000000000	ナナナナレイオク	日本の１９９８年末の金・外貨準備高は６８９億ドルで、１年前の７７０億ドルを下回った。	Japan's gold and foreign exchange reserves stood at $68.9 billion at the end of 1998, down from $77.0 billion a year earlier.
68900000000	ロクハチキュウオク	日本の１９９８年末の金・外貨準備高は６８９億ドルで、１年前の７７０億ドルを下回った。	Japan's gold and foreign exchange reserves stood at $68.9 billion at the end of 1998, down from $77.0 billion a year earlier.
アイロン台	アイロンダイ	アイロン台のカバーがかなりボロボロになってきていたので、新しいのを買うべきだとメアリーは心の中で思っていた。	Mary thought to herself that she ought to buy a new cover for the ironing board since the old one was getting pretty tattered.
あやふや	アヤフヤ	このアニメ、子供時代によく見てたんだけど、最終回で主人公がどうなったかの記憶があやふやなんだ。	I used to watch this anime a lot when I was a kid, but I can't quite remember what happened to the hero in the final episode.
学び取る	マナビトレル	良い新聞記者は、どんなニュース源からも、つまり、出所不明型のニュース源からも、学びとれるものはなんでも利用する。	A good newspaper reporter takes advantage of what he learns from any source, even the "little bird told him so" type of source.
尻餅	シリモチ	昨日の大雪のせいで地面はツルツル、私は外に出た途端にすってんころりと尻もちをついた。	Because of yesterday's heavy snow, the ground is very slippery. As soon as I stepped outside, I slipped and fell on my bottom.
効率	コウリツ	英語は明らかに、最も簡単であると同時に最も効率の良い国際コミュニケーションの手段です。	The English language is undoubtedly the easiest and at the same time the most efficient means of international communication.
ゴメス	ゴメス	セレーナ・ゴメスは2009年に、米国で最年少の国連児童基金大使に選ばれた。	In 2009, Selena Gomez became the youngest person to be named a United Nations Children's Fund Ambassador in the United States.
セレーナ	セレーナ	セレーナ・ゴメスは2009年に、米国で最年少の国連児童基金大使に選ばれた。	In 2009, Selena Gomez became the youngest person to be named a United Nations Children's Fund Ambassador in the United States.
国連児童基金	コクレンジドウキキン	セレーナ・ゴメスは2009年に、米国で最年少の国連児童基金大使に選ばれた。	In 2009, Selena Gomez became the youngest person to be named a United Nations Children's Fund Ambassador in the United States.
2009	ニレイレイキュウ	セレーナ・ゴメスは2009年に、米国で最年少の国連児童基金大使に選ばれた。	In 2009, Selena Gomez became the youngest person to be named a United Nations Children's Fund Ambassador in the United States.
保守派	ホシュハ	保守派の人たちは一般に頭が悪いと言いたかったのではなく、頭の悪い人たちは保守的であることが多いと言いたかったのです。	I never meant to say that the conservatives are generally stupid. I meant to say that stupid people are generally conservative.
貨車	カシャ	学校へ行ったことのない人は貨車からものを盗みかねないが、大学教育を受けた人なら鉄道全部を盗みかねない。	A man who has never gone to school may steal from a freight car, but if he has a university education, he may steal the whole railroad.
ジェット	ジェット	初期のジェット旅客機の墜落事故は、機体とエンジンの金属疲労のような、技術的欠陥が原因で起こることが多かった。	Crashes in the early days of commercial jets tended to be caused by technical faults, such as metal fatigue in the airframe or engines.
技術的	ギジュツテキ	初期のジェット旅客機の墜落事故は、機体とエンジンの金属疲労のような、技術的欠陥が原因で起こることが多かった。	Crashes in the early days of commercial jets tended to be caused by technical faults, such as metal fatigue in the airframe or engines.
初期	ショキ	初期のジェット旅客機の墜落事故は、機体とエンジンの金属疲労のような、技術的欠陥が原因で起こることが多かった。	Crashes in the early days of commercial jets tended to be caused by technical faults, such as metal fatigue in the airframe or engines.
ジョンソン	ジョンソン	ブルース歌手のロバート・ジョンソンは、もし27歳で死去していなければ、2011年5月8日で100歳になっていたはずだった。	Blues singer and guitarist Robert Johnson would have been 100 years old on May 8th of 2011 if he hadn't died when he was 27 years old.
ブルース	ブルース	ブルース歌手のロバート・ジョンソンは、もし27歳で死去していなければ、2011年5月8日で100歳になっていたはずだった。	Blues singer and guitarist Robert Johnson would have been 100 years old on May 8th of 2011 if he hadn't died when he was 27 years old.
死去	シキョ	ブルース歌手のロバート・ジョンソンは、もし27歳で死去していなければ、2011年5月8日で100歳になっていたはずだった。	Blues singer and guitarist Robert Johnson would have been 100 years old on May 8th of 2011 if he hadn't died when he was 27 years old.
2011	ニレイイチイチ	ブルース歌手のロバート・ジョンソンは、もし27歳で死去していなければ、2011年5月8日で100歳になっていたはずだった。	Blues singer and guitarist Robert Johnson would have been 100 years old on May 8th of 2011 if he hadn't died when he was 27 years old.
ロバート	ロバート	ブルース歌手のロバート・ジョンソンは、もし27歳で死去していなければ、2011年5月8日で100歳になっていたはずだった。	Blues singer and guitarist Robert Johnson would have been 100 years old on May 8th of 2011 if he hadn't died when he was 27 years old.
パイン	パイン	例えばジャック・パインの松かさは、高温により影響を受けるまでは自ら開いて種子を放出しない。	The cones of the jack pine, for example, do not readily open to release their seeds until they have been subjected to great heat.
ジャック	ジャック	例えばジャック・パインの松かさは、高温により影響を受けるまでは自ら開いて種子を放出しない。	The cones of the jack pine, for example, do not readily open to release their seeds until they have been subjected to great heat.
種子	シュシ	例えばジャック・パインの松かさは、高温により影響を受けるまでは自ら開いて種子を放出しない。	The cones of the jack pine, for example, do not readily open to release their seeds until they have been subjected to great heat.
放出	ホウシュツ	例えばジャック・パインの松かさは、高温により影響を受けるまでは自ら開いて種子を放出しない。	The cones of the jack pine, for example, do not readily open to release their seeds until they have been subjected to great heat.
抽選	チュウセン	アンケートにお答えいただいた方の中から、毎月抽選で30名様に1万円分の商品券をプレゼントいたします。	Each month, a gift certificate worth 10,000 yen will be given to thirty people chosen at random who have completed this questionnaire.
差詰	サシズメ	会社をクビになったけど、貯金がすこしあるので、差し詰め生活には困らない。	I got fired from the company, but since I have a little money saved up, for the time being, I won't have trouble with living expenses.
コーパス	コーパス	タトエバ・コーパスの間違いを減らす一つの方法は、母国語へのみ翻訳するよう促すことだろう。	One way to lower the number of errors in the Tatoeba Corpus would be to encourage people to only translate into their native languages.
タトエバ	タトエバ	タトエバ・コーパスの間違いを減らす一つの方法は、母国語へのみ翻訳するよう促すことだろう。	One way to lower the number of errors in the Tatoeba Corpus would be to encourage people to only translate into their native languages.
ツー	ツー	彼とはツーと言えばカーの仲だよ。以心伝心の仲とでも言っておこう。	He and I have a near-telepathic understanding of each other. No sooner does one of us say something than the other is already responding.
カー	カー	彼とはツーと言えばカーの仲だよ。以心伝心の仲とでも言っておこう。	He and I have a near-telepathic understanding of each other. No sooner does one of us say something than the other is already responding.
以心伝心	イシンデンシン	彼とはツーと言えばカーの仲だよ。以心伝心の仲とでも言っておこう。	He and I have a near-telepathic understanding of each other. No sooner does one of us say something than the other is already responding.
惰性	ダセイ	高校時代からつきあっている彼氏はいるものの、つきあいが惰性になっていると感じ、不満をつのらせている。	She has a boyfriend she's been going out with since high school, but she feels their relationship is in a rut, so she's become discontented.
駐禁	チュウキン	駐禁で切符を切られた直後にＵターン禁止でつかまった。運が悪いというか、弱り目に祟り目というか。	It wasn't my lucky day. First, I got a parking ticket and then things went from bad to worse when I got pulled over for making a U-turn.
弱り目	ヨワリメ	駐禁で切符を切られた直後にＵターン禁止でつかまった。運が悪いというか、弱り目に祟り目というか。	It wasn't my lucky day. First, I got a parking ticket and then things went from bad to worse when I got pulled over for making a U-turn.
祟り目	タタリメ	駐禁で切符を切られた直後にＵターン禁止でつかまった。運が悪いというか、弱り目に祟り目というか。	It wasn't my lucky day. First, I got a parking ticket and then things went from bad to worse when I got pulled over for making a U-turn.
録画	ロクガ	停電があってさ、ビデオの時間をリセットしたんだけど、１時間ズレててさっ、録画取り損ねちゃったよ。	We had a power outage, so I had to reset the clock on my VCR. However, I was off by an hour, so the program I wanted to record wasn't recorded.
師事	シジ	ネイティブスピーカーに一度も師事することなく大学を卒業できた外国語教師がいるなんて、嘆かわしいことだと思う。	I think it's a shame that some foreign language teachers were able to graduate from college without ever having studied with a native speaker.
嘆かわしい	ナゲカワシイ	ネイティブスピーカーに一度も師事することなく大学を卒業できた外国語教師がいるなんて、嘆かわしいことだと思う。	I think it's a shame that some foreign language teachers were able to graduate from college without ever having studied with a native speaker.
あたたかい	アタタカク	今朝の最低気温は、－１度。日中でも７度までしか上がりません。あたたかくしてお出かけください。	This morning's low temperature was -1 degree. The temperature will only go up to 7 degrees during the day. Please dress warmly when you go out.
疑問符	ギモンフ	文を書くときには、ふつう大文字で始め、ピリオド（.）、または感嘆符（!）、疑問符（?）、で終わる。	When writing a sentence, generally you start with a capital letter and finish with a period (.), an exclamation mark (!), or a question mark (?).
感嘆符	カンタンフ	文を書くときには、ふつう大文字で始め、ピリオド（.）、または感嘆符（!）、疑問符（?）、で終わる。	When writing a sentence, generally you start with a capital letter and finish with a period (.), an exclamation mark (!), or a question mark (?).
雨林	ウリン	雨林は地表のわずか２％をしめるに過ぎないが、世界の野生の動植物、及び昆虫の半分以上の種類がそこで生息している。	Although rainforests make up only two percent of the earth's surface, over half the world's wild plant, animal and insect species live there.
動植物	ドウショクブツ	雨林は地表のわずか２％をしめるに過ぎないが、世界の野生の動植物、及び昆虫の半分以上の種類がそこで生息している。	Although rainforests make up only two percent of the earth's surface, over half the world's wild plant, animal and insect species live there.
地表	チヒョウ	雨林は地表のわずか２％をしめるに過ぎないが、世界の野生の動植物、及び昆虫の半分以上の種類がそこで生息している。	Although rainforests make up only two percent of the earth's surface, over half the world's wild plant, animal and insect species live there.
船員	センイン	１９世紀末でも、イギリス海軍の船員は、そうすることが弱さの印だという理由で、ナイフとフォークを使うことを許されていなかった。	Even at the end of the nineteenth century, sailors in the British Navy were not permitted to use knives and forks because using them was considered a sign of weakness.
世紀末	セイキマツ	１９世紀末でも、イギリス海軍の船員は、そうすることが弱さの印だという理由で、ナイフとフォークを使うことを許されていなかった。	Even at the end of the nineteenth century, sailors in the British Navy were not permitted to use knives and forks because using them was considered a sign of weakness.
ウエスタン	ウエスタン	ノースウエスタン大学の研究者、アイリーン・ペパーバーグは、オウムは人の口まねをするだけでなく言葉の意味を学ぶことができることを発見しつつある。	Irene Pepperberg, a researcher at Northwestern University, is discovering that a parrot can not only mimic people but also learn the meaning of words.
ノース	ノース	ノースウエスタン大学の研究者、アイリーン・ペパーバーグは、オウムは人の口まねをするだけでなく言葉の意味を学ぶことができることを発見しつつある。	Irene Pepperberg, a researcher at Northwestern University, is discovering that a parrot can not only mimic people but also learn the meaning of words.
アイリーン	アイリーン	ノースウエスタン大学の研究者、アイリーン・ペパーバーグは、オウムは人の口まねをするだけでなく言葉の意味を学ぶことができることを発見しつつある。	Irene Pepperberg, a researcher at Northwestern University, is discovering that a parrot can not only mimic people but also learn the meaning of words.
ペッパー	ペパー	ノースウエスタン大学の研究者、アイリーン・ペパーバーグは、オウムは人の口まねをするだけでなく言葉の意味を学ぶことができることを発見しつつある。	Irene Pepperberg, a researcher at Northwestern University, is discovering that a parrot can not only mimic people but also learn the meaning of words.
口真似	クチマネ	ノースウエスタン大学の研究者、アイリーン・ペパーバーグは、オウムは人の口まねをするだけでなく言葉の意味を学ぶことができることを発見しつつある。	Irene Pepperberg, a researcher at Northwestern University, is discovering that a parrot can not only mimic people but also learn the meaning of words.
バーグ	バーグ	ノースウエスタン大学の研究者、アイリーン・ペパーバーグは、オウムは人の口まねをするだけでなく言葉の意味を学ぶことができることを発見しつつある。	Irene Pepperberg, a researcher at Northwestern University, is discovering that a parrot can not only mimic people but also learn the meaning of words.
余震	ヨシン	日本ではリヒター・スケールでマグニチュード5.0以上の余震が今週5回ありました。しかし科学者たちは、最大規模の余震はまだ先に起こりうると警告しています。	Five tremors in excess of magnitude 5.0 on the Richter scale have shaken Japan just this week, but scientists are warning that the largest expected aftershock has yet to hit.
マグニチュード	マグニチュード	日本ではリヒター・スケールでマグニチュード5.0以上の余震が今週5回ありました。しかし科学者たちは、最大規模の余震はまだ先に起こりうると警告しています。	Five tremors in excess of magnitude 5.0 on the Richter scale have shaken Japan just this week, but scientists are warning that the largest expected aftershock has yet to hit.
スケール	スケール	日本ではリヒター・スケールでマグニチュード5.0以上の余震が今週5回ありました。しかし科学者たちは、最大規模の余震はまだ先に起こりうると警告しています。	Five tremors in excess of magnitude 5.0 on the Richter scale have shaken Japan just this week, but scientists are warning that the largest expected aftershock has yet to hit.
規模	キボ	日本ではリヒター・スケールでマグニチュード5.0以上の余震が今週5回ありました。しかし科学者たちは、最大規模の余震はまだ先に起こりうると警告しています。	Five tremors in excess of magnitude 5.0 on the Richter scale have shaken Japan just this week, but scientists are warning that the largest expected aftershock has yet to hit.
リヒター	リヒター	日本ではリヒター・スケールでマグニチュード5.0以上の余震が今週5回ありました。しかし科学者たちは、最大規模の余震はまだ先に起こりうると警告しています。	Five tremors in excess of magnitude 5.0 on the Richter scale have shaken Japan just this week, but scientists are warning that the largest expected aftershock has yet to hit.
復職	フクショク	全国教育情報センターによれば、退職した教員が復職しているおかげで、予測された教員不足は起こらないだろう、ということです。	The National Center for Education Information says a predicted teacher shortage won't pan out because teachers who left the profession are returning.
全国	ゼンコク	全国教育情報センターによれば、退職した教員が復職しているおかげで、予測された教員不足は起こらないだろう、ということです。	The National Center for Education Information says a predicted teacher shortage won't pan out because teachers who left the profession are returning.
国際線	コクサイセン	ただ今到着のバスは、国内線第1ターミナル行きです。国際線ターミナルにお越しの方は、しばらくそのままでお待ちください。国際線行き連絡バスもこのバス停から発車いたします。	The bus now arriving is going to Domestic Terminal 1. Passengers for the International Terminal, please wait. The shuttle bus to the International Terminal also leaves from this stop.
今生	コンジョウ	「恋人にさよならのキスくらいしないと、キスしてあばよ、ということになるぞ」とトムは言ったが、それは「恋人に別れのキスくらいしないと、これが今生の別れになるぞ」という意味だった。	Tom said, "You can kiss your girlfriend goodbye if you don't kiss her goodbye," which meant, "If you don't kiss your girlfriend goodbye, then you'll never see her again."
芥川	アクタガワ	色々並行してやってるから芥川ばかり読んでるのでもないのだよ。今は英語読んでる時間が増えてる。ドイツ語も毎日少しずつやってる。	I do many things at the same time, so not only am I reading things by Akutagawa, I've also increased the amount of time I spend reading in English and I also read a little in German every day.
並行	ヘイコウ	色々並行してやってるから芥川ばかり読んでるのでもないのだよ。今は英語読んでる時間が増えてる。ドイツ語も毎日少しずつやってる。	I do many things at the same time, so not only am I reading things by Akutagawa, I've also increased the amount of time I spend reading in English and I also read a little in German every day.
エノラ	エノラ	アメリカ軍用機エノラ・ゲイから「リトルボーイ」と名付けられた原子爆弾が投下された午前８時１５分、広島平和記念公園では数少ない参列者たちが黙祷を捧げました。	The small crowd at Hiroshima Peace Memorial Park stood for a moment of silence at 8:15 a.m., the exact moment an atomic bomb nicknamed “Little Boy” was dropped from the U.S. warplane Enola Gay.
参列者	サンレツシャ	アメリカ軍用機エノラ・ゲイから「リトルボーイ」と名付けられた原子爆弾が投下された午前８時１５分、広島平和記念公園では数少ない参列者たちが黙祷を捧げました。	The small crowd at Hiroshima Peace Memorial Park stood for a moment of silence at 8:15 a.m., the exact moment an atomic bomb nicknamed “Little Boy” was dropped from the U.S. warplane Enola Gay.
記念公園	キネンコウエン	アメリカ軍用機エノラ・ゲイから「リトルボーイ」と名付けられた原子爆弾が投下された午前８時１５分、広島平和記念公園では数少ない参列者たちが黙祷を捧げました。	The small crowd at Hiroshima Peace Memorial Park stood for a moment of silence at 8:15 a.m., the exact moment an atomic bomb nicknamed “Little Boy” was dropped from the U.S. warplane Enola Gay.
ゲイ	ゲイ	アメリカ軍用機エノラ・ゲイから「リトルボーイ」と名付けられた原子爆弾が投下された午前８時１５分、広島平和記念公園では数少ない参列者たちが黙祷を捧げました。	The small crowd at Hiroshima Peace Memorial Park stood for a moment of silence at 8:15 a.m., the exact moment an atomic bomb nicknamed “Little Boy” was dropped from the U.S. warplane Enola Gay.
黙祷	モクトウ	アメリカ軍用機エノラ・ゲイから「リトルボーイ」と名付けられた原子爆弾が投下された午前８時１５分、広島平和記念公園では数少ない参列者たちが黙祷を捧げました。	The small crowd at Hiroshima Peace Memorial Park stood for a moment of silence at 8:15 a.m., the exact moment an atomic bomb nicknamed “Little Boy” was dropped from the U.S. warplane Enola Gay.
軍用	グンヨウ	アメリカ軍用機エノラ・ゲイから「リトルボーイ」と名付けられた原子爆弾が投下された午前８時１５分、広島平和記念公園では数少ない参列者たちが黙祷を捧げました。	The small crowd at Hiroshima Peace Memorial Park stood for a moment of silence at 8:15 a.m., the exact moment an atomic bomb nicknamed “Little Boy” was dropped from the U.S. warplane Enola Gay.
生い立ち	オイタチ	生い立ちを知らない人にネイティブみたいに聞こえるよって言われたら、それはおそらく、あなたの喋り方のどこかが、ネイティブじゃないと感じさせたってことだよ。つまりね、ネイティブのようには聞こえないということなんだよ。	If someone who doesn't know your background says that you sound like a native speaker, it means they probably noticed something about your speaking that made them realize you weren't a native speaker. In other words, you don't really sound like a native speaker.
巳己	ミキ	「トムとジョンって一卵性双生児とは聞いてたけど、本当によく似てるよね？」「似てる似てる。親にも時々間違えられるって言ってたよ。あの二人はほんと、已己巳己だよ」	"I heard that Tom and John are identical twins. They really do look alike, don't they?" "Yes, they really do look very similar. Even their parents say they get confused sometimes. Those two really are very similar, aren't they?"
已己	已己	「トムとジョンって一卵性双生児とは聞いてたけど、本当によく似てるよね？」「似てる似てる。親にも時々間違えられるって言ってたよ。あの二人はほんと、已己巳己だよ」	"I heard that Tom and John are identical twins. They really do look alike, don't they?" "Yes, they really do look very similar. Even their parents say they get confused sometimes. Those two really are very similar, aren't they?"
集う	ツドウ	若い頃ってさぁ、結婚式に行くのが嫌で嫌でたまらなかったわ。おばあちゃんや叔母さんたちがさぁ、寄って集って私の脇腹を突いては「次はあんたの番よ！あんたの！」なんて言いながら、クスクス笑うのよ。私がさぁ、葬式で同じことし始めたらさぁ、あの人たち、やっとこのくだらないことをやめてくれたわ。	When I was younger, I hated going to weddings. My grandmothers and aunts would huddle around me, poke me in the side, and giggle "You're next! You're next!" They only stopped this nonsense when I began to do the same thing at funerals.
ふるう	フルッ	腕をふるって料理をしましょう。	I'll try my hand at cooking.
ドラ	ドラ	昼ドラにハマってます。	I'm addicted to soap operas.
連ドラ	レンドラ	連ドラにハマってます。	I'm addicted to soap operas.
発情期	ハツジョウキ	猫は年に２・３回ほど発情期を迎えます。	Cats go into heat two or three times a year.
ドール	ドール	セファドールはめまいを抑える薬です。	Cephadol is a medicine to control dizziness.
セファ	セファ	セファドールはめまいを抑える薬です。	Cephadol is a medicine to control dizziness.
